v -0.009252 0.004624 0.423845
v -0.009630 0.002641 0.424212
v -0.007966 0.002671 0.424514
v -0.008517 -0.026284 0.424351
v 0.006589 0.002609 0.424615
v 0.006677 0.004490 0.424041
v -0.007580 0.004606 0.423931
v 0.006698 -0.026201 0.424253
v 0.008222 0.004455 0.424009
v 0.008835 -0.026081 0.423882
v 0.006844 0.004452 0.218676
v 0.006677 0.006463 0.219217
v 0.008473 0.006381 0.219528
v -0.007993 0.004476 0.218922
v -0.007892 0.006716 0.219353
v -0.009495 0.006381 0.219528
v 0.008726 0.004375 0.219137
v 0.008325 -0.024318 0.218656
v 0.006661 -0.024417 0.218511
v -0.009887 -0.024181 0.219243
v -0.009957 0.004441 0.219442
v 0.006780 -0.028669 0.423807
v -0.008473 -0.027984 0.424206
v -0.009872 -0.026491 0.423424
v 0.029388 -0.028583 0.219898
v 0.029512 -0.030651 0.219788
v 0.027350 -0.030459 0.218445
v -0.030606 -0.030762 0.423040
v -0.030664 -0.033334 0.422814
v -0.028172 -0.032889 0.423857
v -0.008079 -0.031806 0.424302
v -0.010358 -0.028176 0.423551
v -0.011847 -0.028978 0.423295
v -0.012396 -0.031788 0.424181
v 0.002687 -0.081961 0.409315
v 0.002700 -0.080660 0.411578
v -0.004902 -0.080531 0.411808
v -0.019123 -0.078411 0.413647
v -0.014256 -0.080973 0.411362
v -0.013698 -0.079158 0.413884
v 0.011422 -0.079611 0.413499
v 0.012275 -0.081017 0.411011
v 0.018593 -0.078308 0.414311
v 0.030331 -0.030694 0.420171
v 0.029342 -0.030640 0.423102
v 0.029459 -0.033502 0.423135
v 0.030328 -0.030753 0.221822
v 0.030436 -0.032886 0.318119
v 0.030188 -0.028337 0.222691
v 0.028356 -0.029289 0.420975
v 0.028451 -0.027023 0.223150
v 0.028467 -0.027979 0.317746
v 0.030404 -0.029634 0.317777
v 0.026920 -0.030321 0.423898
v 0.026219 -0.026817 0.221680
v 0.009236 -0.026288 0.421582
v 0.009151 -0.028702 0.423415
v 0.009040 -0.024060 0.220260
v 0.009544 -0.025840 0.220714
v 0.008535 -0.026240 0.218815
v 0.009272 -0.024912 0.317918
v 0.009816 -0.028141 0.421687
v 0.009629 -0.026754 0.318013
v 0.009108 0.002610 0.422724
v 0.008436 0.002589 0.424445
v 0.009224 0.003683 0.318160
v 0.009195 0.004569 0.221079
v 0.008732 0.004837 0.422715
v 0.008922 0.006570 0.221579
v 0.007180 0.005264 0.422831
v 0.007174 0.007271 0.221094
v 0.006963 0.006342 0.318195
v 0.008931 0.005626 0.318184
v -0.008159 0.007222 0.220849
v -0.007845 0.005304 0.422570
v -0.008335 0.006353 0.317521
v -0.009671 0.005017 0.422219
v -0.009848 0.006713 0.221151
v -0.010190 0.002712 0.422101
v -0.010204 0.004414 0.221157
v -0.009894 0.005777 0.317633
v -0.010252 -0.024301 0.220662
v -0.010366 -0.025703 0.316487
v -0.010058 -0.026837 0.421182
v -0.010269 0.002945 0.317229
v -0.009984 -0.026124 0.218824
v -0.010556 -0.025823 0.220536
v -0.010798 -0.028075 0.421736
v -0.010770 -0.026955 0.316536
v -0.028415 -0.030445 0.423345
v -0.028883 -0.028864 0.420373
v -0.012052 -0.028615 0.421595
v -0.024389 -0.073479 0.417197
v -0.025523 -0.073628 0.414368
v -0.020730 -0.079075 0.410250
v -0.005293 -0.082024 0.409098
v -0.015168 -0.081441 0.407426
v 0.002978 -0.082497 0.405992
v 0.012367 -0.081762 0.408058
v 0.019584 -0.078642 0.410861
v 0.024489 -0.073606 0.414497
v 0.023346 -0.073199 0.417611
v 0.030254 -0.034083 0.419591
v 0.029672 -0.045286 0.423091
v 0.028292 -0.065763 0.418164
v 0.027438 -0.065839 0.420266
v 0.025014 -0.071761 0.317699
v 0.030252 -0.045025 0.419940
v 0.030520 -0.043778 0.318291
v 0.029083 -0.061296 0.220777
v 0.026005 -0.069215 0.220959
v 0.025438 -0.068846 0.218931
v 0.029590 -0.043746 0.221800
v 0.028796 -0.043794 0.219766
v 0.029997 -0.052182 0.220973
v 0.028040 -0.060934 0.218759
v 0.027259 -0.043870 0.218374
v 0.026276 -0.060756 0.218194
v 0.028768 -0.052011 0.218941
v 0.027106 -0.051945 0.218255
v 0.029233 -0.055766 0.422081
v 0.029968 -0.055836 0.419654
v 0.030425 -0.053621 0.318261
v 0.028164 -0.063607 0.318473
v 0.021391 -0.076054 0.221060
v 0.020813 -0.075148 0.219454
v 0.023801 -0.068229 0.218076
v 0.020173 -0.076876 0.318115
v 0.013540 -0.079889 0.318097
v 0.003394 -0.081121 0.317635
v -0.005801 -0.082354 0.405339
v -0.014358 -0.080019 0.316768
v -0.019942 -0.077280 0.316566
v -0.025356 -0.072781 0.316874
v -0.028775 -0.027845 0.316527
v -0.027156 -0.026827 0.221359
v -0.029539 -0.027321 0.222048
v -0.031056 -0.030633 0.419379
v -0.031072 -0.028830 0.316511
v -0.031653 -0.031677 0.316401
v -0.031647 -0.033501 0.419597
v -0.031477 -0.044893 0.420368
v -0.030379 -0.044994 0.422426
v -0.031612 -0.042800 0.316305
v -0.029622 -0.055965 0.421665
v -0.031289 -0.053919 0.316383
v -0.028459 -0.065839 0.420266
v -0.031149 -0.056125 0.419343
v -0.029469 -0.065357 0.417537
v -0.029270 -0.064269 0.317210
v -0.028127 -0.044673 0.424146
v -0.027231 -0.055764 0.423532
v -0.017986 -0.076836 0.416020
v -0.013015 -0.072890 0.418612
v -0.022085 -0.072890 0.418715
v -0.025976 -0.065646 0.421805
v -0.013669 -0.064725 0.421727
v -0.014468 -0.055797 0.423798
v -0.014550 -0.044398 0.424202
v 0.011598 -0.028668 0.421362
v 0.011010 -0.027633 0.317855
v 0.027604 -0.045411 0.424136
v 0.027822 -0.055835 0.423619
v 0.000383 -0.055484 0.423538
v -0.000053 -0.043854 0.424113
v 0.000125 -0.064361 0.422295
v -0.000161 -0.072833 0.418745
v 0.016742 -0.077160 0.416006
v 0.021857 -0.072160 0.419063
v 0.012907 -0.072571 0.418752
v 0.013474 -0.044286 0.423681
v 0.026706 -0.033368 0.424037
v 0.007498 -0.031950 0.424314
v 0.011044 -0.029171 0.423169
v 0.025865 -0.028720 0.421274
v 0.013585 -0.055848 0.423379
v 0.011101 -0.032117 0.424230
v 0.013916 -0.064731 0.422179
v 0.025655 -0.065432 0.421759
v -0.012226 -0.027650 0.316691
v 0.025799 -0.027749 0.317619
v 0.016169 -0.026783 0.221147
v -0.031606 -0.030285 0.221611
v -0.031531 -0.042085 0.221514
v -0.031070 -0.054357 0.221420
v -0.028483 -0.063258 0.221131
v 0.027042 -0.027675 0.219042
v 0.016752 -0.027577 0.216810
v 0.015487 -0.026651 0.216991
v -0.011412 -0.026577 0.220673
v -0.017221 -0.026801 0.220933
v 0.016630 -0.078243 0.218876
v 0.006970 -0.081346 0.220170
v 0.016783 -0.079014 0.220614
v 0.015342 -0.081154 0.216098
v -0.006154 -0.081528 0.316634
v 0.016733 -0.060170 0.216628
v 0.016794 -0.044130 0.216643
v 0.016773 -0.030050 0.216837
v 0.016913 -0.025763 0.209909
v 0.016949 -0.059609 0.205005
v 0.016958 -0.043507 0.206940
v 0.016930 -0.032154 0.121693
v 0.016940 -0.034218 0.128927
v 0.016958 -0.038211 0.126883
v -0.018243 -0.038045 0.126923
v -0.018225 -0.034433 0.128972
v -0.017931 -0.031785 0.121795
v 0.016991 -0.037770 0.121205
v 0.016946 -0.041841 0.127346
v -0.018262 -0.041981 0.127118
v -0.018171 -0.037847 0.120388
v 0.016907 -0.044326 0.121296
v 0.016966 -0.045006 0.128819
v -0.018253 -0.044985 0.128757
v -0.017928 -0.044326 0.121296
v 0.016842 -0.049660 0.123563
v 0.016958 -0.047227 0.131439
v -0.018262 -0.047133 0.130980
v -0.018171 -0.049541 0.123520
v 0.016737 -0.053978 0.128477
v 0.016963 -0.048311 0.134971
v -0.018251 -0.048280 0.134476
v -0.018150 -0.053902 0.127804
v 0.016813 -0.057074 0.133926
v 0.016975 -0.047838 0.138596
v -0.018255 -0.047950 0.138515
v -0.018208 -0.056664 0.134168
v 0.016946 -0.031792 0.131756
v 0.016932 -0.026951 0.124785
v 0.016978 -0.023539 0.129354
v -0.018137 -0.023199 0.129095
v -0.017952 -0.026951 0.124785
v -0.018223 -0.031818 0.132044
v 0.016951 -0.030950 0.135395
v -0.018200 -0.031128 0.135615
v 0.016944 -0.031636 0.139051
v 0.016969 -0.021745 0.136039
v 0.016945 -0.033536 0.141838
v 0.016950 -0.021389 0.145038
v -0.017990 -0.021745 0.136039
v -0.018203 -0.031792 0.139077
v -0.018185 -0.021187 0.145222
v -0.018211 -0.033494 0.141679
v 0.016969 -0.036610 0.143817
v 0.016903 -0.057744 0.139996
v 0.016964 -0.045991 0.141636
v -0.018222 -0.045884 0.141688
v -0.017962 -0.057476 0.140056
v 0.016965 -0.021587 0.155028
v 0.016969 -0.039723 0.154009
v 0.016956 -0.041971 0.194477
v 0.016913 -0.057841 0.151264
v 0.016960 -0.043270 0.143405
v 0.016967 -0.039779 0.144222
v -0.017980 -0.057488 0.151406
v -0.017990 -0.039723 0.154009
v -0.018234 -0.039637 0.144293
v -0.018237 -0.043262 0.143630
v 0.016970 -0.021795 0.167612
v 0.016970 -0.041447 0.166881
v 0.016952 -0.057584 0.178644
v 0.016847 -0.057287 0.162405
v -0.018191 -0.057898 0.162536
v -0.018239 -0.057883 0.178322
v -0.017991 -0.041447 0.166881
v 0.016849 -0.059521 0.190593
v 0.016946 -0.057737 0.187448
v 0.016896 -0.022247 0.198259
v -0.017991 -0.021795 0.167612
v -0.018220 -0.036646 0.143797
v -0.018283 -0.042493 0.194998
v -0.018234 -0.022249 0.197925
v -0.018232 -0.057998 0.188304
v -0.018162 -0.059716 0.190724
v -0.029184 -0.027752 0.219509
v -0.029928 -0.041995 0.219578
v -0.029623 -0.054163 0.219334
v -0.027504 -0.062875 0.219581
v -0.024737 -0.071451 0.219286
v -0.025410 -0.072318 0.221663
v -0.015939 -0.079609 0.220724
v -0.003529 -0.081343 0.219881
v -0.021730 -0.076672 0.221906
v -0.022432 -0.075312 0.219238
v -0.030655 -0.030039 0.219390
v -0.026635 -0.027323 0.219157
v -0.018116 -0.066535 0.190853
v -0.018298 -0.056907 0.205668
v -0.017799 -0.071038 0.191331
v -0.017887 -0.074986 0.193070
v -0.017763 -0.078321 0.195383
v -0.017812 -0.079839 0.201204
v -0.018258 -0.025809 0.209657
v -0.027620 -0.042068 0.218410
v -0.018131 -0.043723 0.216528
v -0.018120 -0.055439 0.216423
v -0.027350 -0.054042 0.218234
v -0.017979 -0.043507 0.206940
v -0.027176 -0.030713 0.218622
v -0.017772 -0.027577 0.216810
v -0.016508 -0.026651 0.216991
v -0.025575 -0.062111 0.218187
v -0.023391 -0.070235 0.218082
v -0.018035 -0.066040 0.216589
v -0.017799 -0.080226 0.209061
v -0.018295 -0.066020 0.205376
v -0.020798 -0.074414 0.218205
v -0.018015 -0.074922 0.216529
v -0.017889 -0.080526 0.216194
v 0.015703 -0.066546 0.189887
v 0.016845 -0.066564 0.191125
v 0.016778 -0.071038 0.191331
v -0.016972 -0.066723 0.189875
v 0.015423 -0.071241 0.190314
v -0.016667 -0.071387 0.190302
v -0.016686 -0.075545 0.192218
v 0.015665 -0.075545 0.192218
v 0.015673 -0.078988 0.195076
v 0.016742 -0.078321 0.195383
v 0.016792 -0.079839 0.201204
v -0.016694 -0.078988 0.195076
v 0.015837 -0.080851 0.201077
v -0.016858 -0.080851 0.201077
v -0.017228 -0.058779 0.162401
v -0.017493 -0.058883 0.178694
v 0.015736 -0.058713 0.151506
v 0.016076 -0.058498 0.140154
v 0.015788 -0.057746 0.133914
v 0.015372 -0.054929 0.127634
v 0.016080 -0.050138 0.122967
v 0.016275 -0.044742 0.120508
v 0.015816 -0.037809 0.119662
v 0.015959 -0.031864 0.120957
v 0.015975 -0.026489 0.124186
v 0.016092 -0.022717 0.128903
v 0.016155 -0.020931 0.135842
v 0.016141 -0.020533 0.145325
v -0.017986 -0.021587 0.155028
v -0.017219 -0.020607 0.154842
v -0.017161 -0.020533 0.145325
v -0.017177 -0.020904 0.135839
v -0.017886 -0.032277 0.132349
v -0.017831 -0.031571 0.135636
v -0.017685 -0.034741 0.129367
v -0.017803 -0.038278 0.127691
v -0.017809 -0.044408 0.129256
v -0.017747 -0.041653 0.127870
v -0.017798 -0.046391 0.131240
v -0.017831 -0.047622 0.134632
v -0.017833 -0.047222 0.138389
v -0.017747 -0.045425 0.141284
v -0.017656 -0.042936 0.142972
v -0.017678 -0.039602 0.143684
v -0.017823 -0.033908 0.141337
v -0.017799 -0.036875 0.143216
v -0.017693 -0.032246 0.138845
v 0.015889 -0.060116 0.189637
v -0.017474 -0.060820 0.189625
v 0.015577 -0.058805 0.187013
v 0.015829 -0.058729 0.178793
v -0.017489 -0.058989 0.187670
v 0.016865 -0.074986 0.193070
v 0.016711 -0.068485 0.216614
v 0.019900 -0.074235 0.218134
v 0.016943 -0.067735 0.205039
v 0.016671 -0.076927 0.216617
v 0.016684 -0.080166 0.216145
v 0.016778 -0.080226 0.209061
v 0.006915 -0.081325 0.216048
v -0.004996 -0.081310 0.215941
v 0.015709 -0.081226 0.209303
v -0.016730 -0.081226 0.209303
v -0.016467 -0.081118 0.216139
v 0.010810 -0.026577 0.124055
v 0.010740 -0.031892 0.120937
v 0.010820 -0.044789 0.120434
v 0.010855 -0.057796 0.134072
v 0.010657 -0.050356 0.123070
v 0.010821 -0.020868 0.135915
v 0.010851 -0.020490 0.145149
v 0.010790 -0.022801 0.128658
v -0.017000 -0.022736 0.128784
v -0.016996 -0.026489 0.124186
v -0.017076 -0.031494 0.121075
v -0.017105 -0.037695 0.119651
v -0.016983 -0.044860 0.120513
v -0.016971 -0.050034 0.122837
v -0.017349 -0.054730 0.127416
v -0.017398 -0.057644 0.133703
v -0.017341 -0.058501 0.140051
v -0.011737 -0.054357 0.126974
v -0.011885 -0.049764 0.122692
v -0.011525 -0.044674 0.120505
v -0.011829 -0.037425 0.119700
v -0.011982 -0.031173 0.121215
v -0.011818 -0.020535 0.145236
v -0.011914 -0.020933 0.135630
v -0.011861 -0.026387 0.124241
v -0.011823 -0.032242 0.132372
v -0.011944 -0.038335 0.127656
v -0.011907 -0.041788 0.127875
v -0.011703 -0.046457 0.131229
v -0.011745 -0.047694 0.134899
v -0.011866 -0.047192 0.138549
v -0.011807 -0.045301 0.141509
v -0.011785 -0.042708 0.143173
v -0.011685 -0.036952 0.143356
v -0.011712 -0.033942 0.141496
v -0.011816 -0.032204 0.138962
v -0.011723 -0.031497 0.135831
v -0.011763 -0.039598 0.143786
v -0.011151 -0.039627 0.144877
v 0.016550 -0.031579 0.135455
v 0.016583 -0.032395 0.132147
v 0.016464 -0.034654 0.129443
v 0.016631 -0.038200 0.127695
v 0.016581 -0.041669 0.127874
v 0.016683 -0.044637 0.129383
v 0.016524 -0.046728 0.131816
v 0.016553 -0.047670 0.135130
v 0.016555 -0.047174 0.138516
v 0.016542 -0.045519 0.141234
v 0.016493 -0.042999 0.142982
v 0.016365 -0.039721 0.143700
v 0.016422 -0.036855 0.143218
v 0.016498 -0.034055 0.141494
v 0.016441 -0.032262 0.138920
v 0.010452 -0.031511 0.135327
v 0.010477 -0.032309 0.132190
v 0.010522 -0.038277 0.127639
v 0.010599 -0.044584 0.129354
v 0.010509 -0.047701 0.135156
v 0.010505 -0.047213 0.138519
v 0.010512 -0.045583 0.141209
v 0.010457 -0.043180 0.142973
v 0.010379 -0.036693 0.143273
v 0.010435 -0.033990 0.141541
v 0.010326 -0.039782 0.143835
v 0.009875 -0.043573 0.143765
v 0.009871 -0.036339 0.144148
v -0.011870 -0.057560 0.133366
v -0.011835 -0.058500 0.140250
v 0.010906 -0.058572 0.140842
v -0.017239 -0.058696 0.151569
v -0.011671 -0.058652 0.151506
v -0.010586 -0.058650 0.152369
v 0.015568 -0.058742 0.162257
v 0.009392 -0.058655 0.152379
v 0.010477 -0.058681 0.151589
v 0.009884 -0.057931 0.150996
v 0.009014 -0.057752 0.151747
v -0.010277 -0.045264 0.151877
v 0.009341 -0.045650 0.151781
v -0.011185 -0.057729 0.140370
v -0.011156 -0.048130 0.138901
v -0.011207 -0.056974 0.133390
v -0.011152 -0.048799 0.134809
v -0.011204 -0.054048 0.127373
v -0.011152 -0.047433 0.130613
v -0.011175 -0.049364 0.123045
v -0.011152 -0.044953 0.128231
v -0.011762 -0.044326 0.129148
v -0.011139 -0.044446 0.121283
v -0.011158 -0.037551 0.120263
v -0.011155 -0.042020 0.126928
v -0.011144 -0.031582 0.121748
v -0.011156 -0.038168 0.126729
v -0.011842 -0.034634 0.129367
v -0.011086 -0.057743 0.151065
v -0.010356 -0.057776 0.151757
v -0.011153 -0.046050 0.142245
v -0.011152 -0.043112 0.144162
v -0.011066 -0.045358 0.151226
v 0.009880 -0.045915 0.150786
v 0.009879 -0.046209 0.141774
v 0.009927 -0.057785 0.140846
v 0.009880 -0.048012 0.138807
v 0.009949 -0.057200 0.134125
v 0.009879 -0.048545 0.135106
v 0.010795 -0.054791 0.127438
v 0.009920 -0.054305 0.127832
v 0.010459 -0.046724 0.131671
v 0.009887 -0.049871 0.123670
v 0.009876 -0.047491 0.131232
v 0.009885 -0.045052 0.128744
v 0.009884 -0.044727 0.121227
v 0.010479 -0.041737 0.127825
v 0.009879 -0.038088 0.120321
v 0.010698 -0.038038 0.119637
v 0.009877 -0.041979 0.126991
v 0.009879 -0.038132 0.126816
v 0.009887 -0.032220 0.121586
v 0.010342 -0.034591 0.129321
v 0.009887 -0.027155 0.124691
v 0.009899 -0.023566 0.128918
v 0.009877 -0.031526 0.131812
v 0.009872 -0.033995 0.128555
v 0.009911 -0.021658 0.135979
v 0.009876 -0.030622 0.135282
v 0.009876 -0.031243 0.139304
v 0.010357 -0.032134 0.138932
v 0.009921 -0.021256 0.145131
v 0.010493 -0.020557 0.152504
v -0.011371 -0.020614 0.152440
v 0.016131 -0.020761 0.167526
v -0.017415 -0.020748 0.167865
v -0.017030 -0.021381 0.198351
v 0.016085 -0.020608 0.155077
v 0.009513 -0.020577 0.153090
v 0.016009 -0.021381 0.198351
v -0.010483 -0.020598 0.152951
v 0.015857 -0.024838 0.210179
v -0.016879 -0.024838 0.210179
v 0.010591 -0.026606 0.221053
v 0.006528 -0.026385 0.218703
v 0.009430 -0.026518 0.216952
v -0.010602 -0.026626 0.216973
v -0.008052 -0.026237 0.218366
v -0.008017 -0.024535 0.218694
v -0.011123 -0.027104 0.125050
v -0.011153 -0.034008 0.128552
v -0.011200 -0.023199 0.129183
v -0.011153 -0.031303 0.131916
v -0.011152 -0.030368 0.135837
v -0.011869 -0.022660 0.129007
v -0.011156 -0.031237 0.139383
v -0.011176 -0.021590 0.136169
v -0.011169 -0.021305 0.145137
v 0.009880 -0.033366 0.142199
v 0.009859 -0.021300 0.151668
v 0.009845 -0.033826 0.151164
v 0.009002 -0.021401 0.152246
v -0.010413 -0.021545 0.152216
v 0.009145 -0.033934 0.151928
v -0.011154 -0.033145 0.142312
v -0.011074 -0.021424 0.151665
v -0.011113 -0.033887 0.150837
v -0.010560 -0.034034 0.151900
v -0.018488 -0.078742 0.217977
v -0.011151 -0.036552 0.144444
v 0.009870 -0.039820 0.144814
v 0.063874 0.006752 0.436637
v 0.064517 -0.002688 0.436783
v 0.064545 -0.000588 0.150864
v 0.064146 0.008330 0.150638
v 0.064665 -0.000400 0.146281
v 0.059950 0.015659 0.436716
v 0.060626 0.017262 0.150584
v 0.064824 0.008861 0.146043
v 0.054136 0.021986 0.436729
v 0.054769 0.025499 0.146675
v 0.053948 0.024738 0.150787
v 0.046289 0.026368 0.436803
v 0.045671 0.029243 0.150904
v 0.036667 0.028072 0.436756
v 0.036667 0.030677 0.151011
v 0.045590 0.030976 0.147835
v 0.027662 0.029243 0.150904
v 0.036540 0.031825 0.147312
v 0.027045 0.026368 0.436803
v 0.019385 0.024738 0.150787
v 0.027183 0.030057 0.146079
v 0.019197 0.021986 0.436729
v 0.012707 0.017262 0.150584
v 0.018546 0.024944 0.146503
v 0.013383 0.015659 0.436716
v 0.009187 0.008330 0.150638
v 0.012388 0.017918 0.146144
v 0.009459 0.006752 0.436637
v 0.008789 -0.000588 0.150864
v 0.008495 0.008086 0.145741
v 0.008803 -0.002975 0.436497
v 0.011566 -0.010028 0.150711
v 0.007991 -0.000776 0.146698
v 0.011559 -0.012330 0.436468
v 0.016947 -0.017412 0.150301
v 0.011384 -0.010353 0.146638
v 0.016646 -0.019471 0.436053
v 0.025832 -0.023336 0.150435
v 0.017120 -0.017828 0.145950
v 0.025333 -0.025481 0.436194
v 0.036480 -0.025449 0.150198
v 0.026017 -0.023627 0.145445
v 0.061774 -0.012330 0.436468
v 0.056687 -0.019471 0.436053
v 0.056387 -0.017412 0.150301
v 0.061768 -0.010028 0.150711
v 0.062393 -0.010128 0.146894
v 0.057310 -0.018081 0.146706
v 0.048000 -0.025481 0.436194
v 0.048173 -0.023803 0.145215
v 0.036667 -0.027880 0.436324
v 0.047501 -0.023336 0.150435
v 0.036214 -0.025809 0.145825
v 0.063082 0.018904 0.144208
v 0.055522 0.027044 0.143372
v 0.061161 0.017592 0.146533
v 0.067090 -0.000624 0.143346
v 0.067205 0.009157 0.143604
v 0.064030 -0.011358 0.143128
v 0.058389 -0.019567 0.141931
v 0.036656 -0.028602 0.143097
v 0.048590 -0.026128 0.142640
v 0.024536 -0.026051 0.143388
v 0.015327 -0.018630 0.143839
v 0.009710 -0.010766 0.143711
v 0.006396 -0.000471 0.144004
v 0.006387 0.008815 0.143304
v 0.010355 0.019512 0.143561
v 0.026031 0.031749 0.144171
v 0.017211 0.026975 0.144091
v 0.036983 0.033156 0.144084
v 0.046079 0.031856 0.143984
v 0.063275 0.019736 0.069792
v 0.055277 0.028471 0.070351
v 0.067284 0.009873 0.070271
v 0.067656 -0.001178 0.069947
v 0.064475 -0.011176 0.069740
v 0.049462 -0.025308 0.069559
v 0.058743 -0.018937 0.069417
v 0.036907 -0.028019 0.069356
v 0.025663 -0.026022 0.069302
v 0.015587 -0.019588 0.069665
v 0.008687 -0.010842 0.069823
v 0.005559 -0.000204 0.069842
v 0.005849 0.008832 0.069957
v 0.017197 0.027762 0.069903
v 0.009681 0.019114 0.069729
v 0.035034 0.034552 0.070542
v 0.025449 0.032480 0.069946
v 0.062032 0.018954 0.068312
v 0.066037 0.009585 0.068313
v 0.063416 -0.010587 0.068045
v 0.057763 -0.017904 0.067949
v 0.048970 -0.024168 0.067913
v 0.036897 -0.026636 0.067871
v 0.026174 -0.024660 0.067882
v 0.016438 -0.018589 0.067933
v 0.009911 -0.010187 0.068180
v 0.006971 0.008606 0.068227
v 0.010892 0.018389 0.068283
v 0.018037 0.026758 0.068370
v 0.035101 0.033740 0.068524
v 0.045301 0.033348 0.070222
v 0.054686 0.027733 0.068440
v 0.048926 0.020186 0.068265
v 0.056752 0.007558 0.068140
v 0.066381 -0.000959 0.068126
v 0.055016 -0.006236 0.067994
v 0.045168 -0.015534 0.067898
v 0.036798 -0.017220 0.067885
v 0.029041 -0.015519 0.067886
v 0.018263 -0.005856 0.068002
v 0.006714 -0.000048 0.068143
v 0.016311 0.000248 0.068075
v 0.016231 0.006767 0.068128
v 0.023975 0.019475 0.068263
v 0.025962 0.031276 0.068412
v 0.035577 0.024089 0.068324
v 0.044985 0.032326 0.068454
v 0.047872 0.018804 0.068956
v 0.054016 0.014037 0.068212
v 0.055274 0.007223 0.069206
v 0.057010 0.000325 0.068064
v 0.055488 0.000515 0.069105
v 0.053579 -0.005498 0.068909
v 0.051187 -0.011150 0.067949
v 0.044522 -0.014072 0.068843
v 0.029700 -0.014373 0.069386
v 0.022753 -0.011626 0.067948
v 0.023691 -0.010596 0.069193
v 0.019604 -0.005161 0.069079
v 0.017913 0.000647 0.069496
v 0.018030 0.006851 0.069256
v 0.018954 0.013560 0.068205
v 0.024941 0.018293 0.069310
v 0.029465 0.022535 0.068295
v 0.035678 0.022386 0.069054
v 0.042270 0.023208 0.068299
v 0.041827 0.021648 0.069193
v 0.047746 0.018140 0.125262
v 0.042190 0.020888 0.125296
v 0.030023 0.021126 0.069360
v 0.035225 0.021645 0.125162
v 0.029755 0.020383 0.124722
v 0.020194 0.012803 0.069362
v 0.024270 0.017012 0.125801
v 0.017916 0.004719 0.126128
v 0.018299 -0.001333 0.126327
v 0.018606 0.004250 0.128465
v 0.020697 -0.007170 0.125960
v 0.029814 -0.014729 0.125645
v 0.036785 -0.015732 0.068996
v 0.037447 -0.016014 0.125832
v 0.049557 -0.010972 0.126526
v 0.050161 -0.010098 0.069085
v 0.055255 -0.000480 0.126679
v 0.054305 -0.000342 0.128483
v 0.054055 0.006737 0.128582
v 0.052298 0.013470 0.125282
v 0.052807 0.013296 0.069420
v 0.037279 -0.015240 0.128266
v 0.035406 0.020805 0.128686
v 0.030111 0.019461 0.128714
v 0.030093 -0.014001 0.128301
v 0.024600 -0.011582 0.126883
v 0.024945 -0.010886 0.128340
v 0.020101 0.011749 0.127419
v 0.020741 0.011006 0.128616
v 0.024988 0.016294 0.128697
v 0.021284 -0.006289 0.128437
v 0.019516 -0.000824 0.128576
v 0.042054 0.019866 0.128717
v 0.044277 -0.014337 0.126896
v 0.044187 -0.013495 0.128342
v 0.047365 0.017234 0.128669
v 0.048764 -0.010574 0.128333
v 0.053165 -0.006323 0.126912
v 0.052334 -0.005952 0.128418
v 0.051581 0.012688 0.128641
v 0.054970 0.007434 0.126785
v 0.036667 0.026415 0.439358
v 0.010987 0.006474 0.439138
v 0.014891 0.014769 0.439242
v 0.058443 0.014769 0.439242
v 0.062346 0.006474 0.439138
v 0.010429 -0.002828 0.439056
v 0.063138 -0.002463 0.439032
v 0.012812 -0.011293 0.438981
v 0.060521 -0.011293 0.438981
v 0.017995 -0.018467 0.438781
v 0.055339 -0.018467 0.438781
v 0.036667 -0.026320 0.438850
v 0.026176 -0.023986 0.438780
v 0.047157 -0.023986 0.438780
v 0.019939 0.020776 0.439240
v 0.026846 0.024790 0.439293
v 0.053395 0.020776 0.439240
v 0.046487 0.024790 0.439293
v 0.044784 0.020047 0.439308
v 0.028549 0.020047 0.439308
v 0.023171 0.016921 0.439280
v 0.015847 0.005233 0.439166
v 0.057503 0.005167 0.439165
v 0.058157 -0.001963 0.439107
v 0.017340 -0.009103 0.439031
v 0.021441 -0.014915 0.438976
v 0.051910 -0.014937 0.438978
v 0.028134 -0.019432 0.438929
v 0.036667 -0.021286 0.438918
v 0.049963 0.016669 0.439256
v 0.044186 0.018505 0.438165
v 0.036667 0.021344 0.439298
v 0.029106 0.018488 0.438165
v 0.024266 0.015646 0.438170
v 0.019151 0.012040 0.439208
v 0.017398 0.004839 0.437954
v 0.055966 0.004714 0.437955
v 0.053959 0.011901 0.439162
v 0.015432 -0.002291 0.439092
v 0.018772 -0.008412 0.437806
v 0.056007 -0.009073 0.439031
v 0.056449 -0.001782 0.438051
v 0.022541 -0.013781 0.437740
v 0.050792 -0.013790 0.437768
v 0.028732 -0.018022 0.437632
v 0.036671 -0.019696 0.437695
v 0.045216 -0.019472 0.438933
v 0.044607 -0.018030 0.437677
v 0.049004 0.015612 0.437833
v 0.044085 0.018337 0.434275
v 0.036667 0.019926 0.437867
v 0.029111 0.018280 0.434276
v 0.024492 0.015562 0.434283
v 0.020330 0.011298 0.437745
v 0.017586 0.004774 0.434064
v 0.055806 0.004525 0.434067
v 0.052987 0.011262 0.437458
v 0.016974 -0.002112 0.437819
v 0.018956 -0.008302 0.433915
v 0.054581 -0.008370 0.437805
v 0.056209 -0.001720 0.434166
v 0.022665 -0.013594 0.433849
v 0.050655 -0.013608 0.433878
v 0.028805 -0.017821 0.433740
v 0.036681 -0.019466 0.433805
v 0.044535 -0.017819 0.433787
v 0.048749 0.015632 0.433946
v 0.036667 0.019791 0.433969
v 0.039537 0.022023 0.145642
v 0.032958 0.021871 0.148051
v 0.020490 0.011280 0.433849
v 0.022262 0.016017 0.138892
v 0.018220 0.009372 0.139080
v 0.052900 0.011194 0.433560
v 0.054660 0.010468 0.138453
v 0.017163 -0.002054 0.433926
v 0.017053 0.002813 0.138709
v 0.056083 0.005358 0.138708
v 0.018469 -0.004607 0.138580
v 0.054419 -0.008214 0.433915
v 0.055931 -0.000858 0.138785
v 0.022975 -0.011351 0.139519
v 0.053919 -0.006577 0.139582
v 0.028992 -0.015351 0.139597
v 0.037272 -0.016921 0.138741
v 0.049759 -0.011871 0.138708
v 0.044503 -0.015258 0.139150
v 0.046491 0.019670 0.139327
v 0.051641 0.015355 0.138726
v 0.017704 0.002815 0.136682
v 0.055643 0.005337 0.136852
v 0.039700 0.021346 0.136817
v 0.037184 -0.016469 0.136707
v 0.044244 -0.014978 0.136785
v 0.051061 0.014743 0.136694
v 0.046354 0.019070 0.136854
v 0.053655 -0.006367 0.136882
v 0.055400 -0.000841 0.136732
v 0.053997 0.010123 0.136690
v 0.049479 -0.011493 0.136688
v 0.033515 0.021402 0.136857
v 0.029245 -0.014817 0.136561
v 0.023346 -0.010842 0.136583
v 0.026967 0.019748 0.139250
v 0.022912 0.015805 0.136809
v 0.018739 0.009387 0.136850
v 0.019040 -0.004248 0.136612
v 0.027342 0.019363 0.136903
v -0.035619 -0.027278 0.436324
v -0.045162 -0.026452 0.436565
v -0.045548 -0.023908 0.150650
v -0.036565 -0.024896 0.150332
v -0.045417 -0.024014 0.146064
v -0.026095 -0.024739 0.436343
v -0.027080 -0.022764 0.150214
v -0.036177 -0.025613 0.145725
v -0.018858 -0.019907 0.436341
v -0.017958 -0.018150 0.146271
v -0.018558 -0.017249 0.150399
v -0.013250 -0.012739 0.436440
v -0.012760 -0.009670 0.150543
v -0.010046 -0.003377 0.436464
v -0.009921 -0.000885 0.150717
v -0.011037 -0.009829 0.147457
v -0.009953 0.008349 0.150709
v -0.008782 -0.000902 0.147008
v -0.010251 0.006516 0.436617
v -0.013172 0.017333 0.150717
v -0.009103 0.008747 0.145880
v -0.013414 0.015050 0.436663
v -0.019613 0.025181 0.150655
v -0.012870 0.018181 0.146439
v -0.018838 0.021853 0.436771
v -0.028000 0.030094 0.150838
v -0.018943 0.025440 0.146211
v -0.027139 0.027167 0.436824
v -0.036859 0.031879 0.151163
v -0.028177 0.030871 0.145950
v -0.036769 0.029340 0.436795
v -0.046738 0.030572 0.151086
v -0.036958 0.032746 0.147006
v -0.046560 0.028040 0.436840
v -0.054968 0.026342 0.150705
v -0.047069 0.030844 0.147018
v -0.054501 0.024066 0.436456
v -0.062280 0.018374 0.150821
v -0.055448 0.026275 0.146357
v -0.061866 0.016309 0.436581
v -0.066055 0.008050 0.150510
v -0.062640 0.018281 0.145834
v -0.054386 -0.022203 0.436379
v -0.060741 -0.015997 0.436088
v -0.061115 -0.013120 0.150342
v -0.054562 -0.019657 0.150624
v -0.054791 -0.020231 0.146803
v -0.061957 -0.013905 0.146747
v -0.065399 -0.006371 0.436373
v -0.066271 -0.003857 0.145402
v -0.066032 0.005342 0.436633
v -0.065656 -0.003308 0.150622
v -0.066409 0.008415 0.146143
v -0.025872 -0.025416 0.143799
v -0.016557 -0.019112 0.142945
v -0.026867 -0.023313 0.146156
v -0.046042 -0.026377 0.143109
v -0.036272 -0.028018 0.143262
v -0.056308 -0.021642 0.143035
v -0.063652 -0.014708 0.141978
v -0.069295 0.008433 0.143441
v -0.068683 -0.003888 0.142847
v -0.064852 0.020159 0.143816
v -0.055988 0.028214 0.144272
v -0.047246 0.032610 0.144111
v -0.036426 0.034321 0.144324
v -0.027139 0.032889 0.143525
v -0.017052 0.027251 0.143630
v -0.007246 0.009655 0.143965
v -0.010649 0.019224 0.144017
v -0.007546 -0.001522 0.143762
v -0.010265 -0.010419 0.143592
v -0.025677 -0.025031 0.069379
v -0.015686 -0.018394 0.069917
v -0.036165 -0.027510 0.069927
v -0.047284 -0.026158 0.069718
v -0.056793 -0.021416 0.069648
v -0.068595 -0.004192 0.069756
v -0.063668 -0.014470 0.069460
v -0.069353 0.008794 0.069698
v -0.065603 0.019734 0.069726
v -0.057592 0.028810 0.070112
v -0.047765 0.034349 0.070240
v -0.036633 0.035823 0.070173
v -0.027636 0.034124 0.070189
v -0.010464 0.019822 0.069827
v -0.017948 0.028691 0.069815
v -0.006445 0.000911 0.070229
v -0.007030 0.010830 0.069744
v -0.026277 -0.023651 0.067919
v -0.036275 -0.026199 0.067983
v -0.056053 -0.020432 0.067956
v -0.062494 -0.013636 0.067991
v -0.067391 -0.003862 0.068102
v -0.067979 0.008603 0.068198
v -0.064331 0.019024 0.068287
v -0.056739 0.027819 0.068362
v -0.047313 0.033038 0.068579
v -0.028052 0.033053 0.068451
v -0.018874 0.027606 0.068366
v -0.011613 0.019152 0.068298
v -0.007285 0.000990 0.068219
v -0.009252 -0.009170 0.069827
v -0.016348 -0.017669 0.068020
v -0.022923 -0.010814 0.067947
v -0.036831 -0.016698 0.067892
v -0.046881 -0.024899 0.067906
v -0.050415 -0.012796 0.067929
v -0.058214 -0.001451 0.068044
v -0.058598 0.007220 0.068136
v -0.055676 0.014745 0.068196
v -0.044284 0.024058 0.068307
v -0.036671 0.034658 0.068462
v -0.037848 0.025063 0.068327
v -0.031287 0.024124 0.068303
v -0.019733 0.014358 0.068207
v -0.008327 0.010519 0.068218
v -0.016914 0.001983 0.068095
v -0.010240 -0.008678 0.068074
v -0.024141 -0.009544 0.068664
v -0.029895 -0.014964 0.067915
v -0.036929 -0.015170 0.068977
v -0.044137 -0.015826 0.067900
v -0.043700 -0.014336 0.068954
v -0.049442 -0.011477 0.068849
v -0.054752 -0.008182 0.067980
v -0.056638 -0.001040 0.068978
v -0.054618 0.013891 0.069675
v -0.050782 0.020451 0.068276
v -0.049885 0.019337 0.069499
v -0.043788 0.022593 0.069362
v -0.037686 0.023380 0.069726
v -0.031475 0.022294 0.069411
v -0.024889 0.020327 0.068272
v -0.021064 0.013564 0.069259
v -0.017519 0.008365 0.068147
v -0.018635 0.002142 0.068844
v -0.018845 -0.004602 0.068012
v -0.020337 -0.003919 0.068930
v -0.024372 -0.009799 0.124975
v -0.020743 -0.004650 0.125033
v -0.019013 0.008016 0.069223
v -0.018894 0.002229 0.124961
v -0.019310 0.007925 0.124591
v -0.025835 0.019189 0.069425
v -0.021829 0.013951 0.125767
v -0.033180 0.022252 0.126305
v -0.039317 0.022811 0.126572
v -0.033741 0.021612 0.128640
v -0.045557 0.021319 0.126251
v -0.054577 0.013346 0.125933
v -0.057094 0.006990 0.069229
v -0.057060 0.005879 0.126057
v -0.053886 -0.007078 0.126567
v -0.053526 -0.007326 0.069115
v -0.044238 -0.014443 0.126537
v -0.043937 -0.013525 0.128349
v -0.036788 -0.014382 0.128367
v -0.029775 -0.013642 0.125004
v -0.030442 -0.013644 0.069144
v -0.056239 0.005907 0.128483
v -0.019740 0.002149 0.128493
v -0.020261 0.007676 0.128591
v -0.053871 0.012930 0.128577
v -0.050592 0.018081 0.127186
v -0.049936 0.017613 0.128631
v -0.026451 0.018947 0.127490
v -0.027289 0.018410 0.128689
v -0.022641 0.013317 0.128664
v -0.044746 0.020570 0.128710
v -0.038980 0.021490 0.128803
v -0.021723 -0.004382 0.128467
v -0.056437 -0.001252 0.127032
v -0.055566 -0.001306 0.128468
v -0.025198 -0.009304 0.128396
v -0.053349 -0.006359 0.128377
v -0.049778 -0.011432 0.126861
v -0.049264 -0.010668 0.128371
v -0.030423 -0.012828 0.128379
v -0.036245 -0.015395 0.126552
v -0.011683 -0.003143 0.439083
v -0.027634 0.025658 0.439314
v -0.019942 0.020459 0.439293
v -0.026729 -0.023117 0.438892
v -0.035638 -0.025730 0.438842
v -0.036855 0.027666 0.439337
v -0.044704 -0.025128 0.438824
v -0.045697 0.026600 0.439331
v -0.053132 -0.021134 0.438892
v -0.053685 0.022534 0.439160
v -0.059504 -0.014830 0.438817
v -0.064451 0.005075 0.439142
v -0.060481 0.015208 0.439143
v -0.063750 -0.005784 0.438950
v -0.014719 0.014472 0.439180
v -0.011779 0.006936 0.439126
v -0.019932 -0.019001 0.438873
v -0.014840 -0.012715 0.438946
v -0.019319 -0.010274 0.439027
v -0.016789 0.005970 0.439177
v -0.019080 0.011839 0.439232
v -0.029634 0.020988 0.439311
v -0.036191 -0.020680 0.438928
v -0.043428 -0.020224 0.438939
v -0.044211 0.021728 0.439316
v -0.050666 0.018531 0.439286
v -0.055435 -0.011951 0.439007
v -0.056228 0.012538 0.439226
v -0.059413 0.004290 0.439156
v -0.023507 -0.014929 0.438964
v -0.020778 -0.009424 0.437906
v -0.016756 -0.002353 0.439078
v -0.018446 0.005668 0.438045
v -0.020535 0.010953 0.438126
v -0.023338 0.016622 0.439249
v -0.030279 0.019509 0.438089
v -0.036414 -0.019060 0.437736
v -0.028901 -0.018183 0.438884
v -0.037098 0.022576 0.439321
v -0.043753 0.020200 0.438070
v -0.050207 -0.016965 0.438960
v -0.042988 -0.018533 0.437898
v -0.049712 0.017265 0.438028
v -0.054124 -0.010999 0.437795
v -0.054922 0.011733 0.437908
v -0.057833 0.004050 0.437916
v -0.058931 -0.004546 0.439072
v -0.057403 -0.004150 0.437807
v -0.024426 -0.013790 0.437561
v -0.020963 -0.009260 0.434020
v -0.018187 -0.002119 0.437662
v -0.018686 0.005732 0.434159
v -0.020686 0.010776 0.434238
v -0.024276 0.015572 0.437783
v -0.030405 0.019369 0.434198
v -0.036611 -0.018834 0.433852
v -0.029402 -0.017095 0.437196
v -0.037169 0.021018 0.438032
v -0.043703 0.020036 0.434177
v -0.049291 -0.015636 0.437740
v -0.042921 -0.018265 0.434015
v -0.049577 0.017149 0.434134
v -0.053952 -0.010853 0.433905
v -0.054764 0.011666 0.434013
v -0.057636 0.004040 0.434024
v -0.057213 -0.004074 0.433916
v -0.024398 -0.013501 0.433676
v -0.018354 -0.002061 0.433767
v -0.019070 -0.002358 0.145415
v -0.018178 0.004226 0.147887
v -0.024350 0.015451 0.433886
v -0.022442 0.015926 0.138889
v -0.028460 0.021004 0.139186
v -0.029490 -0.016960 0.433300
v -0.033047 -0.015621 0.138212
v -0.037172 0.020856 0.434137
v -0.034844 0.023197 0.138896
v -0.038380 -0.016252 0.138509
v -0.042489 0.022937 0.138833
v -0.049142 -0.015460 0.433850
v -0.044575 -0.015132 0.138654
v -0.049932 0.019469 0.139803
v -0.049977 -0.012236 0.139531
v -0.054871 0.014071 0.139869
v -0.057739 0.006039 0.138955
v -0.054632 -0.007240 0.138752
v -0.057199 -0.001458 0.139279
v -0.022560 -0.008889 0.139063
v -0.027685 -0.013365 0.138460
v -0.034960 0.022564 0.136863
v -0.038348 -0.015791 0.136658
v -0.019845 -0.002332 0.136598
v -0.057290 0.006076 0.136916
v -0.056897 -0.001220 0.136913
v -0.028223 -0.012670 0.136441
v -0.023160 -0.008635 0.136597
v -0.049748 -0.011979 0.136831
v -0.044493 -0.014584 0.136606
v -0.033304 -0.014887 0.136459
v -0.054228 -0.007000 0.136731
v -0.018825 0.003848 0.136694
v -0.054401 0.013764 0.136826
v -0.049504 0.019047 0.136860
v -0.019440 0.010634 0.139164
v -0.022774 0.015329 0.136803
v -0.028544 0.020504 0.136952
v -0.042236 0.022328 0.136857
v -0.019903 0.010342 0.136818
v 0.036667 0.034138 0.065873
v 0.036667 0.034198 0.018706
v 0.029141 0.033225 0.018654
v 0.044412 0.033174 0.065777
v 0.028922 0.033174 0.065777
v 0.021845 0.030380 0.018423
v 0.044193 0.033225 0.018654
v 0.051494 0.030378 0.066000
v 0.021839 0.030378 0.066000
v 0.015612 0.025978 0.018540
v 0.051488 0.030380 0.018423
v 0.057715 0.025968 0.065814
v 0.015619 0.025968 0.065814
v 0.010614 0.020117 0.018453
v 0.057722 0.025978 0.018540
v 0.062624 0.020121 0.065987
v 0.010710 0.020121 0.065987
v 0.006704 0.011903 0.018446
v 0.062720 0.020117 0.018453
v 0.066676 0.011772 0.065801
v 0.006658 0.011772 0.065801
v 0.005370 0.003043 0.018590
v 0.066629 0.011903 0.018446
v 0.067967 0.003568 0.065622
v 0.005367 0.003568 0.065622
v 0.006602 -0.005573 0.018618
v 0.067964 0.003043 0.018590
v 0.066764 -0.005717 0.065519
v 0.006570 -0.005717 0.065519
v 0.009571 -0.012614 0.018573
v 0.066731 -0.005573 0.018618
v 0.063927 -0.012507 0.065470
v 0.009406 -0.012507 0.065470
v 0.014396 -0.019011 0.018578
v 0.063763 -0.012614 0.018573
v 0.058893 -0.019154 0.065524
v 0.020585 -0.023944 0.065568
v 0.014440 -0.019154 0.065524
v 0.058938 -0.019011 0.018578
v 0.052749 -0.023944 0.065568
v 0.020774 -0.023960 0.018293
v 0.028480 -0.027188 0.018091
v 0.052560 -0.023960 0.018293
v 0.044503 -0.027387 0.065590
v 0.044853 -0.027188 0.018091
v 0.036667 -0.028413 0.065533
v 0.028830 -0.027387 0.065590
v 0.036667 -0.028302 0.018164
v 0.029253 0.032068 0.067162
v 0.036667 0.032750 0.067210
v 0.044080 0.032068 0.067162
v 0.022083 0.029187 0.067156
v 0.051250 0.029187 0.067156
v 0.016521 0.024903 0.067208
v 0.056812 0.024903 0.067208
v 0.011864 0.018487 0.067254
v 0.061469 0.018487 0.067254
v 0.007992 0.011608 0.067145
v 0.065341 0.011608 0.067145
v 0.006341 0.003165 0.067091
v 0.066992 0.003165 0.067091
v 0.010404 -0.011745 0.067110
v 0.007397 -0.005401 0.067058
v 0.065937 -0.005401 0.067058
v 0.062930 -0.011745 0.067110
v 0.058098 -0.018616 0.067032
v 0.015236 -0.018616 0.067032
v 0.021249 -0.023285 0.067047
v 0.052084 -0.023285 0.067047
v 0.044169 -0.026290 0.067134
v 0.036667 -0.027381 0.067068
v 0.029164 -0.026290 0.067134
v 0.030746 0.025135 0.067278
v 0.036667 0.025748 0.067265
v 0.042588 0.025135 0.067278
v 0.025368 0.023183 0.067271
v 0.047966 0.023183 0.067271
v 0.020595 0.019654 0.067285
v 0.052739 0.019654 0.067285
v 0.016872 0.014984 0.067289
v 0.056461 0.014984 0.067289
v 0.058845 0.009359 0.067254
v 0.014489 0.009359 0.067254
v 0.014921 -0.003393 0.067221
v 0.014096 0.003184 0.067232
v 0.059237 0.003184 0.067232
v 0.058412 -0.003393 0.067221
v 0.020089 -0.012981 0.067279
v 0.016887 -0.008453 0.067241
v 0.056447 -0.008453 0.067241
v 0.053245 -0.012981 0.067279
v 0.024532 -0.016757 0.067275
v 0.048802 -0.016757 0.067275
v 0.030191 -0.019204 0.067260
v 0.043143 -0.019204 0.067260
v 0.036667 -0.020221 0.067283
v 0.036667 -0.018259 0.065571
v 0.047777 -0.015106 0.065547
v 0.025560 -0.015100 0.065509
v 0.054952 -0.007662 0.065229
v 0.021454 -0.011744 0.065247
v 0.056919 -0.003019 0.065045
v 0.018389 -0.007657 0.065157
v 0.016415 -0.003019 0.065045
v 0.056965 0.008924 0.065529
v 0.016369 0.008924 0.065529
v 0.054732 0.013958 0.065558
v 0.018593 0.013964 0.065619
v 0.047010 0.021403 0.065509
v 0.021993 0.018201 0.065641
v 0.026320 0.021405 0.065640
v 0.031157 0.023336 0.065421
v 0.042174 0.023322 0.065321
v 0.042172 -0.017233 0.041028
v 0.036667 -0.017873 0.040422
v 0.031162 -0.017233 0.041028
v 0.042617 -0.017390 0.065476
v 0.046852 -0.015305 0.041249
v 0.026482 -0.015305 0.041249
v 0.030717 -0.017390 0.065476
v 0.050784 -0.012455 0.041126
v 0.022550 -0.012455 0.041126
v 0.053952 -0.008683 0.040908
v 0.051896 -0.011756 0.065391
v 0.019381 -0.008683 0.040908
v 0.056379 -0.003691 0.040814
v 0.016954 -0.003691 0.040814
v 0.057441 0.002138 0.040926
v 0.015893 0.002138 0.040926
v 0.056790 0.007965 0.040606
v 0.057761 0.003236 0.064969
v 0.015573 0.003237 0.064968
v 0.016544 0.007965 0.040606
v 0.054616 0.013411 0.040754
v 0.018718 0.013411 0.040754
v 0.051322 0.018181 0.065487
v 0.022313 0.017914 0.040674
v 0.051021 0.017914 0.040674
v 0.026602 0.021105 0.040682
v 0.046732 0.021105 0.040681
v 0.036667 0.024038 0.065213
v 0.031688 0.023080 0.040577
v 0.041646 0.023080 0.040577
v 0.029595 0.032022 0.017000
v 0.036943 0.032969 0.016986
v 0.022291 0.029287 0.016988
v 0.043739 0.032022 0.017000
v 0.051042 0.029287 0.016988
v 0.016317 0.025137 0.016990
v 0.057016 0.025137 0.016990
v 0.011367 0.019580 0.017055
v 0.007653 0.011668 0.017090
v 0.061967 0.019580 0.017055
v 0.006799 0.003039 0.017043
v 0.066534 0.003039 0.017043
v 0.065681 0.011668 0.017090
v 0.007693 -0.004948 0.017005
v 0.065640 -0.004948 0.017005
v 0.010533 -0.011777 0.017015
v 0.062801 -0.011777 0.017015
v 0.015361 -0.018100 0.017024
v 0.057973 -0.018100 0.017024
v 0.021332 -0.023102 0.017054
v 0.052002 -0.023102 0.017054
v 0.044475 -0.026011 0.017024
v 0.028858 -0.026011 0.017024
v 0.036667 0.027405 0.017043
v 0.029983 0.026525 0.016944
v 0.043351 0.026525 0.016944
v 0.024658 0.024223 0.017091
v 0.048675 0.024223 0.017091
v 0.019330 0.020049 0.017247
v 0.054003 0.020049 0.017247
v 0.015754 0.015615 0.017054
v 0.057580 0.015615 0.017054
v 0.013284 0.009923 0.017194
v 0.060050 0.009923 0.017194
v 0.012288 0.002154 0.017257
v 0.061045 0.002154 0.017257
v 0.013216 -0.003846 0.017236
v 0.060117 -0.003846 0.017236
v 0.015824 -0.009697 0.017318
v 0.057510 -0.009697 0.017318
v 0.019763 -0.014684 0.017247
v 0.053570 -0.014684 0.017247
v 0.024226 -0.018075 0.017270
v 0.049108 -0.018075 0.017270
v 0.030286 -0.020621 0.017321
v 0.036667 -0.021499 0.017280
v 0.043048 -0.020621 0.017321
v 0.036667 -0.027042 0.017021
v 0.036667 0.027710 0.015241
v 0.029906 0.026771 0.015128
v 0.048885 0.024490 0.015323
v 0.019045 0.020351 0.015534
v 0.054289 0.020352 0.015536
v 0.015359 0.015571 0.015427
v 0.057975 0.015571 0.015427
v 0.012908 0.009998 0.015443
v 0.061446 0.002146 0.015492
v 0.011887 0.002146 0.015492
v 0.060485 -0.003963 0.015448
v 0.012849 -0.003963 0.015448
v 0.057874 -0.009919 0.015559
v 0.015460 -0.009919 0.015559
v 0.053848 -0.014957 0.015458
v 0.019486 -0.014957 0.015458
v 0.049294 -0.018419 0.015467
v 0.024039 -0.018419 0.015467
v 0.043153 -0.021011 0.015503
v 0.030180 -0.021011 0.015503
v 0.036667 -0.021875 0.015427
v 0.036667 0.027665 0.003602
v 0.043428 0.026771 0.015129
v 0.024182 0.024295 0.003688
v 0.024449 0.024490 0.015323
v 0.049152 0.024295 0.003689
v 0.015245 0.015374 0.004002
v 0.058089 0.015374 0.004002
v 0.060427 0.009991 0.015454
v 0.012891 0.009851 0.003803
v 0.060405 0.009841 0.003820
v 0.011899 0.002164 0.003776
v 0.061435 0.002164 0.003776
v 0.015459 -0.009881 0.003632
v 0.057874 -0.009881 0.003632
v 0.019420 -0.014852 0.003537
v 0.049166 -0.018460 0.003563
v 0.024168 -0.018460 0.003563
v 0.030177 -0.020960 0.003422
v 0.036667 -0.021840 0.003556
v 0.043493 0.026692 0.003491
v 0.043245 0.026058 0.002475
v 0.030088 0.026058 0.002475
v 0.029841 0.026692 0.003491
v 0.048961 0.023657 0.002500
v 0.054268 0.020295 0.003484
v 0.019066 0.020295 0.003484
v 0.024372 0.023657 0.002500
v 0.057366 0.014966 0.002572
v 0.015774 0.015076 0.002509
v 0.059598 0.009793 0.002508
v 0.013735 0.009793 0.002508
v 0.060649 0.002195 0.002463
v 0.012685 0.002195 0.002463
v 0.060441 -0.003984 0.003519
v 0.059637 -0.003735 0.002452
v 0.012892 -0.003984 0.003519
v 0.057308 -0.009496 0.002484
v 0.016026 -0.009496 0.002484
v 0.053913 -0.014852 0.003537
v 0.053356 -0.014338 0.002463
v 0.048870 -0.017767 0.002464
v 0.024464 -0.017767 0.002464
v 0.043156 -0.020960 0.003422
v 0.043050 -0.020296 0.002484
v 0.030284 -0.020296 0.002484
v 0.036667 -0.021114 0.002474
v 0.036667 0.027058 0.002504
v 0.036667 0.024889 0.002042
v 0.030734 0.024054 0.002115
v 0.042599 0.024054 0.002115
v 0.025579 0.021870 0.002126
v 0.047755 0.021870 0.002126
v 0.021244 0.018458 0.002293
v 0.052090 0.018458 0.002293
v 0.019560 0.019858 0.002479
v 0.017761 0.013844 0.002436
v 0.055572 0.013844 0.002436
v 0.053782 0.019850 0.002479
v 0.015795 0.009342 0.002444
v 0.057539 0.009342 0.002444
v 0.014806 0.002111 0.002363
v 0.013696 -0.003735 0.002452
v 0.058528 0.002111 0.002363
v 0.015683 -0.003413 0.002268
v 0.057651 -0.003413 0.002268
v 0.019977 -0.014338 0.002463
v 0.017996 -0.008594 0.002232
v 0.055337 -0.008594 0.002232
v 0.021379 -0.012668 0.002473
v 0.025609 -0.015956 0.002382
v 0.047724 -0.015956 0.002382
v 0.051954 -0.012668 0.002473
v 0.030624 -0.018133 0.002318
v 0.042710 -0.018133 0.002318
v 0.036667 -0.018936 0.002408
v 0.036667 -0.019166 -0.012145
v 0.042308 -0.018380 -0.012490
v 0.031026 -0.018380 -0.012490
v 0.047493 -0.016289 -0.012304
v 0.025840 -0.016289 -0.012304
v 0.021408 -0.012906 -0.012586
v 0.051926 -0.012906 -0.012586
v 0.055443 -0.008439 -0.012720
v 0.015536 -0.003157 -0.012587
v 0.057797 -0.003157 -0.012587
v 0.058630 0.002321 -0.012627
v 0.015671 0.009465 -0.012461
v 0.057663 0.009465 -0.012461
v 0.055706 0.013847 -0.012697
v 0.021173 0.018505 -0.012515
v 0.052160 0.018505 -0.012515
v 0.047570 0.021971 -0.012713
v 0.025764 0.021971 -0.012713
v 0.042688 0.024006 -0.012775
v 0.030646 0.024006 -0.012775
v 0.027085 0.019653 -0.016341
v 0.017628 0.013847 -0.012697
v 0.022506 0.016181 -0.016337
v 0.027020 -0.013840 -0.016474
v 0.031829 0.021950 -0.016252
v 0.036667 0.024827 -0.012889
v 0.046248 0.019653 -0.016341
v 0.041504 0.021950 -0.016252
v 0.053636 0.012533 -0.016360
v 0.050828 0.016181 -0.016337
v 0.055810 0.002309 -0.016471
v 0.055620 0.008085 -0.016404
v 0.053555 -0.007559 -0.016304
v 0.055227 -0.002869 -0.016511
v 0.046314 -0.013840 -0.016474
v 0.041079 -0.015638 -0.016522
v 0.032254 -0.015638 -0.016522
v 0.017891 -0.008439 -0.012720
v 0.019778 -0.007559 -0.016304
v 0.018107 -0.002869 -0.016511
v 0.014704 0.002321 -0.012627
v 0.017523 0.002309 -0.016471
v 0.017713 0.008085 -0.016404
v 0.019697 0.012533 -0.016360
v 0.036667 0.022553 -0.016366
v 0.036667 0.013423 -0.016557
v 0.031677 0.012303 -0.016547
v 0.041657 0.012303 -0.016547
v 0.027808 0.008278 -0.016530
v 0.045526 0.008278 -0.016530
v 0.026505 0.003096 -0.016507
v 0.046828 0.003096 -0.016507
v 0.027746 -0.002104 -0.016521
v 0.022891 -0.011307 -0.016362
v 0.045588 -0.002104 -0.016521
v 0.031199 -0.006016 -0.016538
v 0.050442 -0.011307 -0.016362
v 0.042135 -0.006016 -0.016538
v 0.036667 -0.007607 -0.016552
v 0.036667 -0.016342 -0.016510
v 0.036667 -0.006570 -0.015580
v 0.041781 -0.005084 -0.015721
v 0.031553 -0.005084 -0.015721
v 0.028199 -0.001459 -0.015939
v 0.045134 -0.001459 -0.015939
v 0.028555 0.007790 -0.015772
v 0.046137 0.003215 -0.015799
v 0.032073 0.011153 -0.015586
v 0.041260 0.011153 -0.015586
v 0.036667 0.012409 -0.015872
v 0.044536 -0.002255 0.018999
v 0.032207 -0.005404 0.019732
v 0.041126 -0.005404 0.019732
v 0.028798 -0.002255 0.018999
v 0.027277 0.002571 0.018740
v 0.046056 0.002571 0.018740
v 0.028230 0.007012 0.018141
v 0.027197 0.003215 -0.015799
v 0.045103 0.007012 0.018141
v 0.044778 0.007790 -0.015772
v 0.031816 0.010952 0.018566
v 0.041518 0.010952 0.018566
v 0.036667 -0.006496 0.020393
v 0.036667 -0.005569 0.021872
v 0.040977 -0.004485 0.021835
v 0.036667 0.011382 0.021874
v 0.036667 0.012293 0.019821
v 0.040902 0.010457 0.021783
v 0.032357 -0.004485 0.021835
v 0.032432 0.010457 0.021783
v 0.044049 -0.001660 0.021774
v 0.044261 0.006739 0.021846
v 0.045205 0.002736 0.021840
v 0.029284 -0.001660 0.021774
v 0.029072 0.006739 0.021846
v 0.028128 0.002736 0.021840
v 0.029690 0.020908 0.038993
v 0.018800 0.010083 0.038984
v 0.019245 -0.005760 0.039032
v 0.023419 -0.011734 0.039125
v 0.023201 0.017160 0.039088
v 0.017016 0.001905 0.039123
v 0.029383 -0.015492 0.039146
v 0.036667 -0.016803 0.039113
v 0.036667 0.022535 0.039061
v 0.036667 0.023677 0.040513
v 0.043950 -0.015492 0.039146
v 0.043651 0.020915 0.038995
v 0.049914 -0.011734 0.039125
v 0.050132 0.017160 0.039088
v 0.054532 0.010088 0.038984
v 0.054090 -0.005760 0.039032
v 0.056318 0.001905 0.039123
v -0.006167 -0.001944 0.065873
v -0.006107 -0.001954 0.018706
v -0.005908 0.005727 0.018654
v -0.008339 -0.009544 0.065777
v -0.005925 0.005955 0.065777
v -0.007618 0.013471 0.018423
v -0.008254 -0.009333 0.018654
v -0.012240 -0.016195 0.066000
v -0.007619 0.013477 0.066000
v -0.011051 0.020394 0.018540
v -0.012238 -0.016189 0.018423
v -0.017623 -0.021731 0.065814
v -0.011063 0.020389 0.065814
v -0.016137 0.026309 0.018453
v -0.017613 -0.021740 0.018540
v -0.024238 -0.025733 0.065987
v -0.016148 0.026212 0.065987
v -0.023746 0.031501 0.018446
v -0.024257 -0.025828 0.018453
v -0.033223 -0.028486 0.065801
v -0.023870 0.031567 0.065801
v -0.032404 0.034216 0.018590
v -0.033085 -0.028460 0.018446
v -0.041633 -0.028499 0.065622
v -0.031878 0.034138 0.065622
v -0.041217 0.034326 0.018618
v -0.042158 -0.028414 0.018589
v -0.050736 -0.025849 0.065519
v -0.041355 0.034381 0.065519
v -0.048724 0.032453 0.018573
v -0.050587 -0.025838 0.018618
v -0.057088 -0.021952 0.065470
v -0.048592 0.032601 0.065470
v -0.055878 0.028622 0.018578
v -0.057169 -0.021771 0.018573
v -0.062954 -0.015879 0.065524
v -0.061778 0.023198 0.065568
v -0.056027 0.028600 0.065524
v -0.062819 -0.015946 0.018578
v -0.066790 -0.008985 0.065568
v -0.061823 0.023011 0.018293
v -0.066254 0.015803 0.018091
v -0.066776 -0.008793 0.018293
v -0.068950 -0.000198 0.065590
v -0.068805 -0.000579 0.018091
v -0.068755 0.007803 0.065533
v -0.066508 0.015484 0.065590
v -0.068645 0.007786 0.018164
v -0.007083 0.005796 0.067162
v -0.007556 -0.001728 0.067211
v -0.009394 -0.009040 0.067162
v -0.008848 0.013419 0.067156
v -0.013394 -0.015766 0.067156
v -0.012268 0.019652 0.067208
v -0.018547 -0.020663 0.067208
v -0.017962 0.025311 0.067254
v -0.025693 -0.024323 0.067254
v -0.024242 0.030258 0.067145
v -0.033179 -0.027125 0.067145
v -0.032433 0.033226 0.067091
v -0.041885 -0.027461 0.067091
v -0.047985 0.031484 0.067110
v -0.041169 0.033504 0.067058
v -0.050291 -0.025070 0.067058
v -0.056170 -0.021073 0.067110
v -0.062292 -0.015167 0.067032
v -0.055613 0.027719 0.067032
v -0.061222 0.022430 0.067047
v -0.066027 -0.008422 0.067047
v -0.067801 -0.000034 0.067134
v -0.067722 0.007642 0.067068
v -0.065462 0.014979 0.067134
v -0.014253 0.005383 0.067278
v -0.014562 -0.000637 0.067265
v -0.016098 -0.006467 0.067278
v -0.015368 0.011068 0.067271
v -0.018890 -0.011543 0.067271
v -0.018155 0.016393 0.067285
v -0.023164 -0.015769 0.067285
v -0.022248 0.020846 0.067289
v -0.028417 -0.018766 0.067289
v -0.034417 -0.020274 0.067254
v -0.027504 0.024108 0.067254
v -0.040332 0.025663 0.067221
v -0.033622 0.025463 0.067232
v -0.040656 -0.019705 0.067232
v -0.047109 -0.017854 0.067221
v -0.050731 0.021985 0.067279
v -0.045701 0.024483 0.067241
v -0.051866 -0.015099 0.067241
v -0.055898 -0.011189 0.067279
v -0.055202 0.018129 0.067275
v -0.058984 -0.006155 0.067275
v -0.058531 0.012848 0.067260
v -0.060550 -0.000112 0.067260
v -0.060559 0.006527 0.067283
v -0.058595 0.006221 0.065571
v -0.057171 -0.005388 0.065547
v -0.053704 0.016842 0.065509
v -0.050841 -0.013727 0.065229
v -0.049705 0.020428 0.065247
v -0.046502 -0.016418 0.065045
v -0.045138 0.022857 0.065157
v -0.040190 0.024110 0.065045
v -0.034559 -0.018325 0.065529
v -0.028233 0.022295 0.065529
v -0.029174 -0.016876 0.065558
v -0.023536 0.019283 0.065618
v -0.020521 -0.010310 0.065509
v -0.019827 0.015221 0.065641
v -0.017295 0.010393 0.065640
v -0.016117 0.005252 0.065421
v -0.017848 -0.005770 0.065321
v -0.058426 0.000553 0.041028
v -0.058209 0.006160 0.040422
v -0.056710 0.011569 0.041028
v -0.058652 0.000132 0.065476
v -0.057226 -0.004431 0.041249
v -0.054052 0.015951 0.041249
v -0.056798 0.012038 0.065476
v -0.054987 -0.008809 0.041126
v -0.050587 0.019442 0.041126
v -0.051707 -0.012567 0.040908
v -0.054462 -0.010030 0.065391
v -0.046319 0.022024 0.040908
v -0.047091 -0.015774 0.040814
v -0.040947 0.023675 0.040814
v -0.041424 -0.017744 0.040926
v -0.034949 0.023829 0.040926
v -0.035492 -0.018001 0.040606
v -0.040374 -0.018235 0.064969
v -0.033799 0.023976 0.064968
v -0.029220 0.022269 0.040606
v -0.029704 -0.016674 0.040754
v -0.024110 0.019245 0.040754
v -0.024418 -0.014122 0.065487
v -0.020164 0.014946 0.040674
v -0.024637 -0.013779 0.040674
v -0.017640 0.010157 0.040682
v -0.020777 -0.009984 0.040682
v -0.016273 -0.000371 0.065213
v -0.016456 0.004761 0.040577
v -0.018008 -0.005203 0.040577
v -0.007182 0.005461 0.017000
v -0.007380 -0.002039 0.016986
v -0.008780 0.013196 0.016988
v -0.009387 -0.008691 0.017000
v -0.013261 -0.015573 0.016988
v -0.012003 0.019819 0.016991
v -0.018345 -0.020903 0.016990
v -0.016791 0.025639 0.017055
v -0.024129 0.030588 0.017090
v -0.024677 -0.024991 0.017055
v -0.032630 0.032787 0.017043
v -0.041939 -0.026983 0.017043
v -0.033172 -0.027474 0.017090
v -0.040762 0.033137 0.017005
v -0.049792 -0.024844 0.017005
v -0.048037 0.031360 0.017015
v -0.056182 -0.020939 0.017015
v -0.055116 0.027515 0.017024
v -0.061756 -0.015122 0.017024
v -0.061052 0.022320 0.017054
v -0.065831 -0.008368 0.017054
v -0.067569 -0.000384 0.017024
v -0.065135 0.015242 0.017024
v -0.012904 -0.000895 0.017043
v -0.012744 0.005930 0.016944
v -0.014827 -0.007446 0.016944
v -0.014217 0.011616 0.017091
v -0.017960 -0.012415 0.017091
v -0.017563 0.017598 0.017247
v -0.022967 -0.017095 0.017247
v -0.021442 0.021867 0.017054
v -0.027960 -0.019983 0.017054
v -0.026753 0.025226 0.017194
v -0.034041 -0.021568 0.017194
v -0.034371 0.027432 0.017257
v -0.041969 -0.021353 0.017257
v -0.040520 0.027439 0.017236
v -0.047829 -0.019490 0.017236
v -0.046780 0.025742 0.017318
v -0.053276 -0.015969 0.017318
v -0.052384 0.022577 0.017247
v -0.057652 -0.011250 0.017247
v -0.056472 0.018640 0.017270
v -0.060350 -0.006256 0.017270
v -0.059964 0.012973 0.017321
v -0.061837 0.006726 0.017280
v -0.061952 0.000204 0.017321
v -0.067383 0.007589 0.017021
v -0.012600 -0.000943 0.015241
v -0.012485 0.005968 0.015128
v -0.017725 -0.012667 0.015323
v -0.017216 0.017836 0.015534
v -0.022708 -0.017429 0.015536
v -0.021424 0.022269 0.015427
v -0.028065 -0.020372 0.015427
v -0.026619 0.025590 0.015443
v -0.042040 -0.021753 0.015492
v -0.034317 0.027835 0.015492
v -0.048002 -0.019839 0.015448
v -0.040579 0.027825 0.015448
v -0.053555 -0.016299 0.015559
v -0.046945 0.026141 0.015559
v -0.057969 -0.011485 0.015458
v -0.052614 0.022897 0.015458
v -0.060723 -0.006389 0.015467
v -0.056788 0.018880 0.015467
v -0.062359 0.000159 0.015503
v -0.060338 0.013140 0.015503
v -0.062214 0.006784 0.015427
v -0.012645 -0.000936 0.003602
v -0.014592 -0.007561 0.015129
v -0.014071 0.012082 0.003688
v -0.013917 0.011784 0.015323
v -0.017962 -0.012904 0.003689
v -0.021604 0.022414 0.004002
v -0.028281 -0.020455 0.004002
v -0.034032 -0.021956 0.015454
v -0.026764 0.025630 0.003803
v -0.034178 -0.021911 0.003820
v -0.034300 0.027821 0.003776
v -0.042020 -0.021744 0.003776
v -0.046907 0.026135 0.003632
v -0.053517 -0.016305 0.003632
v -0.052499 0.022947 0.003537
v -0.060744 -0.006254 0.003563
v -0.056848 0.018758 0.003563
v -0.060286 0.013135 0.003422
v -0.062178 0.006779 0.003556
v -0.014682 -0.007614 0.003491
v -0.015277 -0.007268 0.002475
v -0.013227 0.005897 0.002475
v -0.012554 0.006046 0.003491
v -0.018571 -0.012613 0.002500
v -0.022762 -0.017399 0.003484
v -0.017276 0.017823 0.003484
v -0.014739 0.011991 0.002500
v -0.028576 -0.019669 0.002572
v -0.021984 0.021931 0.002509
v -0.034101 -0.021096 0.002508
v -0.026954 0.024794 0.002508
v -0.041866 -0.020963 0.002463
v -0.034392 0.027029 0.002463
v -0.048017 -0.019792 0.003519
v -0.047643 -0.019027 0.002452
v -0.040607 0.027785 0.003519
v -0.053043 -0.015798 0.002484
v -0.046610 0.025508 0.002484
v -0.057874 -0.011567 0.003537
v -0.057273 -0.011090 0.002463
v -0.060004 -0.006067 0.002464
v -0.056201 0.018354 0.002464
v -0.062309 0.000148 0.003422
v -0.061628 0.000151 0.002484
v -0.059639 0.012924 0.002484
v -0.061452 0.006666 0.002474
v -0.013251 -0.000841 0.002504
v -0.015422 -0.000503 0.002042
v -0.015332 0.005563 0.002115
v -0.017181 -0.006310 0.002115
v -0.016714 0.011062 0.002126
v -0.020170 -0.011127 0.002126
v -0.019453 0.015931 0.002293
v -0.024260 -0.014933 0.002293
v -0.017790 0.017397 0.002479
v -0.023527 0.020135 0.002436
v -0.029420 -0.017699 0.002436
v -0.023130 -0.016843 0.002479
v -0.027726 0.022804 0.002444
v -0.034231 -0.018965 0.002444
v -0.034807 0.024920 0.002363
v -0.040483 0.026942 0.002452
v -0.041620 -0.018827 0.002363
v -0.040471 0.024904 0.002268
v -0.047011 -0.017089 0.002268
v -0.052071 0.022309 0.002463
v -0.046015 0.023396 0.002232
v -0.051834 -0.013967 0.002232
v -0.050618 0.020646 0.002473
v -0.054568 0.016926 0.002382
v -0.058014 -0.005202 0.002382
v -0.055383 -0.009947 0.002473
v -0.057527 0.012247 0.002318
v -0.059411 0.000154 0.002318
v -0.059273 0.006326 0.002408
v -0.059502 0.006362 -0.012145
v -0.059595 0.000595 -0.012490
v -0.057837 0.011884 -0.012490
v -0.058311 -0.004919 -0.012304
v -0.054937 0.016747 -0.012304
v -0.050861 0.020654 -0.012586
v -0.055617 -0.009881 -0.012586
v -0.051695 -0.014097 -0.012720
v -0.040192 0.025011 -0.012587
v -0.046777 -0.017276 -0.012587
v -0.041425 -0.018962 -0.012627
v -0.027583 0.022909 -0.012461
v -0.034127 -0.019108 -0.012461
v -0.029438 -0.017833 -0.012697
v -0.019395 0.015994 -0.012515
v -0.024224 -0.015011 -0.012515
v -0.020041 -0.010958 -0.012713
v -0.016643 0.010861 -0.012713
v -0.017244 -0.006390 -0.012775
v -0.015367 0.005659 -0.012775
v -0.019168 0.009899 -0.016341
v -0.023504 0.020267 -0.012697
v -0.021928 0.015023 -0.016337
v -0.052670 0.015185 -0.016474
v -0.017609 0.004795 -0.016252
v -0.015483 -0.000494 -0.012889
v -0.022154 -0.009274 -0.016341
v -0.019117 -0.004886 -0.016252
v -0.030429 -0.015557 -0.016360
v -0.026342 -0.013316 -0.016337
v -0.040998 -0.016139 -0.016472
v -0.035189 -0.016850 -0.016404
v -0.050521 -0.012345 -0.016304
v -0.046088 -0.014748 -0.016511
v -0.055677 -0.004121 -0.016474
v -0.056660 0.001397 -0.016522
v -0.055285 0.010228 -0.016522
v -0.045843 0.023478 -0.012720
v -0.045257 0.021452 -0.016304
v -0.040304 0.022393 -0.016511
v -0.034580 0.024989 -0.012627
v -0.035032 0.022170 -0.016472
v -0.029282 0.021080 -0.016404
v -0.025140 0.018402 -0.016360
v -0.017759 -0.000139 -0.016366
v -0.026895 0.001284 -0.016557
v -0.027237 0.006451 -0.016547
v -0.028792 -0.003535 -0.016547
v -0.030662 0.010950 -0.016530
v -0.033423 -0.006780 -0.016530
v -0.035644 0.013060 -0.016507
v -0.038811 -0.007274 -0.016507
v -0.041040 0.012629 -0.016521
v -0.049493 0.018921 -0.016362
v -0.043821 -0.005224 -0.016521
v -0.045493 0.009784 -0.016538
v -0.053786 -0.008646 -0.016362
v -0.047197 -0.001158 -0.016538
v -0.047937 0.004561 -0.016552
v -0.056677 0.005922 -0.016510
v -0.046899 0.004399 -0.015580
v -0.046209 -0.000949 -0.015721
v -0.044615 0.009284 -0.015721
v -0.040466 0.012075 -0.015939
v -0.043105 -0.004869 -0.015939
v -0.031267 0.010278 -0.015772
v -0.038584 -0.006601 -0.015799
v -0.028450 0.006234 -0.015586
v -0.029881 -0.002959 -0.015586
v -0.027909 0.001442 -0.015872
v -0.043808 -0.004147 0.018999
v -0.045038 0.008680 0.019732
v -0.046428 -0.000244 0.019732
v -0.041356 0.011600 0.018999
v -0.036290 0.012370 0.018740
v -0.039216 -0.006420 0.018740
v -0.031995 0.010724 0.018141
v -0.035632 0.012350 -0.015799
v -0.034624 -0.006159 0.018141
v -0.033795 -0.005955 -0.015772
v -0.028611 0.006522 0.018566
v -0.030122 -0.003185 0.018566
v -0.046825 0.004388 0.020393
v -0.045897 0.004243 0.021872
v -0.045485 -0.000239 0.021835
v -0.028937 0.001601 0.021874
v -0.028025 0.001460 0.019821
v -0.030522 -0.002492 0.021783
v -0.044141 0.008387 0.021835
v -0.029202 0.005983 0.021783
v -0.043136 -0.003753 0.021774
v -0.034766 -0.005274 0.021846
v -0.038918 -0.005594 0.021840
v -0.040835 0.011021 0.021774
v -0.032399 0.009924 0.021846
v -0.036257 0.011492 0.021840
v -0.018318 0.007098 0.038993
v -0.027452 0.019681 0.038984
v -0.043374 0.021705 0.039032
v -0.050002 0.018459 0.039125
v -0.021057 0.014175 0.039088
v -0.035357 0.022741 0.039123
v -0.054691 0.013077 0.039146
v -0.057138 0.005994 0.039113
v -0.017777 -0.000136 0.039061
v -0.016635 -0.000314 0.040513
v -0.056961 -0.001498 0.039146
v -0.020487 -0.006873 0.038995
v -0.054131 -0.008051 0.039125
v -0.025254 -0.012772 0.039088
v -0.033015 -0.016072 0.038984
v -0.048804 -0.013160 0.039032
v -0.041482 -0.016584 0.039123
v 0.050133 -0.035418 -0.059191
v 0.048280 -0.038097 -0.055198
v 0.043283 -0.038146 -0.057773
v 0.045824 -0.035871 -0.061281
v 0.051668 -0.043782 -0.058375
v 0.049187 -0.041962 -0.054757
v 0.044433 -0.043419 -0.056900
v 0.047504 -0.044983 -0.060204
v 0.050325 -0.049620 -0.051371
v 0.049042 -0.045452 -0.050969
v 0.044153 -0.046842 -0.052721
v 0.046200 -0.051168 -0.053091
v 0.045078 -0.050033 -0.043829
v 0.046816 -0.045645 -0.045854
v 0.042076 -0.046104 -0.048148
v 0.040735 -0.050884 -0.046168
v 0.038379 -0.046319 -0.039286
v 0.041791 -0.043207 -0.042317
v 0.038688 -0.043344 -0.045366
v 0.035574 -0.045907 -0.042513
v 0.036064 -0.038845 -0.038066
v 0.040583 -0.039414 -0.040959
v 0.038080 -0.038647 -0.044768
v 0.034172 -0.037802 -0.042192
v 0.036962 -0.032873 -0.038218
v 0.041068 -0.037146 -0.040722
v 0.039808 -0.035064 -0.045079
v 0.036267 -0.031591 -0.042523
v 0.043111 -0.032528 -0.037069
v 0.042371 -0.036916 -0.039961
v 0.043914 -0.035887 -0.044332
v 0.044096 -0.031682 -0.041440
v 0.047886 -0.037820 -0.034849
v 0.044032 -0.039534 -0.037689
v 0.045847 -0.040398 -0.042202
v 0.049512 -0.038234 -0.039318
v 0.048340 -0.045759 -0.033149
v 0.043797 -0.043882 -0.035209
v 0.044597 -0.045628 -0.040032
v 0.049065 -0.047010 -0.037731
v 0.043123 -0.051773 -0.031770
v 0.041021 -0.047161 -0.033475
v 0.040506 -0.048833 -0.038493
v 0.042697 -0.053010 -0.036373
v 0.035199 -0.052350 -0.030264
v 0.036934 -0.047547 -0.031883
v 0.035337 -0.048248 -0.036895
v 0.033960 -0.052803 -0.034861
v 0.029207 -0.047203 -0.028527
v 0.033806 -0.044988 -0.030161
v 0.032111 -0.044218 -0.035126
v 0.027946 -0.046524 -0.033088
v 0.028627 -0.039377 -0.026565
v 0.033424 -0.041015 -0.028315
v 0.032703 -0.039136 -0.033217
v 0.028154 -0.037883 -0.031079
v 0.033772 -0.033482 -0.024507
v 0.035985 -0.037984 -0.026412
v 0.036739 -0.036013 -0.031271
v 0.034435 -0.031971 -0.028993
v 0.041606 -0.033003 -0.022540
v 0.039964 -0.037698 -0.024548
v 0.041826 -0.036708 -0.029408
v 0.043083 -0.032282 -0.027029
v 0.047512 -0.038250 -0.020797
v 0.043005 -0.040357 -0.022796
v 0.044955 -0.040842 -0.027699
v 0.049006 -0.038662 -0.025321
v 0.048003 -0.046180 -0.019281
v 0.043301 -0.044433 -0.021162
v 0.044271 -0.046019 -0.026127
v 0.048709 -0.047404 -0.023855
v 0.042764 -0.052178 -0.017873
v 0.040650 -0.047570 -0.019588
v 0.040154 -0.049239 -0.024601
v 0.042341 -0.053416 -0.022483
v 0.034836 -0.052755 -0.016396
v 0.036576 -0.047957 -0.017984
v 0.034989 -0.048650 -0.023008
v 0.033607 -0.053207 -0.021012
v 0.028841 -0.047598 -0.014729
v 0.033442 -0.045394 -0.016293
v 0.031774 -0.044633 -0.021288
v 0.027597 -0.046928 -0.019322
v 0.028271 -0.039757 -0.012874
v 0.033061 -0.041408 -0.014515
v 0.032357 -0.039570 -0.019469
v 0.027807 -0.038288 -0.017435
v 0.033440 -0.033855 -0.010965
v 0.035636 -0.038365 -0.012719
v 0.036364 -0.036449 -0.017652
v 0.034086 -0.032375 -0.015511
v 0.041298 -0.033386 -0.009187
v 0.039636 -0.038080 -0.011003
v 0.041424 -0.037112 -0.015956
v 0.042731 -0.032676 -0.013749
v 0.047210 -0.038657 -0.007673
v 0.042692 -0.040754 -0.009440
v 0.044558 -0.041189 -0.014454
v 0.048657 -0.039040 -0.012283
v 0.047684 -0.046604 -0.006427
v 0.042983 -0.044849 -0.008033
v 0.043924 -0.046318 -0.013128
v 0.048372 -0.047762 -0.011098
v 0.042412 -0.052593 -0.005329
v 0.040307 -0.047988 -0.006727
v 0.039883 -0.049533 -0.011886
v 0.042026 -0.053760 -0.010047
v 0.034461 -0.053126 -0.004200
v 0.036209 -0.048349 -0.005432
v 0.034778 -0.048995 -0.010620
v 0.033316 -0.053547 -0.008938
v 0.028478 -0.047908 -0.002920
v 0.033072 -0.045732 -0.004086
v 0.031564 -0.045056 -0.009268
v 0.027323 -0.047275 -0.007650
v 0.027958 -0.040019 -0.001488
v 0.032728 -0.041694 -0.002694
v 0.032078 -0.040040 -0.007858
v 0.027534 -0.038639 -0.006188
v 0.033190 -0.034115 0.000021
v 0.035370 -0.038637 -0.001322
v 0.035999 -0.036874 -0.006461
v 0.033803 -0.032717 -0.004649
v 0.041083 -0.033677 0.001441
v 0.039412 -0.038381 -0.000007
v 0.041034 -0.037440 -0.005145
v 0.042442 -0.032997 -0.003232
v 0.046992 -0.038981 0.002642
v 0.042468 -0.041089 0.001197
v 0.044212 -0.041433 -0.003975
v 0.048375 -0.039336 -0.002060
v 0.047440 -0.046939 0.003625
v 0.042731 -0.045195 0.002287
v 0.043654 -0.046533 -0.002935
v 0.048106 -0.048041 -0.001117
v 0.042146 -0.052912 0.004519
v 0.040030 -0.048316 0.003332
v 0.039669 -0.049775 -0.001927
v 0.041775 -0.054034 -0.000251
v 0.034191 -0.053420 0.005504
v 0.035927 -0.048642 0.004420
v 0.034571 -0.049279 -0.000840
v 0.033074 -0.053824 0.000736
v 0.028219 -0.048186 0.006708
v 0.032809 -0.046004 0.005622
v 0.031331 -0.045356 0.000396
v 0.027080 -0.047556 0.001970
v 0.027710 -0.040299 0.008129
v 0.032484 -0.041968 0.006935
v 0.031828 -0.040326 0.001760
v 0.027287 -0.038921 0.003431
v 0.032943 -0.034396 0.009641
v 0.035124 -0.038918 0.008297
v 0.035752 -0.037155 0.003157
v 0.033555 -0.032998 0.004970
v 0.040836 -0.033959 0.011060
v 0.039165 -0.038662 0.009612
v 0.040787 -0.037721 0.004475
v 0.042195 -0.033278 0.006388
v 0.046745 -0.039263 0.012262
v 0.042221 -0.041370 0.010816
v 0.043965 -0.041714 0.005644
v 0.048128 -0.039617 0.007559
v 0.047193 -0.047220 0.013245
v 0.042484 -0.045477 0.011907
v 0.043407 -0.046815 0.006685
v 0.047859 -0.048322 0.008502
v 0.041899 -0.053192 0.014138
v 0.039782 -0.048597 0.012950
v 0.039421 -0.050056 0.007692
v 0.041528 -0.054315 0.009368
v 0.033944 -0.053701 0.015123
v 0.035680 -0.048923 0.014040
v 0.034324 -0.049560 0.008780
v 0.032827 -0.054105 0.010355
v 0.027972 -0.048468 0.016327
v 0.032562 -0.046286 0.015241
v 0.031084 -0.045637 0.010015
v 0.026832 -0.047837 0.011588
v 0.027463 -0.040580 0.017749
v 0.032237 -0.042249 0.016555
v 0.031581 -0.040607 0.011379
v 0.027040 -0.039202 0.013051
v 0.032695 -0.034678 0.019260
v 0.034877 -0.039200 0.017916
v 0.035505 -0.037436 0.012777
v 0.033308 -0.033280 0.014589
v 0.040588 -0.034240 0.020680
v 0.038917 -0.038944 0.019232
v 0.040540 -0.038003 0.014094
v 0.041948 -0.033559 0.016007
v 0.046498 -0.039544 0.021881
v 0.041973 -0.041651 0.020435
v 0.043718 -0.041995 0.015263
v 0.047881 -0.039898 0.017178
v 0.046946 -0.047501 0.022864
v 0.042237 -0.045758 0.021526
v 0.043160 -0.047096 0.016304
v 0.047612 -0.048603 0.018121
v 0.041651 -0.053474 0.023757
v 0.039535 -0.048878 0.022570
v 0.039174 -0.050337 0.017311
v 0.041281 -0.054596 0.018987
v 0.033697 -0.053982 0.024743
v 0.035433 -0.049204 0.023659
v 0.034077 -0.049841 0.018399
v 0.032579 -0.054386 0.019975
v 0.027725 -0.048749 0.025946
v 0.032315 -0.046567 0.024860
v 0.030837 -0.045919 0.019635
v 0.026585 -0.048118 0.021208
v 0.027215 -0.040861 0.027368
v 0.031990 -0.042531 0.026174
v 0.031334 -0.040888 0.020998
v 0.026792 -0.039483 0.022670
v 0.032448 -0.034959 0.028879
v 0.034630 -0.039481 0.027535
v 0.035258 -0.037717 0.022396
v 0.033061 -0.033561 0.024208
v 0.040341 -0.034521 0.030299
v 0.038670 -0.039225 0.028851
v 0.040293 -0.038284 0.023713
v 0.041701 -0.033840 0.025626
v 0.046251 -0.039825 0.031500
v 0.041726 -0.041932 0.030054
v 0.043471 -0.042277 0.024883
v 0.047633 -0.040179 0.026798
v 0.046699 -0.047782 0.032483
v 0.041990 -0.046039 0.031145
v 0.042913 -0.047377 0.025923
v 0.047365 -0.048884 0.027740
v 0.041404 -0.053755 0.033377
v 0.039288 -0.049159 0.032189
v 0.038927 -0.050618 0.026930
v 0.041034 -0.054877 0.028607
v 0.033450 -0.054263 0.034361
v 0.035186 -0.049485 0.033278
v 0.033830 -0.050122 0.028018
v 0.032332 -0.054668 0.029593
v 0.027478 -0.049030 0.035566
v 0.032068 -0.046848 0.034480
v 0.030590 -0.046200 0.029254
v 0.026338 -0.048399 0.030827
v 0.026968 -0.041142 0.036987
v 0.031743 -0.042812 0.035793
v 0.031086 -0.041170 0.030618
v 0.026545 -0.039764 0.032289
v 0.032201 -0.035240 0.038498
v 0.034383 -0.039762 0.037155
v 0.035010 -0.037998 0.032016
v 0.032814 -0.033842 0.033828
v 0.040094 -0.034802 0.039918
v 0.038423 -0.039506 0.038470
v 0.040046 -0.038565 0.033332
v 0.041454 -0.034122 0.035245
v 0.046004 -0.040105 0.041119
v 0.041479 -0.042214 0.039674
v 0.043224 -0.042558 0.034502
v 0.047386 -0.040460 0.036417
v 0.046452 -0.048064 0.042102
v 0.041743 -0.046320 0.040764
v 0.042666 -0.047658 0.035542
v 0.047117 -0.049165 0.037360
v 0.041157 -0.054036 0.042996
v 0.039041 -0.049440 0.041809
v 0.038680 -0.050900 0.036549
v 0.040787 -0.055158 0.038226
v 0.033202 -0.054544 0.043981
v 0.034939 -0.049766 0.042898
v 0.033583 -0.050404 0.037637
v 0.032085 -0.054949 0.039213
v 0.027231 -0.049311 0.045185
v 0.031821 -0.047129 0.044099
v 0.030343 -0.046481 0.038873
v 0.026091 -0.048680 0.040446
v 0.026721 -0.041423 0.046606
v 0.031496 -0.043093 0.045413
v 0.030839 -0.041451 0.040237
v 0.026298 -0.040046 0.041908
v 0.031954 -0.035521 0.048117
v 0.034136 -0.040043 0.046773
v 0.034763 -0.038280 0.041634
v 0.032567 -0.034123 0.043446
v 0.039847 -0.035083 0.049537
v 0.038176 -0.039787 0.048089
v 0.039799 -0.038846 0.042952
v 0.041207 -0.034403 0.044865
v 0.045757 -0.040387 0.050738
v 0.041232 -0.042495 0.049293
v 0.042977 -0.042839 0.044121
v 0.047139 -0.040741 0.046036
v 0.046205 -0.048345 0.051722
v 0.041496 -0.046601 0.050384
v 0.042419 -0.047940 0.045162
v 0.046870 -0.049447 0.046979
v 0.040910 -0.054317 0.052615
v 0.038794 -0.049721 0.051427
v 0.038433 -0.051180 0.046169
v 0.040540 -0.055439 0.047845
v 0.032955 -0.054825 0.053600
v 0.034692 -0.050048 0.052517
v 0.033336 -0.050685 0.047257
v 0.031838 -0.055230 0.048832
v 0.026984 -0.049592 0.054804
v 0.031574 -0.047410 0.053718
v 0.030096 -0.046762 0.048492
v 0.025844 -0.048961 0.050065
v 0.026474 -0.041705 0.056226
v 0.031248 -0.043374 0.055032
v 0.030592 -0.041732 0.049857
v 0.026051 -0.040327 0.051528
v 0.031707 -0.035802 0.057737
v 0.033888 -0.040324 0.056393
v 0.034516 -0.038561 0.051254
v 0.032320 -0.034404 0.053066
v 0.039600 -0.035364 0.059157
v 0.037929 -0.040068 0.057709
v 0.039552 -0.039127 0.052571
v 0.040960 -0.034684 0.054484
v 0.045510 -0.040668 0.060358
v 0.040985 -0.042776 0.058912
v 0.042730 -0.043120 0.053740
v 0.046892 -0.041022 0.055655
v 0.045958 -0.048626 0.061341
v 0.041248 -0.046882 0.060003
v 0.042172 -0.048221 0.054781
v 0.046623 -0.049728 0.056598
v 0.040663 -0.054598 0.062234
v 0.038547 -0.050002 0.061047
v 0.038186 -0.051462 0.055788
v 0.040293 -0.055720 0.057465
v 0.032708 -0.055107 0.063220
v 0.034445 -0.050329 0.062136
v 0.033089 -0.050966 0.056875
v 0.031591 -0.055511 0.058451
v 0.026737 -0.049873 0.064423
v 0.031326 -0.047691 0.063337
v 0.029849 -0.047043 0.058112
v 0.025597 -0.049243 0.059685
v 0.026227 -0.041986 0.065845
v 0.031001 -0.043655 0.064651
v 0.030345 -0.042013 0.059475
v 0.025804 -0.040608 0.061146
v 0.031460 -0.036083 0.067356
v 0.033641 -0.040605 0.066012
v 0.034269 -0.038842 0.060873
v 0.032073 -0.034685 0.062685
v 0.039353 -0.035646 0.068775
v 0.037682 -0.040349 0.067327
v 0.039305 -0.039408 0.062190
v 0.040713 -0.034965 0.064103
v 0.045262 -0.040950 0.069977
v 0.040738 -0.043057 0.068532
v 0.042483 -0.043401 0.063360
v 0.046645 -0.041304 0.065275
v 0.045711 -0.048907 0.070960
v 0.041001 -0.047163 0.069622
v 0.041925 -0.048501 0.064400
v 0.046376 -0.050009 0.066217
v 0.040416 -0.054880 0.071854
v 0.038300 -0.050284 0.070666
v 0.037939 -0.051743 0.065407
v 0.040046 -0.056002 0.067084
v 0.032461 -0.055388 0.072838
v 0.034197 -0.050610 0.071755
v 0.032842 -0.051247 0.066495
v 0.031344 -0.055792 0.068070
v 0.026490 -0.050155 0.074043
v 0.031079 -0.047973 0.072957
v 0.029602 -0.047324 0.067730
v 0.025350 -0.049524 0.069304
v 0.025980 -0.042267 0.075464
v 0.030754 -0.043936 0.074270
v 0.030098 -0.042294 0.069095
v 0.025557 -0.040889 0.070766
v 0.031213 -0.036364 0.076975
v 0.033394 -0.040887 0.075631
v 0.034022 -0.039123 0.070492
v 0.031826 -0.034967 0.072304
v 0.039106 -0.035927 0.078395
v 0.037435 -0.040630 0.076947
v 0.039057 -0.039689 0.071809
v 0.040466 -0.035246 0.073722
v 0.045015 -0.041231 0.079597
v 0.040491 -0.043338 0.078150
v 0.042236 -0.043682 0.072978
v 0.046398 -0.041585 0.074893
v 0.045463 -0.049188 0.080579
v 0.040754 -0.047445 0.079241
v 0.041677 -0.048783 0.074019
v 0.046129 -0.050290 0.075837
v 0.040169 -0.055161 0.081472
v 0.038053 -0.050565 0.080285
v 0.037692 -0.052024 0.075026
v 0.039798 -0.056283 0.076703
v 0.032214 -0.055669 0.082458
v 0.033950 -0.050892 0.081375
v 0.032594 -0.051528 0.076114
v 0.031097 -0.056074 0.077690
v 0.026242 -0.050436 0.083661
v 0.030832 -0.048254 0.082575
v 0.029355 -0.047606 0.077350
v 0.025103 -0.049805 0.078923
v 0.025733 -0.042548 0.085083
v 0.030507 -0.044217 0.083890
v 0.029851 -0.042575 0.078714
v 0.025310 -0.041170 0.080385
v 0.030966 -0.036646 0.086594
v 0.033147 -0.041168 0.085250
v 0.033775 -0.039404 0.080111
v 0.031578 -0.035248 0.081923
v 0.038859 -0.036208 0.088014
v 0.037188 -0.040912 0.086566
v 0.038810 -0.039971 0.081429
v 0.040218 -0.035527 0.083342
v 0.044768 -0.041511 0.089215
v 0.040244 -0.043619 0.087770
v 0.041988 -0.043964 0.082598
v 0.046151 -0.041866 0.084513
v 0.045216 -0.049469 0.090199
v 0.040507 -0.047726 0.088861
v 0.041430 -0.049064 0.083638
v 0.045882 -0.050571 0.085456
v 0.039922 -0.055442 0.091092
v 0.037806 -0.050846 0.089904
v 0.037445 -0.052305 0.084646
v 0.039551 -0.056564 0.086322
v 0.031967 -0.055950 0.092077
v 0.033703 -0.051173 0.090994
v 0.032347 -0.051809 0.085733
v 0.030850 -0.056355 0.087309
v 0.025995 -0.050717 0.093281
v 0.030595 -0.048547 0.092185
v 0.029107 -0.047886 0.086969
v 0.024856 -0.050086 0.088542
v 0.025467 -0.042844 0.094686
v 0.030298 -0.044511 0.093629
v 0.029635 -0.042817 0.088354
v 0.025064 -0.041450 0.090003
v 0.030556 -0.036828 0.096484
v 0.032278 -0.041255 0.095830
v 0.033594 -0.039688 0.090144
v 0.031379 -0.035550 0.091528
v 0.037751 -0.036150 0.098207
v 0.035255 -0.040499 0.097607
v 0.037406 -0.040172 0.091957
v 0.039533 -0.035764 0.093291
v 0.042525 -0.041296 0.098876
v 0.037321 -0.042948 0.098457
v 0.038617 -0.043682 0.093111
v 0.043915 -0.041945 0.094233
v 0.042353 -0.048842 0.099354
v 0.037225 -0.046842 0.099485
v 0.036723 -0.048418 0.094528
v 0.042098 -0.050209 0.094888
v 0.038023 -0.054599 0.101701
v 0.035524 -0.049816 0.101767
v 0.032673 -0.051558 0.097617
v 0.035677 -0.055865 0.097684
v 0.032482 -0.055176 0.106798
v 0.033475 -0.050254 0.105285
v 0.028998 -0.050915 0.102212
v 0.028811 -0.055639 0.103502
v 0.029565 -0.049888 0.112373
v 0.032293 -0.047561 0.108740
v 0.027546 -0.046961 0.106050
v 0.025448 -0.049434 0.109663
v 0.030627 -0.041774 0.114278
v 0.033037 -0.042825 0.109987
v 0.028775 -0.042131 0.106891
v 0.026569 -0.040998 0.111553
v 0.048381 -0.033118 -0.050430
v 0.046294 -0.037407 -0.051885
v 0.041485 -0.034915 -0.051253
v 0.044000 -0.031200 -0.050703
v 0.048332 -0.040044 -0.046263
v 0.046363 -0.039718 -0.050821
v 0.041411 -0.039916 -0.048371
v 0.043880 -0.039879 -0.044473
v 0.048497 -0.046140 -0.051216
v 0.046375 -0.041942 -0.052803
v 0.041505 -0.044265 -0.051915
v 0.044027 -0.047985 -0.050646
v 0.048786 -0.045635 -0.056654
v 0.046356 -0.041619 -0.057338
v 0.041776 -0.043601 -0.057032
v 0.044076 -0.047924 -0.056378
v 0.030670 -0.034595 0.111587
v 0.033084 -0.037735 0.108486
v 0.028639 -0.038982 0.105754
v 0.026661 -0.035315 0.108892
v 0.030826 -0.031103 0.105293
v 0.033175 -0.035498 0.105216
v 0.028603 -0.038194 0.104240
v 0.026815 -0.033372 0.103739
v 0.031010 -0.033262 0.098940
v 0.033260 -0.036939 0.101512
v 0.028681 -0.038972 0.102566
v 0.026966 -0.035929 0.098974
v 0.032005 -0.039550 0.096210
v 0.032985 -0.040310 0.101180
v 0.027772 -0.040705 0.102193
v 0.027301 -0.040668 0.097194
v 0.031908 -0.045685 0.097738
v 0.033020 -0.043005 0.101879
v 0.027796 -0.042363 0.102975
v 0.027250 -0.045730 0.099207
v 0.032423 -0.048503 0.103719
v 0.032463 -0.043475 0.104611
v 0.027308 -0.043036 0.104789
v 0.027538 -0.048246 0.104304
v 0.030875 -0.048286 0.109956
v 0.030490 -0.043529 0.110217
v 0.026113 -0.043274 0.108078
v 0.026522 -0.048069 0.107938
v 0.029072 -0.044808 0.110142
v 0.029287 -0.047127 0.110019
v 0.027242 -0.046949 0.108973
v 0.026978 -0.044644 0.109072
v 0.031877 -0.048471 0.106641
v 0.031696 -0.043310 0.106932
v 0.026810 -0.043058 0.105943
v 0.027038 -0.048198 0.105773
v -0.040066 -0.035418 -0.060156
v -0.038504 -0.038097 -0.056040
v -0.033335 -0.038146 -0.058250
v -0.035618 -0.035871 -0.061930
v -0.041656 -0.043782 -0.059451
v -0.039441 -0.041962 -0.055664
v -0.034546 -0.043419 -0.057461
v -0.037371 -0.044982 -0.060977
v -0.040818 -0.049620 -0.052369
v -0.039568 -0.045452 -0.051876
v -0.034566 -0.046842 -0.053273
v -0.036581 -0.051168 -0.053789
v -0.036127 -0.050033 -0.044470
v -0.037714 -0.045645 -0.046614
v -0.032822 -0.046104 -0.048562
v -0.031626 -0.050884 -0.046491
v -0.029770 -0.046319 -0.039459
v -0.032956 -0.043207 -0.042726
v -0.029643 -0.043344 -0.045545
v -0.026741 -0.045906 -0.042475
v -0.027549 -0.038845 -0.038076
v -0.031849 -0.039414 -0.041285
v -0.029079 -0.038647 -0.044904
v -0.025366 -0.037802 -0.042055
v -0.028434 -0.032873 -0.038291
v -0.032350 -0.037146 -0.041083
v -0.030780 -0.035063 -0.045339
v -0.027432 -0.031591 -0.042536
v -0.034650 -0.032528 -0.037586
v -0.033704 -0.036916 -0.040418
v -0.034929 -0.035888 -0.044888
v -0.035318 -0.031683 -0.042017
v -0.039571 -0.037819 -0.035715
v -0.035523 -0.039534 -0.038272
v -0.037010 -0.040398 -0.042903
v -0.040873 -0.038234 -0.040289
v -0.040146 -0.045759 -0.034052
v -0.035467 -0.043881 -0.035780
v -0.035919 -0.045628 -0.040648
v -0.040541 -0.047010 -0.038674
v -0.035041 -0.051773 -0.032302
v -0.032823 -0.047161 -0.033852
v -0.031949 -0.048833 -0.038820
v -0.034286 -0.053010 -0.036863
v -0.027246 -0.052350 -0.030232
v -0.028860 -0.047547 -0.031970
v -0.026907 -0.048248 -0.036855
v -0.025680 -0.052803 -0.034727
v -0.021394 -0.047203 -0.028069
v -0.025864 -0.044988 -0.030029
v -0.023817 -0.044218 -0.034860
v -0.019809 -0.046524 -0.032528
v -0.020956 -0.039377 -0.026070
v -0.025615 -0.041015 -0.028160
v -0.024545 -0.039136 -0.032998
v -0.020160 -0.037883 -0.030539
v -0.026236 -0.033482 -0.024387
v -0.028306 -0.037983 -0.026446
v -0.028710 -0.036013 -0.031347
v -0.026575 -0.031971 -0.028908
v -0.034191 -0.033003 -0.022987
v -0.032409 -0.037698 -0.024872
v -0.033917 -0.036708 -0.029853
v -0.035341 -0.032282 -0.027570
v -0.040206 -0.038250 -0.021672
v -0.035568 -0.040356 -0.023343
v -0.037161 -0.040842 -0.028373
v -0.041372 -0.038662 -0.026292
v -0.040805 -0.046180 -0.020196
v -0.035980 -0.044433 -0.021734
v -0.036592 -0.046018 -0.026756
v -0.041181 -0.047404 -0.024808
v -0.035680 -0.052178 -0.018416
v -0.033448 -0.047570 -0.019973
v -0.032594 -0.049238 -0.024938
v -0.034927 -0.053416 -0.022982
v -0.027878 -0.052755 -0.016373
v -0.029500 -0.047957 -0.018082
v -0.027557 -0.048650 -0.022979
v -0.026321 -0.053206 -0.020889
v -0.022019 -0.047598 -0.014280
v -0.026495 -0.045394 -0.016170
v -0.024474 -0.044633 -0.021033
v -0.020449 -0.046928 -0.018772
v -0.021584 -0.039756 -0.012389
v -0.026243 -0.041408 -0.014369
v -0.025186 -0.039570 -0.019260
v -0.020793 -0.038288 -0.016905
v -0.026876 -0.033855 -0.010856
v -0.028940 -0.038365 -0.012763
v -0.029313 -0.036448 -0.017735
v -0.027194 -0.032375 -0.015436
v -0.034841 -0.033386 -0.009646
v -0.033054 -0.038080 -0.011338
v -0.034481 -0.037112 -0.016407
v -0.035943 -0.032676 -0.014300
v -0.040847 -0.038657 -0.008560
v -0.036214 -0.040754 -0.009998
v -0.037715 -0.041188 -0.015134
v -0.041959 -0.039039 -0.013263
v -0.041409 -0.046604 -0.007351
v -0.036604 -0.044849 -0.008617
v -0.037178 -0.046318 -0.013765
v -0.041760 -0.047762 -0.012060
v -0.036229 -0.052593 -0.005878
v -0.034030 -0.047988 -0.007122
v -0.033236 -0.049533 -0.012236
v -0.035505 -0.053760 -0.010556
v -0.028380 -0.053126 -0.004182
v -0.030034 -0.048348 -0.005536
v -0.028235 -0.048995 -0.010608
v -0.026898 -0.053547 -0.008826
v -0.022504 -0.047907 -0.002476
v -0.027002 -0.045732 -0.003968
v -0.025127 -0.045056 -0.009029
v -0.021012 -0.047275 -0.007110
v -0.022088 -0.040019 -0.001010
v -0.026759 -0.041694 -0.002555
v -0.025740 -0.040039 -0.007659
v -0.021328 -0.038639 -0.005667
v -0.027415 -0.034115 0.000120
v -0.029493 -0.038637 -0.001376
v -0.029752 -0.036874 -0.006547
v -0.027691 -0.032717 -0.004582
v -0.035389 -0.033677 0.000970
v -0.033618 -0.038381 -0.000355
v -0.034868 -0.037440 -0.005595
v -0.036410 -0.032997 -0.003788
v -0.041370 -0.038981 0.001744
v -0.036753 -0.041089 0.000627
v -0.038122 -0.041433 -0.004657
v -0.042411 -0.039335 -0.003045
v -0.041887 -0.046939 0.002692
v -0.037094 -0.045195 0.001696
v -0.037640 -0.046533 -0.003579
v -0.042211 -0.048041 -0.002086
v -0.036670 -0.052911 0.003964
v -0.034474 -0.048315 0.002931
v -0.033737 -0.049775 -0.002288
v -0.035959 -0.054034 -0.000767
v -0.028807 -0.053419 0.005516
v -0.030461 -0.048642 0.004311
v -0.028731 -0.049279 -0.000838
v -0.027350 -0.053824 0.000841
v -0.022937 -0.048186 0.007146
v -0.027437 -0.046004 0.005734
v -0.025588 -0.045356 0.000628
v -0.021460 -0.047556 0.002502
v -0.022530 -0.040299 0.008600
v -0.027207 -0.041968 0.007067
v -0.026181 -0.040326 0.001952
v -0.021771 -0.038921 0.003945
v -0.027858 -0.034396 0.009732
v -0.029937 -0.038918 0.008236
v -0.030195 -0.037155 0.003064
v -0.028134 -0.032998 0.005030
v -0.035833 -0.033959 0.010582
v -0.034062 -0.038662 0.009258
v -0.035312 -0.037721 0.004017
v -0.036854 -0.033278 0.005824
v -0.041813 -0.039263 0.011357
v -0.037197 -0.041370 0.010239
v -0.038566 -0.041714 0.004955
v -0.042855 -0.039617 0.006567
v -0.042331 -0.047220 0.012305
v -0.037537 -0.045477 0.011308
v -0.038084 -0.046815 0.006033
v -0.042654 -0.048322 0.007527
v -0.037114 -0.053192 0.013576
v -0.034918 -0.048597 0.012543
v -0.034181 -0.050056 0.007323
v -0.036402 -0.054315 0.008844
v -0.029250 -0.053701 0.015129
v -0.030904 -0.048923 0.013924
v -0.029175 -0.049560 0.008774
v -0.027794 -0.054105 0.010453
v -0.023380 -0.048468 0.016758
v -0.027880 -0.046286 0.015345
v -0.026032 -0.045637 0.010239
v -0.021904 -0.047837 0.012113
v -0.022974 -0.040580 0.018213
v -0.027650 -0.042249 0.016679
v -0.026625 -0.040607 0.011564
v -0.022215 -0.039202 0.013557
v -0.028302 -0.034678 0.019344
v -0.030381 -0.039200 0.017847
v -0.030639 -0.037436 0.012677
v -0.028578 -0.033279 0.014641
v -0.036276 -0.034240 0.020194
v -0.034506 -0.038943 0.018870
v -0.035756 -0.038003 0.013629
v -0.037297 -0.033559 0.015436
v -0.042257 -0.039544 0.020968
v -0.037640 -0.041651 0.019851
v -0.039009 -0.041995 0.014567
v -0.043298 -0.039898 0.016179
v -0.042774 -0.047501 0.021917
v -0.037981 -0.045758 0.020921
v -0.038527 -0.047096 0.015646
v -0.043098 -0.048603 0.017139
v -0.037557 -0.053474 0.023188
v -0.035361 -0.048878 0.022155
v -0.034624 -0.050337 0.016936
v -0.036846 -0.054596 0.018457
v -0.029694 -0.053982 0.024741
v -0.031348 -0.049204 0.023536
v -0.029618 -0.049841 0.018387
v -0.028237 -0.054386 0.020066
v -0.023824 -0.048749 0.026370
v -0.028324 -0.046567 0.024958
v -0.026475 -0.045919 0.019851
v -0.022347 -0.048118 0.021726
v -0.023418 -0.040861 0.027825
v -0.028094 -0.042530 0.026292
v -0.027068 -0.040888 0.021176
v -0.022659 -0.039483 0.023169
v -0.028746 -0.034959 0.028956
v -0.030825 -0.039481 0.027460
v -0.031082 -0.037717 0.022289
v -0.029022 -0.033561 0.024254
v -0.036720 -0.034521 0.029807
v -0.034949 -0.039225 0.028482
v -0.036199 -0.038283 0.023241
v -0.037741 -0.033840 0.025048
v -0.042701 -0.039825 0.030581
v -0.038084 -0.041932 0.029463
v -0.039453 -0.042277 0.024180
v -0.043742 -0.040179 0.025791
v -0.043218 -0.047782 0.031529
v -0.038425 -0.046039 0.030532
v -0.038971 -0.047377 0.025257
v -0.043541 -0.048884 0.026751
v -0.038001 -0.053755 0.032800
v -0.035805 -0.049159 0.031767
v -0.035068 -0.050618 0.026548
v -0.037289 -0.054877 0.028069
v -0.030137 -0.054263 0.034353
v -0.031792 -0.049485 0.033148
v -0.030062 -0.050122 0.027998
v -0.028681 -0.054668 0.029677
v -0.024268 -0.049030 0.035983
v -0.028768 -0.046848 0.034570
v -0.026919 -0.046200 0.029464
v -0.022791 -0.048399 0.031338
v -0.023861 -0.041142 0.037437
v -0.028538 -0.042812 0.035903
v -0.027512 -0.041170 0.030788
v -0.023102 -0.039764 0.032781
v -0.029189 -0.035240 0.038569
v -0.031268 -0.039762 0.037072
v -0.031526 -0.037998 0.031901
v -0.029465 -0.033842 0.033866
v -0.037163 -0.034802 0.039418
v -0.035393 -0.039506 0.038094
v -0.036643 -0.038565 0.032853
v -0.038185 -0.034122 0.034660
v -0.043144 -0.040105 0.040193
v -0.038527 -0.042214 0.039076
v -0.039897 -0.042558 0.033792
v -0.044186 -0.040460 0.035403
v -0.043661 -0.048064 0.041141
v -0.038868 -0.046320 0.040145
v -0.039415 -0.047658 0.034870
v -0.043985 -0.049165 0.036363
v -0.038445 -0.054036 0.042413
v -0.036249 -0.049440 0.041380
v -0.035511 -0.050900 0.036160
v -0.037734 -0.055158 0.037681
v -0.030581 -0.054544 0.043965
v -0.032235 -0.049767 0.042760
v -0.030505 -0.050404 0.037611
v -0.029125 -0.054949 0.039290
v -0.024711 -0.049311 0.045595
v -0.029211 -0.047129 0.044182
v -0.027362 -0.046481 0.039076
v -0.023234 -0.048681 0.040950
v -0.024305 -0.041423 0.047049
v -0.028981 -0.043092 0.045516
v -0.027955 -0.041451 0.040401
v -0.023546 -0.040046 0.042394
v -0.029633 -0.035521 0.048181
v -0.031712 -0.040043 0.046684
v -0.031970 -0.038280 0.041513
v -0.029909 -0.034123 0.043478
v -0.037607 -0.035083 0.049031
v -0.035837 -0.039787 0.047706
v -0.037086 -0.038846 0.042466
v -0.038628 -0.034402 0.044273
v -0.043588 -0.040387 0.049805
v -0.038971 -0.042495 0.048687
v -0.040340 -0.042839 0.043404
v -0.044629 -0.040741 0.045015
v -0.044105 -0.048345 0.050754
v -0.039312 -0.046601 0.049757
v -0.039858 -0.047939 0.044482
v -0.044429 -0.049447 0.045975
v -0.038888 -0.054317 0.052024
v -0.036692 -0.049721 0.050991
v -0.035955 -0.051181 0.045772
v -0.038177 -0.055439 0.047293
v -0.031025 -0.054825 0.053578
v -0.032679 -0.050048 0.052373
v -0.030949 -0.050684 0.047223
v -0.029568 -0.055230 0.048902
v -0.025155 -0.049592 0.055207
v -0.029655 -0.047410 0.053794
v -0.027806 -0.046762 0.048688
v -0.023678 -0.048962 0.050562
v -0.024748 -0.041705 0.056662
v -0.029425 -0.043374 0.055128
v -0.028399 -0.041732 0.050013
v -0.023990 -0.040326 0.052006
v -0.030076 -0.035802 0.057793
v -0.032156 -0.040324 0.056296
v -0.032413 -0.038561 0.051125
v -0.030352 -0.034404 0.053090
v -0.038051 -0.035364 0.058643
v -0.036280 -0.040068 0.057319
v -0.037530 -0.039127 0.052078
v -0.039072 -0.034683 0.053885
v -0.044031 -0.040668 0.059417
v -0.039415 -0.042776 0.058300
v -0.040784 -0.043120 0.053016
v -0.045073 -0.041022 0.054627
v -0.044549 -0.048626 0.060366
v -0.039756 -0.046882 0.059369
v -0.040302 -0.048221 0.054094
v -0.044872 -0.049728 0.055587
v -0.039332 -0.054598 0.061637
v -0.037136 -0.050002 0.060604
v -0.036399 -0.051462 0.055385
v -0.038620 -0.055720 0.056906
v -0.031468 -0.055106 0.063190
v -0.033122 -0.050329 0.061985
v -0.031393 -0.050966 0.056835
v -0.030012 -0.055511 0.058514
v -0.025598 -0.049873 0.064819
v -0.030099 -0.047691 0.063407
v -0.028250 -0.047043 0.058300
v -0.024122 -0.049242 0.060175
v -0.025192 -0.041985 0.066273
v -0.029868 -0.043655 0.064740
v -0.028843 -0.042013 0.059625
v -0.024433 -0.040608 0.061618
v -0.030520 -0.036083 0.067405
v -0.032599 -0.040605 0.065909
v -0.032857 -0.038842 0.060738
v -0.030796 -0.034685 0.062703
v -0.038494 -0.035645 0.068255
v -0.036724 -0.040349 0.066931
v -0.037974 -0.039408 0.061690
v -0.039515 -0.034965 0.063497
v -0.044475 -0.040950 0.069030
v -0.039858 -0.043057 0.067912
v -0.041228 -0.043401 0.062629
v -0.045517 -0.041303 0.064240
v -0.044992 -0.048907 0.069978
v -0.040199 -0.047163 0.068981
v -0.040746 -0.048501 0.063706
v -0.045316 -0.050009 0.065199
v -0.039775 -0.054880 0.071249
v -0.037580 -0.050284 0.070216
v -0.036842 -0.051743 0.064997
v -0.039064 -0.056002 0.066518
v -0.031912 -0.055388 0.072802
v -0.033566 -0.050610 0.071597
v -0.031836 -0.051247 0.066447
v -0.030455 -0.055792 0.068126
v -0.026042 -0.050155 0.074431
v -0.030542 -0.047973 0.073019
v -0.028693 -0.047324 0.067912
v -0.024565 -0.049524 0.069787
v -0.025636 -0.042267 0.075886
v -0.030312 -0.043936 0.074352
v -0.029286 -0.042294 0.069237
v -0.024877 -0.040889 0.071230
v -0.030964 -0.036365 0.077018
v -0.033043 -0.040887 0.075520
v -0.033300 -0.039123 0.070349
v -0.031240 -0.034966 0.072314
v -0.038938 -0.035927 0.077867
v -0.037168 -0.040630 0.076543
v -0.038417 -0.039689 0.071302
v -0.039959 -0.035246 0.073109
v -0.044919 -0.041231 0.078642
v -0.040302 -0.043338 0.077524
v -0.041671 -0.043682 0.072240
v -0.045960 -0.041585 0.073851
v -0.045436 -0.049188 0.079590
v -0.040643 -0.047445 0.078593
v -0.041189 -0.048783 0.073319
v -0.045760 -0.050290 0.074812
v -0.040219 -0.055161 0.080860
v -0.038023 -0.050565 0.079828
v -0.037286 -0.052024 0.074609
v -0.039508 -0.056283 0.076130
v -0.032356 -0.055669 0.082414
v -0.034010 -0.050891 0.081209
v -0.032280 -0.051528 0.076060
v -0.030899 -0.056073 0.077739
v -0.026486 -0.050436 0.084043
v -0.030986 -0.048254 0.082630
v -0.029137 -0.047606 0.077524
v -0.025009 -0.049805 0.079398
v -0.026079 -0.042548 0.085498
v -0.030756 -0.044217 0.083965
v -0.029730 -0.042575 0.078850
v -0.025320 -0.041170 0.080842
v -0.031407 -0.036646 0.086629
v -0.033487 -0.041168 0.085132
v -0.033744 -0.039404 0.079962
v -0.031683 -0.035248 0.081927
v -0.039382 -0.036208 0.087480
v -0.037611 -0.040912 0.086155
v -0.038861 -0.039971 0.080915
v -0.040403 -0.035527 0.082722
v -0.045362 -0.041511 0.088253
v -0.040746 -0.043620 0.087136
v -0.042115 -0.043963 0.081852
v -0.046404 -0.041866 0.083464
v -0.045880 -0.049469 0.089202
v -0.041087 -0.047726 0.088206
v -0.041633 -0.049064 0.082930
v -0.046203 -0.050571 0.084424
v -0.040663 -0.055442 0.090473
v -0.038467 -0.050846 0.089440
v -0.037730 -0.052305 0.084221
v -0.039951 -0.056564 0.085742
v -0.032799 -0.055950 0.092026
v -0.034453 -0.051172 0.090821
v -0.032723 -0.051809 0.085671
v -0.031343 -0.056355 0.087351
v -0.026929 -0.050717 0.093655
v -0.031438 -0.048547 0.092233
v -0.029580 -0.047886 0.087137
v -0.025453 -0.050086 0.089011
v -0.026503 -0.042843 0.095095
v -0.031246 -0.044511 0.093694
v -0.030206 -0.042817 0.088480
v -0.025765 -0.041450 0.090453
v -0.031708 -0.036828 0.096523
v -0.033378 -0.041255 0.095748
v -0.034283 -0.039688 0.089982
v -0.032173 -0.035550 0.091521
v -0.039008 -0.036150 0.097726
v -0.036476 -0.040499 0.097306
v -0.038215 -0.040172 0.091516
v -0.040433 -0.035764 0.092695
v -0.043818 -0.041297 0.098050
v -0.038598 -0.042948 0.098006
v -0.039507 -0.043682 0.092581
v -0.044872 -0.041944 0.093319
v -0.043681 -0.048841 0.098540
v -0.038575 -0.046842 0.099038
v -0.037719 -0.048418 0.094129
v -0.043106 -0.050209 0.094104
v -0.039530 -0.054599 0.101191
v -0.037042 -0.049816 0.101436
v -0.033901 -0.051558 0.097501
v -0.036902 -0.055865 0.097353
v -0.034369 -0.055176 0.106673
v -0.035251 -0.050254 0.105092
v -0.030565 -0.050915 0.102348
v -0.030471 -0.055639 0.103648
v -0.031860 -0.049888 0.112443
v -0.034319 -0.047560 0.108623
v -0.029393 -0.046961 0.106280
v -0.027559 -0.049434 0.110035
v -0.033055 -0.041774 0.114266
v -0.035151 -0.042825 0.109813
v -0.030678 -0.042131 0.107031
v -0.028812 -0.040998 0.111840
v -0.038947 -0.033118 -0.051291
v -0.036761 -0.037406 -0.052593
v -0.032010 -0.034915 -0.051617
v -0.034557 -0.031200 -0.051249
v -0.039197 -0.040044 -0.047131
v -0.036906 -0.039718 -0.051536
v -0.032143 -0.039915 -0.048737
v -0.034886 -0.039879 -0.045026
v -0.039007 -0.046140 -0.052084
v -0.036776 -0.041942 -0.053514
v -0.031982 -0.044265 -0.052279
v -0.034589 -0.047985 -0.051194
v -0.038904 -0.045634 -0.057529
v -0.036432 -0.041619 -0.058036
v -0.031886 -0.043601 -0.057402
v -0.034226 -0.047925 -0.056915
v -0.032905 -0.034595 0.111579
v -0.035091 -0.037735 0.108313
v -0.030461 -0.038981 0.105906
v -0.028714 -0.035315 0.109179
v -0.032609 -0.031103 0.105290
v -0.034947 -0.035497 0.105045
v -0.030317 -0.038194 0.104400
v -0.028497 -0.033372 0.104027
v -0.032337 -0.033262 0.098940
v -0.034765 -0.036939 0.101344
v -0.030274 -0.038972 0.102724
v -0.028306 -0.035929 0.099265
v -0.033133 -0.039550 0.096146
v -0.034467 -0.040310 0.101033
v -0.029341 -0.040705 0.102417
v -0.028513 -0.040668 0.097465
v -0.033146 -0.045685 0.097676
v -0.034553 -0.043005 0.101727
v -0.029421 -0.042363 0.103195
v -0.028606 -0.045730 0.099477
v -0.034089 -0.048504 0.103605
v -0.034193 -0.043475 0.104492
v -0.029065 -0.043035 0.105040
v -0.029259 -0.048246 0.104539
v -0.032993 -0.048286 0.109938
v -0.032628 -0.043529 0.110225
v -0.028108 -0.043274 0.108406
v -0.028506 -0.048069 0.108237
v -0.031208 -0.044808 0.110252
v -0.031414 -0.047127 0.110114
v -0.029299 -0.046949 0.109218
v -0.029043 -0.044644 0.109335
v -0.033755 -0.048471 0.106559
v -0.033594 -0.043310 0.106863
v -0.028650 -0.043058 0.106226
v -0.028866 -0.048198 0.106041
v 0.009561 -0.016471 -0.032791
v 0.009053 -0.017676 -0.034331
v -0.010121 -0.017717 -0.034226
v 0.011335 -0.016531 -0.034633
v -0.012630 -0.016503 -0.034835
v -0.010900 -0.016491 -0.032871
v 0.009957 -0.017634 -0.035310
v 0.011474 -0.016510 -0.131174
v -0.011489 -0.017830 -0.035434
v -0.011502 -0.017921 -0.130467
v 0.010349 -0.017921 -0.130467
v 0.009683 -0.016491 -0.132839
v -0.010801 -0.016521 -0.132701
v -0.012717 -0.016485 -0.131079
v 0.008881 -0.017762 -0.131703
v 0.012334 -0.016481 -0.157888
v -0.015337 -0.016450 -0.158142
v 0.015773 -0.016534 -0.135941
v -0.016927 -0.016534 -0.135941
v 0.015905 -0.016613 -0.035356
v -0.017135 -0.016603 -0.130955
v 0.015557 -0.016696 -0.032751
v -0.016710 -0.016696 -0.032751
v -0.017058 -0.016613 -0.035356
v -0.012677 -0.016406 -0.023746
v 0.011524 -0.016406 -0.023746
v -0.012427 -0.016456 -0.016716
v 0.016342 -0.022162 -0.017864
v -0.017496 -0.022162 -0.017864
v -0.014914 -0.017622 -0.160186
v 0.015606 -0.017160 -0.157150
v 0.014884 -0.017978 -0.159287
v -0.016754 -0.017713 -0.159323
v -0.017320 -0.016929 -0.157773
v 0.015800 -0.020437 -0.159622
v 0.013646 -0.020443 -0.160415
v -0.017241 -0.020035 -0.159893
v -0.014603 -0.020078 -0.160455
v 0.012755 -0.017766 -0.159916
v 0.015982 -0.016603 -0.130955
v 0.016742 -0.018202 -0.130816
v 0.016733 -0.018042 -0.035664
v 0.016642 -0.020042 -0.157750
v 0.016740 -0.019208 -0.136417
v 0.016615 -0.031286 -0.129650
v 0.016640 -0.030309 -0.127741
v 0.016613 -0.018597 -0.032472
v 0.016690 -0.030156 -0.037405
v 0.015875 -0.046748 -0.036841
v 0.016662 -0.047527 -0.035873
v 0.016654 -0.048539 -0.037619
v 0.015978 -0.047826 -0.038260
v 0.016655 -0.048464 -0.128244
v 0.015758 -0.046501 -0.128710
v 0.015995 -0.047599 -0.127712
v 0.015828 -0.031986 -0.128581
v 0.016659 -0.046995 -0.129921
v 0.015598 -0.031275 -0.038189
v 0.012331 -0.031282 -0.038023
v 0.015715 -0.032257 -0.037040
v 0.012314 -0.046622 -0.036922
v 0.012286 -0.032274 -0.036921
v 0.012173 -0.047679 -0.037774
v 0.012348 -0.047715 -0.127501
v 0.012372 -0.032134 -0.128513
v 0.012341 -0.046655 -0.128604
v 0.012528 -0.031311 -0.127470
v 0.015810 -0.031234 -0.127456
v 0.011731 -0.030512 -0.037492
v 0.011719 -0.048413 -0.128227
v 0.011707 -0.030434 -0.127747
v 0.011724 -0.046998 -0.129526
v 0.011076 -0.025438 -0.134481
v 0.011188 -0.031062 -0.134724
v 0.011719 -0.031600 -0.129423
v 0.011340 -0.047102 -0.134379
v 0.011534 -0.025891 -0.034764
v 0.010693 -0.025964 -0.033797
v 0.011731 -0.031633 -0.036008
v 0.011692 -0.031731 -0.034841
v 0.011735 -0.047130 -0.036129
v 0.011649 -0.047340 -0.034577
v 0.011738 -0.048553 -0.037246
v 0.011404 -0.051589 -0.034925
v 0.011318 -0.051506 -0.134271
v 0.010354 -0.052720 -0.134208
v 0.010190 -0.051720 -0.135471
v 0.010111 -0.047142 -0.135499
v 0.009744 -0.025478 -0.135656
v -0.010363 -0.018016 -0.131755
v -0.011907 -0.030999 -0.135471
v 0.009977 -0.031116 -0.135609
v -0.011863 -0.051254 -0.135423
v -0.011946 -0.046742 -0.135397
v -0.012847 -0.046843 -0.134522
v -0.011819 -0.052724 -0.134294
v -0.012831 -0.051376 -0.134467
v -0.011982 -0.052526 -0.034981
v -0.012909 -0.051465 -0.034600
v 0.010646 -0.047415 -0.033700
v 0.010616 -0.051710 -0.033796
v 0.010207 -0.052583 -0.034912
v -0.012247 -0.051534 -0.033788
v -0.012546 -0.046891 -0.033803
v -0.013167 -0.046874 -0.034639
v -0.013262 -0.048226 -0.037454
v -0.013270 -0.048206 -0.128272
v -0.012775 -0.031090 -0.134632
v -0.013274 -0.032092 -0.129457
v -0.013318 -0.046509 -0.129115
v -0.012727 -0.025120 -0.133898
v -0.011746 -0.025311 -0.135430
v -0.013273 -0.030799 -0.128056
v -0.011987 -0.025757 -0.033719
v -0.013034 -0.025696 -0.034811
v -0.013287 -0.046633 -0.036426
v -0.013274 -0.031730 -0.036502
v -0.013123 -0.030960 -0.034597
v -0.013256 -0.030753 -0.037400
v -0.012399 -0.030926 -0.033788
v 0.010908 -0.031833 -0.033788
v -0.013802 -0.046469 -0.036893
v -0.013910 -0.032136 -0.036990
v -0.013737 -0.031281 -0.037915
v -0.014053 -0.031365 -0.127450
v -0.014062 -0.032213 -0.128536
v -0.014179 -0.046379 -0.128617
v -0.013793 -0.047634 -0.037980
v -0.014090 -0.047569 -0.127269
v -0.017743 -0.031137 -0.037891
v -0.017667 -0.032276 -0.036741
v -0.017361 -0.046523 -0.036910
v -0.017481 -0.047724 -0.127219
v -0.017312 -0.046349 -0.128451
v -0.016880 -0.032424 -0.128630
v -0.017297 -0.031239 -0.127055
v 0.013670 -0.061724 -0.160290
v 0.016586 -0.062556 -0.155711
v 0.016700 -0.062149 -0.130638
v 0.016697 -0.062216 -0.038683
v 0.016663 -0.060929 -0.157695
v 0.015753 -0.061026 -0.159656
v 0.015323 -0.063481 -0.157955
v -0.018198 -0.030131 -0.037344
v -0.017887 -0.018042 -0.035664
v -0.017766 -0.018597 -0.032472
v -0.017896 -0.018202 -0.130816
v -0.018230 -0.030125 -0.127876
v -0.018188 -0.019252 -0.157717
v -0.016906 -0.061026 -0.159656
v -0.018219 -0.062216 -0.037213
v -0.018200 -0.048668 -0.037377
v -0.018257 -0.048784 -0.128343
v -0.017593 -0.047689 -0.038038
v -0.018184 -0.046858 -0.129719
v -0.018176 -0.059875 -0.158189
v -0.018212 -0.061932 -0.157548
v -0.018203 -0.062129 -0.131371
v -0.017894 -0.019208 -0.136417
v -0.018150 -0.032148 -0.129521
v -0.016707 -0.063667 -0.131282
v -0.015657 -0.063636 -0.158545
v -0.014824 -0.061724 -0.160290
v -0.014056 -0.063551 -0.159179
v 0.015454 -0.063609 -0.130906
v -0.016921 -0.063645 -0.037211
v -0.014008 -0.063728 -0.130806
v 0.015243 -0.063665 -0.038780
v 0.012483 -0.063737 -0.038601
v 0.013598 -0.063700 -0.131128
v -0.013462 -0.063744 -0.019630
v -0.016605 -0.063679 -0.018800
v 0.015506 -0.063624 -0.021549
v -0.013756 -0.063739 -0.037573
v 0.012859 -0.063720 -0.021478
v 0.013345 -0.063729 -0.155313
v 0.013400 -0.063571 -0.159009
v 0.015359 -0.063647 -0.155351
v -0.017192 -0.063561 -0.157174
v -0.013972 -0.063711 -0.156083
v 0.016740 -0.024233 -0.018400
v 0.016666 -0.031232 -0.035761
v 0.016714 -0.033619 -0.019195
v 0.016699 -0.048872 -0.020310
v 0.016697 -0.061982 -0.021064
v 0.016520 -0.055277 0.122269
v 0.016583 -0.062083 0.121957
v 0.016585 -0.044536 0.118548
v 0.016552 -0.050939 0.120919
v 0.016604 -0.031296 0.119507
v 0.016590 -0.037130 0.118228
v 0.015765 -0.023727 0.122568
v 0.011273 -0.016456 -0.016716
v -0.011413 -0.016829 0.122582
v -0.016919 -0.023727 0.122568
v 0.012833 -0.063685 0.122214
v 0.015867 -0.063432 0.121994
v -0.012785 -0.063605 0.122109
v -0.018165 -0.046622 -0.035640
v -0.018317 -0.032935 -0.018431
v -0.018186 -0.031964 -0.035498
v -0.018149 -0.037448 0.118246
v -0.018294 -0.046470 -0.018726
v -0.018201 -0.062438 -0.018881
v -0.015861 -0.063715 0.121170
v -0.018201 -0.062169 0.119623
v -0.018138 -0.055239 0.121582
v -0.018200 -0.049418 0.119973
v -0.018183 -0.043473 0.118279
v -0.017876 -0.024248 -0.018314
v -0.018193 -0.030643 0.119709
v -0.017612 -0.025447 0.122519
v -0.009728 -0.059497 0.128425
v 0.008574 -0.059497 0.128425
v 0.008675 -0.059289 0.133588
v -0.009829 -0.059289 0.133588
v 0.008663 -0.058012 0.139779
v -0.009816 -0.058012 0.139779
v 0.008541 -0.054974 0.145088
v -0.009694 -0.054974 0.145088
v 0.008475 -0.050290 0.149155
v -0.009628 -0.050290 0.149155
v 0.008522 -0.044522 0.151385
v -0.009675 -0.044522 0.151385
v 0.008725 -0.039092 0.151863
v -0.009878 -0.039092 0.151863
v 0.008957 -0.032854 0.150527
v -0.010111 -0.032854 0.150527
v 0.008466 -0.027817 0.147656
v -0.009858 -0.023827 0.143250
v -0.010000 -0.027772 0.147611
v 0.008704 -0.023827 0.143250
v 0.008725 -0.021523 0.137890
v -0.009879 -0.021523 0.137890
v 0.008758 -0.020653 0.129864
v -0.011090 -0.032990 0.149725
v -0.011115 -0.039136 0.150842
v 0.009962 -0.039136 0.150842
v 0.009937 -0.032990 0.149725
v -0.011104 -0.044234 0.150424
v 0.009949 -0.044234 0.150424
v -0.011094 -0.049481 0.148398
v 0.009940 -0.049481 0.148398
v -0.011110 -0.053902 0.144475
v 0.009956 -0.053902 0.144475
v -0.011119 -0.057051 0.139442
v 0.009966 -0.057051 0.139442
v -0.011118 -0.022434 0.137651
v -0.011087 -0.024526 0.142757
v 0.009934 -0.024526 0.142757
v 0.009964 -0.022434 0.137651
v -0.011094 -0.028336 0.146869
v 0.009940 -0.028336 0.146869
v -0.009912 -0.020653 0.129864
v -0.011108 -0.058261 0.133444
v 0.009954 -0.058261 0.133444
v 0.009560 -0.033215 0.141756
v -0.011124 -0.033082 0.141853
v -0.011056 -0.033687 0.141286
v -0.011115 -0.031237 0.138507
v 0.009573 -0.031272 0.138560
v 0.009581 -0.030891 0.134666
v 0.009769 -0.031876 0.138208
v -0.010923 -0.031876 0.138208
v -0.011111 -0.030902 0.134616
v 0.009990 -0.021799 0.129729
v -0.011144 -0.021799 0.129729
v 0.009580 -0.032052 0.131235
v 0.009684 -0.031592 0.134737
v -0.011121 -0.032076 0.131069
v -0.010870 -0.032766 0.131541
v 0.009571 -0.034940 0.128499
v 0.009570 -0.032766 0.131573
v -0.011121 -0.034646 0.128412
v -0.010939 -0.035061 0.129183
v 0.009577 -0.038196 0.127326
v 0.009633 -0.035280 0.129062
v -0.010714 -0.038259 0.127458
v 0.009565 -0.041859 0.127643
v 0.009591 -0.038367 0.127950
v -0.010706 -0.041871 0.127731
v -0.010679 -0.041667 0.128176
v 0.009560 -0.044789 0.129069
v 0.009525 -0.041667 0.128176
v -0.011113 -0.045137 0.129071
v -0.010733 -0.044725 0.129823
v 0.009681 -0.046598 0.132258
v 0.009581 -0.047428 0.131932
v -0.011106 -0.047394 0.132118
v 0.009578 -0.048236 0.136060
v -0.011108 -0.048196 0.136092
v 0.009750 -0.047453 0.135857
v -0.010906 -0.047447 0.136071
v 0.009560 -0.047307 0.139559
v -0.011101 -0.047308 0.139675
v 0.009741 -0.046784 0.139034
v -0.010914 -0.046695 0.139224
v 0.009526 -0.045168 0.142165
v -0.011099 -0.045404 0.142164
v 0.009533 -0.042392 0.143863
v 0.009553 -0.036174 0.143708
v 0.009686 -0.033626 0.141236
v 0.009550 -0.036302 0.143139
v 0.009535 -0.039267 0.144415
v 0.009584 -0.039259 0.143814
v 0.009735 -0.044844 0.141727
v 0.009553 -0.042106 0.143359
v 0.016566 -0.044669 0.129811
v 0.016606 -0.046561 0.132213
v 0.009415 -0.044496 0.129646
v 0.016658 -0.038677 0.127935
v 0.016700 -0.041898 0.128284
v 0.016651 -0.035501 0.128960
v 0.016648 -0.032926 0.131351
v 0.016550 -0.031687 0.134406
v 0.016581 -0.031816 0.137963
v 0.016716 -0.033464 0.141015
v 0.016775 -0.035870 0.142916
v 0.016761 -0.039124 0.143768
v 0.016706 -0.042000 0.143365
v 0.016717 -0.046726 0.139093
v 0.016723 -0.044721 0.141785
v 0.016658 -0.047433 0.135892
v 0.017237 -0.044389 0.130158
v 0.017256 -0.041740 0.128814
v 0.017252 -0.038725 0.128456
v 0.017250 -0.035761 0.129406
v 0.017250 -0.033343 0.131650
v 0.017234 -0.032081 0.134483
v 0.017240 -0.032258 0.137825
v 0.017258 -0.033900 0.140626
v 0.017263 -0.036159 0.142328
v 0.017262 -0.039166 0.143136
v 0.017257 -0.041814 0.142814
v 0.017259 -0.044330 0.141347
v 0.017258 -0.046187 0.138839
v 0.017252 -0.046890 0.135886
v 0.017244 -0.046115 0.132418
v 0.017274 -0.039498 0.135835
v -0.011070 -0.042558 0.143740
v -0.011089 -0.039269 0.144433
v -0.011072 -0.042343 0.143258
v -0.011120 -0.036050 0.143788
v -0.011036 -0.039026 0.143777
v -0.011087 -0.044811 0.141757
v -0.010978 -0.046699 0.132445
v -0.018098 -0.046759 0.132598
v -0.017870 -0.044708 0.129869
v -0.017853 -0.041898 0.128284
v -0.017887 -0.038554 0.127969
v -0.010745 -0.038367 0.127950
v -0.018003 -0.035351 0.129013
v -0.017983 -0.032900 0.131354
v -0.018083 -0.031624 0.134583
v -0.010838 -0.031592 0.134737
v -0.018063 -0.031783 0.137838
v -0.018178 -0.033425 0.140981
v -0.018147 -0.036002 0.142975
v -0.011130 -0.036276 0.143113
v -0.018139 -0.039098 0.143763
v -0.018165 -0.042201 0.143294
v -0.018137 -0.044796 0.141725
v -0.018174 -0.046639 0.139283
v -0.018086 -0.047438 0.135987
v -0.018770 -0.044412 0.130156
v -0.018767 -0.041784 0.128656
v -0.018763 -0.035615 0.129379
v -0.018756 -0.033265 0.131536
v -0.018778 -0.032088 0.134643
v -0.018800 -0.032301 0.137601
v -0.018808 -0.033844 0.140513
v -0.018797 -0.036249 0.142501
v -0.018784 -0.039080 0.143249
v -0.018781 -0.041990 0.142845
v -0.018789 -0.044409 0.141361
v -0.018788 -0.046108 0.139074
v -0.018780 -0.046937 0.135975
v -0.018781 -0.046309 0.132851
v -0.018810 -0.039510 0.135781
v -0.018774 -0.038613 0.128376
v -0.009965 -0.020561 0.124559
v -0.011179 -0.021826 0.125066
v -0.010847 -0.017939 0.123339
v -0.011225 -0.027590 0.124919
v -0.016050 -0.024280 0.123386
v -0.016736 -0.026197 0.123237
v -0.012119 -0.027609 0.123493
v -0.012164 -0.021930 0.123778
v -0.017164 -0.031385 0.120900
v -0.011289 -0.033013 0.122458
v -0.012100 -0.032719 0.121102
v -0.016879 -0.037529 0.119356
v -0.011367 -0.038273 0.120959
v -0.017142 -0.043300 0.119481
v -0.012673 -0.042881 0.119733
v -0.011389 -0.042634 0.120862
v -0.012636 -0.038141 0.119593
v -0.011426 -0.048642 0.123371
v -0.016884 -0.049053 0.121397
v -0.012514 -0.049007 0.122069
v -0.011317 -0.053944 0.125051
v -0.011122 -0.058210 0.128435
v -0.012424 -0.054206 0.123524
v -0.016551 -0.054536 0.123173
v -0.012256 -0.057560 0.123627
v -0.011235 -0.058609 0.124811
v -0.015125 -0.062361 0.123340
v -0.012117 -0.059573 0.123541
v -0.012632 -0.062411 0.123385
v -0.010000 -0.059588 0.124718
v 0.008206 -0.059665 0.124765
v 0.012320 -0.062511 0.123417
v 0.008984 -0.060663 0.123503
v -0.010374 -0.060950 0.123443
v 0.009589 -0.058738 0.125035
v 0.015447 -0.061989 0.123301
v 0.010578 -0.059077 0.123583
v 0.009968 -0.058210 0.128435
v 0.009612 -0.053264 0.124559
v 0.015689 -0.054916 0.123099
v 0.010955 -0.053940 0.123532
v 0.009635 -0.047993 0.123232
v 0.010716 -0.048431 0.121932
v 0.015917 -0.050259 0.121691
v 0.009588 -0.041986 0.121562
v 0.015956 -0.037565 0.119198
v 0.015778 -0.044030 0.119632
v 0.010284 -0.042837 0.119989
v 0.010280 -0.037393 0.119774
v 0.009647 -0.037239 0.121125
v 0.009700 -0.032500 0.122476
v 0.016097 -0.031951 0.120430
v 0.010872 -0.032379 0.121255
v 0.015689 -0.025832 0.123193
v 0.009674 -0.026700 0.124637
v 0.011187 -0.026627 0.123478
v 0.009732 -0.021691 0.124973
v 0.016458 -0.025447 0.122519
v 0.014831 -0.023874 0.123379
v 0.010452 -0.021636 0.123626
v 0.008489 -0.020522 0.125083
v 0.010259 -0.016829 0.122582
v 0.009652 -0.017658 0.123424
v -0.010152 -0.019490 0.123503
v 0.008959 -0.019633 0.123512
v -0.017125 -0.060260 0.123210
v 0.066303 -0.029247 -0.059184
v 0.066125 -0.029686 -0.060953
v 0.060179 -0.030263 -0.059154
v 0.060179 -0.030263 -0.048893
v 0.066125 -0.029686 -0.047094
v 0.066303 -0.029247 -0.048863
v 0.066566 -0.029505 -0.054024
v 0.060193 -0.030021 -0.057116
v 0.060193 -0.030021 -0.050932
v 0.059751 -0.030205 -0.054024
v 0.056640 -0.030455 -0.054024
v 0.074208 -0.028974 -0.054024
v 0.132308 -0.028692 -0.054024
v 0.132209 -0.027901 -0.059134
v 0.132722 -0.028017 -0.060999
v 0.074841 -0.028148 -0.060595
v 0.134880 -0.028865 -0.054024
v 0.134773 -0.028580 -0.057209
v 0.134773 -0.028580 -0.050838
v 0.074586 -0.028205 -0.048809
v 0.074841 -0.028148 -0.047452
v 0.132722 -0.028016 -0.047048
v 0.132209 -0.027900 -0.048913
v 0.074255 -0.033138 -0.065528
v 0.065574 -0.032775 -0.064122
v 0.059863 -0.034032 -0.063233
v 0.074255 -0.033138 -0.042520
v 0.059863 -0.034032 -0.044814
v 0.065574 -0.032775 -0.043926
v 0.133045 -0.032731 -0.042594
v 0.074163 -0.034924 -0.065851
v 0.066051 -0.035097 -0.064695
v 0.066051 -0.035097 -0.043352
v 0.074163 -0.034924 -0.042196
v 0.060894 -0.035990 -0.063736
v 0.060894 -0.035990 -0.044311
v 0.057506 -0.038019 -0.063318
v 0.060846 -0.040034 -0.063688
v 0.060846 -0.040034 -0.044360
v 0.057506 -0.038019 -0.044729
v 0.060850 -0.043631 -0.063703
v 0.057339 -0.041601 -0.063259
v 0.057339 -0.041601 -0.044788
v 0.060850 -0.043631 -0.044344
v 0.066077 -0.039860 -0.064237
v 0.066077 -0.039860 -0.043811
v 0.072911 -0.043886 -0.065680
v 0.066206 -0.044017 -0.064727
v 0.073335 -0.039978 -0.064714
v 0.066206 -0.044017 -0.043321
v 0.072911 -0.043886 -0.042367
v 0.073335 -0.039978 -0.043333
v 0.132493 -0.034849 -0.066123
v 0.132096 -0.039713 -0.064959
v 0.134900 -0.036834 -0.065352
v 0.135006 -0.039722 -0.064735
v 0.134028 -0.042909 -0.065692
v 0.131663 -0.044144 -0.066225
v 0.132493 -0.034849 -0.041924
v 0.132096 -0.039713 -0.043088
v 0.135006 -0.039721 -0.043312
v 0.134900 -0.036834 -0.042695
v 0.134028 -0.042909 -0.042356
v 0.131663 -0.044144 -0.041822
v 0.131587 -0.046338 -0.065888
v 0.073058 -0.045839 -0.065555
v 0.131587 -0.046338 -0.042159
v 0.073058 -0.045839 -0.042492
v 0.066070 -0.046154 -0.064412
v 0.066070 -0.046154 -0.043635
v 0.073019 -0.050721 -0.060851
v 0.065698 -0.048913 -0.061841
v 0.065698 -0.048914 -0.046206
v 0.073019 -0.050721 -0.047196
v 0.060118 -0.045599 -0.063086
v 0.060118 -0.045599 -0.044961
v 0.073134 -0.050675 -0.058649
v 0.065876 -0.049742 -0.059615
v 0.065876 -0.049742 -0.048432
v 0.073134 -0.050675 -0.049398
v 0.066134 -0.049571 -0.054024
v 0.073217 -0.050121 -0.054024
v 0.060945 -0.048466 -0.060341
v 0.060945 -0.048466 -0.047706
v 0.057915 -0.048847 -0.055717
v 0.061334 -0.049227 -0.058073
v 0.061311 -0.049091 -0.054024
v 0.057915 -0.048847 -0.052331
v 0.061334 -0.049227 -0.049974
v 0.131261 -0.051291 -0.061291
v 0.131261 -0.051291 -0.046756
v 0.131177 -0.051230 -0.059026
v 0.134883 -0.050529 -0.056958
v 0.135222 -0.050195 -0.054024
v 0.131527 -0.050467 -0.054024
v 0.133743 -0.051129 -0.058884
v 0.131177 -0.051230 -0.049021
v 0.134883 -0.050529 -0.051090
v 0.133743 -0.051129 -0.049163
v 0.133045 -0.032731 -0.065454
v 0.135743 -0.034127 -0.064432
v 0.135743 -0.034128 -0.043616
v 0.136722 -0.040002 -0.063665
v 0.136722 -0.040002 -0.044382
v 0.135483 -0.044638 -0.065023
v 0.135483 -0.044638 -0.043025
v 0.136452 -0.049385 -0.050065
v 0.134783 -0.050550 -0.047701
v 0.136807 -0.048913 -0.054024
v 0.136452 -0.049385 -0.057982
v 0.136233 -0.029494 -0.049334
v 0.136717 -0.030068 -0.053696
v 0.136233 -0.029494 -0.058713
v 0.134783 -0.050550 -0.060346
v 0.137548 -0.031966 -0.054024
v 0.137528 -0.033507 -0.059125
v 0.137528 -0.033507 -0.048922
v 0.138305 -0.038179 -0.054024
v 0.137673 -0.038372 -0.061384
v 0.137673 -0.038372 -0.046664
v 0.137518 -0.044246 -0.060536
v 0.137989 -0.045295 -0.054596
v 0.137518 -0.044246 -0.047511
v 0.055341 -0.030700 -0.056054
v 0.055341 -0.030700 -0.051993
v 0.054743 -0.048034 -0.051230
v 0.054743 -0.048034 -0.056817
v 0.055230 -0.042718 -0.045534
v 0.055230 -0.042718 -0.062513
v 0.055837 -0.036041 -0.045432
v 0.055837 -0.036041 -0.062615
v 0.051924 -0.039466 -0.062022
v 0.051924 -0.039466 -0.046025
v 0.051792 -0.033612 -0.059231
v 0.051792 -0.033612 -0.048816
v 0.051848 -0.031578 -0.054024
v 0.051946 -0.044344 -0.060398
v 0.051946 -0.044343 -0.047650
v 0.051755 -0.047511 -0.054023
v 0.046401 -0.044100 -0.047925
v 0.046554 -0.047098 -0.054024
v 0.046401 -0.044100 -0.060122
v 0.046487 -0.033648 -0.058805
v 0.046670 -0.032043 -0.054024
v 0.037256 -0.033522 -0.054024
v 0.037228 -0.034679 -0.057472
v 0.036713 -0.034932 -0.057000
v 0.036713 -0.034931 -0.051048
v 0.037228 -0.034679 -0.050575
v 0.036773 -0.041873 -0.049063
v 0.037183 -0.042028 -0.048825
v 0.037161 -0.039446 -0.048245
v 0.037161 -0.039446 -0.059802
v 0.037183 -0.042028 -0.059222
v 0.036773 -0.041873 -0.058984
v 0.038382 -0.030590 -0.054024
v 0.043610 -0.029835 -0.049001
v 0.045948 -0.031063 -0.054024
v 0.043496 -0.035398 -0.043699
v 0.045193 -0.039384 -0.044972
v 0.046486 -0.039119 -0.046478
v 0.038407 -0.039286 -0.044414
v 0.046486 -0.039119 -0.061569
v 0.045193 -0.039384 -0.063075
v 0.043496 -0.035398 -0.064348
v 0.038407 -0.039286 -0.063633
v 0.043610 -0.029835 -0.059046
v 0.043614 -0.032339 -0.062384
v 0.038810 -0.032146 -0.062396
v 0.038757 -0.029844 -0.059290
v 0.046487 -0.033648 -0.049242
v 0.043614 -0.032339 -0.045663
v 0.043571 -0.049781 -0.058420
v 0.043571 -0.049781 -0.049627
v 0.043451 -0.047433 -0.061838
v 0.043594 -0.043979 -0.064159
v 0.043594 -0.043979 -0.043888
v 0.043451 -0.047433 -0.046209
v 0.045131 -0.048740 -0.054024
v 0.038303 -0.048935 -0.054024
v 0.039022 -0.043710 -0.064358
v 0.039029 -0.047407 -0.062045
v 0.037184 -0.044310 -0.057269
v 0.038955 -0.049827 -0.058286
v 0.037180 -0.045326 -0.054024
v 0.036795 -0.045015 -0.054024
v 0.036726 -0.044056 -0.057033
v 0.039029 -0.047407 -0.046003
v 0.039022 -0.043710 -0.043689
v 0.036726 -0.044056 -0.051014
v 0.038955 -0.049827 -0.049761
v 0.037184 -0.044310 -0.050778
v 0.037239 -0.036859 -0.048704
v 0.036746 -0.037035 -0.049132
v 0.036651 -0.039451 -0.048669
v 0.039190 -0.035385 -0.043677
v 0.038810 -0.032146 -0.045651
v 0.038757 -0.029844 -0.048757
v 0.037239 -0.036859 -0.059344
v 0.036651 -0.039451 -0.059378
v 0.036746 -0.037035 -0.058915
v 0.039190 -0.035385 -0.064369
v 0.074586 -0.028205 -0.059238
v 0.036685 -0.034056 -0.054024
v 0.036611 -0.039579 -0.061737
v 0.036618 -0.041876 -0.061353
v 0.036113 -0.041975 -0.061838
v 0.036585 -0.037002 -0.046323
v 0.036609 -0.039579 -0.045979
v 0.036639 -0.039592 -0.053911
v 0.036585 -0.042157 -0.046323
v 0.036593 -0.034918 -0.047438
v 0.036593 -0.044241 -0.047438
v 0.036559 -0.033136 -0.049035
v 0.036559 -0.046023 -0.049035
v 0.036582 -0.031965 -0.051517
v 0.036582 -0.047194 -0.051517
v 0.036592 -0.031663 -0.054255
v 0.036592 -0.047496 -0.054255
v 0.036607 -0.032294 -0.056854
v 0.036607 -0.046865 -0.056854
v 0.036618 -0.033721 -0.059018
v 0.036618 -0.045437 -0.059018
v 0.036602 -0.035169 -0.060414
v 0.036602 -0.043990 -0.060414
v 0.036618 -0.037283 -0.061353
v 0.036113 -0.037184 -0.061838
v 0.036092 -0.033192 -0.059209
v 0.036092 -0.045967 -0.059209
v 0.036018 -0.031817 -0.056924
v 0.036018 -0.047342 -0.056924
v 0.035954 -0.032853 -0.048847
v 0.036048 -0.034622 -0.047093
v 0.036048 -0.044537 -0.047093
v 0.035954 -0.046306 -0.048847
v 0.036044 -0.036806 -0.045932
v 0.036044 -0.042353 -0.045932
v 0.036084 -0.039580 -0.045467
v 0.035971 -0.031228 -0.054266
v 0.035961 -0.031583 -0.051374
v 0.035971 -0.047931 -0.054266
v 0.035961 -0.047575 -0.051374
v 0.036032 -0.034927 -0.060779
v 0.036032 -0.044232 -0.060779
v 0.036118 -0.039580 -0.062189
v 0.030727 -0.039576 -0.062357
v 0.030760 -0.041964 -0.062128
v 0.030680 -0.046036 -0.059273
v 0.030673 -0.033147 -0.059253
v 0.030679 -0.047530 -0.057137
v 0.030601 -0.031810 -0.057060
v 0.030737 -0.046648 -0.048952
v 0.030619 -0.034668 -0.046990
v 0.030614 -0.044480 -0.047005
v 0.030444 -0.039574 -0.045414
v 0.030551 -0.031180 -0.054324
v 0.030537 -0.031534 -0.051375
v 0.030522 -0.047740 -0.051619
v 0.030705 -0.037243 -0.061972
v 0.029820 -0.039551 -0.063538
v 0.029820 -0.042263 -0.063190
v 0.030642 -0.044291 -0.060901
v 0.029820 -0.046922 -0.060031
v 0.029820 -0.032297 -0.059956
v 0.029804 -0.048269 -0.057621
v 0.029820 -0.030709 -0.057533
v 0.030549 -0.047979 -0.054324
v 0.029803 -0.048933 -0.054375
v 0.029805 -0.048623 -0.051400
v 0.029820 -0.033971 -0.046016
v 0.030527 -0.032871 -0.048741
v 0.029810 -0.045432 -0.046083
v 0.029816 -0.036473 -0.045220
v 0.030387 -0.036675 -0.045920
v 0.030335 -0.042325 -0.045850
v 0.029805 -0.042672 -0.045030
v 0.029821 -0.039548 -0.044720
v 0.029820 -0.029952 -0.054400
v 0.029820 -0.030328 -0.051010
v 0.030613 -0.034901 -0.060852
v 0.029820 -0.036896 -0.063138
v 0.029827 -0.039554 -0.064709
v 0.029827 -0.042536 -0.064301
v 0.029835 -0.045044 -0.061986
v 0.029814 -0.047928 -0.060846
v 0.029816 -0.031350 -0.060604
v 0.029825 -0.029477 -0.057946
v 0.029799 -0.049776 -0.058070
v 0.029761 -0.050022 -0.050734
v 0.029865 -0.047701 -0.048324
v 0.029820 -0.031797 -0.047936
v 0.029803 -0.030753 -0.047195
v 0.029796 -0.048634 -0.047627
v 0.029799 -0.033238 -0.044812
v 0.029788 -0.046190 -0.045042
v 0.029792 -0.036062 -0.043359
v 0.029809 -0.042990 -0.043486
v 0.029811 -0.028632 -0.054388
v 0.029806 -0.029038 -0.050618
v 0.029816 -0.050446 -0.054414
v 0.029793 -0.033631 -0.062801
v 0.029820 -0.034217 -0.061864
v 0.029808 -0.036517 -0.064375
v 0.029103 -0.039622 -0.065347
v 0.029115 -0.046047 -0.063361
v 0.029808 -0.045753 -0.062946
v 0.029073 -0.028978 -0.058312
v 0.029092 -0.050188 -0.058326
v 0.028777 -0.028065 -0.054520
v 0.029192 -0.051075 -0.054482
v 0.028982 -0.050662 -0.050615
v 0.028794 -0.032929 -0.044417
v 0.028901 -0.049003 -0.047166
v 0.028912 -0.035911 -0.042910
v 0.028916 -0.043244 -0.042909
v 0.028974 -0.039583 -0.042314
v 0.029802 -0.039586 -0.042844
v 0.028748 -0.028538 -0.050501
v 0.028998 -0.036334 -0.064885
v 0.028944 -0.030730 -0.061191
v 0.029275 -0.042726 -0.064889
v 0.017751 -0.040118 -0.065369
v 0.017914 -0.042801 -0.064923
v 0.029225 -0.048427 -0.061186
v 0.017861 -0.048439 -0.061236
v 0.017711 -0.029031 -0.058523
v 0.017723 -0.050176 -0.058411
v 0.017532 -0.049190 -0.047450
v 0.017428 -0.033283 -0.044169
v 0.028652 -0.030385 -0.046871
v 0.028766 -0.046512 -0.044589
v 0.017543 -0.042939 -0.042799
v 0.017535 -0.036191 -0.042807
v 0.017592 -0.039588 -0.042299
v 0.017380 -0.028485 -0.050671
v 0.017424 -0.050781 -0.051027
v 0.028870 -0.033223 -0.063437
v 0.017641 -0.036707 -0.065018
v 0.017587 -0.030486 -0.060946
v 0.016797 -0.040018 -0.065044
v 0.016822 -0.042678 -0.064609
v 0.017753 -0.046019 -0.063418
v 0.016788 -0.048183 -0.060953
v 0.016763 -0.029431 -0.058394
v 0.017416 -0.028098 -0.054996
v 0.016777 -0.049879 -0.058138
v 0.017425 -0.051101 -0.054732
v 0.016780 -0.050397 -0.051104
v 0.017283 -0.030445 -0.046794
v 0.016768 -0.030959 -0.047177
v 0.016764 -0.048754 -0.047692
v 0.017387 -0.046487 -0.044596
v 0.016768 -0.033567 -0.044548
v 0.016784 -0.046099 -0.044984
v 0.016765 -0.039591 -0.042850
v 0.016766 -0.028543 -0.054879
v 0.016769 -0.029034 -0.050839
v 0.017509 -0.033280 -0.063509
v 0.016873 -0.036810 -0.064733
v 0.016769 -0.030852 -0.060663
v 0.016856 -0.045734 -0.063192
v 0.016664 -0.039910 -0.063818
v 0.016820 -0.042230 -0.063278
v 0.016810 -0.045003 -0.062099
v 0.016787 -0.030534 -0.057727
v 0.016901 -0.048342 -0.057569
v 0.016780 -0.050625 -0.054701
v 0.016863 -0.047600 -0.048448
v 0.016820 -0.034281 -0.045559
v 0.016762 -0.036309 -0.043218
v 0.016779 -0.042800 -0.043161
v 0.016804 -0.042434 -0.044339
v 0.016835 -0.036685 -0.044509
v 0.016810 -0.029749 -0.054644
v 0.016799 -0.031764 -0.047865
v 0.016894 -0.048831 -0.051548
v 0.016771 -0.033514 -0.063159
v 0.016830 -0.037177 -0.063347
v 0.016840 -0.032218 -0.060215
v 0.016439 -0.034774 -0.046282
v 0.016815 -0.039592 -0.044074
v 0.016425 -0.036888 -0.045302
v 0.016266 -0.039653 -0.044883
v 0.016830 -0.045370 -0.045946
v 0.016304 -0.042160 -0.045255
v 0.011147 -0.034249 -0.045202
v 0.012497 -0.034309 -0.045445
v 0.012086 -0.033767 -0.046202
v 0.012027 -0.045421 -0.046318
v 0.012433 -0.044924 -0.045400
v 0.011252 -0.045039 -0.045210
v 0.012599 -0.044046 -0.044759
v 0.012670 -0.039866 -0.043714
v 0.011216 -0.039886 -0.043539
v 0.011282 -0.041221 -0.043635
v 0.013248 -0.034950 -0.046230
v 0.012608 -0.035351 -0.044803
v 0.012656 -0.036834 -0.044186
v 0.011144 -0.035349 -0.044493
v 0.012696 -0.038383 -0.043724
v 0.013360 -0.037006 -0.045310
v 0.013338 -0.039805 -0.044930
v 0.011233 -0.036780 -0.043920
v 0.011299 -0.038229 -0.043522
v 0.012611 -0.041147 -0.044010
v 0.012581 -0.042033 -0.044155
v 0.013191 -0.042109 -0.045296
v 0.011322 -0.042378 -0.043877
v 0.013150 -0.044669 -0.046526
v 0.016424 -0.044856 -0.046605
v 0.011331 -0.043810 -0.044400
v 0.016818 -0.030161 -0.051178
v 0.016323 -0.030945 -0.051412
v 0.016421 -0.030633 -0.054549
v 0.010931 -0.030681 -0.054516
v 0.010989 -0.031001 -0.051358
v 0.016268 -0.031393 -0.057456
v 0.016384 -0.032520 -0.048357
v 0.012410 -0.034037 -0.046844
v 0.011154 -0.032535 -0.048359
v 0.011211 -0.033985 -0.046869
v 0.011252 -0.033858 -0.046191
v 0.016498 -0.047024 -0.048848
v 0.016916 -0.048906 -0.054575
v 0.016521 -0.048282 -0.051655
v 0.016532 -0.048528 -0.054566
v 0.010552 -0.048272 -0.051733
v 0.016467 -0.047831 -0.057358
v 0.010458 -0.048475 -0.054704
v 0.012272 -0.045279 -0.046985
v 0.010753 -0.046997 -0.048874
v 0.011153 -0.045205 -0.046912
v 0.011105 -0.045545 -0.046268
v 0.016466 -0.034766 -0.061395
v 0.016830 -0.034260 -0.062056
v 0.016239 -0.039875 -0.062771
v 0.016423 -0.042104 -0.062434
v 0.016484 -0.044542 -0.061363
v 0.016886 -0.046947 -0.059934
v 0.016352 -0.046444 -0.059570
v 0.010482 -0.047737 -0.057496
v 0.011017 -0.032793 -0.059637
v 0.010922 -0.031335 -0.057257
v 0.013285 -0.042163 -0.062362
v 0.013210 -0.044502 -0.061272
v 0.012513 -0.045402 -0.060595
v 0.010606 -0.046306 -0.059715
v 0.011996 -0.045264 -0.062002
v 0.010962 -0.045229 -0.060751
v 0.016097 -0.032846 -0.059714
v 0.012754 -0.033867 -0.060685
v 0.011361 -0.033799 -0.060643
v 0.012236 -0.033625 -0.061560
v 0.011226 -0.034138 -0.062075
v 0.012271 -0.037001 -0.063539
v 0.011030 -0.037048 -0.063357
v 0.011137 -0.035499 -0.062880
v 0.011000 -0.039763 -0.063591
v 0.011000 -0.038485 -0.063542
v 0.012262 -0.038421 -0.063601
v 0.011070 -0.045124 -0.061701
v 0.011154 -0.044567 -0.062393
v 0.012027 -0.044536 -0.062374
v 0.012160 -0.043539 -0.063126
v 0.012262 -0.042109 -0.063500
v 0.011077 -0.042113 -0.063380
v 0.011125 -0.043473 -0.062954
v 0.013374 -0.040010 -0.062780
v 0.012204 -0.040931 -0.063781
v 0.012264 -0.039900 -0.063695
v 0.011006 -0.041123 -0.063544
v 0.013378 -0.037314 -0.062457
v 0.016303 -0.037396 -0.062534
v 0.013401 -0.034743 -0.061318
v 0.012280 -0.035399 -0.062975
v 0.012282 -0.034104 -0.062234
v -0.027977 -0.039604 -0.053975
v -0.027984 -0.039580 -0.043072
v -0.027988 -0.036385 -0.043630
v -0.027986 -0.042848 -0.043778
v -0.027975 -0.032781 -0.045389
v -0.027943 -0.046315 -0.045362
v -0.027990 -0.030355 -0.048395
v -0.027968 -0.048845 -0.048427
v -0.027990 -0.029113 -0.052165
v -0.027972 -0.050135 -0.052223
v -0.027980 -0.029347 -0.056232
v -0.027956 -0.049928 -0.056679
v -0.027929 -0.030524 -0.059629
v -0.027964 -0.048273 -0.060226
v -0.027969 -0.033006 -0.062487
v -0.027969 -0.046153 -0.062487
v -0.027970 -0.036113 -0.064094
v -0.027970 -0.043046 -0.064094
v -0.027970 -0.039579 -0.064662
v -0.027190 -0.039579 -0.042362
v -0.027183 -0.043111 -0.042906
v -0.027149 -0.036117 -0.042897
v -0.027050 -0.032380 -0.044899
v -0.027081 -0.029761 -0.047873
v -0.027177 -0.049460 -0.047973
v -0.026975 -0.046761 -0.044838
v -0.027092 -0.028221 -0.052106
v -0.027214 -0.050940 -0.052124
v -0.026944 -0.028347 -0.056324
v -0.027117 -0.050695 -0.056773
v -0.027188 -0.029920 -0.060070
v -0.027008 -0.048950 -0.060528
v -0.027207 -0.032525 -0.062925
v -0.027207 -0.046634 -0.062925
v -0.027165 -0.035789 -0.064707
v -0.027165 -0.043370 -0.064707
v -0.027160 -0.039404 -0.065362
v -0.018999 -0.039477 -0.042332
v -0.018995 -0.043257 -0.042935
v -0.018937 -0.035908 -0.042937
v -0.018827 -0.032295 -0.044964
v -0.018981 -0.049512 -0.048030
v -0.018858 -0.029604 -0.048129
v -0.019119 -0.050995 -0.052225
v -0.018896 -0.028222 -0.052082
v -0.018880 -0.029850 -0.059940
v -0.018924 -0.049163 -0.060174
v -0.018714 -0.046316 -0.063108
v -0.018805 -0.035729 -0.064664
v -0.018796 -0.039297 -0.065313
v -0.018784 -0.043162 -0.064730
v -0.018286 -0.039486 -0.042988
v -0.018286 -0.043038 -0.043557
v -0.018290 -0.036160 -0.043607
v -0.018943 -0.046745 -0.044850
v -0.018289 -0.046304 -0.045394
v -0.018306 -0.032809 -0.045581
v -0.018286 -0.048939 -0.048381
v -0.018300 -0.030282 -0.048522
v -0.018288 -0.050443 -0.052301
v -0.018881 -0.028359 -0.056279
v -0.018295 -0.028957 -0.052197
v -0.018971 -0.050712 -0.056748
v -0.018287 -0.050054 -0.056567
v -0.018297 -0.029091 -0.056121
v -0.018291 -0.048587 -0.059756
v -0.018784 -0.032446 -0.062836
v -0.018297 -0.030483 -0.059535
v -0.018331 -0.045791 -0.062388
v -0.018314 -0.032969 -0.062173
v -0.018314 -0.042902 -0.063945
v -0.018310 -0.036011 -0.063881
v -0.018312 -0.039308 -0.064485
v -0.018273 -0.036726 -0.045118
v -0.018327 -0.042493 -0.045120
v -0.018276 -0.045287 -0.046652
v -0.018196 -0.031623 -0.049304
v -0.018313 -0.047531 -0.049234
v -0.018439 -0.048726 -0.052539
v -0.018231 -0.030520 -0.052442
v -0.018218 -0.030627 -0.055794
v -0.018262 -0.047284 -0.058820
v -0.018218 -0.031803 -0.058687
v -0.018123 -0.033889 -0.060998
v -0.018124 -0.042431 -0.062528
v -0.018143 -0.036523 -0.062462
v -0.018136 -0.039332 -0.062984
v -0.018329 -0.039506 -0.044646
v -0.009505 -0.039589 -0.044753
v -0.009477 -0.042389 -0.045199
v -0.018165 -0.033789 -0.046753
v -0.009489 -0.036970 -0.045137
v -0.009396 -0.031643 -0.049415
v -0.009454 -0.047542 -0.049462
v -0.009721 -0.048574 -0.052550
v -0.009433 -0.030595 -0.052483
v -0.018301 -0.048471 -0.056145
v -0.009458 -0.031800 -0.058535
v -0.009469 -0.047384 -0.058493
v -0.018052 -0.044951 -0.061226
v -0.009392 -0.036559 -0.062410
v -0.009400 -0.042295 -0.062511
v -0.009364 -0.033908 -0.046740
v -0.009383 -0.045212 -0.046710
v -0.009411 -0.030699 -0.055761
v -0.009321 -0.048428 -0.055905
v -0.009358 -0.033845 -0.060889
v -0.009274 -0.045051 -0.061094
v -0.009386 -0.039305 -0.062922
v 0.010660 -0.005894 -0.053206
v 0.009950 -0.006438 -0.052178
v 0.010357 -0.007574 -0.053899
v -0.011241 -0.007574 -0.053899
v -0.011047 -0.006467 -0.052163
v -0.011543 -0.005894 -0.053206
v 0.010992 -0.006722 -0.054211
v 0.010585 -0.007826 -0.056915
v -0.011559 -0.007847 -0.056871
v -0.011875 -0.006722 -0.054211
v 0.046374 -0.000079 -0.053285
v 0.044895 -0.003083 -0.053205
v 0.045981 -0.003422 -0.054255
v 0.045082 0.009485 -0.053287
v 0.046472 0.006197 -0.053262
v 0.047286 0.006596 -0.054197
v 0.010109 -0.007564 -0.060449
v 0.010780 -0.006651 -0.060224
v -0.011704 -0.006649 -0.060152
v -0.011202 -0.007613 -0.060439
v 0.043143 -0.005765 -0.054061
v 0.043167 -0.005793 -0.056968
v 0.045924 -0.003542 -0.056949
v -0.044051 -0.005793 -0.056968
v -0.044026 -0.005765 -0.054061
v -0.046864 -0.003422 -0.054255
v 0.047425 -0.000329 -0.056924
v -0.048308 -0.000329 -0.056924
v -0.046808 -0.003542 -0.056949
v 0.047438 -0.000205 -0.054305
v 0.047794 0.002600 -0.056937
v -0.048677 0.002600 -0.056937
v -0.048322 -0.000205 -0.054305
v 0.047763 0.002705 -0.054365
v 0.047344 0.006569 -0.057067
v -0.048227 0.006569 -0.057067
v -0.048646 0.002705 -0.054365
v 0.045539 0.009931 -0.057115
v -0.046422 0.009931 -0.057115
v -0.048169 0.006596 -0.054197
v 0.045438 0.009997 -0.054239
v 0.042235 0.012031 -0.057251
v -0.043118 0.012031 -0.057251
v -0.046321 0.009997 -0.054239
v -0.039219 0.012538 -0.056830
v -0.039395 0.012506 -0.054067
v -0.000441 0.012582 -0.054058
v 0.045745 0.009446 -0.059871
v 0.042308 0.011968 -0.059482
v -0.043192 0.011968 -0.059482
v -0.046628 0.009446 -0.059871
v 0.047361 0.006301 -0.060000
v -0.048244 0.006301 -0.060000
v 0.047713 0.002344 -0.060088
v -0.048597 0.002344 -0.060088
v 0.047299 -0.000629 -0.059978
v -0.048182 -0.000629 -0.059978
v 0.043374 -0.005676 -0.059872
v -0.044257 -0.005676 -0.059872
v 0.010804 -0.006722 -0.056941
v 0.039537 -0.006561 -0.057018
v 0.039476 -0.006560 -0.054136
v 0.039868 -0.006468 -0.060158
v -0.011687 -0.006722 -0.056941
v -0.040359 -0.006560 -0.054136
v -0.040420 -0.006561 -0.057018
v -0.040751 -0.006468 -0.060158
v -0.043015 0.012041 -0.054158
v -0.039273 0.012492 -0.060023
v -0.018106 0.012572 -0.060016
v -0.000441 0.012602 -0.057083
v 0.042132 0.012041 -0.054158
v 0.038336 0.012538 -0.056830
v 0.038390 0.012492 -0.060023
v 0.038512 0.012506 -0.054067
v 0.015075 0.012572 -0.060010
v -0.000441 0.012602 -0.059173
v 0.003775 0.001024 -0.060845
v 0.006628 0.000122 -0.060846
v 0.006317 -0.000525 -0.061884
v 0.003434 0.000484 -0.061827
v -0.000441 0.000610 -0.061703
v -0.000441 0.001382 -0.060860
v -0.004318 0.000484 -0.061827
v -0.000441 0.010649 -0.060835
v -0.004659 0.001024 -0.060845
v -0.007201 -0.000525 -0.061884
v 0.042045 0.011160 -0.060772
v 0.043157 -0.005143 -0.060731
v 0.038457 0.011753 -0.060789
v 0.015105 0.011658 -0.060831
v 0.046734 0.006187 -0.060716
v 0.046825 -0.000380 -0.060687
v 0.047098 0.002262 -0.060710
v 0.045539 -0.003057 -0.060705
v 0.045893 -0.003501 -0.060025
v 0.045099 0.008806 -0.060811
v 0.039133 0.002612 -0.060850
v -0.007511 0.000122 -0.060846
v -0.042928 0.011160 -0.060772
v -0.018324 0.011850 -0.060800
v -0.044041 -0.005143 -0.060731
v -0.047708 -0.000380 -0.060687
v -0.047617 0.006187 -0.060716
v -0.045982 0.008806 -0.060811
v -0.040258 0.002199 -0.060859
v -0.047982 0.002262 -0.060710
v -0.046423 -0.003057 -0.060705
v -0.046777 -0.003501 -0.060025
v -0.039341 0.011753 -0.060789
v -0.043678 -0.005270 -0.053265
v -0.040216 -0.005954 -0.053252
v 0.042794 -0.005270 -0.053265
v 0.039333 -0.005954 -0.053252
v -0.047257 -0.000079 -0.053285
v -0.047798 0.002386 -0.053263
v -0.047356 0.006197 -0.053262
v -0.042948 0.011531 -0.053282
v -0.045965 0.009485 -0.053287
v -0.045778 -0.003083 -0.053205
v 0.046915 0.002386 -0.053263
v 0.042065 0.011531 -0.053282
v 0.008914 -0.003596 -0.051802
v 0.038912 0.003134 -0.053161
v -0.010512 -0.003212 -0.053133
v -0.039800 0.003202 -0.053154
v -0.039439 0.011727 -0.053199
v -0.009614 -0.003434 -0.052015
v -0.000441 0.000844 -0.051936
v -0.000441 0.001368 -0.053144
v -0.005346 0.001085 -0.053130
v -0.000441 0.011546 -0.053162
v 0.004463 0.001085 -0.053130
v 0.004346 0.000240 -0.052034
v 0.038556 0.011727 -0.053199
v 0.007293 -0.000381 -0.053140
v 0.009629 -0.003212 -0.053133
v 0.006870 -0.000929 -0.052031
v -0.008176 -0.000381 -0.053140
v -0.005229 0.000240 -0.052034
v -0.007753 -0.000929 -0.052031
v -0.007096 -0.001578 -0.051372
v -0.005120 -0.000662 -0.051396
v -0.000441 -0.000420 -0.051282
v 0.006212 -0.001578 -0.051372
v 0.008094 -0.003728 -0.051411
v 0.009021 -0.006774 -0.051743
v -0.008978 -0.003728 -0.051411
v 0.008575 -0.001607 -0.060851
v 0.009847 -0.006430 -0.061448
v 0.039751 -0.005873 -0.060763
v 0.008136 -0.002135 -0.061749
v 0.010533 -0.005766 -0.060778
v 0.010111 -0.003688 -0.060839
v 0.009363 -0.004115 -0.061729
v -0.009357 -0.001547 -0.060843
v -0.010986 -0.006376 -0.061494
v -0.040634 -0.005873 -0.060763
v -0.008966 -0.002153 -0.061699
v -0.010545 -0.003750 -0.060866
v -0.011417 -0.005766 -0.060778
v -0.010128 -0.004146 -0.061831
v 0.009501 -0.008488 -0.056848
v 0.009411 -0.008150 -0.053619
v -0.010490 -0.008732 -0.056752
v -0.010385 -0.008332 -0.053238
v -0.010002 -0.006944 -0.061981
v 0.009392 -0.008077 -0.060568
v -0.009272 -0.004686 -0.062298
v 0.009038 -0.006755 -0.061849
v 0.008374 -0.004656 -0.062208
v -0.009417 -0.005011 -0.072723
v 0.008533 -0.005011 -0.072723
v -0.008278 -0.002744 -0.062272
v 0.007395 -0.002744 -0.062272
v -0.008191 -0.002701 -0.072647
v 0.007308 -0.002701 -0.072647
v -0.006973 -0.001442 -0.062059
v 0.006090 -0.001442 -0.062059
v -0.006636 -0.001277 -0.072759
v -0.004306 -0.000528 -0.062360
v 0.003423 -0.000528 -0.062360
v 0.005753 -0.001277 -0.072759
v -0.000441 -0.000405 -0.062347
v -0.000441 -0.000422 -0.072252
v -0.012539 -0.017803 -0.057101
v -0.010367 -0.008278 -0.060692
v -0.011610 -0.013307 -0.072792
v 0.011665 -0.018190 -0.057218
v 0.010727 -0.013307 -0.072792
v 0.011785 -0.020965 -0.074397
v 0.011764 -0.018737 -0.072691
v -0.012648 -0.018737 -0.072691
v -0.012668 -0.020965 -0.074397
v 0.011763 -0.055705 -0.057022
v 0.011763 -0.055691 -0.096682
v 0.011784 -0.026630 -0.096659
v 0.011793 -0.025024 -0.085977
v -0.012646 -0.055691 -0.096682
v -0.012646 -0.055705 -0.057022
v -0.012677 -0.025024 -0.085977
v -0.012667 -0.026630 -0.096659
v -0.012556 -0.018076 -0.074441
v -0.012594 -0.019369 -0.075648
v 0.011711 -0.019369 -0.075648
v 0.011697 -0.018391 -0.074409
v 0.010875 -0.014010 -0.074299
v -0.009322 -0.005010 -0.073822
v -0.011685 -0.013777 -0.074339
v 0.008421 -0.004807 -0.074208
v 0.007639 -0.003132 -0.074184
v -0.008170 -0.002757 -0.074017
v 0.006098 -0.001929 -0.073861
v 0.003007 -0.000497 -0.074177
v -0.006653 -0.001327 -0.074048
v -0.004018 -0.000496 -0.072538
v -0.000514 -0.000466 -0.074286
v 0.003135 -0.000496 -0.072538
v 0.002954 -0.000922 -0.075031
v -0.000441 -0.000869 -0.075033
v -0.003837 -0.000922 -0.075031
v -0.003890 -0.000497 -0.074177
v -0.000441 -0.002408 -0.074943
v -0.008809 -0.005244 -0.074863
v 0.007925 -0.005244 -0.074863
v -0.011698 -0.017803 -0.075150
v 0.010815 -0.017803 -0.075151
v -0.012084 -0.018942 -0.075992
v 0.011201 -0.018942 -0.075992
v -0.007648 -0.003017 -0.075002
v -0.006400 -0.003911 -0.075043
v 0.005517 -0.003911 -0.075043
v 0.006765 -0.003017 -0.075002
v -0.007257 -0.005783 -0.075039
v -0.009321 -0.014159 -0.075045
v -0.009649 -0.017811 -0.075065
v -0.011243 -0.013995 -0.075040
v 0.008438 -0.014159 -0.075045
v 0.006374 -0.005783 -0.075039
v 0.010360 -0.013995 -0.075040
v 0.008765 -0.017811 -0.075065
v -0.005546 -0.002958 -0.075047
v -0.006255 -0.001763 -0.075021
v -0.003772 -0.002566 -0.075056
v 0.004663 -0.002958 -0.075047
v 0.005372 -0.001763 -0.075021
v 0.002888 -0.002566 -0.075056
v -0.006626 -0.006151 -0.074408
v -0.008496 -0.014282 -0.074371
v 0.007613 -0.014282 -0.074371
v 0.005743 -0.006151 -0.074408
v -0.005886 -0.004384 -0.074639
v 0.005003 -0.004384 -0.074639
v -0.005879 -0.004620 -0.071248
v -0.006622 -0.006349 -0.071077
v 0.005740 -0.006349 -0.071077
v 0.004996 -0.004620 -0.071247
v -0.005039 -0.003795 -0.071490
v 0.004155 -0.003794 -0.071489
v -0.004925 -0.003501 -0.074708
v 0.004042 -0.003501 -0.074708
v -0.003785 -0.003257 -0.074266
v 0.002902 -0.003257 -0.074266
v -0.000441 -0.003185 -0.074084
v -0.003874 -0.003327 -0.071622
v 0.002991 -0.003327 -0.071622
v -0.009103 -0.018142 -0.074021
v -0.008397 -0.014111 -0.070142
v 0.007514 -0.014111 -0.070142
v 0.008219 -0.018142 -0.074021
v 0.011726 -0.025340 -0.096561
v 0.011763 -0.023445 -0.086584
v -0.012610 -0.025340 -0.096561
v -0.009188 -0.019540 -0.075543
v -0.009789 -0.019106 -0.076208
v 0.008305 -0.019540 -0.075543
v 0.008907 -0.019106 -0.076208
v -0.012014 -0.022823 -0.086668
v 0.011424 -0.025396 -0.097355
v -0.012307 -0.025396 -0.097355
v -0.011150 -0.025537 -0.097584
v -0.000441 -0.025637 -0.097647
v -0.000441 -0.026817 -0.097868
v 0.010267 -0.025537 -0.097584
v 0.011533 -0.026467 -0.097601
v -0.012416 -0.026467 -0.097601
v 0.010562 -0.026728 -0.097812
v 0.011485 -0.055806 -0.097718
v -0.012368 -0.055806 -0.097718
v -0.011445 -0.026728 -0.097812
v 0.010507 -0.055808 -0.097928
v -0.011389 -0.055808 -0.097928
v 0.010794 -0.024791 -0.096398
v 0.011131 -0.022823 -0.086668
v -0.011678 -0.024791 -0.096398
v 0.009652 -0.024820 -0.096574
v 0.008696 -0.022775 -0.086529
v -0.000441 -0.024872 -0.096828
v -0.012646 -0.023445 -0.086584
v -0.009579 -0.022775 -0.086529
v -0.010535 -0.024820 -0.096574
v 0.004236 -0.000662 -0.051396
v 0.004504 -0.000751 -0.036207
v 0.006461 -0.001761 -0.036275
v 0.008082 -0.004016 -0.036521
v -0.007344 -0.001761 -0.036275
v -0.009855 -0.006447 -0.036054
v -0.008825 -0.003605 -0.036094
v 0.009152 -0.007330 -0.036256
v -0.010036 -0.007047 -0.051705
v 0.011631 -0.018206 -0.036179
v -0.012617 -0.055629 -0.036086
v -0.000441 -0.000443 -0.035881
v -0.005387 -0.000751 -0.036207
v -0.000441 -0.000987 -0.035193
v 0.004318 -0.001180 -0.035212
v -0.005201 -0.001180 -0.035212
v 0.006288 -0.002421 -0.035200
v -0.007172 -0.002421 -0.035200
v 0.007745 -0.004276 -0.035233
v 0.008545 -0.007226 -0.035226
v -0.008629 -0.004276 -0.035233
v 0.006269 -0.005134 -0.035191
v -0.007153 -0.005133 -0.035190
v 0.003920 -0.002792 -0.035191
v -0.004804 -0.002792 -0.035191
v -0.009428 -0.007226 -0.035226
v 0.003553 -0.003415 -0.035725
v -0.000441 -0.002373 -0.035185
v -0.004436 -0.003415 -0.035725
v -0.000441 -0.003167 -0.035800
v -0.000441 -0.003214 -0.040069
v 0.003372 -0.003438 -0.039821
v -0.004256 -0.003438 -0.039821
v 0.004587 -0.003995 -0.035599
v 0.005071 -0.003602 -0.035197
v -0.005954 -0.003602 -0.035197
v -0.005471 -0.003995 -0.035599
v 0.004389 -0.003988 -0.039680
v -0.005272 -0.003988 -0.039680
v 0.005545 -0.005671 -0.035767
v -0.006428 -0.005671 -0.035767
v 0.007037 -0.007671 -0.035190
v -0.007920 -0.007671 -0.035190
v 0.006239 -0.007952 -0.035909
v 0.005429 -0.005488 -0.040154
v -0.006311 -0.005488 -0.040154
v -0.007122 -0.007952 -0.035909
v 0.008219 -0.018321 -0.035764
v -0.009811 -0.018286 -0.035218
v 0.006894 -0.019614 -0.036195
v 0.007337 -0.019594 -0.042655
v -0.000441 -0.019593 -0.042745
v -0.008221 -0.019594 -0.042655
v -0.007777 -0.019614 -0.036195
v -0.008999 -0.017926 -0.041242
v -0.006970 -0.007542 -0.040518
v -0.009103 -0.018321 -0.035764
v -0.009125 -0.019650 -0.036255
v -0.009172 -0.019433 -0.042385
v 0.006087 -0.007542 -0.040518
v 0.008116 -0.017926 -0.041242
v 0.008242 -0.019650 -0.036255
v 0.008289 -0.019433 -0.042385
v 0.007117 -0.020007 -0.035104
v 0.008826 -0.020125 -0.035178
v -0.000441 -0.020163 -0.034980
v -0.000441 -0.019611 -0.036250
v -0.012538 -0.018121 -0.035931
v -0.011975 -0.055652 -0.035254
v -0.009709 -0.020125 -0.035178
v -0.011979 -0.018280 -0.035205
v -0.008000 -0.020007 -0.035104
v 0.011096 -0.018280 -0.035205
v 0.008928 -0.018286 -0.035218
v 0.011733 -0.055629 -0.036086
v 0.008881 -0.055684 -0.035238
v 0.011092 -0.055652 -0.035254
v -0.000441 -0.055835 -0.035252
v -0.009764 -0.055684 -0.035238
v -0.000441 -0.003213 -0.071478
v -0.009054 -0.018065 -0.069499
v 0.008171 -0.018065 -0.069499
v -0.000441 -0.056067 -0.097936
v -0.000459 -0.003132 -0.131651
v -0.000459 -0.002722 -0.130695
v 0.003107 -0.002877 -0.130892
v -0.004025 -0.002877 -0.130892
v 0.003191 -0.003353 -0.131678
v 0.004843 -0.003818 -0.130891
v -0.005760 -0.003818 -0.130891
v -0.004109 -0.003353 -0.131678
v 0.004510 -0.004124 -0.131671
v 0.003932 -0.004708 -0.131689
v -0.004850 -0.004708 -0.131689
v -0.005428 -0.004124 -0.131671
v -0.003811 -0.004189 -0.131689
v 0.002893 -0.004189 -0.131689
v 0.004682 -0.005783 -0.131688
v -0.005599 -0.005783 -0.131688
v 0.006929 -0.012559 -0.131697
v 0.005676 -0.005601 -0.131596
v -0.006594 -0.005601 -0.131596
v -0.007847 -0.012559 -0.131697
v 0.006031 -0.005498 -0.130769
v 0.008073 -0.012224 -0.131130
v -0.006949 -0.005498 -0.130769
v -0.008664 -0.012309 -0.131608
v -0.004583 -0.004924 -0.131433
v 0.003666 -0.004924 -0.131433
v -0.000459 -0.004099 -0.131690
v 0.002731 -0.004562 -0.131362
v -0.003649 -0.004562 -0.131362
v -0.005312 -0.005977 -0.131300
v 0.004395 -0.005977 -0.131300
v -0.000459 -0.004469 -0.131426
v -0.000459 -0.005550 -0.123548
v 0.002576 -0.005667 -0.123551
v -0.004074 -0.006092 -0.123811
v 0.003156 -0.006092 -0.123811
v -0.004839 -0.006967 -0.123586
v -0.006663 -0.012557 -0.123906
v 0.003921 -0.006967 -0.123586
v 0.006574 -0.012695 -0.131348
v 0.005745 -0.012557 -0.123906
v 0.005469 -0.012406 -0.123133
v -0.006387 -0.012406 -0.123133
v 0.002920 -0.006431 -0.123069
v -0.003838 -0.006431 -0.123069
v -0.003494 -0.005667 -0.123551
v 0.003607 -0.007225 -0.123066
v -0.000459 -0.012591 -0.123051
v -0.003386 -0.006152 -0.123048
v 0.002468 -0.006152 -0.123048
v -0.000459 -0.006134 -0.123063
v -0.000459 -0.007291 -0.123052
v -0.004524 -0.007225 -0.123066
v -0.000459 -0.018374 -0.123052
v 0.007325 -0.018302 -0.123169
v -0.008243 -0.018302 -0.123169
v -0.000459 -0.019795 -0.123069
v -0.008459 -0.019810 -0.123154
v 0.007541 -0.019810 -0.123154
v -0.008560 -0.018410 -0.123883
v 0.007642 -0.018410 -0.123883
v -0.009030 -0.020050 -0.123809
v -0.008569 -0.020341 -0.123680
v 0.007651 -0.020341 -0.123680
v 0.008113 -0.020050 -0.123809
v -0.000459 -0.020343 -0.123657
v -0.007492 -0.012695 -0.131348
v -0.009827 -0.020154 -0.131461
v -0.010145 -0.020037 -0.131692
v 0.008909 -0.020154 -0.131461
v 0.008818 -0.022336 -0.131516
v -0.000459 -0.022324 -0.131508
v -0.009736 -0.022336 -0.131516
v -0.010332 -0.021953 -0.131470
v 0.009415 -0.021953 -0.131470
v 0.009228 -0.020037 -0.131692
v 0.007746 -0.012309 -0.131608
v -0.008991 -0.012224 -0.131130
v -0.010973 -0.019857 -0.131696
v 0.010055 -0.019857 -0.131696
v -0.011216 -0.019829 -0.131203
v -0.011527 -0.022140 -0.131686
v 0.010609 -0.022140 -0.131686
v 0.010298 -0.019829 -0.131203
v -0.010648 -0.022018 -0.131687
v 0.009731 -0.022018 -0.131687
v -0.010287 -0.022600 -0.131687
v -0.000459 -0.022678 -0.131696
v 0.009370 -0.022600 -0.131687
v -0.000459 -0.023319 -0.131691
v -0.010041 -0.023358 -0.131680
v 0.009123 -0.023358 -0.131680
v -0.011418 -0.023368 -0.131660
v 0.010500 -0.023368 -0.131660
v -0.000459 -0.002708 -0.032860
v 0.003851 -0.002932 -0.032791
v 0.005443 -0.004135 -0.032755
v -0.004769 -0.002932 -0.032791
v 0.006298 -0.006271 -0.032860
v -0.006361 -0.004135 -0.032755
v 0.007919 -0.013515 -0.033301
v -0.008837 -0.013515 -0.033301
v -0.007215 -0.006271 -0.032860
v -0.010223 -0.022415 -0.033551
v 0.010794 -0.022080 -0.131041
v 0.009305 -0.022415 -0.033551
v -0.011711 -0.022080 -0.131041
v -0.010488 -0.025067 -0.033641
v -0.000459 -0.002698 0.133957
v 0.003420 -0.002814 0.134104
v -0.004338 -0.002814 0.134104
v 0.005287 -0.003901 0.133703
v -0.006205 -0.003901 0.133703
v 0.006421 -0.006584 0.133651
v -0.007338 -0.006584 0.133651
v 0.007936 -0.014637 0.133574
v -0.008854 -0.014637 0.133574
v 0.009091 -0.023352 0.132999
v -0.010009 -0.023352 0.132999
v 0.009296 -0.025921 0.133047
v -0.000459 -0.002722 0.145287
v -0.006206 -0.004017 0.145317
v -0.004550 -0.002893 0.145277
v 0.003496 -0.002856 0.145300
v 0.005215 -0.003927 0.145371
v -0.007329 -0.006828 0.145034
v 0.006382 -0.006848 0.145234
v 0.007886 -0.014578 0.145266
v -0.009955 -0.023012 0.145481
v -0.008791 -0.014534 0.145460
v 0.009037 -0.023012 0.145481
v -0.010216 -0.025760 0.145304
v 0.009298 -0.025760 0.145304
v -0.004423 -0.003377 0.145872
v 0.003315 -0.003486 0.145882
v -0.008290 -0.014651 0.145866
v 0.007373 -0.014651 0.145866
v -0.000459 -0.014717 0.145897
v -0.000459 -0.023052 0.145896
v -0.009606 -0.025745 0.145871
v -0.009341 -0.023130 0.145875
v 0.008423 -0.023130 0.145875
v 0.008689 -0.025745 0.145871
v -0.000459 -0.025766 0.145893
v -0.006856 -0.006956 0.145837
v 0.005831 -0.007004 0.145868
v -0.000459 -0.003210 0.145882
v -0.000459 -0.007241 0.145896
v 0.004836 -0.004475 0.145872
v -0.005729 -0.004352 0.145870
v -0.011635 -0.023082 -0.131674
v 0.010717 -0.023082 -0.131674
v 0.009570 -0.025067 -0.033641
v -0.010213 -0.025921 0.133047
v -0.016788 -0.011945 0.095339
v -0.020202 -0.013086 0.095447
v -0.020114 -0.013019 0.115281
v 0.018665 -0.013019 0.115281
v 0.018753 -0.013086 0.095447
v 0.015339 -0.011945 0.095339
v -0.022406 -0.014971 0.095378
v -0.022416 -0.014913 0.115301
v 0.020957 -0.014971 0.095378
v -0.023536 -0.017854 0.095485
v 0.022088 -0.017854 0.095485
v 0.020968 -0.014913 0.115301
v -0.023536 -0.057010 0.095524
v -0.023541 -0.057144 0.115254
v 0.022093 -0.057144 0.115254
v 0.022087 -0.057010 0.095524
v -0.023075 -0.061730 0.115061
v 0.021626 -0.061730 0.115061
v -0.021555 -0.065102 0.114700
v -0.022965 -0.061694 0.095543
v 0.021516 -0.061694 0.095543
v 0.020107 -0.065102 0.114700
v -0.021404 -0.064796 0.095356
v -0.018800 -0.067428 0.095547
v 0.019955 -0.064796 0.095356
v 0.017740 -0.067410 0.114557
v -0.019189 -0.067410 0.114557
v -0.016004 -0.068677 0.095789
v 0.014555 -0.068677 0.095789
v 0.017351 -0.067428 0.095547
v -0.015455 -0.068895 0.114669
v -0.009301 -0.068999 0.095925
v 0.007852 -0.068999 0.095925
v 0.014006 -0.068895 0.114669
v 0.008526 -0.068948 0.115403
v -0.000725 -0.068964 0.115331
v -0.009974 -0.068948 0.115403
v 0.008470 -0.067989 0.116266
v -0.000725 -0.067995 0.116262
v -0.009919 -0.067989 0.116266
v -0.018791 -0.066295 0.116019
v 0.017343 -0.066295 0.116019
v -0.020976 -0.064147 0.116171
v 0.019527 -0.064147 0.116171
v -0.022039 -0.061262 0.116261
v 0.020591 -0.061262 0.116261
v -0.023459 -0.017419 0.115523
v -0.022547 -0.056965 0.116263
v 0.022010 -0.017419 0.115523
v 0.021153 -0.017485 0.116251
v -0.021911 -0.015299 0.116212
v 0.020463 -0.015299 0.116212
v -0.016623 -0.011944 0.115575
v -0.019762 -0.013609 0.116244
v 0.018313 -0.013609 0.116244
v 0.015174 -0.011944 0.115575
v -0.015489 -0.067095 0.115872
v 0.013784 -0.067788 0.116244
v -0.009799 -0.065069 0.116253
v 0.008350 -0.065069 0.116253
v -0.015310 -0.065050 0.116264
v -0.017904 -0.064453 0.116262
v 0.013861 -0.065050 0.116264
v 0.016455 -0.064453 0.116262
v -0.019002 -0.062800 0.116278
v 0.017554 -0.062800 0.116278
v -0.019292 -0.060664 0.116257
v 0.017843 -0.060664 0.116257
v 0.021098 -0.056965 0.116263
v -0.019417 -0.056959 0.116278
v -0.019133 -0.018471 0.116285
v 0.017684 -0.018471 0.116285
v 0.017969 -0.056959 0.116278
v -0.022602 -0.017485 0.116251
v -0.018646 -0.016905 0.116272
v 0.017198 -0.016905 0.116272
v -0.016647 -0.012511 0.116247
v -0.017664 -0.016011 0.116288
v 0.016216 -0.016011 0.116288
v 0.015198 -0.012511 0.116247
v 0.021294 -0.056893 0.094574
v 0.021459 -0.017964 0.094593
v -0.022743 -0.056893 0.094574
v 0.020363 -0.015432 0.094587
v -0.021811 -0.015432 0.094587
v -0.022908 -0.017964 0.094593
v 0.018325 -0.013687 0.094566
v 0.015359 -0.012823 0.094532
v -0.019773 -0.013687 0.094566
v 0.020886 -0.061521 0.094606
v -0.022335 -0.061521 0.094606
v 0.017083 -0.066741 0.094564
v -0.018532 -0.066741 0.094564
v 0.014002 -0.067929 0.094561
v -0.015451 -0.067929 0.094561
v 0.007854 -0.068216 0.094601
v -0.000725 -0.069003 0.096072
v -0.009303 -0.068216 0.094601
v -0.000725 -0.068096 0.094555
v 0.016490 -0.015891 0.094508
v -0.017939 -0.015891 0.094508
v -0.016807 -0.012823 0.094532
v 0.017480 -0.017163 0.094524
v -0.018929 -0.017163 0.094524
v 0.017827 -0.019060 0.094527
v -0.019275 -0.019060 0.094527
v 0.018233 -0.060672 0.094525
v -0.019682 -0.060672 0.094525
v 0.017736 -0.063090 0.094525
v -0.019185 -0.063090 0.094525
v 0.016441 -0.064767 0.094535
v 0.019364 -0.064505 0.094564
v -0.020813 -0.064505 0.094564
v -0.017890 -0.064767 0.094535
v 0.013867 -0.065269 0.094525
v -0.015317 -0.065269 0.094525
v -0.009067 -0.065316 0.094540
v 0.007618 -0.065316 0.094540
v 0.016030 -0.016668 0.095317
v 0.014702 -0.016392 0.095283
v 0.015003 -0.015358 0.094513
v -0.016452 -0.015358 0.094513
v -0.016150 -0.016392 0.095283
v -0.017479 -0.016668 0.095317
v 0.014836 -0.016516 0.098151
v -0.016285 -0.016516 0.098151
v 0.016796 -0.017829 0.098156
v 0.016083 -0.016806 0.098233
v -0.017531 -0.016806 0.098233
v -0.018245 -0.017829 0.098156
v 0.016863 -0.017675 0.095208
v -0.018312 -0.017675 0.095208
v 0.017093 -0.019214 0.095241
v -0.018542 -0.019214 0.095241
v 0.018092 -0.056925 0.094527
v -0.019541 -0.056925 0.094527
v 0.016939 -0.019320 0.098177
v 0.017179 -0.057008 0.095379
v -0.018628 -0.057008 0.095379
v -0.018389 -0.019320 0.098177
v 0.017155 -0.060534 0.095090
v -0.018604 -0.060534 0.095090
v 0.017017 -0.057310 0.098722
v -0.018466 -0.057310 0.098722
v 0.016809 -0.062396 0.095154
v -0.018257 -0.062396 0.095154
v 0.016900 -0.060542 0.098746
v -0.018349 -0.060542 0.098746
v 0.015835 -0.063929 0.095040
v -0.017284 -0.063929 0.095040
v 0.015693 -0.063763 0.098789
v 0.016621 -0.062354 0.098794
v -0.018070 -0.062354 0.098794
v -0.017142 -0.063763 0.098789
v 0.014043 -0.064381 0.095023
v -0.015493 -0.064381 0.095023
v 0.007578 -0.064415 0.095052
v -0.009027 -0.064415 0.095052
v 0.014019 -0.064170 0.098992
v -0.015469 -0.064170 0.098992
v -0.000725 -0.065196 0.094551
v 0.007313 -0.064209 0.099363
v -0.000725 -0.064412 0.095149
v -0.008762 -0.064209 0.099363
v -0.016144 -0.015431 0.116304
v -0.017337 -0.016587 0.115675
v 0.015888 -0.016587 0.115675
v 0.014695 -0.015431 0.116304
v -0.016034 -0.016493 0.111990
v -0.015792 -0.016298 0.115787
v 0.014343 -0.016298 0.115787
v 0.014585 -0.016493 0.111990
v -0.018150 -0.017250 0.115720
v 0.016701 -0.017250 0.115720
v -0.017361 -0.016728 0.111910
v 0.015912 -0.016728 0.111910
v -0.018366 -0.018639 0.111871
v -0.018077 -0.017380 0.111743
v 0.016628 -0.017380 0.111743
v 0.016918 -0.018639 0.111871
v -0.018515 -0.018538 0.115808
v 0.017066 -0.018538 0.115808
v -0.018595 -0.057165 0.115325
v 0.017146 -0.057165 0.115325
v -0.018490 -0.057099 0.110870
v -0.018525 -0.060717 0.115608
v 0.017076 -0.060717 0.115608
v 0.017041 -0.057099 0.110870
v -0.018217 -0.062439 0.115587
v 0.016768 -0.062439 0.115587
v -0.018324 -0.060914 0.110649
v 0.016875 -0.060914 0.110649
v -0.017261 -0.063960 0.115818
v -0.017202 -0.063694 0.110602
v -0.018068 -0.062402 0.110505
v 0.016619 -0.062402 0.110505
v 0.015753 -0.063694 0.110602
v 0.015812 -0.063960 0.115818
v -0.015223 -0.064172 0.110787
v 0.013774 -0.064172 0.110787
v -0.014954 -0.064325 0.115582
v 0.013506 -0.064325 0.115582
v -0.010064 -0.064214 0.110424
v 0.008615 -0.064214 0.110424
v -0.009668 -0.064304 0.115290
v -0.000725 -0.065204 0.116267
v 0.008219 -0.064304 0.115290
v -0.000725 -0.064230 0.110175
v -0.000725 -0.064234 0.099265
v -0.000725 -0.064341 0.115306
v 0.021892 -0.045750 0.101503
v 0.021892 -0.045750 0.108326
v 0.021819 -0.039960 0.111531
v 0.021856 -0.034046 0.108333
v 0.021856 -0.034046 0.101496
v 0.021819 -0.039960 0.098298
v 0.022375 -0.033299 0.107988
v 0.022398 -0.033806 0.108965
v 0.022375 -0.033299 0.101841
v 0.022398 -0.033806 0.100864
v 0.022337 -0.039406 0.112169
v 0.022337 -0.039406 0.097660
v 0.022386 -0.040476 0.112115
v 0.022386 -0.040476 0.097715
v 0.022386 -0.045846 0.108998
v 0.022386 -0.045846 0.100831
v 0.022352 -0.046377 0.108059
v 0.022352 -0.046377 0.101770
v 0.027223 -0.046483 0.101640
v 0.027223 -0.046483 0.108189
v 0.027191 -0.045915 0.109111
v 0.027191 -0.045915 0.100718
v 0.027242 -0.040228 0.112342
v 0.027226 -0.039296 0.097534
v 0.027226 -0.039296 0.112295
v 0.027212 -0.033745 0.109074
v 0.027098 -0.033175 0.107985
v 0.027098 -0.033175 0.101845
v 0.027890 -0.034125 0.108894
v 0.027212 -0.033744 0.100755
v 0.027890 -0.034125 0.100936
v 0.027919 -0.039327 0.111819
v 0.027242 -0.040228 0.097487
v 0.027919 -0.039327 0.098010
v 0.027840 -0.040395 0.111934
v 0.027840 -0.040396 0.097895
v 0.027874 -0.045626 0.108849
v 0.027871 -0.046147 0.101814
v 0.027874 -0.045626 0.100981
v 0.027936 -0.033594 0.107855
v 0.027936 -0.033594 0.101975
v 0.028858 -0.034693 0.103533
v 0.028858 -0.034694 0.106296
v 0.028892 -0.036348 0.101036
v 0.028786 -0.041305 0.110175
v 0.028823 -0.038454 0.110128
v 0.028823 -0.038454 0.099702
v 0.028786 -0.041305 0.099655
v 0.028833 -0.043506 0.108853
v 0.028833 -0.043506 0.100976
v 0.028833 -0.045060 0.106244
v 0.028833 -0.045061 0.103586
v 0.027871 -0.046147 0.108015
v 0.028932 -0.035909 0.105971
v 0.028948 -0.036954 0.101822
v 0.028963 -0.038799 0.100653
v 0.028953 -0.041033 0.100803
v 0.028892 -0.036348 0.108794
v 0.028948 -0.036954 0.108007
v 0.028948 -0.042738 0.101996
v 0.028946 -0.043792 0.103931
v 0.028921 -0.042677 0.107749
v 0.028938 -0.040940 0.108815
v 0.028940 -0.038759 0.108869
v 0.028932 -0.035909 0.103858
v 0.033357 -0.036603 0.105693
v 0.033348 -0.037650 0.107162
v 0.033467 -0.038761 0.107690
v 0.033371 -0.040338 0.107836
v 0.033387 -0.042065 0.106976
v 0.028946 -0.043792 0.105898
v 0.033803 -0.043515 0.103976
v 0.033622 -0.042668 0.102049
v 0.033589 -0.040932 0.101047
v 0.033383 -0.038780 0.101270
v 0.033368 -0.036401 0.104105
v 0.033278 -0.037151 0.102334
v 0.034050 -0.037460 0.102680
v 0.034069 -0.037002 0.105467
v 0.034062 -0.036866 0.104127
v 0.034097 -0.037899 0.106618
v 0.034013 -0.038883 0.101638
v 0.034071 -0.040739 0.101762
v 0.033993 -0.042036 0.102508
v 0.034017 -0.042693 0.103978
v 0.034090 -0.038881 0.107186
v 0.034065 -0.040191 0.107371
v 0.034111 -0.039967 0.104323
v 0.034063 -0.041703 0.106687
v 0.034062 -0.042521 0.105560
v 0.033748 -0.043121 0.105872
v 0.043130 0.014822 -0.032991
v 0.050726 0.002849 -0.033040
v 0.043402 -0.010665 -0.032956
v 0.029756 -0.010725 -0.032921
v 0.021918 0.001658 -0.033004
v 0.028805 0.014379 -0.032983
v 0.043061 0.014733 -0.044210
v 0.050455 0.002924 -0.044187
v 0.042216 -0.010822 -0.044283
v 0.029490 -0.010712 -0.044500
v 0.021933 0.001583 -0.044525
v 0.028577 0.014095 -0.044534
v 0.028590 -0.010013 -0.044495
v 0.028720 -0.010167 -0.032968
v 0.044136 -0.010101 -0.032944
v 0.044072 -0.010141 -0.044064
v 0.050665 0.001177 -0.043174
v 0.050795 0.001363 -0.033084
v 0.044000 0.014411 -0.033107
v 0.044121 0.013889 -0.044103
v 0.029985 0.014832 -0.044709
v 0.029689 0.014814 -0.032954
v 0.022031 0.002706 -0.032955
v 0.021973 0.002632 -0.044537
v 0.022591 0.002658 -0.045316
v 0.022679 0.001701 -0.045328
v 0.028928 -0.009634 -0.045292
v 0.029757 -0.010316 -0.045279
v 0.041797 -0.010012 -0.045284
v 0.043456 -0.009247 -0.045265
v 0.049586 0.000684 -0.045254
v 0.049695 0.002799 -0.045277
v 0.043956 0.012962 -0.045213
v 0.042480 0.013837 -0.045310
v 0.030433 0.014168 -0.045328
v 0.028959 0.013316 -0.045328
v 0.027327 0.002624 -0.045328
v 0.027358 0.001485 -0.045342
v 0.028030 0.002652 -0.045818
v 0.027937 0.001684 -0.045907
v 0.031485 -0.005400 -0.045356
v 0.031768 -0.004984 -0.046411
v 0.032223 -0.006036 -0.045317
v 0.032686 -0.005515 -0.046200
v 0.040443 -0.005995 -0.045349
v 0.040337 -0.005494 -0.046149
v 0.041422 -0.005650 -0.045349
v 0.040990 -0.005150 -0.046010
v 0.045429 0.001306 -0.045363
v 0.044831 0.001504 -0.046105
v 0.044909 0.002405 -0.046003
v 0.045395 0.002530 -0.045348
v 0.041059 0.009276 -0.045866
v 0.041235 0.009687 -0.045323
v 0.040260 0.009606 -0.045999
v 0.040208 0.010261 -0.045358
v 0.032452 0.009581 -0.045760
v 0.032377 0.010165 -0.045335
v 0.031735 0.009075 -0.045919
v 0.031001 0.009506 -0.045336
v 0.041086 0.009061 -0.052067
v 0.040273 0.009543 -0.051978
v 0.032494 0.009559 -0.052060
v 0.031687 0.008943 -0.052090
v 0.027998 0.002513 -0.052227
v 0.027954 0.001669 -0.052198
v 0.031793 -0.005011 -0.052089
v 0.032521 -0.005489 -0.052098
v 0.040228 -0.005473 -0.052166
v 0.041071 -0.004973 -0.051894
v 0.044739 0.001366 -0.052052
v 0.044718 0.002742 -0.051852
v 0.032714 -0.005124 -0.052609
v 0.031996 -0.004670 -0.052608
v 0.028349 0.001662 -0.052630
v 0.028501 0.002441 -0.052637
v 0.031978 0.008450 -0.052632
v 0.032936 0.008974 -0.052638
v 0.039897 0.009121 -0.052625
v 0.040812 0.008497 -0.052629
v 0.044044 0.002810 -0.052614
v 0.044193 0.001319 -0.052585
v 0.040871 -0.004560 -0.052602
v 0.039971 -0.005083 -0.052612
v 0.034457 0.007472 -0.052762
v 0.032669 0.006498 -0.052744
v 0.030742 0.003088 -0.052766
v 0.030643 0.001260 -0.052738
v 0.032334 -0.002029 -0.052765
v 0.034119 -0.003262 -0.052747
v 0.038353 -0.003402 -0.052759
v 0.039885 -0.002512 -0.052770
v 0.041935 0.000768 -0.052783
v 0.042112 0.002803 -0.052783
v 0.040358 0.006324 -0.052747
v 0.038487 0.007369 -0.052776
v 0.031438 0.004794 -0.052812
v 0.036332 0.007813 -0.052763
v 0.041495 0.004793 -0.052784
v 0.041223 -0.000912 -0.052804
v 0.036226 -0.003662 -0.052785
v 0.031370 -0.000638 -0.052784
v 0.034522 0.007272 -0.053442
v 0.032829 0.006272 -0.053344
v 0.030953 0.003100 -0.053318
v 0.030916 0.001367 -0.053362
v 0.032476 -0.001883 -0.053355
v 0.034130 -0.003006 -0.053239
v 0.038244 -0.003207 -0.053312
v 0.039813 -0.002314 -0.053317
v 0.041794 0.000832 -0.053280
v 0.041947 0.002673 -0.053358
v 0.040033 0.006280 -0.053321
v 0.038378 0.007224 -0.053352
v 0.031534 0.004704 -0.053294
v 0.036381 0.007594 -0.053458
v 0.041407 0.004620 -0.053377
v 0.041057 -0.000891 -0.053385
v 0.036242 -0.003505 -0.053313
v 0.031501 -0.000531 -0.053374
v 0.031644 0.004766 -0.082145
v 0.031028 0.003028 -0.082206
v 0.031018 0.001104 -0.082155
v 0.031614 -0.000584 -0.082172
v 0.032726 -0.002012 -0.082155
v 0.034272 -0.002978 -0.082159
v 0.036292 -0.003438 -0.082158
v 0.038332 -0.003075 -0.082203
v 0.039904 -0.002110 -0.082203
v 0.041159 -0.000589 -0.082145
v 0.041716 0.000938 -0.082160
v 0.041833 0.002716 -0.082173
v 0.041329 0.004654 -0.082042
v 0.040100 0.006145 -0.082114
v 0.038380 0.007109 -0.082164
v 0.036631 0.007501 -0.082131
v 0.034571 0.007231 -0.082112
v 0.032960 0.006268 -0.082190
v 0.034525 0.007657 -0.082367
v 0.036759 0.007882 -0.082368
v 0.038575 0.007420 -0.082357
v 0.040297 0.006720 -0.082358
v 0.041865 0.004943 -0.082365
v 0.042495 0.002890 -0.082366
v 0.042296 0.000834 -0.082365
v 0.041689 -0.000844 -0.082372
v 0.040370 -0.002428 -0.082372
v 0.038510 -0.003494 -0.082372
v 0.036210 -0.003887 -0.082372
v 0.034027 -0.003427 -0.082373
v 0.032415 -0.002406 -0.082378
v 0.031271 -0.000759 -0.082378
v 0.030535 0.000973 -0.082376
v 0.030637 0.003103 -0.082376
v 0.031258 0.005075 -0.082372
v 0.032658 0.006724 -0.082372
v 0.030947 0.003023 -0.081679
v 0.030956 0.001126 -0.081635
v 0.031542 -0.000599 -0.081657
v 0.032687 -0.002068 -0.081641
v 0.034219 -0.003032 -0.081637
v 0.036284 -0.003495 -0.081654
v 0.038343 -0.003154 -0.081667
v 0.039895 -0.002220 -0.081676
v 0.041206 -0.000611 -0.081599
v 0.041801 0.000934 -0.081624
v 0.041929 0.002709 -0.081606
v 0.041371 0.004650 -0.081527
v 0.040159 0.006168 -0.081636
v 0.038477 0.007172 -0.081632
v 0.036633 0.007579 -0.081635
v 0.034545 0.007276 -0.081638
v 0.032940 0.006356 -0.081711
v 0.031586 0.004788 -0.081685
v 0.029998 0.014351 -0.082424
v 0.028016 0.012941 -0.082418
v 0.022449 0.003270 -0.082425
v 0.022292 0.001038 -0.082457
v 0.027987 -0.008854 -0.082437
v 0.030496 -0.010280 -0.082427
v 0.041451 -0.010189 -0.082408
v 0.043645 -0.008944 -0.082398
v 0.049004 0.000276 -0.082416
v 0.048947 0.003562 -0.082372
v 0.043648 0.012973 -0.082437
v 0.041111 0.014275 -0.082433
v 0.027588 0.013411 -0.083315
v 0.029935 0.014905 -0.083657
v 0.041497 0.014782 -0.083645
v 0.044061 0.013442 -0.083671
v 0.049613 0.003935 -0.083451
v 0.049760 0.000309 -0.083765
v 0.044120 -0.009414 -0.083282
v 0.041692 -0.010822 -0.083484
v 0.030225 -0.010830 -0.083198
v 0.027595 -0.009329 -0.083324
v 0.021656 0.001051 -0.083260
v 0.021848 0.003383 -0.083237
v 0.022343 0.003813 -0.092051
v 0.027584 0.013274 -0.092364
v 0.030237 0.014799 -0.092616
v 0.041370 0.014639 -0.091900
v 0.043946 0.013214 -0.092003
v 0.049556 0.003832 -0.092115
v 0.049370 -0.000190 -0.092414
v 0.044147 -0.009281 -0.092311
v 0.041219 -0.010807 -0.092228
v 0.029698 -0.010699 -0.092324
v 0.027482 -0.009041 -0.092259
v 0.021900 0.000747 -0.091976
v 0.042633 0.009754 -0.095252
v 0.039779 0.011399 -0.095245
v 0.031637 0.011734 -0.095230
v 0.029076 0.010354 -0.095189
v 0.025852 0.003357 -0.095229
v 0.025677 0.000802 -0.095192
v 0.029328 -0.006503 -0.095219
v 0.031074 -0.008324 -0.095001
v 0.040279 -0.008153 -0.094996
v 0.042356 -0.006667 -0.095199
v 0.046739 0.000661 -0.095172
v 0.046888 0.003111 -0.095095
v 0.043258 0.011711 -0.093967
v 0.040522 0.013021 -0.094115
v 0.030830 0.013531 -0.094024
v 0.028493 0.012396 -0.093919
v 0.023903 0.003710 -0.094021
v 0.023678 0.000911 -0.094063
v 0.028443 -0.007981 -0.094047
v 0.030426 -0.009531 -0.093937
v 0.040900 -0.009599 -0.093876
v 0.043326 -0.008487 -0.093817
v 0.048320 0.000200 -0.093843
v 0.048343 0.003615 -0.093907
v 0.042803 0.014010 -0.091912
v 0.042958 0.014240 -0.083608
v 0.042537 0.013538 -0.082374
v 0.028574 0.014405 -0.083385
v 0.028602 0.014174 -0.092818
v 0.021742 0.002114 -0.092052
v 0.023695 0.002274 -0.094049
v 0.021524 0.002169 -0.083222
v 0.028850 0.013846 -0.082419
v 0.022291 0.002012 -0.082418
v 0.041973 0.012404 -0.094178
v 0.048504 0.001886 -0.093945
v 0.049645 0.001898 -0.092019
v 0.050010 0.001744 -0.083702
v 0.049102 0.001767 -0.082358
v 0.042294 -0.009241 -0.093881
v 0.043056 -0.010445 -0.092261
v 0.042999 -0.010359 -0.083524
v 0.042670 -0.009851 -0.082395
v 0.029442 -0.008997 -0.094106
v 0.028573 -0.010236 -0.092340
v 0.028651 -0.010295 -0.083465
v 0.028896 -0.009619 -0.082404
v 0.042947 0.014350 -0.032400
v 0.050314 0.002497 -0.032400
v 0.043020 -0.010151 -0.032398
v 0.029969 -0.010139 -0.032391
v 0.022578 0.001743 -0.032390
v 0.028986 0.013768 -0.032396
v 0.029088 -0.009593 -0.032387
v 0.043888 -0.009397 -0.032390
v 0.050202 0.001523 -0.032392
v 0.043906 0.013721 -0.032404
v 0.029953 0.014314 -0.032398
v 0.022677 0.002461 -0.032387
v 0.050174 0.000311 -0.044303
v 0.044253 -0.009568 -0.044826
v -0.023558 -0.045750 0.108150
v -0.023558 -0.045750 0.101328
v -0.023485 -0.039960 0.098122
v -0.023522 -0.034046 0.101321
v -0.023522 -0.034046 0.108157
v -0.023485 -0.039960 0.111355
v -0.024041 -0.033299 0.101665
v -0.024063 -0.033806 0.100688
v -0.024041 -0.033299 0.107812
v -0.024063 -0.033806 0.108790
v -0.024003 -0.039406 0.097484
v -0.024003 -0.039406 0.111993
v -0.024051 -0.040476 0.097538
v -0.024051 -0.040476 0.111938
v -0.024052 -0.045846 0.100655
v -0.024052 -0.045846 0.108823
v -0.024018 -0.046377 0.101594
v -0.024018 -0.046377 0.107883
v -0.028889 -0.046483 0.108013
v -0.028889 -0.046483 0.101465
v -0.028857 -0.045915 0.100542
v -0.028857 -0.045915 0.108935
v -0.028908 -0.040228 0.097311
v -0.028891 -0.039296 0.112119
v -0.028891 -0.039296 0.097358
v -0.028877 -0.033745 0.100580
v -0.028763 -0.033175 0.101669
v -0.028763 -0.033175 0.107809
v -0.029556 -0.034125 0.100760
v -0.028877 -0.033745 0.108898
v -0.029556 -0.034125 0.108718
v -0.029584 -0.039327 0.097835
v -0.028908 -0.040228 0.112166
v -0.029584 -0.039327 0.111643
v -0.029506 -0.040395 0.097719
v -0.029506 -0.040395 0.111758
v -0.029539 -0.045626 0.100804
v -0.029536 -0.046147 0.107839
v -0.029539 -0.045626 0.108673
v -0.029602 -0.033594 0.101799
v -0.029602 -0.033594 0.107679
v -0.030524 -0.034693 0.106120
v -0.030524 -0.034694 0.103357
v -0.030557 -0.036348 0.108618
v -0.030452 -0.041305 0.099479
v -0.030488 -0.038454 0.099526
v -0.030488 -0.038454 0.109952
v -0.030452 -0.041305 0.109998
v -0.030499 -0.043506 0.100801
v -0.030499 -0.043506 0.108677
v -0.030499 -0.045060 0.103409
v -0.030499 -0.045060 0.106068
v -0.029536 -0.046147 0.101639
v -0.030597 -0.035909 0.103682
v -0.030614 -0.036954 0.107831
v -0.030628 -0.038799 0.109000
v -0.030619 -0.041033 0.108850
v -0.030557 -0.036348 0.100860
v -0.030614 -0.036954 0.101646
v -0.030614 -0.042738 0.107658
v -0.030612 -0.043792 0.105722
v -0.030587 -0.042677 0.101904
v -0.030604 -0.040940 0.100839
v -0.030606 -0.038759 0.100784
v -0.030597 -0.035909 0.105795
v -0.035022 -0.036603 0.103961
v -0.035014 -0.037650 0.102491
v -0.035133 -0.038761 0.101964
v -0.035037 -0.040338 0.101818
v -0.035053 -0.042065 0.102678
v -0.030612 -0.043792 0.103755
v -0.035469 -0.043515 0.105677
v -0.035288 -0.042668 0.107604
v -0.035254 -0.040932 0.108606
v -0.035049 -0.038780 0.108384
v -0.035034 -0.036401 0.105549
v -0.034944 -0.037151 0.107319
v -0.035715 -0.037460 0.106974
v -0.035735 -0.037002 0.104187
v -0.035727 -0.036866 0.105527
v -0.035763 -0.037899 0.103036
v -0.035679 -0.038883 0.108015
v -0.035736 -0.040739 0.107891
v -0.035658 -0.042036 0.107146
v -0.035683 -0.042693 0.105675
v -0.035755 -0.038882 0.102468
v -0.035731 -0.040191 0.102283
v -0.035777 -0.039967 0.105330
v -0.035729 -0.041702 0.102967
v -0.035727 -0.042521 0.104094
v -0.035414 -0.043121 0.103781
v -0.028165 -0.036526 -0.048534
v -0.028165 -0.043349 -0.048534
v -0.028092 -0.046554 -0.054324
v -0.028129 -0.043356 -0.060238
v -0.028129 -0.036519 -0.060238
v -0.028092 -0.033321 -0.054324
v -0.028648 -0.043011 -0.060985
v -0.028671 -0.043988 -0.060478
v -0.028648 -0.036864 -0.060985
v -0.028671 -0.035887 -0.060478
v -0.028610 -0.047192 -0.054878
v -0.028610 -0.032683 -0.054878
v -0.028659 -0.047138 -0.053808
v -0.028659 -0.032738 -0.053808
v -0.028659 -0.044021 -0.048438
v -0.028659 -0.035854 -0.048438
v -0.028626 -0.043082 -0.047907
v -0.028626 -0.036793 -0.047907
v -0.033496 -0.036663 -0.047801
v -0.033496 -0.043212 -0.047801
v -0.033464 -0.044134 -0.048369
v -0.033464 -0.035741 -0.048369
v -0.033515 -0.047365 -0.054056
v -0.033499 -0.032557 -0.054988
v -0.033499 -0.047318 -0.054988
v -0.033485 -0.044096 -0.060540
v -0.033371 -0.043007 -0.061109
v -0.033371 -0.036867 -0.061109
v -0.034163 -0.043916 -0.060159
v -0.033485 -0.035778 -0.060540
v -0.034163 -0.035958 -0.060159
v -0.034192 -0.046842 -0.054957
v -0.033515 -0.032510 -0.054056
v -0.034192 -0.033033 -0.054957
v -0.034114 -0.046957 -0.053889
v -0.034114 -0.032918 -0.053889
v -0.034147 -0.043872 -0.048658
v -0.034144 -0.036837 -0.048137
v -0.034147 -0.036003 -0.048658
v -0.034209 -0.042878 -0.060690
v -0.034209 -0.036997 -0.060690
v -0.035132 -0.038556 -0.059591
v -0.035132 -0.041319 -0.059591
v -0.035165 -0.036058 -0.057936
v -0.035059 -0.045198 -0.052979
v -0.035096 -0.045150 -0.055830
v -0.035096 -0.034724 -0.055830
v -0.035059 -0.034678 -0.052979
v -0.035106 -0.043876 -0.050778
v -0.035106 -0.035999 -0.050778
v -0.035106 -0.041267 -0.049224
v -0.035106 -0.038609 -0.049224
v -0.034144 -0.043038 -0.048137
v -0.035205 -0.040994 -0.058375
v -0.035222 -0.036845 -0.057330
v -0.035236 -0.035676 -0.055485
v -0.035226 -0.035826 -0.053251
v -0.035165 -0.043817 -0.057936
v -0.035222 -0.043030 -0.057330
v -0.035222 -0.037019 -0.051546
v -0.035219 -0.038954 -0.050492
v -0.035194 -0.042772 -0.051607
v -0.035211 -0.043838 -0.053344
v -0.035213 -0.043892 -0.055525
v -0.035205 -0.038881 -0.058375
v -0.039630 -0.040715 -0.057681
v -0.039621 -0.042185 -0.056634
v -0.039740 -0.042713 -0.055523
v -0.039644 -0.042858 -0.053946
v -0.039660 -0.041999 -0.052219
v -0.035219 -0.040921 -0.050492
v -0.040076 -0.038999 -0.050769
v -0.039895 -0.037072 -0.051616
v -0.039862 -0.036070 -0.053352
v -0.039656 -0.036293 -0.055504
v -0.039641 -0.039128 -0.057883
v -0.039551 -0.037357 -0.057133
v -0.040323 -0.037702 -0.056824
v -0.040342 -0.040490 -0.057282
v -0.040335 -0.039150 -0.057418
v -0.040370 -0.041641 -0.056385
v -0.040286 -0.036661 -0.055401
v -0.040344 -0.036785 -0.053545
v -0.040266 -0.037531 -0.052248
v -0.040290 -0.039001 -0.051591
v -0.040363 -0.042208 -0.055403
v -0.040338 -0.042393 -0.054093
v -0.040385 -0.039346 -0.054317
v -0.040336 -0.041710 -0.052582
v -0.040335 -0.040583 -0.051763
v -0.040022 -0.040895 -0.051163
v -0.046092 0.014095 -0.044534
v -0.045863 0.014379 -0.032983
v -0.044979 0.014814 -0.032954
v -0.052696 0.002632 -0.044537
v -0.045710 0.013316 -0.045328
v -0.052078 0.002658 -0.045316
v -0.051989 0.001701 -0.045328
v -0.047341 0.002624 -0.045328
v -0.044684 0.014832 -0.044709
v -0.042291 0.010165 -0.045335
v -0.043667 0.009506 -0.045336
v -0.046079 -0.010013 -0.044495
v -0.052735 0.001583 -0.044525
v -0.045740 -0.009634 -0.045292
v -0.047311 0.001485 -0.045342
v -0.044912 -0.010316 -0.045279
v -0.043183 -0.005400 -0.045356
v -0.042445 -0.006036 -0.045317
v -0.045179 -0.010712 -0.044500
v -0.032872 -0.010012 -0.045284
v -0.030712 0.012962 -0.045213
v -0.024973 0.002799 -0.045277
v -0.029274 0.002530 -0.045348
v -0.030547 0.013889 -0.044103
v -0.032189 0.013837 -0.045310
v -0.033434 0.009687 -0.045323
v -0.031607 0.014733 -0.044210
v -0.034460 0.010261 -0.045358
v -0.044235 0.014168 -0.045328
v -0.033609 0.009276 -0.045866
v -0.034408 0.009606 -0.045999
v -0.042217 0.009581 -0.045760
v -0.042933 0.009075 -0.045919
v -0.046732 0.001684 -0.045907
v -0.042901 -0.004984 -0.046411
v -0.041982 -0.005515 -0.046200
v -0.034226 -0.005995 -0.045349
v -0.034332 -0.005494 -0.046149
v -0.033679 -0.005150 -0.046010
v -0.029239 0.001306 -0.045363
v -0.033246 -0.005650 -0.045349
v -0.029838 0.001504 -0.046105
v -0.029760 0.002405 -0.046003
v -0.042147 -0.005489 -0.052098
v -0.046715 0.001669 -0.052198
v -0.042174 0.009559 -0.052060
v -0.033583 0.009061 -0.052067
v -0.029951 0.002742 -0.051852
v -0.033597 -0.004973 -0.051894
v -0.034440 -0.005473 -0.052166
v -0.046639 0.002652 -0.045818
v -0.046671 0.002513 -0.052227
v -0.042981 0.008943 -0.052090
v -0.042691 0.008450 -0.052632
v -0.042875 -0.005011 -0.052089
v -0.046320 0.001662 -0.052630
v -0.034698 -0.005083 -0.052612
v -0.030475 0.001319 -0.052585
v -0.029930 0.001366 -0.052052
v -0.030625 0.002810 -0.052614
v -0.041732 0.008974 -0.052638
v -0.034395 0.009543 -0.051978
v -0.034772 0.009121 -0.052625
v -0.033797 -0.004560 -0.052602
v -0.041954 -0.005124 -0.052609
v -0.040212 0.007472 -0.052762
v -0.041999 0.006498 -0.052744
v -0.046168 0.002441 -0.052637
v -0.043231 0.004794 -0.052812
v -0.043926 0.003088 -0.052766
v -0.044026 0.001260 -0.052738
v -0.042672 -0.004670 -0.052608
v -0.042335 -0.002029 -0.052765
v -0.040550 -0.003262 -0.052747
v -0.038443 -0.003662 -0.052785
v -0.036316 -0.003402 -0.052759
v -0.034783 -0.002512 -0.052770
v -0.032733 0.000768 -0.052783
v -0.032557 0.002803 -0.052783
v -0.033857 0.008497 -0.052629
v -0.034311 0.006324 -0.052747
v -0.036182 0.007369 -0.052776
v -0.038337 0.007813 -0.052763
v -0.033174 0.004793 -0.052784
v -0.033445 -0.000912 -0.052804
v -0.043299 -0.000638 -0.052784
v -0.043753 0.001367 -0.053362
v -0.043722 0.003023 -0.081679
v -0.043641 0.003028 -0.082206
v -0.043650 0.001104 -0.082155
v -0.043167 -0.000531 -0.053374
v -0.043713 0.001126 -0.081635
v -0.043127 -0.000599 -0.081657
v -0.042193 -0.001883 -0.053355
v -0.043054 -0.000584 -0.082172
v -0.041943 -0.002012 -0.082155
v -0.040538 -0.003006 -0.053239
v -0.041982 -0.002068 -0.081641
v -0.040450 -0.003032 -0.081637
v -0.038427 -0.003505 -0.053313
v -0.038385 -0.003495 -0.081654
v -0.040396 -0.002978 -0.082159
v -0.036425 -0.003207 -0.053312
v -0.036326 -0.003154 -0.081667
v -0.038377 -0.003438 -0.082158
v -0.034856 -0.002314 -0.053317
v -0.034773 -0.002220 -0.081676
v -0.036337 -0.003075 -0.082203
v -0.033611 -0.000891 -0.053385
v -0.033462 -0.000611 -0.081599
v -0.034765 -0.002110 -0.082203
v -0.032874 0.000832 -0.053280
v -0.033509 -0.000589 -0.082145
v -0.032952 0.000938 -0.082160
v -0.032722 0.002673 -0.053358
v -0.032868 0.000934 -0.081624
v -0.032836 0.002716 -0.082173
v -0.033261 0.004620 -0.053377
v -0.032740 0.002709 -0.081606
v -0.033339 0.004654 -0.082042
v -0.034635 0.006280 -0.053321
v -0.033297 0.004650 -0.081527
v -0.034510 0.006168 -0.081636
v -0.036291 0.007224 -0.053352
v -0.036192 0.007172 -0.081632
v -0.034568 0.006145 -0.082114
v -0.038287 0.007594 -0.053458
v -0.038036 0.007579 -0.081635
v -0.036288 0.007109 -0.082164
v -0.040146 0.007272 -0.053442
v -0.038038 0.007501 -0.082131
v -0.040097 0.007231 -0.082112
v -0.041840 0.006272 -0.053344
v -0.040123 0.007276 -0.081638
v -0.041729 0.006356 -0.081711
v -0.043715 0.003100 -0.053318
v -0.043135 0.004704 -0.053294
v -0.043083 0.004788 -0.081685
v -0.043025 0.004766 -0.082145
v -0.041709 0.006268 -0.082190
v -0.044032 0.003103 -0.082376
v -0.043397 -0.000759 -0.082378
v -0.032804 0.004943 -0.082365
v -0.040143 0.007657 -0.082367
v -0.032980 -0.000844 -0.082372
v -0.032373 0.000834 -0.082365
v -0.034298 -0.002428 -0.082372
v -0.037909 0.007882 -0.082368
v -0.033558 0.014275 -0.082433
v -0.036094 0.007420 -0.082357
v -0.034371 0.006720 -0.082358
v -0.031020 0.012973 -0.082437
v -0.032132 0.013538 -0.082374
v -0.030608 0.013442 -0.083671
v -0.031710 0.014240 -0.083608
v -0.033171 0.014782 -0.083645
v -0.044734 0.014905 -0.083657
v -0.044671 0.014351 -0.082424
v -0.033299 0.014639 -0.091900
v -0.046175 0.012396 -0.093919
v -0.047084 0.013274 -0.092364
v -0.046067 0.014174 -0.092818
v -0.044432 0.014799 -0.092616
v -0.043839 0.013531 -0.094024
v -0.047081 0.013411 -0.083315
v -0.046095 0.014405 -0.083385
v -0.050766 0.003710 -0.094021
v -0.052326 0.003813 -0.092051
v -0.042010 0.006724 -0.082372
v -0.043411 0.005075 -0.082372
v -0.052821 0.003383 -0.083237
v -0.052220 0.003270 -0.082425
v -0.046652 0.012941 -0.082418
v -0.045819 0.013846 -0.082419
v -0.052376 0.001038 -0.082457
v -0.044134 0.000973 -0.082376
v -0.052377 0.002012 -0.082418
v -0.050973 0.002274 -0.094049
v -0.052769 0.000747 -0.091976
v -0.053013 0.001051 -0.083260
v -0.053144 0.002169 -0.083222
v -0.050991 0.000911 -0.094063
v -0.052927 0.002114 -0.092052
v -0.034147 0.013021 -0.094115
v -0.034889 0.011399 -0.095245
v -0.043032 0.011734 -0.095230
v -0.031866 0.014010 -0.091912
v -0.030723 0.013214 -0.092003
v -0.031411 0.011711 -0.093967
v -0.032695 0.012404 -0.094178
v -0.025112 0.003832 -0.092115
v -0.025299 -0.000190 -0.092414
v -0.026349 0.000200 -0.093843
v -0.026165 0.001886 -0.093945
v -0.025056 0.003935 -0.083451
v -0.024659 0.001744 -0.083702
v -0.024909 0.000309 -0.083765
v -0.025024 0.001898 -0.092019
v -0.025665 0.000276 -0.082416
v -0.032173 0.002890 -0.082366
v -0.025722 0.003562 -0.082372
v -0.025567 0.001767 -0.082358
v -0.026326 0.003615 -0.093907
v -0.031342 -0.008487 -0.093817
v -0.033450 -0.010807 -0.092228
v -0.033769 -0.009599 -0.093876
v -0.032375 -0.009241 -0.093881
v -0.030548 -0.009414 -0.083282
v -0.030522 -0.009281 -0.092311
v -0.031670 -0.010359 -0.083524
v -0.031612 -0.010445 -0.092261
v -0.031024 -0.008944 -0.082398
v -0.036159 -0.003494 -0.082372
v -0.038459 -0.003887 -0.082372
v -0.033218 -0.010189 -0.082408
v -0.031999 -0.009851 -0.082395
v -0.032977 -0.010822 -0.083484
v -0.047186 -0.009041 -0.092259
v -0.044243 -0.009531 -0.093937
v -0.046226 -0.007981 -0.094047
v -0.045227 -0.008997 -0.094106
v -0.047074 -0.009329 -0.083324
v -0.044444 -0.010830 -0.083198
v -0.044970 -0.010699 -0.092324
v -0.046017 -0.010295 -0.083465
v -0.046095 -0.010236 -0.092340
v -0.044173 -0.010280 -0.082427
v -0.046682 -0.008854 -0.082437
v -0.045772 -0.009619 -0.082404
v -0.040642 -0.003427 -0.082373
v -0.042254 -0.002406 -0.082378
v -0.034389 -0.008153 -0.094996
v -0.043595 -0.008324 -0.095001
v -0.048817 0.003357 -0.095229
v -0.027780 0.003111 -0.095095
v -0.048992 0.000802 -0.095192
v -0.027930 0.000661 -0.095172
v -0.032035 0.009754 -0.095252
v -0.045592 0.010354 -0.095189
v -0.045341 -0.006503 -0.095219
v -0.032312 -0.006667 -0.095199
v -0.032453 -0.010822 -0.044283
v -0.031267 -0.010665 -0.032956
v -0.044912 -0.010725 -0.032921
v -0.052638 0.002706 -0.032955
v -0.045949 -0.010167 -0.032968
v -0.052750 0.001658 -0.033004
v -0.031539 0.014822 -0.032991
v -0.031649 -0.010151 -0.032398
v -0.044716 0.014314 -0.032398
v -0.052090 0.001743 -0.032390
v -0.024467 0.001523 -0.032392
v -0.024355 0.002497 -0.032400
v -0.051992 0.002461 -0.032387
v -0.023873 0.001363 -0.033084
v -0.023943 0.002849 -0.033040
v -0.045683 0.013768 -0.032396
v -0.030669 0.014411 -0.033107
v -0.030763 0.013721 -0.032404
v -0.031722 0.014350 -0.032400
v -0.045580 -0.009593 -0.032387
v -0.030781 -0.009397 -0.032390
v -0.030532 -0.010101 -0.032944
v -0.044699 -0.010139 -0.032391
v -0.024004 0.001177 -0.043174
v -0.030597 -0.010141 -0.044064
v -0.031212 -0.009247 -0.045265
v -0.030416 -0.009568 -0.044826
v -0.025082 0.000684 -0.045254
v -0.024214 0.002924 -0.044187
v -0.024494 0.000311 -0.044303
v 0.036641 0.005177 0.053445
v 0.038617 0.004508 0.053414
v 0.034664 0.004508 0.053414
v 0.039778 0.002835 0.053337
v 0.033504 0.002835 0.053337
v 0.039805 0.001060 0.053296
v 0.033477 0.001060 0.053296
v 0.036641 -0.001374 0.053352
v 0.039339 0.001138 0.054766
v 0.033943 0.001138 0.054766
v 0.036641 -0.000843 0.054894
v 0.039316 0.002698 0.054857
v 0.033965 0.002698 0.054857
v 0.038260 0.004124 0.054906
v 0.035022 0.004124 0.054906
v 0.036641 0.004622 0.054937
v 0.038411 -0.000324 0.054780
v 0.034871 -0.000324 0.054780
v 0.038744 -0.000608 0.053299
v 0.034538 -0.000608 0.053299
v 0.036641 0.001927 0.056026
v 0.038112 0.001892 0.055753
v 0.035169 0.001892 0.055753
v 0.036641 0.000417 0.055758
v 0.037663 0.000712 0.055726
v 0.035619 0.000712 0.055726
v 0.037671 0.003019 0.055742
v 0.035611 0.003019 0.055742
v 0.036641 0.003484 0.055721
v 0.039815 0.002932 -0.031025
v 0.033467 0.002932 -0.031025
v 0.038497 0.004694 -0.031095
v 0.034785 0.004694 -0.031095
v 0.036641 0.005259 -0.030960
v 0.039770 0.000768 -0.031194
v 0.033512 0.000768 -0.031194
v 0.038585 -0.000864 -0.031203
v 0.034696 -0.000864 -0.031203
v 0.036641 -0.001466 -0.031156
v 0.036793 0.006090 -0.031519
v 0.039263 0.005257 -0.031807
v 0.034202 0.005307 -0.031649
v 0.040689 0.003129 -0.031768
v 0.032716 0.003259 -0.031728
v 0.040715 0.000589 -0.031760
v 0.032653 0.000596 -0.031694
v 0.039354 -0.001523 -0.031674
v 0.033992 -0.001502 -0.031628
v 0.036518 -0.002368 -0.031627
v 0.039418 -0.001619 -0.032510
v 0.033783 -0.001549 -0.032645
v 0.036569 -0.002472 -0.032726
v 0.040919 0.000521 -0.032523
v 0.032606 0.000588 -0.032724
v 0.040872 0.003078 -0.032629
v 0.032477 0.003290 -0.032638
v 0.039337 0.005671 -0.032582
v 0.033945 0.005671 -0.032582
v 0.036641 0.006420 -0.032603
v 0.037916 0.006312 -0.032624
v 0.035366 0.006312 -0.032624
v 0.037941 0.005858 -0.031646
v 0.035453 0.005812 -0.031583
v 0.040051 0.004384 -0.031754
v 0.033272 0.004328 -0.031658
v 0.040254 0.004519 -0.032614
v 0.033027 0.004519 -0.032614
v 0.041048 0.001991 -0.032590
v 0.032396 0.001873 -0.032761
v 0.040826 0.002000 -0.031739
v 0.032446 0.001918 -0.031733
v 0.040460 -0.000704 -0.032540
v 0.033036 -0.000619 -0.032626
v 0.040336 -0.000533 -0.031736
v 0.033116 -0.000566 -0.031655
v 0.038066 -0.002241 -0.032604
v 0.035323 -0.002063 -0.032747
v 0.038171 -0.002150 -0.031701
v 0.035404 -0.002032 -0.031710
v -0.039092 0.005177 0.053445
v -0.037115 0.004508 0.053414
v -0.041068 0.004508 0.053414
v -0.035955 0.002835 0.053337
v -0.042229 0.002835 0.053337
v -0.035928 0.001060 0.053296
v -0.042256 0.001060 0.053296
v -0.039092 -0.001374 0.053352
v -0.036393 0.001138 0.054766
v -0.041790 0.001138 0.054766
v -0.039092 -0.000843 0.054894
v -0.036416 0.002698 0.054857
v -0.041767 0.002698 0.054857
v -0.037473 0.004124 0.054906
v -0.040711 0.004124 0.054906
v -0.039092 0.004622 0.054937
v -0.037322 -0.000324 0.054780
v -0.040861 -0.000324 0.054780
v -0.036989 -0.000608 0.053299
v -0.041195 -0.000608 0.053299
v -0.039091 0.001927 0.056026
v -0.037620 0.001892 0.055753
v -0.040563 0.001892 0.055753
v -0.039092 0.000417 0.055758
v -0.038070 0.000712 0.055726
v -0.040113 0.000712 0.055726
v -0.038062 0.003019 0.055742
v -0.040122 0.003019 0.055742
v -0.039092 0.003484 0.055721
v -0.035918 0.002932 -0.031025
v -0.042265 0.002932 -0.031025
v -0.037236 0.004694 -0.031095
v -0.040947 0.004694 -0.031095
v -0.039092 0.005259 -0.030960
v -0.035962 0.000768 -0.031194
v -0.042221 0.000768 -0.031194
v -0.037147 -0.000864 -0.031203
v -0.041036 -0.000864 -0.031203
v -0.039092 -0.001466 -0.031156
v -0.038939 0.006090 -0.031519
v -0.036470 0.005257 -0.031807
v -0.041530 0.005307 -0.031649
v -0.035044 0.003129 -0.031768
v -0.043017 0.003259 -0.031728
v -0.035017 0.000589 -0.031760
v -0.043079 0.000596 -0.031694
v -0.036379 -0.001523 -0.031674
v -0.041740 -0.001502 -0.031628
v -0.039215 -0.002368 -0.031627
v -0.036314 -0.001619 -0.032510
v -0.041949 -0.001549 -0.032645
v -0.039164 -0.002472 -0.032726
v -0.034813 0.000521 -0.032523
v -0.043126 0.000588 -0.032724
v -0.034861 0.003078 -0.032629
v -0.043255 0.003290 -0.032638
v -0.036396 0.005671 -0.032582
v -0.041787 0.005671 -0.032582
v -0.039092 0.006420 -0.032603
v -0.037817 0.006312 -0.032624
v -0.040366 0.006312 -0.032624
v -0.037792 0.005858 -0.031646
v -0.040279 0.005812 -0.031583
v -0.035681 0.004384 -0.031754
v -0.042460 0.004328 -0.031658
v -0.035478 0.004519 -0.032614
v -0.042705 0.004519 -0.032614
v -0.034685 0.001991 -0.032590
v -0.043336 0.001873 -0.032761
v -0.034906 0.002000 -0.031739
v -0.043286 0.001918 -0.031733
v -0.035272 -0.000704 -0.032540
v -0.042696 -0.000619 -0.032626
v -0.035396 -0.000533 -0.031736
v -0.042616 -0.000566 -0.031655
v -0.037666 -0.002241 -0.032604
v -0.040409 -0.002063 -0.032747
v -0.037562 -0.002150 -0.031701
v -0.040328 -0.002032 -0.031710
v -0.000788 -0.091523 -0.140752
v 0.000866 -0.091742 -0.140838
v 0.001829 -0.092747 -0.141183
v 0.002478 -0.094224 -0.141639
v 0.002171 -0.095730 -0.142166
v 0.001081 -0.096617 -0.142543
v -0.000438 -0.096864 -0.142591
v -0.001878 -0.096249 -0.142337
v -0.002761 -0.095043 -0.141994
v -0.002940 -0.093555 -0.141470
v -0.002157 -0.092286 -0.141055
v -0.002491 -0.091762 -0.141425
v -0.000859 -0.090933 -0.141025
v 0.001121 -0.091120 -0.140974
v 0.002491 -0.091996 -0.141675
v 0.003259 -0.093891 -0.142282
v 0.002448 -0.095969 -0.142895
v 0.001223 -0.096863 -0.143167
v -0.000496 -0.097109 -0.143201
v -0.002128 -0.096457 -0.143052
v -0.003244 -0.094977 -0.142481
v -0.003307 -0.093172 -0.141857
v 0.003002 -0.095161 -0.142613
v 0.003070 -0.092836 -0.142020
v 0.002335 -0.090992 -0.143877
v 0.003050 -0.092141 -0.144306
v 0.003116 -0.093423 -0.144657
v 0.002293 -0.095376 -0.145263
v 0.001044 -0.096089 -0.145593
v -0.000633 -0.096242 -0.145611
v -0.002058 -0.095691 -0.145368
v -0.003248 -0.094115 -0.144851
v -0.003247 -0.092232 -0.144186
v -0.002284 -0.090814 -0.143753
v -0.000711 -0.090063 -0.143476
v 0.001125 -0.090218 -0.143574
v 0.002147 -0.091097 -0.144214
v 0.000972 -0.090345 -0.143955
v -0.000645 -0.090252 -0.143934
v -0.002053 -0.090925 -0.144169
v -0.002890 -0.092135 -0.144590
v -0.002914 -0.093917 -0.145205
v -0.001882 -0.095336 -0.145684
v -0.000581 -0.095817 -0.145859
v 0.000895 -0.095686 -0.145818
v 0.002573 -0.094252 -0.145324
v 0.002801 -0.093305 -0.144991
v 0.002745 -0.092108 -0.144572
v 0.002860 -0.094431 -0.144944
v 0.002006 -0.095138 -0.145610
v -0.000077 -0.094689 -0.145375
v -0.001520 -0.093951 -0.145173
v -0.001596 -0.092200 -0.144571
v -0.000393 -0.091395 -0.144298
v 0.000610 -0.091481 -0.144385
v 0.001421 -0.092161 -0.144578
v 0.001680 -0.093129 -0.144907
v 0.001125 -0.094233 -0.145321
v -0.001626 -0.090936 -0.147696
v -0.001651 -0.088646 -0.151096
v -0.001669 -0.084554 -0.155218
v -0.001561 -0.092299 -0.148476
v -0.001504 -0.089936 -0.152151
v -0.001513 -0.085765 -0.156449
v -0.000135 -0.093227 -0.148750
v 0.000001 -0.090614 -0.152524
v -0.000030 -0.086350 -0.156923
v 0.001270 -0.092746 -0.148335
v 0.001303 -0.090181 -0.152058
v 0.001425 -0.085791 -0.156302
v 0.001558 -0.091424 -0.147537
v 0.001573 -0.089010 -0.151145
v 0.001625 -0.084889 -0.155330
v 0.000549 -0.090353 -0.146930
v 0.000621 -0.088077 -0.150396
v 0.000852 -0.084076 -0.154607
v -0.000460 -0.090267 -0.146956
v -0.000381 -0.087972 -0.150327
v -0.000503 -0.083912 -0.154480
v 0.015757 -0.006241 0.407874
v -0.016040 -0.006241 0.407874
v -0.016040 -0.006240 0.098203
v 0.015757 -0.006240 0.098203
v 0.015757 -0.006241 0.420022
v 0.020063 0.022538 0.419827
v -0.020229 0.022361 0.420023
v -0.016040 -0.006241 0.420022
v 0.020063 0.022538 0.098203
v -0.020346 0.022538 0.098203
v -0.020346 0.022538 0.407874
v 0.020063 0.022538 0.407874
v 0.019946 0.022361 0.082503
v 0.015757 -0.006240 0.082503
v -0.016040 -0.006240 0.082503
v -0.020346 0.022538 0.082698
v 0.002845 0.022538 0.094009
v 0.012316 0.022538 0.085371
v 0.012261 0.022538 0.094345
v 0.004192 0.022964 0.085681
v 0.005265 0.023594 0.085681
v 0.006255 0.024292 0.085681
v 0.007051 0.025028 0.085681
v 0.011977 0.029983 0.085681
v 0.011977 0.029983 0.094009
v 0.007051 0.025027 0.094009
v 0.006255 0.024292 0.094009
v 0.005265 0.023594 0.094009
v 0.007618 0.025770 0.085681
v 0.007618 0.025770 0.094009
v 0.007983 0.026416 0.085681
v 0.007983 0.026416 0.094009
v 0.008373 0.027288 0.085681
v 0.008373 0.027288 0.094009
v 0.008667 0.028161 0.085681
v 0.008667 0.028161 0.094009
v 0.008908 0.029097 0.085681
v 0.008908 0.029097 0.094009
v 0.009090 0.030005 0.085681
v 0.009090 0.030005 0.094009
v 0.009316 0.030174 0.085681
v 0.009316 0.030174 0.094009
v 0.011795 0.030174 0.085681
v 0.011795 0.030174 0.094009
v -0.004544 0.022964 0.085681
v -0.012682 0.022538 0.094431
v -0.012750 0.022538 0.085292
v -0.004544 0.022964 0.094009
v -0.005616 0.023594 0.094009
v -0.006607 0.024292 0.094009
v -0.007402 0.025027 0.094009
v -0.012329 0.029983 0.094009
v -0.012329 0.029983 0.085681
v -0.007402 0.025028 0.085681
v -0.006607 0.024292 0.085681
v -0.005616 0.023594 0.085681
v -0.007970 0.025770 0.085681
v -0.007970 0.025770 0.094009
v -0.008335 0.026416 0.085681
v -0.008335 0.026416 0.094009
v -0.008725 0.027288 0.094009
v -0.009019 0.028161 0.094009
v -0.009260 0.029097 0.094009
v -0.009442 0.030005 0.094009
v -0.009668 0.030174 0.094009
v -0.012147 0.030174 0.094009
v -0.012147 0.030174 0.085681
v -0.009668 0.030174 0.085681
v -0.009442 0.030005 0.085681
v -0.009260 0.029097 0.085681
v -0.009019 0.028161 0.085681
v -0.008725 0.027288 0.085681
v 0.003642 0.022538 0.417144
v -0.003089 0.023018 0.417033
v -0.004120 0.022538 0.409870
v 0.003631 0.022538 0.409871
v 0.000404 0.030257 0.417033
v -0.000687 0.030257 0.417033
v -0.000687 0.030257 0.415396
v 0.000404 0.030257 0.415396
v -0.003059 0.022538 0.094009
v -0.003256 0.022343 0.420023
v 0.002869 0.022538 0.419827
v 0.003370 0.022538 0.098203
v -0.004025 0.022538 0.098203
v 0.003299 0.022343 0.082503
v 0.003270 -0.006240 0.082503
v -0.003427 0.022538 0.082698
v -0.003657 -0.006240 0.082503
v -0.002965 -0.006241 0.420022
v 0.003145 -0.006241 0.420022
v 0.003392 0.022538 0.085288
v 0.002845 0.022538 0.085681
v 0.003396 0.022538 0.094401
v 0.004192 0.022964 0.094009
v 0.011977 0.023055 0.085681
v 0.011977 0.023055 0.094009
v -0.003059 0.022538 0.085681
v -0.003727 0.022538 0.085190
v -0.012329 0.023119 0.094009
v -0.012329 0.023119 0.085681
v -0.003763 0.022538 0.094499
v 0.020063 0.022538 0.082698
v -0.020229 0.022361 0.082503
v 0.003302 0.022538 0.082698
v -0.003426 0.022343 0.082503
v 0.019946 0.022361 0.420023
v -0.020346 0.022538 0.419827
v -0.003264 0.022538 0.419827
v 0.002871 0.022343 0.420023
v 0.002806 0.023018 0.417033
v 0.002948 0.022538 0.417527
v -0.003925 0.022538 0.417144
v -0.003251 0.022538 0.417527
v -0.003312 0.022934 0.410288
v -0.003456 0.022538 0.409518
v 0.002966 0.022538 0.409518
v 0.002833 0.022936 0.410289
v 0.011977 0.024787 0.085681
v 0.011977 0.026519 0.085681
v 0.011977 0.028251 0.085681
v 0.011977 0.028251 0.094009
v 0.011977 0.026519 0.094009
v 0.011977 0.024787 0.094009
v -0.012329 0.024835 0.094009
v -0.012329 0.026551 0.094009
v -0.012329 0.028267 0.094009
v -0.012329 0.028267 0.085681
v -0.012329 0.026551 0.085681
v -0.012329 0.024835 0.085681
v -0.003461 0.022538 0.407874
v 0.002970 0.022538 0.407874
vn -0.4953 0.5814 0.6455
vn -0.6739 0.1216 0.7288
vn -0.0805 0.1318 0.9880
vn -0.2869 -0.0489 0.9567
vn 0.0363 0.1312 0.9907
vn 0.0100 0.6037 0.7971
vn -0.0150 0.6392 0.7689
vn 0.0918 -0.0913 0.9916
vn 0.4736 0.5310 0.7026
vn 0.6825 -0.0348 0.7301
vn 0.1065 0.1309 -0.9857
vn 0.0689 0.6411 -0.7643
vn 0.5757 0.5660 -0.5901
vn -0.1237 0.0884 -0.9884
vn -0.0944 0.6607 -0.7447
vn -0.5785 0.5144 -0.6330
vn 0.6996 0.1070 -0.7064
vn 0.5599 -0.0031 -0.8286
vn 0.0352 -0.0442 -0.9984
vn -0.7148 0.1054 -0.6913
vn -0.7569 0.1023 -0.6455
vn 0.0856 -0.0043 0.9963
vn -0.1982 -0.0094 0.9801
vn -0.8210 0.1114 0.5600
vn 0.4716 0.1587 -0.8674
vn 0.5373 0.0355 -0.8426
vn 0.3348 0.1011 -0.9368
vn -0.6732 0.4132 0.6133
vn -0.7676 0.0166 0.6408
vn -0.1767 0.0762 0.9813
vn -0.0269 0.0378 0.9989
vn -0.5316 0.3694 0.7622
vn -0.2870 0.7003 0.6536
vn -0.0411 0.1419 0.9890
vn 0.0117 -0.9443 0.3288
vn -0.0181 -0.7917 0.6107
vn 0.0229 -0.7924 0.6096
vn -0.3247 -0.8160 0.4783
vn -0.1371 -0.9165 0.3758
vn -0.0231 -0.7327 0.6801
vn 0.0026 -0.7644 0.6447
vn 0.1345 -0.9233 0.3597
vn 0.3415 -0.8271 0.4463
vn 0.9000 0.4166 0.1282
vn 0.6375 0.4365 0.6349
vn 0.7340 0.0152 0.6790
vn 0.9805 0.0215 -0.1953
vn 0.9284 0.0125 -0.3714
vn 0.7313 0.6058 -0.3135
vn 1.0000 0.0087 -0.0000
vn 0.8628 0.4896 -0.1258
vn 0.4020 0.8959 0.1892
vn 0.3651 0.9250 -0.1053
vn 0.3854 0.9227 0.0099
vn 0.9063 0.4227 0.0046
vn 0.1885 0.5082 0.8403
vn 0.1349 0.9788 -0.1543
vn 0.9697 0.0918 0.2265
vn 0.4147 0.2782 0.8664
vn 0.9668 0.0824 -0.2419
vn 0.9521 0.2133 -0.2193
vn 0.5515 0.0033 -0.8342
vn 0.9954 0.0963 0.0001
vn 0.9547 0.2976 0.0045
vn 0.9817 0.1906 0.0008
vn 0.9263 0.0885 0.3662
vn 0.5885 0.1159 0.8002
vn 0.9971 0.0763 0.0015
vn 0.9963 0.0855 0.0023
vn 0.9878 0.1556 0.0030
vn 0.9885 0.0824 -0.1267
vn 0.7341 0.6790 0.0077
vn 0.7872 0.6103 -0.0885
vn 0.6903 0.5738 0.4408
vn 0.0844 0.8632 0.4978
vn 0.1713 0.9695 -0.1752
vn 0.1735 0.9848 0.0093
vn 0.7740 0.6332 0.0061
vn -0.1467 0.9757 -0.1629
vn -0.0601 0.9090 0.4125
vn -0.0720 0.9974 0.0105
vn 0.1334 0.9910 0.0099
vn -0.1754 0.9845 0.0092
vn -0.6499 0.7600 0.0091
vn -0.7518 0.6470 -0.1274
vn -0.7095 0.6209 0.3333
vn -0.9597 0.1051 0.2608
vn -0.9929 0.0870 -0.0816
vn -0.9939 0.1100 0.0022
vn -0.7812 0.6243 0.0055
vn -0.9872 0.1071 -0.1183
vn -0.9876 0.1572 0.0021
vn -0.9566 0.2914 0.0038
vn -0.9978 0.0667 0.0011
vn -0.6007 0.1891 -0.7768
vn -0.9717 0.1770 -0.1564
vn -0.6305 0.7674 0.1168
vn -0.9512 0.3085 0.0039
vn -0.8577 0.5141 0.0054
vn -0.1167 0.5878 0.8005
vn -0.3125 0.9291 0.1976
vn -0.2280 0.9650 0.1298
vn -0.5395 -0.6590 0.5240
vn -0.7728 -0.6118 0.1686
vn -0.5406 -0.8271 0.1542
vn -0.0231 -0.9590 0.2824
vn -0.2387 -0.9692 0.0606
vn 0.0291 -0.9976 0.0630
vn 0.2171 -0.9706 0.1044
vn 0.5344 -0.8395 0.0984
vn 0.7719 -0.6151 0.1605
vn 0.5248 -0.6425 0.5584
vn 0.9945 -0.0138 0.1038
vn 0.8035 -0.0245 0.5948
vn 0.9204 -0.3463 0.1812
vn 0.7264 -0.4031 0.5567
vn 0.8463 -0.5327 -0.0017
vn 0.9950 -0.0184 0.0977
vn 1.0000 -0.0030 -0.0015
vn 0.9460 -0.2194 -0.2388
vn 0.8665 -0.4701 -0.1679
vn 0.8251 -0.4578 -0.3311
vn 0.9828 0.0032 -0.1846
vn 0.9261 0.0153 -0.3769
vn 0.9640 -0.0168 -0.2655
vn 0.8588 -0.1755 -0.4814
vn 0.6708 0.0152 -0.7415
vn 0.4200 0.0137 -0.9074
vn 0.2396 -0.0487 -0.9696
vn 0.3037 -0.0658 -0.9505
vn 0.3756 -0.2196 -0.9004
vn 0.4064 0.0031 -0.9137
vn 0.2719 -0.0012 -0.9623
vn 0.8583 -0.1588 0.4879
vn 0.9812 -0.1143 0.1556
vn 0.9936 -0.1127 -0.0022
vn 0.9561 -0.2929 -0.0008
vn 0.6851 -0.6821 -0.2555
vn 0.6367 -0.5646 -0.5252
vn 0.3057 -0.1570 -0.9391
vn 0.5250 -0.4577 -0.7176
vn 0.5799 -0.8146 -0.0053
vn 0.2716 -0.9624 -0.0061
vn 0.0808 -0.9967 -0.0040
vn -0.0556 -0.9979 0.0345
vn -0.3115 -0.9502 -0.0066
vn -0.5439 -0.8391 -0.0091
vn -0.7958 -0.6055 -0.0100
vn -0.2084 0.9780 0.0114
vn -0.1185 0.9859 -0.1182
vn -0.5560 0.8254 -0.0976
vn -0.8658 0.4941 0.0793
vn -0.7751 0.6318 0.0084
vn -0.9951 0.0992 0.0015
vn -0.9844 0.1006 0.1442
vn -0.9679 -0.0428 0.2477
vn -0.7595 -0.0686 0.6469
vn -0.9999 -0.0167 -0.0005
vn -0.7206 -0.1402 0.6790
vn -0.9938 -0.1114 -0.0038
vn -0.7208 -0.3876 0.5746
vn -0.9524 -0.1206 0.2800
vn -0.9307 -0.3375 0.1412
vn -0.9517 -0.3070 -0.0077
vn -0.3163 -0.0426 0.9477
vn -0.3238 -0.1359 0.9363
vn -0.0995 -0.6870 0.7198
vn 0.0045 -0.4821 0.8761
vn -0.1596 -0.5463 0.8222
vn -0.2589 -0.3340 0.9063
vn 0.0044 -0.2857 0.9583
vn 0.0056 -0.1252 0.9921
vn -0.0011 -0.0228 0.9997
vn 0.5433 0.7753 0.3220
vn 0.1446 0.9778 0.1519
vn 0.2838 0.9588 0.0098
vn 0.2159 -0.0168 0.9763
vn 0.3974 -0.1663 0.9024
vn 0.0066 -0.0963 0.9953
vn 0.0152 -0.0346 0.9993
vn -0.0116 -0.2607 0.9654
vn -0.0003 -0.5267 0.8500
vn 0.0527 -0.6587 0.7506
vn 0.1796 -0.5173 0.8368
vn -0.0157 -0.4868 0.8734
vn 0.0009 -0.0302 0.9995
vn 0.1514 0.0196 0.9883
vn 0.0425 0.0902 0.9950
vn 0.1272 0.6771 0.7248
vn 0.1191 0.9602 0.2528
vn -0.0000 -0.0886 0.9961
vn 0.0134 0.1448 0.9894
vn 0.0076 -0.2652 0.9642
vn 0.3039 -0.3447 0.8882
vn -0.2257 0.9742 0.0093
vn -0.4316 0.9020 0.0076
vn 0.0466 0.9989 0.0096
vn 0.0523 0.9980 -0.0357
vn -0.9437 0.2685 -0.1930
vn -0.9418 -0.0141 -0.3358
vn -0.9449 -0.1468 -0.2926
vn -0.9159 -0.2766 -0.2910
vn 0.2511 0.9409 -0.2272
vn 0.2904 0.9455 -0.1471
vn 0.6239 0.7261 -0.2890
vn 0.5369 0.8436 0.0092
vn 0.3009 0.9534 -0.0221
vn -0.6662 0.7218 -0.1878
vn -0.3284 0.9432 -0.0504
vn -0.0579 0.9976 -0.0375
vn 0.8063 -0.5401 -0.2412
vn 0.0773 -0.9966 0.0287
vn 0.5016 -0.8637 -0.0494
vn 0.3739 -0.8725 0.3146
vn -0.0705 -0.9975 -0.0038
vn 0.1685 -0.0108 -0.9856
vn 0.1579 0.0066 -0.9874
vn 0.1778 0.0214 -0.9838
vn 0.2118 -0.0089 -0.9773
vn 0.2709 0.2121 -0.9389
vn 0.9999 0.0015 0.0099
vn 0.9996 0.0092 0.0260
vn 0.9998 0.0027 0.0211
vn 0.9998 -0.0031 0.0183
vn 1.0000 -0.0018 0.0060
vn 1.0000 -0.0002 0.0087
vn 0.9999 -0.0017 0.0168
vn 1.0000 0.0043 0.0013
vn 0.9653 -0.1560 0.2093
vn 0.9861 -0.0288 0.1633
vn -0.9812 -0.0351 0.1900
vn -0.9434 -0.1998 0.2648
vn -0.8882 0.1847 -0.4207
vn 1.0000 0.0015 0.0038
vn 0.9674 0.0775 0.2413
vn -0.9763 0.0533 0.2098
vn -0.8623 0.0199 -0.5060
vn 0.9999 -0.0109 -0.0054
vn 0.9865 0.0977 0.1314
vn -0.9731 0.1463 0.1778
vn -0.8926 -0.1054 -0.4384
vn 0.9997 -0.0214 -0.0082
vn 0.9700 0.2061 0.1291
vn -0.9746 0.1933 0.1129
vn -0.8664 -0.2731 -0.4181
vn 0.9997 -0.0228 -0.0129
vn 0.9726 0.2321 0.0159
vn -0.9712 0.2362 0.0297
vn -0.9138 -0.3189 -0.2517
vn 0.9998 -0.0122 -0.0168
vn 0.9703 0.2289 -0.0778
vn -0.9783 0.1995 -0.0559
vn -0.9396 -0.3327 -0.0801
vn 0.9786 -0.1861 0.0877
vn 1.0000 -0.0029 -0.0038
vn 1.0000 -0.0043 -0.0016
vn -0.8147 0.5111 -0.2739
vn -0.8722 0.3172 -0.3723
vn -0.9735 -0.2090 0.0923
vn 0.9701 -0.2426 0.0099
vn -0.9560 -0.2931 0.0147
vn 0.9575 -0.2702 -0.1015
vn 1.0000 -0.0017 0.0017
vn 0.9598 -0.1939 -0.2029
vn 1.0000 0.0002 -0.0006
vn -0.9191 0.3905 -0.0520
vn -0.9432 -0.3021 -0.1381
vn -0.8735 0.4867 0.0038
vn -0.9622 -0.1938 -0.1915
vn 0.9542 -0.1036 -0.2807
vn 1.0000 -0.0076 -0.0061
vn 0.9674 0.1832 -0.1751
vn -0.9618 0.2044 -0.1822
vn -0.9565 -0.2916 -0.0015
vn 1.0000 0.0001 -0.0007
vn 1.0000 -0.0017 0.0007
vn 1.0000 -0.0000 0.0005
vn 1.0000 -0.0044 0.0030
vn 0.9448 0.1387 -0.2969
vn 0.9307 0.0149 -0.3654
vn -0.9620 -0.2727 -0.0107
vn -1.0000 0.0014 0.0092
vn -0.9505 0.0092 -0.3105
vn -0.9646 0.1008 -0.2435
vn 1.0000 0.0001 0.0007
vn 1.0000 -0.0029 -0.0008
vn 1.0000 -0.0059 -0.0007
vn -0.9179 -0.3967 -0.0069
vn -0.9493 -0.3144 -0.0093
vn -1.0000 0.0058 -0.0042
vn 1.0000 -0.0061 0.0031
vn 0.9999 -0.0061 0.0114
vn 1.0000 0.0031 0.0007
vn -0.9686 0.2486 -0.0003
vn -0.9677 -0.0992 -0.2319
vn -1.0000 -0.0000 0.0031
vn -0.8816 0.4673 0.0658
vn -0.9755 -0.2077 -0.0732
vn -0.9884 -0.0870 -0.1244
vn -0.5475 0.8040 -0.2320
vn -0.7813 -0.0076 -0.6241
vn -0.8082 -0.1190 -0.5768
vn -0.7980 -0.2227 -0.5601
vn -0.8372 -0.3814 -0.3919
vn -0.8648 -0.4743 -0.1647
vn -0.2911 -0.9471 0.1350
vn -0.0608 -0.9981 0.0045
vn -0.6393 -0.7678 -0.0436
vn -0.7370 -0.6469 -0.1960
vn -0.8949 0.2991 -0.3311
vn -0.0827 0.9692 -0.2321
vn -0.9064 -0.0656 -0.4173
vn -1.0000 0.0048 0.0079
vn -0.8399 -0.1542 -0.5203
vn -0.8915 -0.2354 -0.3870
vn -0.8338 -0.4516 -0.3175
vn -0.9150 -0.3984 -0.0633
vn -0.9041 0.4028 0.1427
vn -0.4336 -0.0597 -0.8991
vn -0.4297 0.0154 -0.9028
vn -0.3260 0.0195 -0.9452
vn -0.1924 0.0155 -0.9812
vn -0.1999 -0.0112 -0.9798
vn -0.3287 -0.0392 -0.9436
vn -0.9999 0.0050 0.0138
vn -1.0000 0.0031 0.0091
vn -0.2151 0.0779 -0.9735
vn -0.2107 0.1848 -0.9599
vn -0.2076 0.0594 -0.9764
vn -0.2978 0.9542 -0.0275
vn -0.9946 0.0824 0.0633
vn -0.1730 0.1725 -0.9697
vn -0.5390 -0.1297 -0.8323
vn -0.3904 -0.0808 -0.9171
vn -0.4246 -0.1511 -0.8927
vn -0.2385 -0.0219 -0.9709
vn -0.9098 -0.4146 -0.0189
vn -0.9999 -0.0134 0.0025
vn -0.9998 -0.0031 0.0214
vn -0.4873 -0.2729 -0.8295
vn -0.4319 -0.2212 -0.8744
vn -0.5055 -0.2377 -0.8294
vn -0.5473 -0.1741 -0.8187
vn -0.9998 -0.0216 0.0015
vn -0.8435 -0.5372 0.0039
vn 0.3929 -0.0641 -0.9173
vn 0.7328 -0.0457 -0.6790
vn 0.6258 -0.1970 -0.7547
vn 0.0007 -0.0657 -0.9978
vn 0.3014 -0.2395 -0.9229
vn -0.6597 -0.1069 -0.7439
vn -0.6862 -0.2045 -0.6981
vn -0.6358 -0.3952 -0.6630
vn 0.0010 -0.5327 -0.8463
vn 0.0015 -0.2563 -0.9666
vn 0.3306 -0.4852 -0.8095
vn 0.2855 -0.8029 -0.5233
vn 0.5748 -0.6773 -0.4592
vn 0.7199 -0.6820 -0.1290
vn -0.0000 -0.8327 -0.5537
vn 0.3891 -0.9067 -0.1626
vn -0.5621 -0.6883 -0.4586
vn -0.7172 -0.6881 -0.1098
vn -0.6792 -0.7340 -0.0038
vn -0.8002 -0.5997 -0.0107
vn 0.6003 -0.7995 0.0206
vn 0.3162 -0.9487 0.0084
vn 0.3618 -0.9297 -0.0686
vn 0.6587 -0.7492 -0.0687
vn 0.2836 -0.9197 -0.2714
vn 0.6697 -0.6194 -0.4096
vn 0.5279 -0.7997 -0.2860
vn 0.3352 -0.7769 -0.5330
vn 0.3801 -0.5430 -0.7488
vn 0.7146 -0.4274 -0.5538
vn 0.4491 -0.2349 -0.8620
vn 0.8048 -0.1158 -0.5821
vn 0.4174 0.0521 -0.9072
vn 0.7842 0.0469 -0.6187
vn 0.3395 0.3282 -0.8815
vn 0.6301 0.2369 -0.7395
vn 0.3214 0.6194 -0.7163
vn 0.6272 0.5110 -0.5878
vn 0.3787 0.8290 -0.4116
vn 0.7259 0.6194 -0.2990
vn 0.3852 0.9125 -0.1379
vn 0.7243 0.6894 -0.0107
vn 0.7157 0.6912 -0.1005
vn 0.7451 0.6670 0.0077
vn 0.3982 0.9172 -0.0115
vn -0.9447 0.3280 0.0050
vn -0.7874 0.6164 -0.0023
vn -0.5505 0.8348 0.0069
vn -0.7053 0.7019 -0.0992
vn -0.8457 -0.4945 0.2007
vn -0.7685 -0.6395 0.0197
vn -0.6903 -0.4316 0.5808
vn -0.8656 -0.1037 0.4899
vn -0.8575 0.2976 0.4196
vn -0.8434 0.1282 0.5218
vn -0.8570 0.4306 0.2830
vn -0.8504 0.5233 0.0549
vn -0.8608 0.4764 -0.1791
vn -0.7891 0.4547 -0.4131
vn -0.7812 0.2425 -0.5753
vn -0.7472 0.0123 -0.6645
vn -0.8039 -0.4166 -0.4244
vn -0.8288 -0.2197 -0.5146
vn -0.7099 -0.6483 -0.2751
vn 0.4932 -0.4746 -0.7291
vn -0.0040 -0.4305 -0.9026
vn -0.8817 -0.1678 -0.4410
vn 0.3533 -0.9059 -0.2334
vn 0.3947 -0.9188 -0.0007
vn 0.7094 -0.7048 -0.0008
vn 0.6527 -0.7278 -0.2105
vn 0.7605 -0.3585 -0.5413
vn 0.0049 -0.9999 -0.0088
vn -0.8377 -0.5172 -0.1754
vn 0.9999 -0.0167 -0.0010
vn 0.9984 -0.0522 -0.0221
vn 0.9998 -0.0136 -0.0115
vn 0.9999 -0.0013 -0.0120
vn 0.2439 -0.0489 -0.9686
vn 0.4958 -0.3142 -0.8096
vn 1.0000 -0.0044 0.0064
vn 0.9998 -0.0033 0.0198
vn 0.9999 -0.0034 0.0167
vn 0.8930 -0.3667 -0.2608
vn 0.8445 -0.3159 -0.4326
vn 0.9998 0.0014 0.0186
vn 0.9999 0.0014 0.0129
vn 0.9999 -0.0078 0.0106
vn 0.9953 -0.0197 -0.0945
vn 0.0098 -0.9999 -0.0053
vn -0.0679 -0.9959 0.0591
vn 0.6053 -0.7951 0.0374
vn 0.3152 -0.9486 0.0267
vn 0.3669 -0.9302 -0.0120
vn -0.6603 -0.7505 -0.0275
vn -0.3832 -0.9232 0.0290
vn 0.6855 -0.7280 -0.0068
vn -0.0000 -0.9852 -0.1716
vn 0.0034 -0.9999 -0.0102
vn -0.0029 -1.0000 -0.0085
vn -0.0164 -0.9997 0.0167
vn -0.0054 -0.9998 -0.0199
vn -0.3479 0.6088 -0.7130
vn -0.3356 0.3464 -0.8760
vn -0.3208 -0.2564 -0.9118
vn -0.2810 -0.9279 -0.2450
vn -0.3641 -0.5342 -0.7630
vn -0.3382 0.9309 -0.1378
vn -0.3296 0.9439 -0.0175
vn -0.3408 0.8375 -0.4270
vn -0.4522 0.7813 -0.4303
vn -0.6231 0.5141 -0.5894
vn -0.6728 0.2884 -0.6813
vn -0.5855 0.0458 -0.8094
vn -0.6774 -0.1968 -0.7088
vn -0.5845 -0.4548 -0.6720
vn -0.7447 -0.5356 -0.3983
vn -0.7946 -0.5828 -0.1701
vn -0.8508 -0.5250 -0.0212
vn 0.3590 -0.7399 -0.5689
vn 0.0004 -0.8196 -0.5729
vn -0.0002 -0.5645 -0.8254
vn 0.2996 -0.5325 -0.7916
vn 0.0035 -0.2658 -0.9640
vn 0.5125 -0.2184 -0.8305
vn 0.0040 0.0505 -0.9987
vn 0.3355 0.0716 -0.9393
vn -0.0017 0.3769 -0.9263
vn 0.3238 0.3904 -0.8618
vn -0.0070 0.6594 -0.7517
vn -0.0010 0.9897 -0.1434
vn 0.0010 0.9999 -0.0145
vn 0.4180 0.9083 -0.0146
vn 0.0004 0.8924 -0.4512
vn 0.3690 0.9182 -0.1441
vn 0.4442 0.5889 -0.6752
vn 0.0117 -0.9999 0.0107
vn 0.0036 -0.9008 0.4342
vn 0.0076 -0.9038 0.4278
vn 0.0052 -0.6150 0.7885
vn 0.0040 -0.1941 0.9810
vn 0.0041 -0.1861 0.9825
vn 0.0072 0.2563 0.9666
vn 0.0055 0.2671 0.9637
vn 0.0086 0.5873 0.8093
vn 0.0101 0.8436 0.5369
vn 0.0034 0.8466 0.5322
vn 0.0113 0.9923 0.1230
vn 0.0012 0.9953 0.0969
vn 0.0103 0.9458 -0.3246
vn 0.0020 0.9384 -0.3456
vn 0.0136 0.7262 -0.6873
vn 0.0075 0.7053 -0.7089
vn 0.0210 0.3952 -0.9183
vn 0.0142 0.3695 -0.9291
vn 0.0215 0.0168 -0.9996
vn 0.0190 -0.3618 -0.9321
vn 0.0158 -0.3495 -0.9368
vn 0.0173 -0.6975 -0.7163
vn 0.0128 -0.6867 -0.7268
vn 0.0169 -0.9217 -0.3876
vn 0.0119 -0.9166 -0.3997
vn 0.0097 -0.9999 -0.0070
vn 0.8616 0.1878 -0.4715
vn 0.8723 -0.0076 -0.4890
vn 0.8760 0.0002 -0.4823
vn 0.9027 -0.1495 -0.4036
vn 0.8415 -0.5401 0.0136
vn 0.8880 -0.4212 0.1846
vn 0.8222 -0.3339 0.4609
vn 0.9177 -0.1037 0.3835
vn 0.8431 0.1647 0.5119
vn 0.9123 0.2532 0.3219
vn 0.8220 0.4960 0.2800
vn 0.8461 0.5325 0.0221
vn 0.8391 0.5066 -0.1983
vn 0.8211 0.4075 -0.3997
vn 0.7242 0.2735 -0.6331
vn 0.6560 0.0168 -0.7546
vn 0.7557 -0.2241 -0.6153
vn 0.8001 -0.3983 -0.4486
vn 0.7831 -0.5721 -0.2441
vn -0.0108 -0.8913 0.4534
vn -0.0118 -0.9997 0.0235
vn -0.0151 -0.9993 0.0336
vn -0.0109 -0.6164 0.7873
vn -0.0142 -0.8939 0.4481
vn -0.0125 -0.1924 0.9812
vn -0.0065 -0.2015 0.9795
vn -0.0069 0.2609 0.9653
vn -0.0093 0.6134 0.7897
vn 0.0017 0.6179 0.7863
vn -0.0035 0.8786 0.4775
vn -0.0058 0.9979 0.0649
vn -0.0050 0.9978 0.0655
vn -0.0060 0.9404 -0.3400
vn -0.0045 0.7280 -0.6855
vn -0.0066 0.9414 -0.3373
vn -0.0060 0.4030 -0.9152
vn -0.0099 0.7354 -0.6776
vn -0.0136 0.0274 -0.9995
vn -0.0175 0.4212 -0.9068
vn -0.0206 -0.3645 -0.9310
vn -0.0147 -0.3539 -0.9352
vn -0.0183 -0.6896 -0.7240
vn -0.0130 -0.6867 -0.7268
vn -0.0136 -0.9214 -0.3885
vn -0.8992 0.0183 -0.4372
vn -0.8316 0.2245 -0.5080
vn -0.8429 0.2243 -0.4890
vn -0.8829 -0.1694 -0.4379
vn -0.8779 -0.1695 -0.4478
vn 0.3412 -0.9021 -0.2641
vn 0.4199 -0.9049 -0.0692
vn 0.0030 -0.9970 -0.0772
vn -0.0025 -0.9614 -0.2751
vn -0.3248 -0.9440 -0.0586
vn 0.0069 -0.9999 -0.0114
vn -0.8462 -0.5326 -0.0191
vn 0.2980 -0.9413 -0.1585
vn 0.1236 -0.9288 -0.3493
vn 0.4066 -0.9136 -0.0030
vn 0.0036 -1.0000 -0.0077
vn 0.7453 -0.6668 -0.0030
vn -0.1332 -0.9401 -0.3138
vn -0.2340 -0.9639 -0.1267
vn -0.6671 -0.6942 -0.2701
vn -0.2786 -0.6256 -0.7287
vn 0.3270 0.0061 -0.9450
vn -0.4739 0.0152 -0.8804
vn -0.3719 -0.0030 -0.9283
vn 0.7636 -0.6440 -0.0467
vn 0.9662 0.2425 -0.0878
vn 1.0000 -0.0030 -0.0054
vn 1.0000 -0.0045 -0.0023
vn 0.8764 0.4795 0.0456
vn 0.8159 0.5448 -0.1938
vn 0.6502 -0.7261 -0.2235
vn 0.9794 0.2013 0.0177
vn 1.0000 -0.0062 -0.0023
vn 0.8982 0.3724 0.2334
vn 0.6686 -0.6044 -0.4333
vn 0.9829 0.1556 0.0986
vn 1.0000 -0.0061 -0.0008
vn 0.9736 0.1375 0.1820
vn 0.8755 0.3052 0.3746
vn 0.6067 -0.4364 -0.6644
vn 1.0000 -0.0013 0.0015
vn 0.8039 0.1511 0.5753
vn 0.6600 0.0536 -0.7493
vn 0.9030 -0.1052 -0.4165
vn 0.9566 0.0717 0.2823
vn 1.0000 -0.0002 0.0001
vn 0.7698 -0.1300 0.6249
vn 0.6180 0.3251 -0.7158
vn 0.9567 -0.0580 0.2853
vn 1.0000 -0.0031 -0.0000
vn 0.8256 -0.3464 0.4454
vn 0.7310 -0.6164 -0.2929
vn 0.2721 -0.6105 -0.7439
vn 0.9703 0.1708 -0.1715
vn 0.8471 0.3784 -0.3731
vn 0.9457 0.1224 -0.3011
vn 0.9136 0.0016 -0.4066
vn 0.9163 0.0032 -0.4006
vn 0.3667 0.0095 -0.9303
vn -0.9612 0.0122 -0.2755
vn -0.7996 0.4380 -0.4108
vn -0.9463 0.2364 -0.2206
vn -0.9162 -0.0089 -0.4006
vn -1.0000 -0.0046 -0.0034
vn -0.9622 0.2562 -0.0925
vn -0.8053 0.5585 -0.1991
vn -0.6223 -0.7812 -0.0492
vn -1.0000 -0.0077 -0.0016
vn -0.8025 0.5951 0.0435
vn -0.9627 0.2700 0.0191
vn -0.2928 -0.7828 -0.5491
vn -0.5460 -0.8085 -0.2197
vn -1.0000 -0.0072 0.0005
vn -0.8238 0.4929 0.2800
vn -0.5876 -0.6682 -0.4562
vn -1.0000 -0.0027 -0.0001
vn -0.9706 0.2090 0.1197
vn -0.7323 0.4196 0.5364
vn -0.9463 0.1988 0.2549
vn -0.6434 -0.2212 -0.7329
vn -1.0000 -0.0016 -0.0008
vn -0.8123 0.1606 0.5608
vn -0.6427 0.0289 -0.7656
vn -0.3315 0.0393 -0.9426
vn -1.0000 -0.0001 -0.0008
vn -0.9666 0.0701 0.2466
vn -0.7925 -0.1267 0.5966
vn -0.9628 -0.0537 0.2649
vn -0.6472 0.2794 -0.7093
vn -1.0000 0.0014 -0.0008
vn -0.8879 -0.2822 0.3632
vn -0.6801 0.4732 -0.5600
vn -0.6690 0.6547 -0.3517
vn -1.0000 0.0031 0.0007
vn -1.0000 0.0016 -0.0007
vn -0.9668 -0.2264 0.1183
vn -0.8247 -0.4990 0.2663
vn -0.9824 -0.1146 0.1473
vn -0.6572 0.7448 -0.1152
vn -0.9698 -0.2436 0.0059
vn -0.8396 -0.5432 0.0061
vn -1.0000 0.0045 0.0008
vn -0.9812 -0.1786 -0.0736
vn -0.8876 -0.4257 -0.1757
vn -0.6370 0.7707 -0.0153
vn -0.1848 0.9765 -0.1106
vn 0.0024 1.0000 0.0086
vn 0.2685 0.9431 -0.1960
vn 0.4290 0.9032 0.0160
vn 0.0007 0.9999 0.0156
vn 0.0002 0.9886 0.1508
vn 0.4067 0.9135 0.0100
vn -0.0947 0.9624 -0.2546
vn 0.3693 0.9185 0.1416
vn 0.7001 0.7050 0.1137
vn 0.7750 0.6318 0.0130
vn -0.6108 0.7794 0.1396
vn -0.8710 0.4913 0.0032
vn 0.0881 0.9272 -0.3641
vn 0.3656 0.8955 0.2537
vn -0.0415 0.9622 0.2693
vn -0.5958 0.7674 0.2367
vn -0.3108 0.9142 0.2602
vn -0.6164 0.7537 0.2281
vn 0.3192 0.9113 0.2602
vn 0.6054 0.7612 0.2326
vn -0.4701 0.8697 -0.1502
vn 0.2961 0.9481 -0.1161
vn 0.2815 0.9585 -0.0447
vn -0.0156 0.9940 -0.1079
vn -0.0614 0.9825 -0.1759
vn -0.0056 0.9887 0.1496
vn 0.0943 0.9955 -0.0056
vn -0.0028 0.9935 0.1138
vn -0.0053 0.9657 -0.2598
vn 0.0117 0.9573 -0.2889
vn -0.1323 0.9903 -0.0419
vn -0.1245 0.1035 -0.9868
vn 0.0246 -0.0880 -0.9958
vn 0.8165 0.3662 -0.4463
vn 0.8405 -0.4943 0.2219
vn 0.9685 -0.1527 0.1969
vn 0.6602 0.6685 -0.3426
vn 0.9713 -0.2153 0.1015
vn 1.0000 0.0016 0.0052
vn 1.0000 0.0060 0.0024
vn 0.9805 -0.1964 -0.0008
vn 0.8835 -0.4685 -0.0007
vn 0.3317 0.8496 -0.4100
vn 0.9716 -0.2167 -0.0953
vn 0.8478 -0.4852 -0.2140
vn 1.0000 0.0030 -0.0015
vn 1.0000 -0.0000 -0.0061
vn 0.6985 0.7109 -0.0823
vn -0.9611 -0.1907 -0.1999
vn -0.8524 -0.3631 -0.3761
vn -0.6076 0.7587 -0.2350
vn -1.0000 0.0030 -0.0037
vn -0.9252 0.0075 -0.3793
vn -0.3054 0.0305 -0.9517
vn -0.8848 0.0202 -0.4655
vn -0.1874 0.7558 -0.6274
vn 0.3644 0.0385 -0.9304
vn -0.3932 0.0185 -0.9193
vn 0.2614 0.6499 -0.7137
vn 0.8933 -0.3097 -0.3258
vn 0.9737 -0.1573 -0.1650
vn 0.8090 0.5386 -0.2356
vn 0.7649 0.6440 -0.0107
vn 0.9668 0.0018 -0.2555
vn 0.5064 0.0152 -0.8622
vn -0.5924 -0.7768 0.2136
vn -0.4818 -0.7951 0.3684
vn -0.1861 -0.9267 0.3265
vn -0.9486 -0.0030 -0.3166
vn -0.8367 -0.0900 -0.5402
vn -0.9645 0.2610 0.0396
vn 0.8553 -0.0046 -0.5180
vn 0.5005 -0.7033 0.5049
vn -0.2934 0.9459 -0.1388
vn -0.9998 0.0106 -0.0151
vn -0.2029 0.0657 -0.9770
vn -0.0023 -0.9264 -0.3766
vn 0.6458 -0.3738 -0.6657
vn 0.0113 -0.6211 0.7836
vn 0.0067 0.5814 0.8136
vn 0.0172 0.0141 -0.9998
vn 0.9083 -0.1432 -0.3930
vn -0.0220 -0.6164 0.7872
vn -0.0106 0.2685 0.9632
vn -0.0111 0.8727 0.4882
vn -0.0226 0.0338 -0.9992
vn -0.0202 -0.9232 -0.3839
vn -0.9068 0.0170 -0.4213
vn -0.7068 -0.3964 -0.5858
vn 0.6748 0.7082 0.2075
vn -0.0939 0.1908 -0.9771
vn 0.9067 0.0244 -0.4211
vn 0.9364 0.2303 0.2648
vn 0.9575 -0.1035 0.2693
vn 0.9936 -0.1113 0.0198
vn 0.9782 0.1938 0.0748
vn 0.9254 -0.0855 0.3692
vn 0.8053 0.5200 0.2848
vn 0.8518 0.5160 0.0902
vn 0.8682 0.1572 0.4706
vn 0.6013 0.7599 0.2471
vn 0.5845 0.7218 0.3707
vn 0.6151 0.7767 0.1356
vn 0.3139 0.9137 0.2581
vn 0.3426 0.9104 0.2318
vn -0.0000 0.9613 0.2757
vn -0.0153 0.9855 0.1690
vn 0.3119 0.8818 0.3538
vn -0.3291 0.9381 0.1080
vn -0.0703 0.9431 0.3251
vn -0.3136 0.9139 0.2577
vn -0.6183 0.7811 0.0870
vn -0.2842 0.8316 0.4771
vn -0.6015 0.7597 0.2472
vn -0.8526 0.5174 0.0732
vn -0.5716 0.6774 0.4631
vn -0.8053 0.5200 0.2848
vn -0.9747 0.2135 0.0657
vn -0.7693 0.4483 0.4553
vn -0.9368 0.2244 0.2685
vn -0.9893 -0.1131 0.0917
vn -0.8813 0.1832 0.4357
vn -0.9571 -0.1067 0.2694
vn -0.8918 -0.4502 0.0442
vn -0.9314 -0.1144 0.3456
vn -0.8602 -0.4317 0.2716
vn -0.6921 -0.7214 0.0224
vn -0.8376 -0.4546 0.3028
vn -0.6781 -0.6894 0.2548
vn -0.3833 -0.9234 0.0177
vn -0.6142 -0.6853 0.3914
vn -0.3837 -0.8823 0.2725
vn -0.0030 -0.9994 0.0350
vn -0.3072 -0.8133 0.4942
vn 0.8615 -0.4304 0.2694
vn 0.6778 -0.6897 0.2548
vn 0.6712 -0.7278 0.1409
vn 0.8969 -0.4335 0.0870
vn 0.8661 -0.3830 0.3212
vn 0.6337 -0.7005 0.3281
vn 0.3823 -0.8830 0.2722
vn 0.3613 -0.8273 0.4301
vn -0.0000 -0.9647 0.2635
vn 0.3698 -0.9273 0.0580
vn -0.0253 -0.9000 0.4352
vn 0.7898 0.4898 0.3692
vn 0.5842 0.7795 0.2260
vn 0.7706 0.4411 0.4600
vn 0.9380 -0.1205 0.3249
vn 0.9179 0.1632 0.3616
vn 0.8766 -0.4196 0.2357
vn 0.6723 -0.7172 0.1833
vn 0.0035 -0.9276 0.3735
vn 0.3707 -0.8635 0.3419
vn -0.3682 -0.8315 0.4160
vn -0.6759 -0.6564 0.3353
vn -0.8639 -0.4366 0.2511
vn -0.9534 -0.1191 0.2773
vn -0.9222 0.1782 0.3433
vn -0.7997 0.4775 0.3639
vn -0.2911 0.8771 0.3821
vn -0.5758 0.7248 0.3783
vn -0.0181 0.9794 0.2011
vn 0.3212 0.9357 0.1458
vn 0.7809 0.5063 -0.3660
vn 0.5904 0.7766 -0.2200
vn 0.9428 0.1983 -0.2678
vn 0.9482 -0.1266 -0.2914
vn 0.8505 -0.4333 -0.2983
vn 0.3742 -0.8741 -0.3097
vn 0.6526 -0.6637 -0.3655
vn 0.0184 -0.9336 -0.3579
vn -0.3358 -0.8639 -0.3755
vn -0.6472 -0.6975 -0.3076
vn -0.8406 -0.4333 -0.3250
vn -0.9498 -0.1252 -0.2868
vn -0.9411 0.1907 -0.2793
vn -0.5958 0.7325 -0.3294
vn -0.8031 0.4730 -0.3624
vn -0.0441 0.9838 -0.1740
vn -0.3444 0.8807 -0.3251
vn 0.3531 0.2411 -0.9040
vn 0.5077 0.1098 -0.8545
vn 0.4469 -0.2227 -0.8664
vn 0.3050 -0.2959 -0.9052
vn 0.1910 -0.4499 -0.8724
vn 0.0101 -0.4399 -0.8980
vn -0.1504 -0.3877 -0.9094
vn -0.3357 -0.3434 -0.8771
vn -0.4220 -0.2079 -0.8824
vn -0.5039 0.1126 -0.8564
vn -0.3698 0.2193 -0.9029
vn -0.2853 0.3585 -0.8889
vn -0.0243 0.6025 -0.7978
vn 0.2733 0.9290 -0.2494
vn 0.3557 0.4592 -0.8140
vn -0.0973 -0.1175 -0.9883
vn -0.2572 -0.0459 -0.9653
vn 0.4952 -0.0547 -0.8671
vn -0.1948 0.1114 -0.9745
vn -0.0889 0.2121 -0.9732
vn -0.0115 0.2822 -0.9593
vn 0.1445 0.3420 -0.9285
vn 0.2290 0.1346 -0.9641
vn -0.5008 -0.0672 -0.8629
vn 0.3031 0.0624 -0.9509
vn 0.2495 -0.0427 -0.9674
vn 0.1691 -0.1953 -0.9661
vn -0.1657 0.4196 -0.8924
vn 0.0110 -0.1665 -0.9860
vn 0.1495 0.5099 -0.8471
vn -0.2462 -0.3140 -0.9170
vn -0.2519 -0.1556 -0.9552
vn -0.5706 -0.1130 -0.8134
vn -0.2538 0.0476 -0.9661
vn -0.5554 0.0931 -0.8263
vn -0.4498 0.2411 -0.8600
vn -0.1953 0.2089 -0.9582
vn -0.2069 0.4808 -0.8521
vn 0.2790 0.6881 -0.6699
vn 0.2101 0.2380 -0.9483
vn 0.4566 0.4945 -0.7396
vn 0.5229 0.2838 -0.8037
vn 0.6303 0.1114 -0.7683
vn 0.5368 -0.1316 -0.8333
vn 0.2523 -0.1404 -0.9574
vn 0.3658 -0.4378 -0.8213
vn 0.0913 -0.2460 -0.9650
vn 0.0235 -0.4178 -0.9082
vn -0.0625 -0.1998 -0.9778
vn -0.2763 -0.9610 -0.0122
vn -0.5947 -0.8039 -0.0107
vn -0.5806 -0.8025 -0.1373
vn 0.0475 -0.9988 -0.0121
vn -0.2805 -0.9490 -0.1437
vn 0.3533 -0.9354 -0.0108
vn 0.0671 -0.9899 -0.1250
vn 0.6300 -0.7765 -0.0084
vn 0.3712 -0.9211 -0.1174
vn 0.8630 -0.5051 -0.0084
vn 0.6413 -0.7509 -0.1580
vn 0.9807 -0.1235 -0.1516
vn 0.9822 -0.1877 -0.0045
vn 0.9912 0.1326 0.0021
vn 0.9449 0.2273 -0.2357
vn 0.9395 -0.0854 -0.3318
vn 0.8930 0.4501 0.0039
vn 0.6790 0.7341 0.0046
vn 0.8355 0.5217 -0.1726
vn 0.3349 0.9335 -0.1281
vn 0.3656 0.9308 0.0048
vn -0.0150 0.9999 0.0066
vn -0.3995 0.9167 0.0069
vn -0.0279 0.9893 -0.1435
vn -0.6665 0.7169 -0.2045
vn -0.7000 0.7141 0.0030
vn -0.8898 0.4563 0.0016
vn -0.9612 0.1469 -0.2335
vn -0.9905 0.1373 -0.0015
vn -0.9786 -0.2059 -0.0054
vn -0.8706 0.1301 -0.4745
vn -0.8541 -0.1570 -0.4959
vn -0.8140 -0.5648 -0.1358
vn -0.8473 -0.5310 -0.0084
vn -0.0049 0.9486 -0.3164
vn 0.0608 -0.9678 -0.2443
vn 0.3631 -0.8969 -0.2523
vn -0.0006 0.0121 -0.9999
vn 0.0025 0.0121 -0.9999
vn -0.0021 0.0122 -0.9999
vn 0.3096 0.9030 -0.2979
vn 0.6267 0.7414 -0.2401
vn -0.0068 0.0126 -0.9999
vn -0.0025 0.0124 -0.9999
vn 0.8396 -0.4364 -0.3235
vn 0.7585 -0.3188 -0.5684
vn 0.6061 0.6574 -0.4478
vn 0.5941 -0.7234 -0.3518
vn 0.0057 0.0123 -0.9999
vn -0.0031 0.0136 -0.9999
vn -0.0174 0.0076 -0.9998
vn -0.3123 -0.0765 -0.9469
vn 0.0249 0.0090 -0.9997
vn 0.8401 0.2073 -0.5013
vn 0.8032 0.4575 -0.3816
vn 0.0028 0.0119 -0.9999
vn -0.3739 0.8941 -0.2465
vn -0.2882 -0.9143 -0.2848
vn 0.0017 0.0123 -0.9999
vn -0.0013 0.0106 -0.9999
vn -0.3584 0.7965 -0.4870
vn -0.6055 0.6744 -0.4226
vn -0.8426 0.4686 -0.2655
vn -0.7462 0.4302 -0.5081
vn -0.0051 0.0118 -0.9999
vn 0.0067 0.0124 -0.9999
vn 0.0048 0.0123 -0.9999
vn -0.0062 0.0138 -0.9999
vn 0.0069 0.0124 -0.9999
vn -0.9401 -0.2273 -0.2542
vn -0.7812 -0.5357 -0.3205
vn -0.5740 -0.7706 -0.2769
vn -0.0000 0.5157 0.8567
vn -0.5145 0.1204 0.8490
vn -0.4168 0.2610 0.8707
vn 0.4141 0.2609 0.8720
vn 0.5104 0.1266 0.8506
vn -0.5177 -0.0627 0.8533
vn 0.5308 -0.0596 0.8454
vn -0.4723 -0.2336 0.8499
vn 0.4704 -0.2348 0.8507
vn -0.3688 -0.3982 0.8399
vn 0.3699 -0.3982 0.8394
vn -0.0000 -0.5401 0.8416
vn -0.2043 -0.4869 0.8492
vn 0.2039 -0.4872 0.8491
vn -0.3470 0.4182 0.8395
vn -0.2008 0.5070 0.8383
vn 0.3464 0.4168 0.8404
vn 0.2008 0.5067 0.8384
vn -0.0889 -0.2443 0.9656
vn 0.0857 -0.2490 0.9647
vn 0.1609 -0.1969 0.9671
vn 0.2682 -0.0778 0.9602
vn -0.2668 -0.0852 0.9600
vn -0.2370 0.0198 0.9713
vn 0.2617 0.1145 0.9583
vn 0.2006 0.1874 0.9616
vn -0.1928 0.1831 0.9640
vn 0.1133 0.2653 0.9575
vn 0.0013 0.2731 0.9620
vn -0.2128 -0.2683 0.9395
vn -0.3054 -0.8084 0.5033
vn 0.0001 -0.3432 0.9393
vn 0.3006 -0.8086 0.5057
vn 0.5423 -0.6655 0.5128
vn 0.2912 -0.2032 0.9348
vn 0.8462 -0.2166 0.4868
vn -0.8435 -0.2277 0.4865
vn -0.3550 -0.2398 0.9036
vn 0.2977 0.0230 0.9544
vn 0.7919 0.3719 0.4844
vn -0.2606 0.1111 0.9590
vn -0.8372 0.0901 0.5394
vn 0.6191 0.6182 0.4842
vn -0.6150 0.6166 0.4915
vn 0.3463 0.8146 0.4654
vn 0.0021 0.8709 0.4915
vn -0.1128 0.2519 0.9611
vn -0.3481 0.8054 0.4797
vn -0.5690 -0.7156 0.4051
vn -0.3539 -0.9343 0.0435
vn 0.0010 -0.9132 0.4075
vn 0.3537 -0.9341 0.0476
vn 0.6278 -0.7768 0.0488
vn 0.7626 -0.5127 0.3944
vn 0.9696 -0.2399 0.0487
vn -0.9688 -0.2427 0.0496
vn -0.7940 -0.5232 0.3097
vn 0.8796 0.0915 0.4669
vn 0.9017 0.4289 0.0542
vn -0.7966 0.3647 0.4822
vn -0.9927 0.1039 0.0609
vn 0.7038 0.7082 0.0565
vn -0.7038 0.7080 0.0580
vn 0.3920 0.9183 0.0556
vn 0.0002 0.9983 0.0586
vn -0.3937 0.9175 0.0571
vn -0.6234 -0.7812 0.0335
vn -0.3508 -0.9364 -0.0091
vn 0.0018 -1.0000 -0.0098
vn -0.1441 -0.9893 0.0222
vn 0.3603 -0.9328 -0.0069
vn 0.1835 -0.9830 0.0074
vn 0.6222 -0.7829 -0.0054
vn 0.8325 -0.5540 -0.0056
vn 0.7402 -0.6577 0.1395
vn 0.9716 -0.2367 -0.0030
vn 0.9327 -0.3449 0.1052
vn -0.9731 -0.2302 -0.0029
vn -0.8366 -0.5479 -0.0054
vn -0.8947 -0.4043 0.1900
vn 0.9941 0.1084 0.0003
vn 0.9879 -0.0000 0.1549
vn -0.9948 0.1023 -0.0000
vn -0.9864 -0.1189 0.1133
vn 0.9020 0.4317 0.0038
vn 0.9129 0.3754 0.1602
vn -0.9057 0.4238 0.0032
vn -0.9772 0.1756 0.1194
vn 0.7047 0.7095 0.0063
vn 0.6988 0.7081 0.1015
vn -0.7049 0.7093 0.0055
vn -0.8749 0.4807 0.0587
vn 0.3941 0.9190 0.0084
vn 0.3801 0.9200 0.0955
vn -0.0007 1.0000 0.0089
vn -0.0151 0.9937 0.1115
vn -0.3941 0.9190 0.0077
vn -0.6683 0.7354 0.1122
vn -0.3889 0.9181 0.0762
vn -0.6184 -0.7858 -0.0077
vn -0.4727 -0.8745 0.1084
vn -0.7435 -0.6439 0.1807
vn 0.9547 -0.0000 0.2975
vn -0.9608 -0.1191 0.2503
vn -0.1457 -0.9850 0.0923
vn -0.0016 -0.0047 1.0000
vn -0.0148 -0.0016 0.9999
vn 0.0004 -0.0016 1.0000
vn -0.3775 0.9114 0.1641
vn 0.0229 -0.0015 0.9997
vn 0.0058 -0.0030 1.0000
vn -0.4800 -0.8410 0.2495
vn -0.7070 -0.5951 0.3821
vn -0.8692 0.4729 0.1446
vn 0.0412 0.0091 0.9991
vn -0.1379 -0.0138 0.9904
vn 0.0098 0.0091 0.9999
vn 0.0042 -0.0000 1.0000
vn -0.0356 0.0046 0.9994
vn 0.1392 -0.9874 0.0753
vn -0.0104 -0.0046 0.9999
vn 0.3784 0.9048 0.1953
vn -0.0024 -0.0091 1.0000
vn 0.0075 -0.0107 0.9999
vn 0.4678 -0.8776 0.1047
vn 0.6981 -0.6593 0.2793
vn 0.6876 0.6927 0.2175
vn 0.9112 -0.3479 0.2205
vn 0.0302 -0.0168 0.9994
vn -0.0458 -0.0181 0.9988
vn -0.0073 -0.0108 0.9999
vn 0.0045 -0.0108 0.9999
vn 0.8822 0.3463 0.3189
vn -0.5441 -0.3525 -0.7613
vn -0.4260 0.4393 -0.7909
vn -0.0349 0.5980 -0.8007
vn 0.5401 -0.3113 -0.7819
vn 0.1879 -0.5433 -0.8183
vn -0.1388 -0.4626 -0.8756
vn 0.0019 -0.9994 0.0343
vn 0.8328 -0.5523 0.0366
vn -0.8353 -0.5490 0.0283
vn 0.9929 0.1083 0.0497
vn -0.9039 0.4242 0.0549
vn -0.9538 0.1696 0.2479
vn 0.0028 0.9762 0.2167
vn -0.6578 0.7187 0.2251
vn -0.8321 -0.3937 0.3906
vn 0.4595 -0.8620 0.2142
vn -0.0089 -0.0078 0.9999
vn 0.0858 -0.9626 0.2571
vn -0.2470 -0.9322 0.2647
vn -0.2623 -0.9649 0.0125
vn 0.0410 -0.9970 0.0657
vn -0.2228 -0.9036 0.3659
vn 0.3920 -0.8778 0.2754
vn 0.3795 -0.9218 0.0789
vn 0.0260 -0.8847 0.4654
vn 0.6588 -0.7140 0.2372
vn 0.6248 -0.6912 0.3632
vn 0.6741 -0.7279 0.1251
vn 0.8560 -0.4532 0.2487
vn 0.8481 -0.4806 0.2228
vn 0.9514 -0.1507 0.2687
vn 0.9772 -0.1387 0.1611
vn 0.8245 -0.4470 0.3470
vn 0.9782 0.1802 0.1031
vn 0.9437 -0.0793 0.3212
vn 0.9527 0.1666 0.2542
vn 0.8675 0.4899 0.0862
vn 0.8673 0.1479 0.4753
vn 0.8446 0.4746 0.2479
vn 0.6420 0.7629 0.0762
vn 0.7594 0.4547 0.4653
vn 0.6398 0.7121 0.2892
vn 0.3613 0.9296 0.0732
vn 0.5644 0.6848 0.4611
vn 0.3682 0.8876 0.2768
vn 0.0414 0.9939 0.1023
vn 0.3200 0.8365 0.4449
vn 0.0448 0.9584 0.2818
vn -0.3062 0.9503 0.0564
vn 0.0335 0.9334 0.3572
vn -0.2909 0.9131 0.2857
vn -0.6057 0.7949 0.0359
vn -0.3166 0.8940 0.3172
vn -0.5737 0.7733 0.2700
vn -0.8534 0.5204 0.0304
vn -0.5789 0.7069 0.4064
vn -0.8103 0.5110 0.2869
vn -0.9868 0.1557 0.0450
vn -0.7504 0.4227 0.5082
vn -0.5549 -0.7874 0.2685
vn -0.7825 -0.5664 0.2586
vn -0.8211 -0.5522 0.1442
vn -0.5650 -0.8207 0.0847
vn -0.5075 -0.7996 0.3212
vn -0.7864 -0.5205 0.3327
vn -0.9278 -0.2456 0.2807
vn -0.8674 -0.2336 0.4394
vn -0.9503 0.1450 0.2754
vn -0.9724 -0.2241 0.0649
vn -0.8796 0.1586 0.4485
vn 0.3645 -0.8585 0.3607
vn 0.6817 -0.6988 0.2166
vn 0.3197 -0.8321 0.4532
vn -0.2594 -0.9108 0.3211
vn 0.0239 -0.9343 0.3558
vn -0.5477 -0.8029 0.2352
vn -0.8102 -0.5557 0.1866
vn -0.9128 0.1358 0.3853
vn -0.9066 -0.2365 0.3494
vn -0.7602 0.4868 0.4303
vn -0.5414 0.7643 0.3503
vn -0.2963 0.9176 0.2649
vn 0.0316 0.9568 0.2889
vn 0.3209 0.8791 0.3524
vn 0.5968 0.7124 0.3691
vn 0.9135 0.1495 0.3785
vn 0.8073 0.4528 0.3784
vn 0.9717 -0.1342 0.1946
vn 0.8762 -0.4623 0.1360
vn 0.3765 -0.8449 -0.3801
vn 0.6742 -0.7003 -0.2344
vn 0.0489 -0.9585 -0.2809
vn -0.2729 -0.9139 -0.3004
vn -0.5603 -0.7704 -0.3043
vn -0.9231 -0.2321 -0.3066
vn -0.7584 -0.5387 -0.3670
vn -0.9271 0.1297 -0.3517
vn -0.8047 0.4669 -0.3666
vn -0.5915 0.7491 -0.2983
vn -0.3003 0.9001 -0.3158
vn 0.0204 0.9596 -0.2805
vn 0.3315 0.9021 -0.2763
vn 0.8115 0.4788 -0.3349
vn 0.5871 0.7235 -0.3632
vn 0.9770 -0.1054 -0.1853
vn 0.9198 0.2076 -0.3329
vn 0.1749 -0.3750 -0.9104
vn 0.0227 -0.5079 -0.8611
vn -0.2949 -0.3967 -0.8693
vn -0.3446 -0.2442 -0.9064
vn -0.4780 -0.1096 -0.8715
vn -0.4402 0.0672 -0.8954
vn -0.3637 0.2155 -0.9062
vn -0.2936 0.3906 -0.8725
vn -0.1471 0.4545 -0.8785
vn 0.1798 0.4868 -0.8548
vn 0.2630 0.3388 -0.9033
vn 0.3877 0.2349 -0.8914
vn 0.5906 -0.0597 -0.8048
vn 0.8731 -0.4103 -0.2633
vn 0.3917 -0.4135 -0.8220
vn -0.1075 0.1219 -0.9867
vn -0.0150 0.2668 -0.9636
vn -0.1379 -0.4698 -0.8719
vn 0.1281 0.1833 -0.9747
vn 0.2115 0.0658 -0.9752
vn 0.2701 -0.0212 -0.9626
vn 0.3055 -0.1847 -0.9341
vn 0.0877 -0.2350 -0.9680
vn 0.0029 0.5095 -0.8605
vn 0.0057 -0.2974 -0.9547
vn -0.0894 -0.2270 -0.9698
vn -0.2259 -0.1239 -0.9662
vn 0.4303 0.1082 -0.8962
vn -0.1721 0.0257 -0.9848
vn 0.4723 -0.2167 -0.8544
vn -0.2773 0.2978 -0.9135
vn -0.1215 0.2780 -0.9529
vn -0.0322 0.5831 -0.8118
vn 0.0746 0.2506 -0.9652
vn 0.1675 0.5372 -0.8267
vn 0.2945 0.4121 -0.8622
vn 0.2242 0.1709 -0.9594
vn 0.4926 0.1388 -0.8591
vn 0.6261 -0.3721 -0.6852
vn 0.1927 -0.2336 -0.9531
vn 0.4082 -0.5147 -0.7540
vn 0.1896 -0.5459 -0.8161
vn 0.0061 -0.6258 -0.7800
vn -0.2190 -0.4945 -0.8412
vn -0.1856 -0.2136 -0.9591
vn -0.4916 -0.2807 -0.8243
vn -0.2621 -0.0400 -0.9642
vn -0.4192 0.0505 -0.9065
vn -0.1925 0.1020 -0.9760
vn -0.9070 0.4211 -0.0021
vn -0.7030 0.7112 0.0007
vn -0.7038 0.6987 -0.1287
vn -0.9942 0.1071 -0.0041
vn -0.8955 0.4242 -0.1350
vn -0.9788 -0.2047 -0.0051
vn -0.9891 0.0869 -0.1190
vn -0.8640 -0.5034 -0.0061
vn -0.9678 -0.2243 -0.1138
vn -0.6316 -0.7752 -0.0105
vn -0.8419 -0.5157 -0.1587
vn -0.2750 -0.9480 -0.1603
vn -0.3371 -0.9414 -0.0108
vn -0.0217 -0.9997 -0.0069
vn 0.0765 -0.9656 -0.2486
vn -0.2315 -0.9106 -0.3424
vn 0.3065 -0.9519 -0.0061
vn 0.6222 -0.7829 -0.0061
vn 0.3857 -0.9037 -0.1862
vn 0.8697 -0.4732 -0.1406
vn 0.8631 -0.5050 -0.0053
vn 0.9903 -0.1389 -0.0023
vn 0.9669 0.2551 0.0018
vn 0.9803 -0.1234 -0.1540
vn 0.8082 0.5507 -0.2089
vn 0.8136 0.5814 0.0031
vn 0.5878 0.8090 0.0038
vn 0.2902 0.9288 -0.2304
vn 0.2876 0.9577 0.0046
vn -0.0527 0.9986 0.0030
vn 0.2565 0.8421 -0.4743
vn -0.0275 0.8695 -0.4932
vn -0.4347 0.8915 -0.1274
vn -0.3953 0.9186 0.0024
vn 0.9341 -0.1373 -0.3295
vn -0.9665 0.0915 -0.2396
vn -0.9431 -0.2183 -0.2510
vn 0.0018 0.0105 -0.9999
vn 0.0009 0.0076 -1.0000
vn 0.0018 0.0120 -0.9999
vn 0.8415 -0.4410 -0.3121
vn 0.6333 -0.7307 -0.2548
vn 0.0032 0.0168 -0.9999
vn 0.0020 0.0120 -0.9999
vn -0.5626 -0.7581 -0.3297
vn -0.4337 -0.6912 -0.5780
vn 0.5502 -0.6941 -0.4642
vn -0.8083 -0.4699 -0.3548
vn 0.0015 0.0042 -1.0000
vn 0.0032 0.0124 -0.9999
vn 0.0003 0.0274 -0.9996
vn -0.0369 0.3266 -0.9444
vn -0.0051 -0.0138 -0.9999
vn 0.0704 -0.8533 -0.5167
vn 0.3239 -0.8588 -0.3969
vn 0.0008 0.0073 -1.0000
vn 0.9381 0.2346 -0.2549
vn -0.8599 0.4275 -0.2790
vn 0.0010 0.0076 -1.0000
vn 0.0012 0.0108 -0.9999
vn 0.8348 0.2363 -0.4973
vn 0.7540 0.4973 -0.4292
vn 0.5892 0.7628 -0.2662
vn 0.5319 0.6743 -0.5123
vn 0.0022 0.0153 -0.9999
vn 0.0010 0.0033 -1.0000
vn 0.0011 0.0046 -1.0000
vn 0.0043 0.0152 -0.9999
vn 0.0009 0.0031 -1.0000
vn -0.0824 0.9653 -0.2478
vn -0.4113 0.8556 -0.3143
vn -0.6736 0.6880 -0.2701
vn 0.5134 -0.0885 0.8536
vn 0.2046 0.4790 0.8536
vn 0.3284 0.3600 0.8733
vn 0.2002 -0.4557 0.8673
vn 0.0536 -0.5300 0.8463
vn 0.0254 0.5098 0.8599
vn -0.1314 -0.5219 0.8428
vn -0.1490 0.4913 0.8581
vn -0.2951 -0.4350 0.8507
vn -0.3277 0.4149 0.8488
vn -0.4412 -0.3113 0.8417
vn -0.5231 0.0732 0.8491
vn -0.4387 0.2669 0.8581
vn -0.5029 -0.1343 0.8539
vn 0.4721 0.2684 0.8397
vn 0.5370 0.1116 0.8362
vn 0.3642 -0.4132 0.8346
vn 0.4752 -0.2839 0.8328
vn -0.2173 0.1142 0.9694
vn -0.2480 -0.0563 0.9671
vn -0.2090 -0.1376 0.9682
vn -0.1089 -0.2608 0.9592
vn -0.0347 0.2640 0.9639
vn 0.0644 0.2181 0.9738
vn 0.0814 -0.2837 0.9555
vn 0.1616 -0.2350 0.9585
vn 0.2174 0.1510 0.9643
vn 0.2507 -0.1618 0.9545
vn 0.2757 -0.0531 0.9598
vn -0.2222 0.2397 0.9451
vn -0.7450 0.4211 0.5172
vn -0.3280 0.0427 0.9437
vn -0.8389 -0.1785 0.5142
vn -0.7348 -0.4379 0.5180
vn -0.2352 -0.2641 0.9354
vn -0.3399 -0.8060 0.4847
vn -0.0905 0.8619 0.4990
vn -0.1731 0.3767 0.9100
vn -0.0141 -0.3050 0.9523
vn 0.2495 -0.8424 0.4777
vn 0.1574 0.2274 0.9610
vn 0.2220 0.8060 0.5487
vn 0.5192 -0.7097 0.4762
vn 0.7069 0.5064 0.4937
vn 0.7537 -0.4714 0.4580
vn 0.8626 -0.1405 0.4860
vn 0.2733 0.0610 0.9600
vn 0.8518 0.2149 0.4778
vn -0.6152 0.6669 0.4205
vn -0.8685 0.4926 0.0557
vn -0.8977 0.1344 0.4197
vn -0.9770 -0.2063 0.0542
vn -0.8642 -0.5005 0.0519
vn -0.6196 -0.6777 0.3961
vn -0.3859 -0.9215 0.0436
vn -0.0900 0.9941 0.0611
vn -0.3919 0.8609 0.3244
vn -0.0412 -0.8863 0.4613
vn 0.2864 -0.9571 0.0435
vn 0.4865 0.7246 0.4881
vn 0.2558 0.9643 0.0688
vn 0.5927 -0.8042 0.0450
vn 0.8084 0.5859 0.0572
vn 0.8471 -0.5296 0.0443
vn 0.9868 -0.1542 0.0498
vn 0.9676 0.2471 0.0522
vn -0.6758 0.7356 0.0466
vn -0.8710 0.4913 0.0039
vn -0.9883 0.1524 0.0001
vn -0.9551 0.2945 0.0336
vn -0.9772 -0.2122 -0.0007
vn -0.9994 -0.0306 0.0160
vn -0.8693 -0.4944 -0.0029
vn -0.6758 -0.7370 -0.0068
vn -0.7625 -0.6314 0.1411
vn -0.3837 -0.9234 -0.0090
vn -0.4830 -0.8696 0.1024
vn -0.0773 0.9970 0.0075
vn -0.4132 0.9106 0.0072
vn -0.2604 0.9438 0.2038
vn -0.0457 -0.9989 -0.0095
vn -0.1496 -0.9776 0.1480
vn 0.2537 0.9672 0.0079
vn 0.0354 0.9917 0.1238
vn 0.2872 -0.9578 -0.0085
vn 0.2311 -0.9612 0.1508
vn 0.5578 0.8300 0.0069
vn 0.3249 0.9371 0.1274
vn 0.5926 -0.8055 -0.0069
vn 0.5936 -0.7997 0.0901
vn 0.8092 0.5875 0.0047
vn 0.6096 0.7903 0.0618
vn 0.8483 -0.5295 -0.0046
vn 0.8516 -0.5174 0.0847
vn 0.9883 -0.1525 -0.0007
vn 0.9850 -0.1388 0.1029
vn 0.9689 0.2473 0.0022
vn 0.8301 0.5463 0.1116
vn 0.9675 0.2428 0.0710
vn -0.6808 0.7324 0.0062
vn -0.7905 0.6001 0.1224
vn -0.5197 0.8315 0.1961
vn -0.1441 -0.9450 0.2935
vn 0.0319 0.9645 0.2623
vn -0.9499 0.2947 0.1041
vn 0.0044 -0.0077 1.0000
vn 0.0094 0.0045 0.9999
vn 0.0070 -0.0107 0.9999
vn 0.9598 0.2305 0.1603
vn 0.0047 -0.0336 0.9994
vn 0.0059 -0.0153 0.9999
vn -0.7552 0.5997 0.2648
vn -0.4754 0.7845 0.3982
vn 0.6021 0.7845 0.1487
vn 0.0117 -0.0518 0.9986
vn 0.0165 0.1262 0.9919
vn 0.0168 -0.0216 0.9996
vn 0.0080 -0.0153 0.9999
vn 0.0184 0.0232 0.9996
vn -0.9964 0.0137 0.0839
vn 0.0062 0.0003 1.0000
vn 0.8372 -0.5144 0.1855
vn 0.0010 -0.0074 1.0000
vn -0.0018 -0.0164 0.9999
vn -0.9380 -0.3285 0.1106
vn -0.7558 -0.5905 0.2830
vn 0.5799 -0.7877 0.2081
vn -0.4812 -0.8489 0.2188
vn -0.0118 -0.0382 0.9992
vn -0.0020 0.0368 0.9993
vn -0.0001 -0.0016 1.0000
vn -0.0022 -0.0134 0.9999
vn 0.2077 -0.9273 0.3115
vn -0.2699 0.5937 -0.7581
vn 0.4867 0.3586 -0.7966
vn 0.5823 -0.0475 -0.8116
vn -0.3945 -0.4715 -0.7887
vn -0.5675 -0.0916 -0.8183
vn -0.4384 0.2155 -0.8726
vn -0.9875 0.1511 0.0443
vn -0.6735 -0.7383 0.0358
vn -0.4138 0.9095 0.0403
vn -0.0455 -0.9981 0.0410
vn 0.5587 0.8273 0.0588
vn 0.3171 0.9128 0.2572
vn 0.9654 -0.1556 0.2090
vn 0.8135 0.5357 0.2266
vn -0.2573 0.8774 0.4050
vn -0.9198 -0.3234 0.2221
vn 0.0025 -0.0001 1.0000
vn -0.0001 0.9266 0.3761
vn -0.0051 0.9546 -0.2979
vn -0.2326 0.9204 -0.3141
vn 0.2322 0.9156 0.3282
vn -0.2318 0.9158 0.3279
vn -0.4427 0.8328 -0.3324
vn 0.2342 0.9209 -0.3114
vn 0.4394 0.8162 0.3752
vn -0.4404 0.8150 0.3766
vn -0.6413 0.7077 -0.2964
vn 0.4440 0.8326 -0.3310
vn 0.6310 0.6836 0.3668
vn -0.6308 0.6836 0.3671
vn -0.8033 0.5234 -0.2840
vn 0.6413 0.7079 -0.2960
vn 0.7523 0.4822 0.4490
vn -0.7523 0.4821 0.4490
vn -0.9135 0.2699 -0.3045
vn 0.8025 0.5252 -0.2831
vn 0.8858 0.2747 0.3740
vn -0.8860 0.2748 0.3735
vn -0.9374 0.0061 -0.3483
vn 0.9140 0.2685 -0.3040
vn 0.9566 0.0259 0.2903
vn -0.9568 0.0260 0.2895
vn -0.9151 -0.2577 -0.3102
vn 0.9371 0.0058 -0.3490
vn 0.9308 -0.2591 0.2579
vn -0.9308 -0.2594 0.2573
vn -0.8173 -0.4747 -0.3266
vn 0.9148 -0.2580 -0.3109
vn 0.8260 -0.4730 0.3066
vn -0.8232 -0.4759 0.3096
vn -0.6751 -0.6576 -0.3345
vn 0.8165 -0.4762 -0.3265
vn 0.6890 -0.6727 0.2699
vn -0.4910 -0.8299 0.2649
vn -0.6918 -0.6683 0.2735
vn 0.6751 -0.6576 -0.3345
vn 0.4909 -0.8300 0.2648
vn -0.4849 -0.8090 -0.3321
vn -0.2374 -0.8839 -0.4030
vn 0.4849 -0.8091 -0.3321
vn 0.2450 -0.9215 0.3013
vn 0.2373 -0.8840 -0.4028
vn -0.0021 -0.9588 0.2842
vn -0.2428 -0.9216 0.3027
vn 0.0001 -0.9198 -0.3924
vn -0.1098 0.4426 0.8900
vn -0.0000 0.3971 0.9178
vn 0.1098 0.4426 0.8900
vn -0.2106 0.3614 0.9083
vn 0.2106 0.3615 0.9083
vn -0.2787 0.2975 0.9131
vn 0.2786 0.2979 0.9130
vn -0.2808 0.1541 0.9473
vn 0.2808 0.1558 0.9470
vn -0.4088 0.1406 0.9017
vn 0.4094 0.1398 0.9016
vn -0.5163 0.0001 0.8564
vn 0.5163 0.0001 0.8564
vn -0.4164 -0.2356 0.8781
vn -0.5257 -0.1479 0.8377
vn 0.5258 -0.1481 0.8376
vn 0.4168 -0.2306 0.8792
vn 0.3738 -0.3738 0.8488
vn -0.3793 -0.3710 0.8476
vn -0.2635 -0.4620 0.8468
vn 0.2635 -0.4620 0.8468
vn 0.1217 -0.4655 0.8767
vn -0.0030 -0.5143 0.8576
vn -0.1192 -0.4684 0.8755
vn 0.0843 -0.3330 0.9391
vn 0.0017 -0.3874 0.9219
vn -0.0858 -0.3437 0.9352
vn 0.1419 -0.2624 0.9545
vn -0.1497 -0.2762 0.9494
vn 0.2131 -0.2196 0.9520
vn -0.2246 -0.2288 0.9472
vn 0.2651 -0.1651 0.9500
vn -0.2720 -0.1662 0.9478
vn -0.3049 -0.0777 0.9492
vn 0.3042 -0.0767 0.9495
vn 0.4015 0.1085 0.9094
vn 0.4273 -0.0081 0.9041
vn -0.4273 -0.0077 0.9041
vn -0.4078 0.1041 0.9071
vn 0.2574 0.2459 0.9345
vn 0.3376 0.1923 0.9214
vn -0.3390 0.1968 0.9200
vn -0.2491 0.2443 0.9372
vn 0.1662 0.2652 0.9498
vn -0.1640 0.2626 0.9509
vn 0.0876 0.3175 0.9442
vn -0.0881 0.3163 0.9446
vn -0.0000 0.3069 0.9517
vn -0.0000 0.6651 0.7468
vn -0.3557 0.5737 0.7378
vn 0.3594 0.5815 0.7299
vn -0.6546 0.3846 0.6508
vn 0.5311 0.5249 0.6652
vn -0.7848 0.2061 0.5845
vn 0.6779 0.3891 0.6237
vn 0.7886 0.2212 0.5737
vn -0.6675 -0.1740 0.7240
vn 0.6662 -0.1741 0.7251
vn -0.5581 -0.3401 0.7569
vn 0.5439 -0.3370 0.7685
vn -0.3205 -0.5860 0.7442
vn 0.4371 -0.4559 0.7753
vn 0.3075 -0.5630 0.7671
vn 0.1904 -0.6925 0.6958
vn -0.1902 -0.7063 0.6819
vn -0.2362 0.9287 0.2857
vn -0.0000 0.9348 0.3552
vn -0.0000 1.0000 0.0100
vn 0.2362 0.9287 0.2857
vn -0.2767 0.9609 0.0089
vn -0.5214 0.8533 0.0079
vn -0.4788 0.8377 0.2627
vn 0.4788 0.8377 0.2627
vn 0.5220 0.8529 0.0078
vn 0.2769 0.9609 0.0088
vn -0.6543 0.7125 0.2534
vn 0.6544 0.7125 0.2532
vn -0.7893 0.5236 0.3206
vn -0.7198 0.6941 0.0077
vn 0.7201 0.6938 0.0072
vn 0.7894 0.5236 0.3205
vn -0.8959 0.2883 0.3380
vn -0.8665 0.4991 0.0095
vn 0.8658 0.5002 0.0092
vn 0.8959 0.2884 0.3380
vn -0.9625 0.0336 0.2693
vn -0.9637 0.2670 0.0092
vn 0.9636 0.2672 0.0092
vn 0.9625 0.0337 0.2693
vn -0.8981 -0.2181 0.3819
vn -0.9999 -0.0090 0.0103
vn 0.9999 -0.0090 0.0103
vn 0.8983 -0.2181 0.3814
vn -0.9597 -0.2807 0.0134
vn -0.8530 -0.5217 0.0157
vn -0.8018 -0.4731 0.3651
vn 0.8017 -0.4730 0.3655
vn 0.8538 -0.5204 0.0156
vn 0.9601 -0.2793 0.0137
vn -0.6937 -0.7201 0.0168
vn 0.6626 -0.6804 0.3131
vn -0.6628 -0.6804 0.3126
vn -0.4900 -0.8716 0.0157
vn 0.6935 -0.7202 0.0168
vn 0.4541 -0.8132 0.3639
vn -0.4545 -0.8134 0.3631
vn -0.2541 -0.9671 0.0142
vn 0.2549 -0.9668 0.0145
vn 0.4883 -0.8725 0.0160
vn -0.0003 -0.9999 0.0130
vn 0.2252 -0.9003 0.3724
vn -0.2255 -0.9006 0.3717
vn -0.1071 0.4562 -0.8834
vn 0.0047 0.4808 -0.8768
vn -0.2173 0.3984 -0.8911
vn 0.1087 0.4533 -0.8847
vn 0.2185 0.3968 -0.8915
vn -0.3196 0.3465 -0.8819
vn 0.3196 0.3465 -0.8819
vn -0.4193 0.2746 -0.8653
vn -0.4717 0.1314 -0.8719
vn 0.4171 0.2765 -0.8658
vn -0.4115 0.0061 -0.9114
vn 0.4110 0.0061 -0.9116
vn 0.4713 0.1298 -0.8724
vn -0.4421 -0.1140 -0.8897
vn 0.4422 -0.1143 -0.8896
vn -0.3825 -0.2178 -0.8979
vn 0.3823 -0.2182 -0.8979
vn -0.3070 -0.2945 -0.9050
vn 0.3068 -0.2943 -0.9051
vn -0.2321 -0.3767 -0.8968
vn 0.2323 -0.3754 -0.8973
vn 0.0846 -0.3402 -0.9366
vn -0.0855 -0.3416 -0.9359
vn -0.0000 -0.0014 -1.0000
vn 0.0018 0.0017 -1.0000
vn -0.0018 0.0015 -1.0000
vn -0.0027 -0.0289 -0.9996
vn 0.0026 -0.0290 -0.9996
vn 0.0171 -0.0243 -0.9996
vn -0.0171 -0.0249 -0.9995
vn 0.0109 0.0043 -0.9999
vn -0.0110 0.0043 -0.9999
vn 0.0178 -0.0153 -0.9997
vn -0.0178 -0.0153 -0.9997
vn 0.0387 0.0001 -0.9992
vn -0.0387 -0.0003 -0.9993
vn 0.0425 0.0108 -0.9990
vn -0.0425 0.0108 -0.9990
vn 0.0442 0.0225 -0.9988
vn -0.0442 0.0230 -0.9988
vn 0.0261 0.0306 -0.9992
vn -0.0261 0.0306 -0.9992
vn 0.0217 0.0349 -0.9992
vn -0.0217 0.0350 -0.9992
vn 0.0148 0.0519 -0.9985
vn 0.0021 0.0489 -0.9988
vn -0.0163 0.0491 -0.9987
vn 0.0007 -0.3645 -0.9312
vn -0.2658 0.9534 0.1429
vn -0.0000 0.9861 0.1664
vn -0.0000 0.9968 0.0797
vn 0.2606 0.9542 0.1472
vn -0.4880 0.8527 0.1864
vn -0.2656 0.9617 0.0684
vn 0.4933 0.8487 0.1907
vn 0.4987 0.8621 0.0897
vn -0.7003 0.7047 0.1138
vn -0.6829 0.6913 0.2360
vn 0.6827 0.6914 0.2365
vn 0.6999 0.7050 0.1141
vn -0.8376 0.5099 0.1959
vn 0.8378 0.5096 0.1957
vn -0.9411 0.2624 0.2134
vn -0.8586 0.5036 0.0958
vn 0.8587 0.5035 0.0958
vn 0.9403 0.2639 0.2147
vn -0.9751 -0.0122 0.2213
vn -0.9582 0.2657 0.1064
vn 0.9753 -0.0140 0.2205
vn 0.9938 -0.0139 0.1099
vn -0.9375 -0.2761 0.2117
vn -0.9939 -0.0123 0.1099
vn 0.9386 -0.2715 0.2129
vn 0.9550 -0.2780 0.1038
vn -0.8336 -0.5006 0.2334
vn -0.9541 -0.2808 0.1045
vn 0.8307 -0.5054 0.2335
vn 0.8488 -0.5156 0.1167
vn -0.6821 -0.6991 0.2145
vn -0.8506 -0.5127 0.1168
vn 0.6843 -0.6975 0.2125
vn 0.6952 -0.7112 0.1050
vn -0.4900 -0.8455 0.2122
vn -0.6941 -0.7123 0.1041
vn 0.4902 -0.8453 0.2125
vn 0.4988 -0.8604 0.1045
vn -0.2584 -0.9414 0.2167
vn -0.4985 -0.8606 0.1043
vn 0.2559 -0.9424 0.2154
vn 0.2605 -0.9595 0.1073
vn 0.0022 -0.9796 0.2007
vn -0.2612 -0.9594 0.1064
vn 0.0008 -0.9952 0.0976
vn -0.0000 0.9686 -0.2486
vn 0.2632 0.9624 0.0665
vn -0.4863 0.8395 -0.2423
vn -0.4963 0.8633 0.0916
vn 0.4863 0.8395 -0.2423
vn -0.8526 0.4867 -0.1904
vn 0.8394 0.4837 -0.2479
vn 0.9583 0.2656 0.1058
vn -0.9266 0.2548 -0.2765
vn 0.9303 0.2529 -0.2658
vn -0.9660 -0.0091 -0.2582
vn 0.9649 -0.0122 -0.2624
vn -0.8272 -0.4990 -0.2583
vn 0.8247 -0.5018 -0.2609
vn -0.6677 -0.6834 -0.2953
vn 0.4776 -0.8302 -0.2875
vn -0.4776 -0.8301 -0.2876
vn -0.2486 -0.9203 -0.3020
vn -0.0002 -0.9594 -0.2821
vn 0.2604 0.9211 -0.2894
vn 0.1527 0.5491 -0.8217
vn -0.1526 0.5491 -0.8217
vn -0.2603 0.9212 -0.2893
vn 0.3114 0.5140 -0.7993
vn 0.6850 0.6699 -0.2865
vn -0.6811 0.6761 -0.2812
vn -0.3114 0.5140 -0.7993
vn 0.4803 0.2670 -0.8355
vn -0.5275 0.2870 -0.7996
vn 0.5118 0.1556 -0.8449
vn -0.5042 0.1509 -0.8503
vn 0.5443 -0.0047 -0.8389
vn -0.5409 0.0005 -0.8411
vn 0.9108 -0.2580 -0.3223
vn 0.4831 -0.1267 -0.8663
vn -0.9105 -0.2643 -0.3180
vn 0.4861 -0.2945 -0.8228
vn -0.4865 -0.2897 -0.8243
vn 0.6697 -0.6804 -0.2976
vn 0.3433 -0.3554 -0.8694
vn 0.2615 -0.4394 -0.8594
vn -0.2615 -0.4393 -0.8594
vn 0.2488 -0.9202 -0.3022
vn 0.1368 -0.4994 -0.8555
vn -0.1368 -0.4993 -0.8556
vn -0.0000 -0.5097 -0.8604
vn -0.0000 0.6179 -0.7862
vn -0.0000 0.2090 -0.9779
vn -0.0461 0.1662 -0.9850
vn 0.0461 0.1667 -0.9849
vn -0.0993 0.1385 -0.9854
vn 0.0993 0.1385 -0.9854
vn -0.0751 0.0579 -0.9955
vn 0.0750 0.0579 -0.9955
vn -0.3786 0.3737 -0.8467
vn -0.0346 0.0153 -0.9993
vn 0.0629 0.0260 -0.9977
vn 0.3906 0.3677 -0.8439
vn -0.0283 0.0137 -0.9995
vn 0.0326 0.0180 -0.9993
vn -0.0503 0.0045 -0.9987
vn -0.4768 -0.1326 -0.8689
vn 0.0517 0.0062 -0.9986
vn -0.0914 -0.0214 -0.9956
vn 0.0914 -0.0210 -0.9956
vn -0.3390 -0.3572 -0.8704
vn -0.0865 -0.0535 -0.9948
vn 0.0865 -0.0532 -0.9948
vn 0.0156 -0.0063 -0.9999
vn -0.0228 -0.0246 -0.9994
vn 0.0228 -0.0246 -0.9994
vn -0.0156 -0.0060 -0.9999
vn -0.0126 -0.0704 -0.9974
vn 0.0126 -0.0704 -0.9974
vn -0.0000 -0.0399 -0.9992
vn -0.0000 -0.9999 0.0136
vn 0.2569 -0.9664 0.0091
vn 0.2683 -0.9632 0.0137
vn -0.2678 -0.9634 0.0138
vn -0.2574 -0.9663 0.0092
vn 0.4965 -0.8680 0.0092
vn 0.5121 -0.8589 0.0114
vn -0.5116 -0.8591 0.0126
vn -0.4962 -0.8682 0.0080
vn 0.6949 -0.7191 0.0089
vn -0.6953 -0.7186 0.0099
vn -0.7016 -0.7125 0.0050
vn 0.8493 -0.5279 0.0044
vn 0.7014 -0.7128 0.0063
vn -0.8493 -0.5278 0.0043
vn 0.9584 -0.2853 0.0046
vn 0.8566 -0.5160 0.0006
vn -0.9584 -0.2854 0.0046
vn -0.9597 -0.2811 0.0037
vn 0.9999 -0.0107 0.0076
vn 0.9597 -0.2811 0.0036
vn -0.9999 -0.0103 0.0079
vn 0.9628 0.2701 0.0100
vn 0.9999 -0.0077 0.0068
vn -0.9628 0.2700 0.0103
vn -0.9615 0.2748 0.0088
vn 0.8631 0.5050 0.0088
vn 0.9615 0.2746 0.0091
vn -0.8628 0.5054 0.0083
vn 0.7153 0.6988 0.0062
vn 0.8604 0.5096 0.0073
vn -0.7154 0.6987 0.0057
vn -0.7077 0.7065 0.0032
vn 0.5092 0.8607 0.0027
vn 0.7078 0.7064 0.0027
vn -0.5089 0.8608 0.0026
vn 0.2661 0.9640 -0.0008
vn 0.4956 0.8685 -0.0012
vn -0.4956 0.8686 -0.0012
vn -0.2664 0.9639 -0.0008
vn -0.0000 1.0000 -0.0028
vn 0.2620 0.9651 -0.0022
vn -0.2623 0.9650 -0.0023
vn -0.2482 0.4197 -0.8731
vn -0.4136 0.6913 -0.5925
vn -0.2427 0.7917 -0.5607
vn -0.7195 0.4194 -0.5536
vn -0.5732 0.5921 -0.5665
vn -0.3593 0.3573 -0.8621
vn -0.2419 -0.4396 -0.8650
vn -0.4083 -0.7322 -0.5451
vn -0.5769 -0.6378 -0.5103
vn -0.1454 0.5018 -0.8527
vn -0.0000 0.8390 -0.5442
vn 0.2427 0.7917 -0.5607
vn 0.4137 0.6913 -0.5925
vn 0.2481 0.4200 -0.8729
vn 0.1454 0.5018 -0.8527
vn 0.7194 0.4195 -0.5536
vn 0.4375 0.2609 -0.8606
vn 0.3593 0.3573 -0.8621
vn 0.5729 0.5924 -0.5664
vn 0.8205 -0.0260 -0.5711
vn 0.4746 -0.0180 -0.8800
vn 0.5144 0.1357 -0.8468
vn 0.8189 0.2437 -0.5196
vn 0.7432 -0.4348 -0.5085
vn 0.4720 -0.2833 -0.8348
vn 0.4862 -0.1358 -0.8632
vn 0.8036 -0.2135 -0.5556
vn 0.5769 -0.6378 -0.5103
vn 0.4083 -0.7321 -0.5452
vn 0.2419 -0.4396 -0.8650
vn 0.1941 -0.7923 -0.5785
vn 0.1071 -0.4672 -0.8776
vn -0.0000 -0.8270 -0.5622
vn -0.1943 -0.7919 -0.5788
vn -0.1071 -0.4672 -0.8776
vn -0.7432 -0.4349 -0.5085
vn -0.4720 -0.2838 -0.8347
vn -0.4863 -0.1355 -0.8632
vn -0.8036 -0.2135 -0.5556
vn -0.8205 -0.0260 -0.5711
vn -0.4746 -0.0180 -0.8800
vn -0.5143 0.1358 -0.8468
vn -0.8189 0.2438 -0.5196
vn -0.4375 0.2609 -0.8605
vn -0.0000 0.5096 -0.8604
vn -0.0000 -0.2381 -0.9712
vn 0.1186 -0.2274 -0.9666
vn -0.1186 -0.2278 -0.9665
vn 0.2473 -0.1402 -0.9588
vn -0.2480 -0.1444 -0.9579
vn 0.3285 0.0018 -0.9445
vn -0.3316 0.0058 -0.9434
vn 0.2494 0.1388 -0.9584
vn -0.3653 -0.4028 -0.8393
vn -0.2490 0.1389 -0.9585
vn 0.1438 0.2426 -0.9594
vn 0.3653 -0.4027 -0.8393
vn -0.1438 0.2431 -0.9593
vn -0.0000 0.3062 -0.9520
vn -0.0000 -0.5156 -0.8568
vn -0.0000 0.6747 -0.7381
vn -0.3658 0.5265 -0.7675
vn 0.3661 0.5262 -0.7675
vn 0.6051 0.2565 -0.7537
vn -0.6046 0.2563 -0.7541
vn 0.5719 -0.3145 -0.7577
vn -0.7119 -0.0230 -0.7019
vn 0.3187 -0.5402 -0.7789
vn -0.3187 -0.5402 -0.7789
vn -0.0000 -0.5692 -0.8222
vn -0.8376 0.5306 -0.1300
vn -0.8883 0.4593 0.0018
vn -0.5314 0.8471 0.0030
vn -0.0000 1.0000 0.0032
vn 0.5316 0.8470 0.0031
vn 0.4721 0.8591 -0.1979
vn -0.4720 0.8591 -0.1979
vn 0.8883 0.4593 0.0018
vn 0.8376 0.5306 -0.1300
vn 0.9906 0.0351 -0.1323
vn -0.9906 0.0350 -0.1324
vn 0.8834 -0.4561 -0.1072
vn 0.9994 -0.0351 0.0019
vn -0.9994 -0.0352 0.0019
vn -0.8834 -0.4561 -0.1072
vn 0.8531 -0.5218 -0.0038
vn 0.4926 -0.8702 -0.0064
vn -0.4932 -0.8699 -0.0065
vn -0.8531 -0.5217 -0.0038
vn 0.5360 -0.8376 -0.1056
vn -0.0000 -1.0000 -0.0038
vn -0.5362 -0.8374 -0.1057
vn -0.0000 0.9574 -0.2886
vn -0.0000 0.8669 -0.4985
vn -0.0114 0.0013 -0.9999
vn -0.0000 0.0001 -1.0000
vn -0.0000 -0.0028 -1.0000
vn -0.0000 -0.9815 -0.1915
vn -0.5061 -0.8237 -0.2556
vn 0.0114 0.0013 -0.9999
vn 0.5061 -0.8237 -0.2556
vn -0.4791 0.7979 -0.3658
vn -0.8291 0.4944 -0.2613
vn -0.0115 -0.0035 -0.9999
vn 0.0118 -0.0014 -0.9999
vn 0.0267 0.0079 -0.9996
vn -0.0233 0.0091 -0.9997
vn -0.8578 -0.4562 -0.2369
vn 0.4791 0.7979 -0.3658
vn 0.8290 0.4944 -0.2613
vn -0.0118 -0.0015 -0.9999
vn 0.0115 -0.0030 -0.9999
vn 0.0232 0.0091 -0.9997
vn -0.0267 0.0079 -0.9996
vn 0.8578 -0.4562 -0.2369
vn 0.2768 -0.6868 0.6721
vn 0.6854 -0.2837 0.6707
vn 0.7196 0.3557 0.5963
vn 0.5690 0.6349 0.5225
vn -0.0067 0.0014 1.0000
vn 0.0032 0.0033 1.0000
vn -0.0178 0.0015 0.9998
vn 0.8186 0.0469 0.5725
vn 0.0564 0.0046 0.9984
vn -0.0119 0.0030 0.9999
vn 0.5396 -0.5600 0.6287
vn 0.3290 0.7994 0.5027
vn -0.0000 0.7797 0.6261
vn -0.0000 0.0031 1.0000
vn -0.0001 0.0013 1.0000
vn -0.0009 0.0032 1.0000
vn 0.0033 0.0033 1.0000
vn 0.0001 -0.7597 0.6503
vn -0.0000 -0.9445 0.3286
vn -0.3290 0.7994 0.5027
vn -0.2774 -0.6883 0.6702
vn 0.0011 0.0014 1.0000
vn -0.5691 0.6348 0.5227
vn 0.0043 0.0031 1.0000
vn -0.0053 0.0013 1.0000
vn -0.5400 -0.5601 0.6283
vn -0.6853 -0.2839 0.6707
vn -0.7196 0.3561 0.5961
vn 0.0178 0.0015 0.9998
vn -0.8185 0.0472 0.5726
vn 0.0119 0.0030 0.9999
vn -0.0564 0.0046 0.9984
vn -0.1893 0.6594 0.7276
vn 0.1874 0.6605 0.7270
vn -0.5046 0.5142 0.6936
vn -0.8375 -0.0243 0.5459
vn 0.8375 -0.0244 0.5459
vn -0.4606 -0.4730 0.7511
vn 0.0042 -0.7676 0.6409
vn 0.0001 -0.9999 0.0154
vn -0.8568 -0.5157 0.0008
vn -0.9999 -0.0076 0.0067
vn -0.8595 0.5111 0.0076
vn -0.0000 1.0000 -0.0041
vn 0.7180 -0.0382 -0.6950
vn -0.5620 -0.3217 -0.7620
vn -0.0001 -0.9140 -0.4056
vn -0.9642 0.0060 -0.2651
vn 0.9642 0.0057 -0.2651
vn -0.0029 0.0044 1.0000
vn 0.9144 -0.1423 0.3789
vn 0.9432 -0.1417 -0.3006
vn 0.9444 0.0881 -0.3169
vn 0.8685 -0.3693 0.3307
vn 0.9396 0.0881 0.3307
vn 0.8902 0.3085 -0.3353
vn 0.8733 -0.3721 -0.3144
vn 0.7371 -0.5600 0.3784
vn 0.8726 0.3083 0.3788
vn 0.7968 0.5250 -0.2991
vn 0.7534 -0.5665 -0.3339
vn 0.5777 -0.7278 0.3695
vn 0.7717 0.5174 0.3699
vn 0.6403 0.7126 -0.2866
vn 0.6004 -0.7418 -0.2987
vn 0.3602 -0.8162 0.4517
vn 0.5913 0.6682 0.4514
vn 0.4069 0.8603 -0.3071
vn 0.3951 -0.8731 -0.2857
vn 0.1348 -0.9166 0.3765
vn 0.4078 0.8319 0.3762
vn 0.1496 0.9244 -0.3509
vn 0.1246 -0.9436 -0.3067
vn -0.1220 -0.9482 0.2934
vn 0.1720 0.9409 0.2916
vn -0.1137 0.9429 -0.3130
vn -0.1383 -0.9258 -0.3518
vn -0.3996 -0.8790 0.2604
vn -0.1130 0.9590 0.2599
vn -0.3440 0.8793 -0.3293
vn -0.3953 -0.8633 -0.3137
vn -0.5936 -0.7430 0.3093
vn -0.3427 0.8862 0.3119
vn -0.5453 0.7674 -0.3373
vn -0.5942 -0.7337 -0.3295
vn -0.7701 -0.5768 0.2725
vn -0.7443 0.6120 0.2674
vn -0.5538 0.7855 0.2763
vn -0.7531 -0.5649 -0.3373
vn -0.8949 -0.3572 0.2674
vn -0.7242 0.6027 -0.3349
vn -0.8355 0.3708 -0.4055
vn -0.8731 -0.3542 -0.3349
vn -0.9474 -0.1002 0.3040
vn -0.9088 -0.0978 -0.4055
vn -0.9463 0.1494 0.2868
vn -0.8724 0.3815 0.3057
vn -0.9072 0.1419 -0.3960
vn 0.4506 0.0398 0.8918
vn 0.3894 -0.0606 0.9191
vn 0.4171 -0.1754 0.8918
vn 0.3864 0.1512 0.9098
vn 0.3219 -0.2623 0.9097
vn 0.3348 0.2278 0.9144
vn 0.2496 -0.3188 0.9144
vn 0.1943 0.2516 0.9481
vn 0.1097 -0.2987 0.9480
vn 0.2000 0.3798 0.9032
vn 0.0747 -0.4229 0.9031
vn 0.0790 0.5080 0.8577
vn -0.0791 -0.5080 0.8577
vn -0.1677 0.4457 0.8793
vn -0.0658 0.5398 0.8392
vn -0.2268 -0.4944 0.8391
vn -0.2903 -0.3738 0.8809
vn -0.4245 -0.3099 0.8507
vn -0.3066 0.4302 0.8491
vn -0.4141 0.3295 0.8485
vn -0.4948 -0.1878 0.8484
vn -0.4761 -0.0487 0.8781
vn -0.5047 0.0810 0.8595
vn -0.4412 0.1890 0.8773
vn -0.3396 -0.0321 0.9400
vn -0.3804 0.0578 0.9230
vn -0.3239 0.1373 0.9361
vn -0.2783 -0.0990 0.9554
vn -0.2478 0.1888 0.9502
vn -0.2471 -0.1754 0.9530
vn -0.1899 0.2550 0.9481
vn -0.2025 -0.2349 0.9507
vn -0.1220 0.2916 0.9487
vn -0.0299 0.3099 0.9503
vn -0.1216 -0.2868 0.9502
vn 0.0456 -0.4106 0.9107
vn -0.0733 -0.4184 0.9053
vn 0.0575 0.4212 0.9051
vn 0.1646 0.3847 0.9082
vn 0.2024 -0.2901 0.9354
vn 0.1372 -0.3601 0.9228
vn 0.2443 0.3037 0.9209
vn 0.2776 0.2075 0.9380
vn 0.2346 -0.2033 0.9506
vn 0.2817 0.1208 0.9519
vn 0.2974 -0.1343 0.9453
vn 0.3235 0.0381 0.9455
vn 0.3010 -0.0474 0.9524
vn 0.6518 -0.1023 0.7515
vn 0.6179 0.2610 0.7417
vn 0.5164 -0.4411 0.7340
vn 0.4786 0.5842 0.6555
vn 0.4343 -0.6026 0.6695
vn 0.3224 0.7415 0.5885
vn 0.2794 -0.7261 0.6283
vn 0.0961 -0.8099 0.5787
vn -0.0679 0.6819 0.7283
vn -0.2719 -0.6271 0.7299
vn -0.2489 0.5994 0.7608
vn -0.4134 -0.4822 0.7724
vn -0.5257 0.4044 0.7484
vn -0.5138 -0.3586 0.7794
vn -0.5985 -0.2152 0.7717
vn -0.7092 -0.0811 0.7003
vn -0.6647 0.2944 0.6867
vn 0.9532 0.0903 0.2886
vn 0.9227 -0.1433 0.3578
vn 0.9880 -0.1539 0.0101
vn 0.8808 -0.3752 0.2888
vn 0.9921 0.1251 0.0092
vn 0.9231 0.3844 0.0080
vn 0.9009 0.3434 0.2655
vn 0.7537 -0.6011 0.2655
vn 0.7626 -0.6468 0.0076
vn 0.9068 -0.4215 0.0089
vn 0.8040 0.5368 0.2560
vn 0.6033 -0.7553 0.2560
vn 0.6381 0.6986 0.3236
vn 0.7967 0.6044 0.0080
vn 0.5752 -0.8180 0.0072
vn 0.3960 -0.8594 0.3236
vn 0.4212 0.8404 0.3409
vn 0.6263 0.7795 0.0095
vn 0.3610 -0.9325 0.0093
vn 0.1459 -0.9289 0.3405
vn 0.1816 0.9450 0.2720
vn 0.4121 0.9111 0.0093
vn 0.1157 -0.9932 0.0093
vn -0.1144 -0.9555 0.2720
vn -0.0777 0.9199 0.3844
vn 0.1456 0.9893 0.0105
vn -0.1619 -0.9867 0.0107
vn -0.3537 -0.8526 0.3846
vn -0.1290 0.9916 0.0137
vn -0.3847 0.9229 0.0157
vn -0.3444 0.8637 0.3680
vn -0.5898 -0.7186 0.3685
vn -0.6462 -0.7630 0.0158
vn -0.4247 -0.9052 0.0137
vn -0.6041 0.7968 0.0169
vn -0.7735 -0.5494 0.3159
vn -0.5702 0.7585 0.3155
vn -0.7862 0.6178 0.0160
vn -0.8189 -0.5737 0.0172
vn -0.8722 -0.3234 0.3670
vn -0.7329 0.5735 0.3660
vn -0.9164 0.3999 0.0143
vn -0.9945 -0.1037 0.0145
vn -0.9369 -0.3493 0.0164
vn -0.9880 0.1542 0.0132
vn -0.9231 -0.0838 0.3754
vn -0.8542 0.3605 0.3746
vn 0.4652 0.0352 -0.8845
vn 0.4722 -0.0779 -0.8781
vn 0.4244 0.1524 -0.8925
vn 0.4290 -0.1755 -0.8861
vn 0.3563 -0.2746 -0.8931
vn 0.3895 0.2610 -0.8833
vn 0.2916 -0.3677 -0.8830
vn 0.3349 0.3694 -0.8669
vn 0.2012 0.4440 -0.8731
vn 0.2080 -0.4520 -0.8674
vn 0.0682 0.4027 -0.9128
vn -0.0575 -0.4043 -0.9128
vn 0.0547 -0.4822 -0.8744
vn -0.0443 0.4519 -0.8910
vn -0.1796 -0.4167 -0.8911
vn -0.1554 0.4091 -0.8992
vn -0.2724 -0.3418 -0.8994
vn -0.2415 0.3464 -0.9065
vn -0.3353 -0.2564 -0.9065
vn -0.3339 0.2852 -0.8984
vn -0.4048 -0.1709 -0.8983
vn -0.3470 -0.0306 -0.9374
vn -0.3214 0.1359 -0.9371
vn -0.0014 0.0002 -1.0000
vn 0.0018 -0.0017 -1.0000
vn 0.0024 0.0014 -1.0000
vn -0.0272 0.0075 -0.9996
vn -0.0280 0.0017 -0.9996
vn -0.0269 -0.0123 -0.9996
vn -0.0217 0.0200 -0.9996
vn 0.0025 -0.0108 -0.9999
vn 0.0058 0.0106 -0.9999
vn -0.0175 -0.0153 -0.9997
vn -0.0122 0.0196 -0.9997
vn -0.0064 -0.0380 -0.9993
vn 0.0053 0.0378 -0.9993
vn 0.0045 -0.0432 -0.9991
vn 0.0174 0.0398 -0.9991
vn 0.0153 -0.0458 -0.9988
vn 0.0287 0.0397 -0.9988
vn 0.0258 -0.0302 -0.9992
vn 0.0338 0.0212 -0.9992
vn 0.0302 -0.0264 -0.9992
vn 0.0368 0.0153 -0.9992
vn 0.0477 -0.0226 -0.9986
vn 0.0467 -0.0093 -0.9989
vn 0.0504 0.0090 -0.9987
vn -0.3579 0.0550 -0.9321
vn 0.9827 0.1159 0.1447
vn 0.9740 -0.1510 0.1686
vn 0.9848 -0.1542 0.0805
vn 0.9024 -0.4044 0.1488
vn 0.9172 0.3509 0.1889
vn 0.9910 0.1144 0.0693
vn 0.7622 -0.6179 0.1929
vn 0.7750 -0.6254 0.0908
vn 0.8044 0.5829 0.1152
vn 0.7879 0.5677 0.2388
vn 0.5769 -0.7810 0.2392
vn 0.5891 -0.7998 0.1156
vn 0.6326 0.7487 0.1981
vn 0.3742 -0.9059 0.1983
vn 0.4037 0.8891 0.2155
vn 0.6299 0.7707 0.0969
vn 0.3649 -0.9260 0.0969
vn 0.1154 -0.9693 0.2171
vn 0.1385 0.9648 0.2237
vn 0.4109 0.9053 0.1076
vn -0.1634 -0.9610 0.2231
vn -0.1662 -0.9798 0.1110
vn -0.1288 0.9683 0.2142
vn 0.1402 0.9839 0.1112
vn -0.4131 -0.8849 0.2153
vn -0.4219 -0.9005 0.1051
vn -0.3660 0.9001 0.2363
vn -0.1300 0.9859 0.1056
vn -0.6263 -0.7429 0.2364
vn -0.6392 -0.7599 0.1182
vn -0.5855 0.7811 0.2170
vn -0.3760 0.9190 0.1183
vn -0.7945 -0.5679 0.2151
vn -0.8099 -0.5768 0.1064
vn -0.7600 0.6134 0.2148
vn -0.5969 0.7954 0.1053
vn -0.9102 -0.3541 0.2150
vn -0.9269 -0.3600 0.1057
vn -0.8899 0.3999 0.2194
vn -0.7730 0.6255 0.1060
vn -0.9699 -0.1082 0.2182
vn -0.9880 -0.1097 0.1086
vn -0.9678 0.1482 0.2033
vn -0.9075 0.4060 0.1077
vn -0.9834 0.1523 0.0988
vn 0.9564 -0.1490 -0.2511
vn 0.9107 -0.4075 0.0675
vn 0.9038 0.3511 -0.2448
vn 0.9294 0.3571 0.0927
vn 0.7542 -0.6093 -0.2448
vn 0.6114 0.7676 -0.1925
vn 0.3481 -0.9034 -0.2506
vn 0.1150 -0.9875 0.1074
vn 0.3937 0.8759 -0.2791
vn 0.1066 -0.9574 -0.2684
vn 0.1387 0.9553 -0.2610
vn -0.1609 -0.9507 -0.2651
vn -0.3662 0.8932 -0.2610
vn -0.6223 -0.7372 -0.2634
vn -0.5716 0.7645 -0.2980
vn -0.8930 -0.3439 -0.2902
vn -0.7459 0.5996 -0.2903
vn -0.8700 0.3875 -0.3048
vn -0.9469 0.1480 -0.2853
vn 0.8686 -0.3998 -0.2926
vn 0.5162 -0.2337 -0.8240
vn 0.5628 0.0659 -0.8240
vn 0.9493 0.1160 -0.2921
vn 0.4578 -0.3849 -0.8014
vn 0.5555 -0.7796 -0.2891
vn 0.7728 0.5676 -0.2839
vn 0.5531 0.2275 -0.8015
vn 0.1893 -0.5130 -0.8373
vn 0.3630 0.4760 -0.8010
vn 0.0747 -0.5265 -0.8469
vn 0.2262 0.4730 -0.8515
vn -0.0879 -0.5345 -0.8406
vn 0.0834 0.5325 -0.8423
vn -0.3948 -0.8593 -0.3251
vn -0.1975 -0.4550 -0.8683
vn -0.1209 0.9394 -0.3207
vn -0.3633 -0.4333 -0.8248
vn -0.2098 0.5234 -0.8258
vn -0.7743 -0.5569 -0.3005
vn -0.4020 -0.2838 -0.8706
vn -0.4721 -0.1891 -0.8610
vn -0.3918 0.3236 -0.8613
vn -0.9467 -0.1041 -0.3049
vn -0.5115 -0.0581 -0.8573
vn -0.4694 0.2105 -0.8575
vn -0.5009 0.0780 -0.8620
vn 0.6072 -0.0946 -0.7889
vn 0.2034 -0.0317 -0.9786
vn 0.1697 0.0197 -0.9853
vn 0.1557 -0.0704 -0.9853
vn 0.1502 0.0763 -0.9857
vn 0.1201 -0.1176 -0.9858
vn 0.0674 0.0646 -0.9956
vn 0.0445 -0.0824 -0.9956
vn 0.4253 0.3144 -0.8487
vn 0.0198 0.0320 -0.9993
vn 0.0154 -0.0656 -0.9977
vn 0.3022 -0.4396 -0.8458
vn 0.0171 0.0257 -0.9995
vn 0.0123 -0.0349 -0.9993
vn 0.0115 0.0488 -0.9987
vn -0.0573 0.4884 -0.8707
vn -0.0018 -0.0514 -0.9987
vn -0.0063 0.0931 -0.9956
vn -0.0341 -0.0857 -0.9957
vn -0.2991 0.3878 -0.8719
vn -0.0388 0.0931 -0.9949
vn -0.0650 -0.0763 -0.9950
vn -0.0090 -0.0142 -0.9999
vn -0.0206 0.0260 -0.9995
vn -0.0275 -0.0185 -0.9995
vn -0.0042 0.0167 -0.9999
vn -0.0668 0.0230 -0.9975
vn -0.0706 -0.0016 -0.9975
vn -0.0389 0.0061 -0.9992
vn -0.9880 0.1539 0.0138
vn -0.9944 -0.1051 0.0093
vn -0.9932 -0.1159 0.0137
vn -0.9104 0.4134 0.0141
vn -0.9152 0.4028 0.0092
vn -0.9340 -0.3571 0.0092
vn -0.9274 -0.3740 0.0115
vn -0.7701 0.6378 0.0128
vn -0.7814 0.6239 0.0081
vn -0.8178 -0.5754 0.0091
vn -0.6025 0.7980 0.0103
vn -0.5964 0.8027 0.0054
vn -0.6519 -0.7583 0.0046
vn -0.8125 -0.5829 0.0065
vn -0.3911 0.9203 0.0042
vn -0.4290 -0.9033 0.0045
vn -0.6412 -0.7673 0.0007
vn -0.1350 0.9908 0.0046
vn -0.1300 0.9915 0.0038
vn -0.1639 -0.9865 0.0077
vn -0.4254 -0.9050 0.0037
vn 0.1433 0.9896 0.0080
vn 0.1187 -0.9929 0.0101
vn -0.1612 -0.9869 0.0070
vn 0.4152 0.9097 0.0103
vn 0.4193 0.9078 0.0087
vn 0.3659 -0.9306 0.0088
vn 0.1237 -0.9923 0.0091
vn 0.6322 0.7748 0.0084
vn 0.5799 -0.8147 0.0061
vn 0.3720 -0.9282 0.0072
vn 0.8003 0.5996 0.0057
vn 0.8070 0.5906 0.0033
vn 0.7726 -0.6349 0.0027
vn 0.5901 -0.8073 0.0027
vn 0.9287 0.3708 0.0027
vn 0.9112 -0.4120 -0.0008
vn 0.7814 -0.6241 -0.0011
vn 0.9346 0.3557 -0.0012
vn 0.9934 0.1149 -0.0008
vn 0.9881 -0.1539 -0.0029
vn 0.9132 -0.4074 -0.0023
vn 0.9939 0.1100 -0.0023
vn 0.4506 0.1800 -0.8744
vn 0.7435 0.3005 -0.5974
vn 0.8159 0.1179 -0.5660
vn 0.5227 0.6441 -0.5585
vn 0.6710 0.4731 -0.5709
vn 0.4059 0.2992 -0.8636
vn -0.3955 0.3052 -0.8663
vn -0.6578 0.5144 -0.5502
vn -0.5388 0.6667 -0.5150
vn 0.5154 0.0656 -0.8545
vn 0.8260 -0.1281 -0.5489
vn 0.7414 -0.3604 -0.5660
vn 0.6166 -0.5128 -0.5973
vn 0.3746 -0.3081 -0.8745
vn 0.4709 -0.2197 -0.8544
vn 0.3021 -0.7723 -0.5588
vn 0.1894 -0.4699 -0.8621
vn 0.2960 -0.4073 -0.8640
vn 0.4952 -0.6546 -0.5712
vn -0.1509 -0.8028 -0.5769
vn -0.0904 -0.4638 -0.8813
vn 0.0542 -0.5267 -0.8483
vn 0.1146 -0.8438 -0.5244
vn -0.5417 -0.6655 -0.5135
vn -0.3509 -0.4208 -0.8365
vn -0.2073 -0.4575 -0.8647
vn -0.3333 -0.7582 -0.5604
vn -0.7165 -0.4701 -0.5153
vn -0.7831 -0.2899 -0.5502
vn -0.4694 -0.1709 -0.8663
vn -0.8092 -0.0701 -0.5833
vn -0.4755 -0.0337 -0.8791
vn -0.8142 0.1264 -0.5667
vn -0.7497 0.3127 -0.5833
vn -0.4427 0.1767 -0.8791
vn -0.3130 0.7994 -0.5129
vn -0.2062 0.5081 -0.8363
vn -0.0584 0.4989 -0.8647
vn -0.0869 0.8237 -0.5604
vn 0.1007 0.8116 -0.5755
vn 0.0549 0.4686 -0.8817
vn 0.2118 0.4853 -0.8483
vn 0.3658 0.7689 -0.5243
vn 0.3232 0.3907 -0.8619
vn 0.5003 -0.0779 -0.8623
vn -0.2336 0.0364 -0.9717
vn -0.2411 -0.0809 -0.9671
vn -0.2051 0.1513 -0.9670
vn -0.1751 -0.2208 -0.9595
vn -0.1037 0.2654 -0.9585
vn -0.0484 -0.3223 -0.9454
vn 0.0563 0.3235 -0.9445
vn 0.0980 -0.2654 -0.9592
vn -0.3407 0.4210 -0.8407
vn 0.1739 0.2229 -0.9592
vn 0.2161 -0.1779 -0.9600
vn -0.4525 -0.2974 -0.8407
vn 0.2601 0.1038 -0.9600
vn 0.3000 -0.0472 -0.9528
vn -0.5069 0.0789 -0.8584
vn 0.6624 -0.1037 -0.7419
vn 0.5719 0.2788 -0.7715
vn 0.4600 -0.4395 -0.7715
vn 0.1583 -0.6332 -0.7576
vn 0.3434 0.5540 -0.7584
vn -0.3963 -0.5128 -0.7616
vn 0.0856 0.7034 -0.7057
vn -0.5784 -0.2301 -0.7826
vn -0.4807 0.3953 -0.7827
vn -0.5580 0.0869 -0.8253
vn 0.6527 0.7461 -0.1316
vn 0.5902 0.8073 0.0020
vn 0.9193 0.3936 0.0031
vn 0.9881 -0.1539 0.0032
vn 0.7558 -0.6548 0.0030
vn 0.7762 -0.5980 -0.1997
vn 0.9212 0.3339 -0.2000
vn 0.3167 -0.9485 0.0019
vn 0.3951 -0.9092 -0.1316
vn -0.1177 -0.9840 -0.1339
vn 0.1870 0.9732 -0.1339
vn -0.5865 -0.8026 -0.1086
vn -0.1890 -0.9820 0.0018
vn 0.1186 0.9929 0.0018
vn -0.3146 0.9430 -0.1086
vn -0.6465 -0.7629 -0.0038
vn -0.9358 -0.3524 -0.0065
vn -0.7840 0.6207 -0.0065
vn -0.3838 0.9234 -0.0038
vn -0.9096 -0.4013 -0.1072
vn -0.9881 0.1539 -0.0038
vn -0.7445 0.6590 -0.1072
vn 0.9454 -0.1466 -0.2911
vn 0.8537 -0.1330 -0.5035
vn 0.0030 0.0110 -0.9999
vn 0.0001 -0.0000 -1.0000
vn -0.0028 0.0001 -1.0000
vn -0.9694 0.1510 -0.1936
vn -0.7360 0.6257 -0.2583
vn -0.0005 -0.0107 -0.9999
vn -0.8914 -0.3725 -0.2582
vn 0.8603 0.3508 -0.3700
vn 0.6150 0.7429 -0.2644
vn -0.0017 0.0122 -0.9999
vn -0.0029 -0.0106 -0.9999
vn 0.0036 -0.0276 -0.9996
vn 0.0124 0.0213 -0.9997
vn -0.3184 0.9172 -0.2396
vn 0.7133 -0.5952 -0.3701
vn 0.3604 -0.8945 -0.2644
vn 0.0008 0.0117 -0.9999
vn -0.0052 -0.0106 -0.9999
vn 0.0053 -0.0244 -0.9997
vn 0.0117 0.0244 -0.9996
vn -0.5823 -0.7769 -0.2396
vn -0.7177 -0.1667 0.6761
vn -0.3844 -0.6300 0.6748
vn 0.2399 -0.7628 0.6005
vn 0.5384 -0.6576 0.5269
vn 0.0024 0.0064 1.0000
vn 0.0027 -0.0031 1.0000
vn 0.0042 0.0172 0.9998
vn -0.0793 -0.8129 0.5769
vn -0.0041 -0.0565 0.9984
vn 0.0045 0.0108 0.9999
vn -0.6342 -0.4442 0.6328
vn 0.7370 -0.4470 0.5069
vn 0.7672 -0.1190 0.6302
vn 0.0036 -0.0002 1.0000
vn 0.0013 -0.0001 1.0000
vn 0.0026 0.0004 1.0000
vn 0.0027 -0.0033 1.0000
vn -0.7467 0.1159 0.6550
vn -0.9322 0.1452 0.3315
vn 0.8380 0.2016 0.5070
vn -0.6340 0.3784 0.6744
vn 0.0015 -0.0014 1.0000
vn 0.7132 0.4627 0.5266
vn 0.0027 -0.0047 1.0000
vn 0.0021 0.0046 1.0000
vn -0.4688 0.6166 0.6325
vn -0.1748 0.7170 0.6749
vn 0.4609 0.6531 0.6008
vn -0.0012 -0.0183 0.9998
vn 0.1719 0.7982 0.5773
vn 0.0008 -0.0120 0.9999
vn 0.0131 0.0549 0.9984
vn 0.6767 0.0855 0.7313
vn 0.6197 -0.2849 0.7313
vn 0.5817 0.4166 0.6986
vn 0.1048 0.8281 0.5507
vn -0.1521 -0.8206 0.5509
vn -0.3943 0.5234 0.7553
vn -0.7557 0.1128 0.6451
vn -0.9879 0.1542 0.0161
vn -0.3777 0.9259 0.0007
vn 0.1464 0.9892 0.0068
vn 0.6372 0.7707 0.0076
vn 0.9881 -0.1539 -0.0042
vn -0.1469 -0.6988 -0.7000
vn -0.2296 0.6011 -0.7655
vn -0.9014 0.1403 -0.4096
vn 0.1538 0.9510 -0.2682
vn -0.1431 -0.9526 -0.2683
vn 0.0045 0.0017 1.0000
vn 0.7477 0.5584 -0.3594
vn 0.3697 0.4547 0.8103
vn 0.9202 -0.1600 -0.3573
vn 0.5028 -0.1021 0.8584
vn -0.9981 -0.0488 0.0381
vn -0.9833 -0.1587 -0.0893
vn -0.1098 -0.4806 -0.8700
vn -0.2638 0.4364 -0.8602
vn 0.5307 0.7140 0.4566
vn 0.8479 -0.5203 0.1022
vn -0.9124 0.3115 -0.2656
vn -0.1541 -0.8942 -0.4203
vn 0.6537 0.6395 0.4047
vn 0.4660 -0.6014 0.6490
vn -0.5073 0.5873 -0.6307
vn -0.5415 -0.8298 -0.1350
vn 0.8356 0.4577 0.3036
vn -0.0761 -0.4592 0.8850
vn -0.2189 0.2807 -0.9345
vn -0.8932 -0.4395 -0.0946
vn 0.9481 -0.0163 0.3176
vn -0.3542 -0.0733 0.9323
vn 0.0525 0.0289 -0.9982
vn -0.9658 0.0703 -0.2495
vn 0.4964 -0.7813 0.3784
vn -0.4348 0.4470 0.7817
vn 0.0875 0.0700 -0.9937
vn -0.5508 0.7626 -0.3393
vn -0.5897 -0.7535 0.2906
vn 0.0263 0.5813 0.8133
vn 0.2505 -0.1646 -0.9540
vn 0.4421 0.8542 -0.2738
vn -0.9477 -0.0823 0.3082
vn 0.3635 0.4258 0.8286
vn -0.0710 -0.3665 -0.9277
vn 0.9388 0.2423 -0.2448
vn -0.7341 0.4880 0.4722
vn 0.6065 -0.0412 0.7940
vn -0.3513 -0.1661 -0.9214
vn 0.8225 -0.4574 -0.3380
vn -0.1972 0.8176 0.5410
vn 0.4070 -0.4973 0.7661
vn -0.3393 0.1330 -0.9312
vn 0.2683 -0.8819 -0.3876
vn 0.0848 0.7750 0.6262
vn 0.1238 -0.7115 0.6917
vn -0.2845 0.4181 -0.8627
vn -0.1405 -0.8914 -0.4309
vn -0.2125 -0.5877 0.7807
vn 0.8231 0.1677 0.5425
vn -0.4900 -0.4515 0.7457
vn 0.7488 0.5326 0.3945
vn 0.1272 0.3878 -0.9129
vn -0.0155 0.2810 -0.9596
vn -0.8836 -0.2487 -0.3967
vn -0.6969 -0.6346 -0.3340
vn 0.7085 -0.4778 0.5194
vn -0.6553 0.0062 0.7553
vn 0.3525 0.2104 -0.9118
vn -0.8061 0.4593 -0.3731
vn 0.1700 -0.8527 0.4939
vn -0.4497 0.4469 0.7733
vn 0.3867 -0.0749 -0.9192
vn -0.2497 0.9046 -0.3456
vn -0.4760 -0.7357 0.4819
vn 0.0084 0.6131 0.7900
vn 0.2081 -0.3018 -0.9304
vn 0.4578 0.8257 -0.3296
vn -0.8494 -0.1984 0.4890
vn 0.4507 0.4059 0.7951
vn -0.0797 -0.3342 -0.9391
vn 0.9027 0.2700 -0.3349
vn -0.7329 0.4485 0.5115
vn 0.6162 -0.0519 0.7859
vn -0.3060 -0.1527 -0.9397
vn 0.8244 -0.4379 -0.3586
vn -0.1969 0.8188 0.5392
vn 0.4068 -0.4959 0.7672
vn -0.3351 0.1357 -0.9324
vn 0.2696 -0.8816 -0.3874
vn 0.4453 0.7022 0.5556
vn -0.0556 -0.6590 0.7501
vn -0.1489 0.3585 -0.9216
vn -0.4371 -0.8028 -0.4056
vn 0.8159 0.1678 0.5534
vn -0.4981 -0.4455 0.7439
vn 0.1409 0.3800 -0.9142
vn -0.8809 -0.2487 -0.4028
vn 0.7008 -0.4701 0.5365
vn -0.6574 0.0214 0.7532
vn 0.3576 0.1876 -0.9149
vn -0.8039 0.4547 -0.3834
vn 0.1705 -0.8390 0.5168
vn -0.4367 0.4638 0.7709
vn 0.3691 -0.1017 -0.9238
vn -0.2516 0.8988 -0.3590
vn -0.4620 -0.7250 0.5109
vn 0.0340 0.6165 0.7866
vn 0.1684 -0.3097 -0.9358
vn 0.4502 0.8223 -0.3481
vn -0.8277 -0.2015 0.5238
vn 0.4755 0.3876 0.7897
vn -0.1205 -0.3066 -0.9442
vn 0.8931 0.2731 -0.3574
vn -0.7176 0.4238 0.5526
vn 0.6218 -0.0886 0.7782
vn -0.3169 -0.0963 -0.9436
vn 0.8185 -0.4272 -0.3841
vn -0.5067 0.5875 0.6310
vn 0.5616 -0.4380 0.7020
vn -0.4546 0.1375 -0.8800
vn 0.5439 -0.7138 -0.4412
vn 0.1941 -0.5952 0.7798
vn 0.4138 0.6789 0.6064
vn -0.1010 -0.6664 0.7387
vn 0.1324 0.8778 0.4604
vn -0.0746 0.3724 -0.9251
vn -0.1278 0.2395 -0.9625
vn -0.4202 -0.7946 -0.4382
vn -0.0249 -0.9363 -0.3502
vn 0.7722 0.1740 0.6111
vn -0.5397 -0.4150 0.7325
vn 0.2107 0.3339 -0.9187
vn -0.8612 -0.2536 -0.4404
vn 0.6721 -0.4334 0.6004
vn -0.6678 0.0747 0.7406
vn 0.3748 0.1021 -0.9215
vn -0.7914 0.4395 -0.4250
vn 0.1773 -0.7964 0.5782
vn -0.4095 0.5066 0.7587
vn 0.3204 -0.1698 -0.9320
vn -0.2563 0.8803 -0.3991
vn -0.4302 -0.7035 0.5657
vn 0.0778 0.6272 0.7750
vn 0.0942 -0.3205 -0.9426
vn 0.4357 0.8144 -0.3834
vn -0.7944 -0.2088 0.5705
vn 0.5082 0.3676 0.7788
vn -0.1732 -0.2685 -0.9476
vn 0.8785 0.2792 -0.3876
vn -0.7020 0.3982 0.5904
vn 0.6298 -0.1190 0.7676
vn -0.3246 -0.0428 -0.9449
vn 0.8139 -0.4120 -0.4097
vn -0.2078 0.7617 0.6137
vn 0.3709 -0.5493 0.7488
vn -0.2723 0.2246 -0.9356
vn 0.2777 -0.8559 -0.4362
vn 0.3994 0.6700 0.6258
vn -0.1166 -0.6711 0.7321
vn -0.0461 0.3753 -0.9258
vn -0.4140 -0.7903 -0.4516
vn 0.7637 0.1740 0.6217
vn -0.5467 -0.4120 0.7290
vn 0.2210 0.3249 -0.9196
vn -0.8571 -0.2547 -0.4478
vn 0.6715 -0.4332 0.6012
vn -0.6682 0.0763 0.7400
vn 0.3727 0.0976 -0.9228
vn -0.7919 0.4377 -0.4259
vn 0.1774 -0.7968 0.5776
vn -0.4101 0.5037 0.7604
vn 0.3202 -0.1696 -0.9320
vn -0.2563 0.8805 -0.3989
vn -0.4298 -0.7047 0.5645
vn 0.0779 0.6268 0.7753
vn 0.0941 -0.3219 -0.9421
vn 0.4356 0.8145 -0.3831
vn -0.7947 -0.2090 0.5699
vn 0.5082 0.3676 0.7789
vn -0.1732 -0.2688 -0.9475
vn 0.8785 0.2793 -0.3876
vn -0.7826 0.0491 0.6205
vn 0.6969 0.0778 0.7129
vn -0.4003 -0.1923 -0.8960
vn 0.8932 -0.1096 -0.4360
vn 0.5341 -0.3081 0.7873
vn -0.2075 0.7627 0.6126
vn 0.3708 -0.5494 0.7488
vn -0.5309 0.6958 0.4838
vn -0.2722 0.2245 -0.9357
vn -0.2391 0.1068 -0.9651
vn 0.2774 -0.8557 -0.4368
vn 0.6513 -0.6776 -0.3417
vn 0.3997 0.6684 0.6273
vn -0.1166 -0.6714 0.7319
vn -0.0461 0.3770 -0.9251
vn -0.4140 -0.7904 -0.4515
vn 0.7636 0.1739 0.6218
vn -0.5476 -0.4106 0.7291
vn 0.2209 0.3250 -0.9196
vn -0.8572 -0.2544 -0.4478
vn -0.6682 0.0762 0.7401
vn 0.3729 0.0972 -0.9228
vn -0.7912 0.4394 -0.4253
vn 0.1771 -0.7965 0.5781
vn -0.4097 0.5052 0.7595
vn -0.2562 0.8804 -0.3989
vn -0.4304 -0.7036 0.5654
vn 0.0941 -0.3206 -0.9425
vn 0.4354 0.8147 -0.3829
vn -0.7944 -0.2092 0.5702
vn 0.8784 0.2792 -0.3880
vn -0.7025 0.3982 0.5899
vn 0.6297 -0.1192 0.7676
vn -0.3249 -0.0426 -0.9448
vn 0.8133 -0.4133 -0.4095
vn -0.2075 0.7628 0.6125
vn 0.3708 -0.5495 0.7487
vn 0.2774 -0.8563 -0.4357
vn 0.3992 0.6699 0.6260
vn -0.1166 -0.6712 0.7320
vn -0.0462 0.3753 -0.9258
vn -0.4143 -0.7902 -0.4516
vn -0.5476 -0.4105 0.7291
vn 0.2212 0.3234 -0.9201
vn -0.8571 -0.2546 -0.4478
vn 0.6720 -0.4319 0.6016
vn -0.6682 0.0761 0.7401
vn -0.7919 0.4377 -0.4258
vn 0.1772 -0.7966 0.5779
vn -0.4097 0.5051 0.7596
vn 0.3202 -0.1694 -0.9321
vn -0.2562 0.8805 -0.3989
vn -0.4306 -0.7034 0.5655
vn 0.0941 -0.3216 -0.9422
vn 0.4351 0.8147 -0.3833
vn -0.6058 -0.5123 0.6087
vn 0.4192 0.5535 0.7197
vn -0.1241 -0.4243 -0.8970
vn 0.7215 0.5496 -0.4211
vn 0.5733 0.1664 0.8022
vn -0.7024 0.3979 0.5902
vn -0.8806 0.1223 0.4578
vn -0.3247 -0.0428 -0.9448
vn -0.2174 -0.1007 -0.9709
vn 0.8130 -0.4135 -0.4100
vn 0.9488 -0.0228 -0.3150
vn -0.2078 0.7618 0.6137
vn 0.3711 -0.5495 0.7486
vn -0.2722 0.2257 -0.9354
vn 0.2778 -0.8559 -0.4362
vn 0.3999 0.6685 0.6271
vn -0.1165 -0.6713 0.7320
vn -0.0461 0.3754 -0.9257
vn -0.4138 -0.7903 -0.4519
vn 0.7638 0.1744 0.6214
vn -0.5470 -0.4119 0.7287
vn 0.2212 0.3234 -0.9200
vn -0.8568 -0.2563 -0.4475
vn 0.3728 0.0976 -0.9228
vn -0.7918 0.4380 -0.4257
vn 0.1771 -0.7966 0.5780
vn -0.4098 0.5051 0.7596
vn 0.3204 -0.1694 -0.9320
vn -0.2563 0.8803 -0.3992
vn -0.4306 -0.7035 0.5655
vn 0.0780 0.6256 0.7762
vn 0.0941 -0.3204 -0.9426
vn 0.4352 0.8147 -0.3833
vn 0.5084 0.3678 0.7786
vn -0.7022 0.3981 0.5903
vn -0.3249 -0.0412 -0.9448
vn -0.2077 0.7617 0.6137
vn 0.3708 -0.5493 0.7489
vn -0.2723 0.2245 -0.9357
vn 0.2779 -0.8560 -0.4359
vn 0.3999 0.6684 0.6271
vn -0.1166 -0.6709 0.7323
vn -0.0461 0.3755 -0.9257
vn -0.4138 -0.7903 -0.4520
vn 0.7639 0.1744 0.6214
vn -0.5469 -0.4117 0.7289
vn -0.8568 -0.2562 -0.4475
vn 0.6715 -0.4333 0.6012
vn -0.6682 0.0760 0.7401
vn 0.1771 -0.7967 0.5779
vn -0.4094 0.5066 0.7588
vn 0.3203 -0.1695 -0.9320
vn -0.2561 0.8802 -0.3997
vn -0.0837 -0.7844 0.6146
vn -0.1149 0.6942 0.7105
vn 0.2387 -0.3977 -0.8859
vn 0.1341 0.8944 -0.4266
vn 0.2654 0.5295 0.8057
vn -0.7945 -0.2092 0.5701
vn 0.5077 0.3692 0.7785
vn -0.7217 -0.5323 0.4425
vn -0.0538 -0.2352 -0.9705
vn 0.8782 0.2807 -0.3872
vn 0.6960 0.6516 -0.3015
vn -0.7020 0.3998 0.5894
vn 0.6294 -0.1190 0.7679
vn 0.8141 -0.4120 -0.4093
vn -0.2079 0.7616 0.6138
vn 0.3708 -0.5493 0.7488
vn -0.2723 0.2246 -0.9357
vn 0.3993 0.6699 0.6259
vn -0.1165 -0.6714 0.7319
vn -0.4148 -0.7892 -0.4530
vn 0.7640 0.1739 0.6214
vn -0.5467 -0.4119 0.7290
vn 0.6720 -0.4318 0.6016
vn 0.3726 0.0991 -0.9227
vn -0.7918 0.4382 -0.4256
vn 0.1772 -0.7967 0.5779
vn 0.3200 -0.1708 -0.9319
vn -0.2563 0.8804 -0.3989
vn 0.4355 0.8147 -0.3830
vn -0.7948 -0.2075 0.5703
vn 0.5084 0.3663 0.7793
vn -0.7024 0.3980 0.5902
vn 0.6295 -0.1191 0.7678
vn -0.3245 -0.0429 -0.9449
vn -0.2078 0.7611 0.6144
vn 0.3708 -0.5494 0.7487
vn -0.2722 0.2242 -0.9357
vn 0.3994 0.6698 0.6260
vn -0.0462 0.3754 -0.9257
vn -0.8573 -0.2533 -0.4482
vn 0.6717 -0.4328 0.6012
vn -0.6683 0.0748 0.7401
vn 0.3728 0.0975 -0.9228
vn 0.4775 -0.6089 0.6335
vn -0.5922 0.4166 0.6898
vn 0.4747 -0.1191 -0.8721
vn -0.5261 0.7219 -0.4495
vn -0.2103 0.5706 0.7938
vn -0.4305 -0.7036 0.5654
vn 0.0780 0.6272 0.7749
vn -0.1473 -0.8822 0.4472
vn 0.0942 -0.3205 -0.9425
vn 0.1557 -0.2140 -0.9644
vn 0.4353 0.8147 -0.3833
vn 0.0401 0.9501 -0.3095
vn -0.7944 -0.2089 0.5703
vn -0.7027 0.3969 0.5905
vn 0.6296 -0.1204 0.7676
vn -0.3249 -0.0425 -0.9448
vn -0.2078 0.7618 0.6136
vn -0.1168 -0.6699 0.7332
vn -0.0461 0.3740 -0.9263
vn 0.7637 0.1744 0.6215
vn 0.2209 0.3249 -0.9196
vn -0.8568 -0.2548 -0.4482
vn 0.3729 0.0976 -0.9227
vn -0.7924 0.4365 -0.4261
vn -0.4098 0.5051 0.7595
vn -0.2560 0.8806 -0.3987
vn -0.4305 -0.7035 0.5654
vn 0.8786 0.2791 -0.3876
vn -0.7024 0.3979 0.5903
vn -0.3247 -0.0442 -0.9448
vn 0.8128 -0.4149 -0.4090
vn 0.3994 0.6699 0.6259
vn -0.1165 -0.6715 0.7318
vn -0.8566 -0.2563 -0.4478
vn 0.7497 -0.0869 0.6561
vn -0.7327 -0.1161 0.6706
vn 0.4458 0.2414 -0.8620
vn -0.8699 0.1359 -0.4742
vn -0.5742 0.2625 0.7755
vn 0.5068 -0.7234 0.4689
vn 0.3204 -0.1692 -0.9321
vn 0.2884 -0.0506 -0.9562
vn -0.2560 0.8806 -0.3988
vn -0.6339 0.6973 -0.3345
vn -0.4305 -0.7036 0.5653
vn 0.0779 0.6270 0.7751
vn 0.0941 -0.3215 -0.9422
vn 0.5082 0.3677 0.7788
vn -0.7019 0.3983 0.5905
vn 0.6294 -0.1191 0.7679
vn 0.8135 -0.4135 -0.4090
vn -0.2079 0.7615 0.6139
vn -0.2722 0.2241 -0.9358
vn 0.2774 -0.8558 -0.4367
vn 0.3987 0.6698 0.6264
vn -0.1166 -0.6713 0.7319
vn -0.4141 -0.7903 -0.4517
vn 0.7715 0.1663 0.6142
vn -0.5473 -0.4153 0.7266
vn 0.2204 0.3221 -0.9207
vn -0.8568 -0.2549 -0.4482
vn 0.6769 -0.4578 0.5764
vn -0.6982 0.0550 0.7138
vn 0.3844 0.1053 -0.9171
vn -0.7908 0.4335 -0.4320
vn 0.1094 -0.7371 0.6669
vn -0.4781 0.5496 0.6852
vn 0.4271 -0.2167 -0.8779
vn -0.2277 0.8638 -0.4494
vn -0.4626 -0.4942 0.7360
vn 0.1206 0.6866 0.7170
vn 0.1099 -0.4165 -0.9025
vn 0.5081 0.7566 -0.4115
vn -0.7144 -0.0349 0.6989
vn 0.6088 0.3065 0.7318
vn -0.3748 -0.2410 -0.8952
vn 0.8830 0.1390 -0.4483
vn -0.5241 0.4931 0.6944
vn 0.7747 -0.1512 0.6140
vn -0.5986 0.0151 -0.8009
vn 0.6358 -0.4962 -0.5913
vn 0.0727 0.8227 0.5638
vn 0.6735 -0.5662 0.4752
vn -0.7143 0.2182 -0.6649
vn 0.0043 -0.8530 -0.5218
vn 0.7299 0.6499 0.2117
vn 0.3181 -0.7260 0.6097
vn -0.6421 0.4501 -0.6205
vn -0.6403 -0.7552 -0.1407
vn 0.9164 0.3872 0.1013
vn 0.1736 -0.6575 0.7331
vn -0.4365 0.5690 -0.6969
vn -0.8389 -0.5298 0.1247
vn 0.0314 -0.2427 0.9696
vn 0.9925 -0.0762 -0.0950
vn 0.2294 0.0594 0.9715
vn 0.9695 -0.1386 -0.2020
vn -0.2191 -0.0278 -0.9753
vn -0.4720 0.2165 -0.8546
vn -0.9050 0.1392 0.4020
vn -0.9306 0.0382 0.3639
vn 0.3268 -0.8070 -0.4918
vn -0.9896 0.0998 -0.1037
vn -0.2664 0.9426 0.2014
vn 0.7866 0.5373 0.3043
vn 0.4486 0.1220 -0.8854
vn -0.9999 -0.0123 0.0091
vn -0.2474 -0.0153 0.9688
vn 0.8164 -0.0304 0.5767
vn 0.4120 0.8436 -0.3443
vn -0.9992 0.0397 -0.0034
vn -0.2417 -0.8847 0.3986
vn 0.8541 -0.4608 0.2411
vn 0.2791 0.9563 0.0876
vn -0.8961 0.4439 -0.0015
vn -0.3001 -0.9527 -0.0481
vn 0.9826 -0.1770 0.0558
vn 0.2075 0.6272 0.7507
vn 0.9963 -0.0595 -0.0625
vn -0.3559 -0.6230 -0.6966
vn -0.8847 0.3798 0.2705
vn 0.2163 0.9701 0.1100
vn 0.9976 -0.0596 0.0340
vn -0.4374 -0.8991 -0.0157
vn -0.8575 0.5038 -0.1045
vn 0.2464 0.7601 -0.6013
vn 0.9893 -0.0568 0.1343
vn -0.3815 -0.4090 0.8289
vn -0.8272 0.3278 -0.4563
vn 0.4766 0.0733 -0.8760
vn 0.8730 -0.0239 0.4872
vn -0.6718 0.1131 0.7321
vn -0.7209 -0.0611 -0.6903
vn 0.4435 -0.5237 -0.7273
vn 0.9362 0.2516 0.2452
vn -0.6416 0.6563 0.3969
vn -0.7273 -0.4718 -0.4984
vn 0.6404 -0.7596 -0.1141
vn 0.7622 0.5995 0.2442
vn -0.6751 0.7365 -0.0421
vn -0.6175 -0.7525 -0.2289
vn -0.2842 0.0989 0.9536
vn -0.6009 0.0841 0.7949
vn -0.5626 -0.2534 0.7869
vn 0.3655 0.5783 0.7294
vn -0.2865 -0.2944 0.9117
vn 0.4158 -0.6154 0.6696
vn -0.7380 -0.6298 0.2422
vn -0.7735 0.5813 0.2526
vn 0.6709 0.7063 0.2257
vn 0.6658 -0.7190 0.1993
vn -0.6768 0.7067 -0.2064
vn -0.7022 -0.6898 -0.1763
vn -0.7200 0.5586 -0.4118
vn -0.8920 -0.1602 -0.4226
vn -0.4268 0.4548 0.7817
vn -0.5631 -0.1021 0.8201
vn 0.9927 -0.0490 0.1102
vn 0.9871 -0.1587 -0.0190
vn 0.1719 -0.4806 -0.8599
vn 0.3248 0.4364 -0.8391
vn -0.8530 -0.5202 0.0412
vn -0.5622 0.7140 0.4173
vn 0.9290 0.3114 -0.1999
vn 0.1842 -0.8945 -0.4074
vn -0.5111 -0.6013 0.6142
vn -0.6811 0.6395 0.3567
vn 0.5511 0.5873 -0.5927
vn 0.5497 -0.8299 -0.0954
vn 0.0125 -0.4593 0.8882
vn -0.8554 0.4576 0.2427
vn 0.2855 0.2807 -0.9164
vn 0.8977 -0.4395 -0.0305
vn 0.2864 -0.0732 0.9553
vn -0.9684 -0.0167 0.2487
vn 0.0192 0.0289 -0.9994
vn 0.9812 0.0703 -0.1796
vn 0.3775 0.4469 0.8110
vn -0.5222 -0.7813 0.3418
vn -0.0159 0.0698 -0.9974
vn 0.5734 0.7628 -0.2990
vn -0.0845 0.5814 0.8092
vn 0.5674 -0.7536 0.3318
vn -0.1813 -0.1647 -0.9695
vn -0.4213 0.8542 -0.3047
vn -0.4220 0.4259 0.8004
vn 0.9232 -0.0824 0.3754
vn 0.1373 -0.3665 -0.9202
vn -0.9186 0.2427 -0.3117
vn -0.6615 -0.0412 0.7488
vn 0.6973 0.4897 0.5233
vn 0.4163 -0.1663 -0.8939
vn -0.7959 -0.4576 -0.3963
vn -0.4607 -0.4974 0.7351
vn 0.1579 0.8177 0.5536
vn 0.4052 0.1330 -0.9045
vn -0.2398 -0.8819 -0.4059
vn -0.1733 -0.7111 0.6814
vn -0.1296 0.7749 0.6187
vn 0.3458 0.4179 -0.8401
vn 0.1711 -0.8914 -0.4197
vn 0.1559 -0.5877 0.7939
vn 0.4349 -0.4532 0.7781
vn -0.8599 0.1677 0.4821
vn -0.7752 0.5325 0.3399
vn -0.0613 0.3876 -0.9198
vn 0.0843 0.2807 -0.9561
vn 0.9100 -0.2484 -0.3320
vn 0.7195 -0.6343 -0.2828
vn 0.5998 0.0059 0.8001
vn -0.7447 -0.4761 0.4677
vn -0.2859 0.2105 -0.9349
vn 0.8307 0.4596 -0.3142
vn 0.3933 0.4471 0.8034
vn -0.2052 -0.8526 0.4807
vn -0.3198 -0.0749 -0.9445
vn 0.2738 0.9045 -0.3269
vn -0.0652 0.6135 0.7870
vn 0.4405 -0.7356 0.5147
vn -0.1408 -0.3018 -0.9429
vn -0.4332 0.8256 -0.3617
vn -0.5061 0.4061 0.7609
vn 0.8123 -0.1983 0.5485
vn 0.1469 -0.3354 -0.9305
vn -0.8764 0.2697 -0.3989
vn -0.6709 -0.0520 0.7397
vn 0.6948 0.4471 0.5634
vn 0.3724 -0.1525 -0.9154
vn -0.7966 -0.4378 -0.4169
vn -0.4603 -0.4973 0.7354
vn 0.1579 0.8182 0.5528
vn 0.4012 0.1343 -0.9061
vn -0.2411 -0.8816 -0.4058
vn 0.0016 -0.6590 0.7521
vn -0.4831 0.7034 0.5214
vn 0.2145 0.3601 -0.9079
vn 0.4649 -0.8027 -0.3736
vn 0.4432 -0.4455 0.7779
vn -0.8531 0.1693 0.4936
vn -0.0749 0.3785 -0.9226
vn 0.9074 -0.2486 -0.3387
vn 0.6019 0.0213 0.7983
vn -0.7375 -0.4701 0.4849
vn -0.2910 0.1876 -0.9382
vn 0.8292 0.4549 -0.3249
vn 0.3808 0.4624 0.8007
vn -0.2071 -0.8391 0.5031
vn -0.3020 -0.1008 -0.9480
vn 0.2769 0.8984 -0.3408
vn -0.0903 0.6169 0.7819
vn 0.4240 -0.7248 0.5431
vn -0.1008 -0.3097 -0.9455
vn -0.4244 0.8225 -0.3786
vn -0.5308 0.3876 0.7537
vn 0.7883 -0.2013 0.5814
vn 0.1879 -0.3069 -0.9330
vn -0.8653 0.2736 -0.4199
vn -0.6763 -0.0886 0.7313
vn 0.6753 0.4256 0.6023
vn 0.3837 -0.0947 -0.9186
vn -0.7903 -0.4242 -0.4421
vn -0.6105 -0.4380 0.6599
vn 0.4601 0.5875 0.6657
vn 0.5168 0.1373 -0.8450
vn -0.5106 -0.7140 -0.4790
vn -0.2495 -0.5952 0.7639
vn 0.0478 -0.6664 0.7441
vn -0.4562 0.6790 0.5752
vn -0.1651 0.8778 0.4497
vn 0.1407 0.3723 -0.9174
vn 0.1965 0.2398 -0.9507
vn 0.4505 -0.7948 -0.4065
vn 0.0500 -0.9365 -0.3471
vn 0.4860 -0.4151 0.7691
vn -0.8140 0.1725 0.5547
vn -0.1443 0.3340 -0.9315
vn 0.8909 -0.2531 -0.3771
vn 0.6132 0.0763 0.7863
vn -0.7132 -0.4333 0.5510
vn -0.3077 0.1022 -0.9460
vn 0.8202 0.4394 -0.3663
vn 0.3538 0.5066 0.7862
vn -0.2183 -0.7964 0.5640
vn -0.2527 -0.1695 -0.9526
vn 0.2843 0.8803 -0.3797
vn -0.1333 0.6268 0.7677
vn 0.3888 -0.7036 0.5948
vn -0.0263 -0.3220 -0.9464
vn -0.4070 0.8144 -0.4136
vn -0.5628 0.3676 0.7404
vn 0.7515 -0.2092 0.6257
vn 0.2408 -0.2671 -0.9331
vn -0.8484 0.2792 -0.4497
vn -0.6830 -0.1192 0.7206
vn 0.6585 0.3983 0.6385
vn 0.3918 -0.0425 -0.9190
vn -0.7811 -0.4149 -0.4665
vn -0.4236 -0.5494 0.7202
vn 0.1632 0.7618 0.6270
vn 0.3389 0.2241 -0.9137
vn -0.2458 -0.8559 -0.4550
vn 0.0638 -0.6713 0.7385
vn -0.4433 0.6696 0.5960
vn 0.1125 0.3739 -0.9206
vn 0.4451 -0.7904 -0.4210
vn 0.4932 -0.4117 0.7663
vn -0.8064 0.1744 0.5650
vn -0.1546 0.3234 -0.9335
vn 0.8869 -0.2548 -0.3853
vn 0.6132 0.0763 0.7862
vn -0.7128 -0.4332 0.5516
vn -0.3056 0.0977 -0.9471
vn 0.8208 0.4364 -0.3685
vn 0.3542 0.5052 0.7870
vn -0.2181 -0.7966 0.5638
vn -0.2525 -0.1699 -0.9526
vn -0.1334 0.6268 0.7677
vn 0.3889 -0.7036 0.5948
vn -0.0263 -0.3234 -0.9459
vn -0.4067 0.8147 -0.4134
vn -0.5630 0.3662 0.7409
vn 0.7514 -0.2092 0.6258
vn 0.2407 -0.2688 -0.9326
vn -0.8484 0.2793 -0.4498
vn -0.7465 0.0762 0.6610
vn 0.7361 0.0491 0.6751
vn 0.4639 -0.1906 -0.8652
vn -0.8596 -0.1101 -0.4989
vn -0.5892 -0.3081 0.7470
vn -0.4238 -0.5493 0.7202
vn 0.1632 0.7618 0.6269
vn 0.4948 0.6961 0.5202
vn 0.3384 0.2257 -0.9135
vn 0.3080 0.1069 -0.9454
vn -0.2456 -0.8562 -0.4545
vn -0.6251 -0.6776 -0.3875
vn 0.0638 -0.6711 0.7386
vn -0.4432 0.6697 0.5959
vn 0.1123 0.3754 -0.9200
vn 0.4456 -0.7900 -0.4212
vn -0.8065 0.1741 0.5650
vn -0.1546 0.3234 -0.9336
vn 0.6136 0.0761 0.7860
vn -0.3056 0.0976 -0.9472
vn 0.8208 0.4365 -0.3685
vn 0.3538 0.5065 0.7863
vn -0.2182 -0.7967 0.5637
vn -0.2525 -0.1709 -0.9524
vn 0.2843 0.8803 -0.3798
vn -0.0263 -0.3221 -0.9463
vn -0.4069 0.8146 -0.4134
vn -0.5627 0.3676 0.7404
vn -0.8482 0.2792 -0.4501
vn -0.6831 -0.1191 0.7206
vn 0.6582 0.3983 0.6389
vn 0.3919 -0.0426 -0.9190
vn -0.7823 -0.4120 -0.4673
vn -0.4236 -0.5493 0.7203
vn 0.1635 0.7615 0.6272
vn 0.3388 0.2228 -0.9141
vn -0.2457 -0.8560 -0.4548
vn 0.0637 -0.6712 0.7385
vn -0.4430 0.6697 0.5961
vn 0.1124 0.3754 -0.9200
vn -0.8065 0.1744 0.5650
vn -0.7130 -0.4333 0.5512
vn 0.8201 0.4379 -0.3684
vn 0.3538 0.5066 0.7863
vn -0.2182 -0.7966 0.5637
vn -0.2526 -0.1695 -0.9526
vn 0.2839 0.8807 -0.3792
vn -0.1334 0.6272 0.7674
vn 0.3889 -0.7035 0.5948
vn -0.4067 0.8146 -0.4134
vn -0.4697 0.5535 0.6878
vn 0.5605 -0.5123 0.6506
vn 0.1880 -0.4258 -0.8851
vn -0.6897 0.5494 -0.4716
vn -0.6293 0.1665 0.7591
vn -0.6827 -0.1191 0.7209
vn 0.6582 0.3982 0.6389
vn 0.8456 0.1218 0.5197
vn 0.3918 -0.0425 -0.9191
vn 0.2864 -0.1022 -0.9526
vn -0.9238 -0.0228 -0.3822
vn -0.4237 -0.5494 0.7202
vn 0.1632 0.7617 0.6270
vn 0.3390 0.2228 -0.9140
vn 0.0638 -0.6700 0.7396
vn 0.1126 0.3753 -0.9200
vn 0.4452 -0.7903 -0.4210
vn -0.8064 0.1744 0.5651
vn 0.8873 -0.2536 -0.3852
vn 0.6133 0.0763 0.7862
vn -0.7135 -0.4320 0.5516
vn -0.3057 0.0976 -0.9471
vn 0.8196 0.4395 -0.3677
vn 0.3545 0.5036 0.7878
vn -0.2526 -0.1679 -0.9529
vn 0.2842 0.8802 -0.3801
vn -0.1333 0.6272 0.7674
vn 0.3891 -0.7033 0.5950
vn -0.4066 0.8150 -0.4129
vn -0.5626 0.3692 0.7397
vn 0.7520 -0.2076 0.6256
vn -0.6830 -0.1175 0.7209
vn 0.6589 0.3968 0.6390
vn 0.3919 -0.0428 -0.9190
vn -0.7819 -0.4133 -0.4668
vn 0.3388 0.2229 -0.9141
vn -0.2455 -0.8563 -0.4544
vn 0.0637 -0.6713 0.7385
vn 0.1123 0.3753 -0.9201
vn 0.4451 -0.7906 -0.4205
vn 0.4928 -0.4135 0.7656
vn -0.8069 0.1724 0.5649
vn -0.1545 0.3249 -0.9330
vn 0.8869 -0.2549 -0.3853
vn 0.6135 0.0778 0.7858
vn -0.7129 -0.4331 0.5515
vn -0.3057 0.0962 -0.9473
vn 0.8204 0.4377 -0.3679
vn -0.2183 -0.7965 0.5639
vn -0.2527 -0.1693 -0.9526
vn 0.2848 0.8801 -0.3799
vn 0.0636 0.6944 0.7168
vn 0.0394 -0.7847 0.6186
vn -0.1745 -0.3981 -0.9006
vn -0.1031 0.8944 -0.4353
vn -0.3222 0.5311 0.7837
vn 0.6880 -0.5323 0.4932
vn 0.1232 -0.2350 -0.9642
vn -0.8479 0.2808 -0.4497
vn -0.6724 0.6516 -0.3511
vn -0.6830 -0.1191 0.7206
vn 0.6582 0.3979 0.6391
vn -0.7817 -0.4135 -0.4669
vn -0.4236 -0.5493 0.7202
vn 0.3389 0.2242 -0.9137
vn -0.2457 -0.8559 -0.4550
vn 0.0637 -0.6715 0.7383
vn -0.4430 0.6700 0.5957
vn 0.1124 0.3753 -0.9201
vn 0.4454 -0.7904 -0.4206
vn 0.4936 -0.4105 0.7667
vn -0.8069 0.1739 0.5646
vn 0.8867 -0.2549 -0.3857
vn 0.6131 0.0778 0.7861
vn -0.7127 -0.4333 0.5516
vn -0.3057 0.0971 -0.9472
vn 0.8200 0.4379 -0.3685
vn 0.3539 0.5066 0.7862
vn -0.2181 -0.7967 0.5637
vn -0.2525 -0.1696 -0.9526
vn 0.3887 -0.7037 0.5947
vn -0.4077 0.8135 -0.4147
vn 0.2408 -0.2685 -0.9327
vn -0.8483 0.2793 -0.4498
vn 0.6581 0.3984 0.6388
vn -0.7815 -0.4137 -0.4670
vn 0.0638 -0.6712 0.7385
vn -0.4432 0.6698 0.5958
vn 0.1124 0.3752 -0.9201
vn -0.7128 -0.4333 0.5515
vn -0.3056 0.0976 -0.9471
vn 0.8204 0.4377 -0.3680
vn 0.5410 0.4167 0.7305
vn -0.5220 -0.6083 0.5978
vn -0.4108 -0.1206 -0.9037
vn 0.5560 0.7234 -0.4093
vn 0.1529 0.5706 0.8069
vn -0.1333 0.6271 0.7675
vn 0.3888 -0.7037 0.5947
vn 0.1148 -0.8822 0.4566
vn -0.0262 -0.3220 -0.9464
vn -0.0861 -0.2140 -0.9730
vn -0.4069 0.8145 -0.4135
vn -0.0178 0.9501 -0.3116
vn 0.3919 -0.0429 -0.9190
vn -0.7818 -0.4133 -0.4668
vn -0.4237 -0.5493 0.7202
vn -0.4433 0.6697 0.5958
vn 0.4456 -0.7899 -0.4212
vn -0.8066 0.1739 0.5650
vn 0.3541 0.5052 0.7870
vn -0.4068 0.8146 -0.4135
vn 0.7515 -0.2092 0.6256
vn -0.2454 -0.8560 -0.4550
vn 0.6827 -0.1162 0.7214
vn -0.7949 -0.0869 0.6005
vn -0.3828 0.2414 -0.8917
vn 0.9016 0.1362 -0.4105
vn 0.5171 0.2625 0.8147
vn 0.3539 0.5065 0.7862
vn -0.5392 -0.7234 0.4311
vn -0.2191 -0.0506 -0.9744
vn 0.6563 0.6973 -0.2882
vn -0.4071 0.8144 -0.4136
vn -0.5628 0.3677 0.7403
vn -0.8484 0.2793 -0.4497
vn 0.6579 0.3981 0.6393
vn -0.4236 -0.5495 0.7202
vn 0.3387 0.2246 -0.9137
vn 0.0639 -0.6713 0.7385
vn -0.4427 0.6698 0.5962
vn 0.4937 -0.4153 0.7640
vn -0.8135 0.1652 0.5576
vn -0.1537 0.3221 -0.9342
vn 0.6452 0.0551 0.7620
vn -0.7159 -0.4597 0.5256
vn -0.3176 0.1053 -0.9424
vn 0.8198 0.4335 -0.3742
vn 0.4270 0.5509 0.7171
vn -0.1570 -0.7371 0.6573
vn -0.3629 -0.2166 -0.9063
vn 0.2594 0.8639 -0.4318
vn -0.1718 0.6866 0.7065
vn 0.4086 -0.4942 0.7673
vn -0.0449 -0.4148 -0.9088
vn -0.4775 0.7566 -0.4467
vn -0.6597 0.3065 0.6862
vn 0.6623 -0.0351 0.7484
vn 0.4381 -0.2410 -0.8660
vn -0.8486 0.1390 -0.5105
vn -0.8167 -0.1512 0.5569
vn 0.4730 0.4931 0.7302
vn 0.6546 0.0151 -0.7559
vn -0.5917 -0.4962 -0.6354
vn -0.7058 -0.5662 0.4257
vn -0.1129 0.8227 0.5571
vn 0.7600 0.2181 -0.6122
vn 0.0331 -0.8530 -0.5208
vn -0.3609 -0.7262 0.5851
vn -0.7433 0.6499 0.1587
vn 0.6850 0.4501 -0.5729
vn 0.6487 -0.7552 -0.0942
vn -0.2258 -0.6575 0.7188
vn -0.9212 0.3875 0.0351
vn 0.4854 0.5690 -0.6638
vn 0.8278 -0.5298 0.1846
vn -0.1010 -0.2427 0.9648
vn -0.2985 0.0591 0.9526
vn -0.9832 -0.0762 -0.1660
vn -0.9525 -0.1386 -0.2710
vn 0.2886 -0.0274 -0.9571
vn 0.5321 0.2165 -0.8186
vn 0.8740 0.1388 0.4657
vn 0.9021 0.0380 0.4299
vn -0.2907 -0.8073 -0.5135
vn 0.9945 0.0993 -0.0321
vn 0.2517 0.9426 0.2196
vn -0.8067 0.5372 0.2465
vn -0.3836 0.1219 -0.9154
vn 0.9967 -0.0122 0.0809
vn 0.1773 -0.0157 0.9840
vn -0.8557 -0.0303 0.5165
vn -0.3863 0.8434 -0.3733
vn 0.9969 0.0397 0.0683
vn 0.2127 -0.8846 0.4151
vn -0.8692 -0.4609 0.1792
vn -0.2847 0.9562 0.0679
vn 0.8938 0.4440 0.0631
vn 0.3028 -0.9527 -0.0267
vn -0.9842 -0.1767 -0.0144
vn -0.2608 0.6272 0.7339
vn -0.9892 -0.0595 -0.1339
vn 0.4051 -0.6226 -0.6695
vn 0.8630 0.3799 0.3330
vn -0.2236 0.9701 0.0942
vn -0.9975 -0.0596 -0.0377
vn 0.4376 -0.8991 0.0157
vn 0.8628 0.5038 -0.0427
vn -0.2027 0.7601 -0.6173
vn -0.9964 -0.0568 0.0630
vn 0.3211 -0.4090 0.8542
vn 0.8578 0.3278 -0.3958
vn -0.4125 0.0733 -0.9080
vn -0.9057 -0.0239 0.4233
vn 0.6174 0.1130 0.7785
vn 0.7686 -0.0611 -0.6368
vn -0.3902 -0.5237 -0.7573
vn -0.9513 0.2517 0.1778
vn 0.6115 0.6564 0.4419
vn 0.7614 -0.4716 -0.4448
vn -0.6302 -0.7598 -0.1598
vn -0.7778 0.5995 0.1889
vn 0.6760 0.7368 0.0065
vn 0.6323 -0.7525 -0.1842
vn 0.2151 0.0993 0.9715
vn 0.5045 -0.2534 0.8254
vn 0.5425 0.0840 0.8359
vn -0.4168 0.5782 0.7014
vn -0.4630 -0.6151 0.6382
vn 0.2204 -0.2944 0.9299
vn 0.7187 -0.6298 0.2945
vn 0.7534 0.5814 0.3071
vn -0.6854 0.7063 0.1770
vn -0.6784 -0.7190 0.1511
vn 0.6899 0.7067 -0.1572
vn 0.7131 -0.6897 -0.1255
vn -0.0741 0.9710 -0.2275
vn -0.2425 0.8100 -0.5339
vn 0.2321 0.7630 -0.6032
vn -0.2057 0.9745 -0.0901
vn 0.2522 0.9615 -0.1091
vn 0.0903 0.9702 -0.2247
vn -0.5560 0.8088 -0.1915
vn -0.2657 0.9552 0.1305
vn 0.6522 0.6959 -0.3006
vn 0.6960 0.6591 0.2850
vn -0.6641 0.6972 0.2699
vn -0.1060 0.9550 0.2771
vn 0.1394 0.9343 0.3282
vn 0.2598 0.9580 0.1213
vn -0.1785 0.7126 0.6785
vn 0.1084 0.9550 -0.2760
vn -0.1394 0.9503 -0.2783
vn 0.5681 0.8227 -0.0218
vn -0.5647 0.8252 -0.0140
vn 0.5263 0.8487 0.0519
vn -0.5511 0.8344 -0.0061
vn 0.5177 0.8501 0.0969
vn -0.5176 0.8499 0.0982
vn -0.5273 0.8481 0.0523
vn -0.3169 0.9449 0.0828
vn 0.3173 0.9447 0.0831
vn -0.4090 0.9124 0.0131
vn 0.9005 0.4318 0.0523
vn -0.9020 0.4286 0.0522
vn -0.1499 0.5325 -0.8330
vn 0.6453 0.7354 -0.2069
vn 0.5021 0.5600 -0.6590
vn -0.5593 0.5249 -0.6417
vn -0.6582 0.7128 -0.2424
vn 0.6754 0.1511 -0.7218
vn 0.1845 0.1130 -0.9763
vn -0.6321 0.1068 -0.7675
vn -0.0977 0.0472 -0.9941
vn 0.1335 0.5708 -0.8102
vn 0.5487 0.8360 -0.0061
vn 0.9755 0.2197 -0.0111
vn 0.9633 0.2653 0.0406
vn 0.9534 0.1911 -0.2333
vn 0.9866 0.1620 -0.0188
vn 0.9830 -0.1024 0.1522
vn 0.9560 -0.2839 0.0738
vn 0.9611 0.2655 0.0767
vn 0.9653 -0.2458 -0.0885
vn 0.5328 0.3571 -0.7672
vn 0.9812 0.1008 -0.1644
vn 0.9629 0.2550 -0.0889
vn 0.4750 0.8512 -0.2235
vn 0.9720 0.2197 0.0829
vn 0.5145 0.3299 0.7915
vn 0.5462 0.7875 0.2856
vn 0.5593 -0.4030 0.7244
vn 0.9758 0.0868 0.2006
vn 0.4485 -0.8422 -0.2994
vn -0.5243 -0.7981 -0.2968
vn 0.5314 -0.3358 -0.7777
vn -0.5060 0.2883 -0.8129
vn -0.5978 -0.3099 -0.7393
vn -0.6196 0.7157 -0.3223
vn -0.5115 0.8131 0.2779
vn -0.5326 -0.3632 0.7645
vn -0.5455 0.3277 0.7714
vn -0.4137 -0.8515 0.3223
vn 0.4583 -0.8498 0.2604
vn -0.8483 -0.4882 -0.2048
vn -0.8281 0.5019 0.2497
vn -0.7684 -0.6027 0.2152
vn -0.8466 0.1923 0.4963
vn -0.8713 -0.1892 0.4528
vn -0.9198 -0.2518 0.3010
vn -0.3255 -0.4623 0.8248
vn -0.8706 -0.0183 0.4916
vn -0.9927 -0.0810 0.0896
vn -0.9943 -0.1022 0.0294
vn -0.8993 0.0121 0.4371
vn -0.9960 0.0427 0.0782
vn -0.9280 -0.1113 -0.3555
vn -0.4271 -0.0718 -0.9013
vn -0.3646 -0.1315 -0.9218
vn -0.9117 -0.1999 -0.3590
vn -0.9992 -0.0368 -0.0124
vn -0.9989 -0.0306 -0.0358
vn -0.9440 -0.0170 -0.3296
vn -0.8659 0.1998 -0.4585
vn -0.8936 -0.2106 -0.3964
vn -0.9984 0.0215 -0.0519
vn -0.9950 0.0975 0.0237
vn -0.8961 0.0438 -0.4417
vn -0.9960 0.0854 -0.0262
vn -0.8717 0.4121 -0.2651
vn -0.8902 0.3022 0.3410
vn -0.5357 0.7433 0.4007
vn -0.3545 0.3830 0.8530
vn -0.3612 0.0094 0.9324
vn -0.3252 -0.2324 0.9166
vn 0.3761 -0.4621 0.8031
vn 0.3811 -0.0063 0.9245
vn -0.3105 -0.0001 0.9506
vn 0.3424 0.2849 0.8953
vn 0.3808 0.0029 0.9247
vn 0.9048 0.0076 0.4257
vn 0.5194 0.6882 0.5065
vn 0.8720 0.3128 0.3765
vn 0.0002 1.0000 -0.0019
vn -0.0001 1.0000 -0.0020
vn 0.0022 1.0000 -0.0015
vn 0.8746 0.3706 -0.3125
vn 0.4771 0.7963 -0.3718
vn -0.3605 0.0287 -0.9323
vn -0.4237 0.4228 -0.8011
vn -0.3930 0.8411 -0.3716
vn 0.3837 0.4013 -0.8317
vn 0.4571 0.0105 -0.8894
vn 0.9396 0.0259 -0.3414
vn 0.9961 0.0841 -0.0267
vn 0.9945 0.1006 0.0290
vn 0.9023 -0.0173 0.4307
vn 0.9951 -0.0491 0.0856
vn 0.9957 0.0380 0.0844
vn 0.9254 -0.2013 0.3212
vn 0.4438 -0.2429 0.8626
vn 0.9967 -0.0748 0.0317
vn 0.3038 -0.1298 -0.9439
vn 0.8908 -0.2123 -0.4017
vn 0.3966 -0.0809 -0.9144
vn 0.9201 -0.1248 -0.3712
vn 0.9226 -0.2824 0.2628
vn 0.9976 0.0288 -0.0633
vn 0.9974 -0.0336 -0.0645
vn 0.9217 -0.0227 -0.3872
vn 0.9989 -0.0412 -0.0244
vn 0.4149 -0.0092 -0.9098
vn -0.4516 -0.0110 -0.8922
vn 0.7205 0.2395 -0.6508
vn 0.4046 0.3401 -0.8489
vn 0.3684 -0.3785 -0.8491
vn 0.7335 -0.3173 -0.6011
vn 0.4800 -0.8305 -0.2827
vn 0.8237 -0.5080 -0.2518
vn 0.3860 -0.8808 0.2743
vn 0.6827 -0.6700 0.2916
vn 0.4663 -0.4210 0.7780
vn 0.7467 -0.2441 0.6187
vn 0.3647 0.3388 0.8673
vn 0.7200 0.6013 0.3466
vn 0.5128 0.2134 0.8315
vn 0.8247 0.4883 -0.2853
vn 0.4941 0.8011 -0.3377
vn 0.4200 0.8683 0.2641
vn -0.6505 -0.7125 -0.2631
vn -0.6457 -0.3052 -0.7000
vn -0.5240 0.3494 -0.7767
vn -0.5835 0.7690 0.2612
vn -0.5243 0.3158 0.7908
vn -0.3614 -0.3876 0.8480
vn -0.5093 -0.8406 0.1842
vn 0.1955 -0.3236 -0.9258
vn 0.9001 -0.4300 -0.0702
vn 0.9398 -0.3418 0.0004
vn 0.9250 -0.3800 -0.0019
vn 0.9556 -0.1649 -0.2441
vn 0.6505 -0.2324 -0.7230
vn 0.5035 -0.7937 -0.3414
vn -0.9916 -0.1220 -0.0440
vn -0.9593 0.2791 0.0419
vn -0.9572 0.2778 0.0810
vn -0.9716 0.2365 -0.0122
vn -0.9705 -0.2291 0.0747
vn -0.9592 0.1833 -0.2152
vn -0.5621 -0.2350 -0.7930
vn -0.9335 -0.3585 -0.0015
vn -0.9817 0.1788 -0.0655
vn -0.9823 0.1697 0.0788
vn -0.5949 0.7644 -0.2487
vn -0.9740 0.0842 0.2105
vn -0.9328 -0.0351 -0.3586
vn -0.8948 -0.3298 -0.3010
vn -0.9263 -0.3769 0.0027
vn -0.9840 0.1783 -0.0071
vn -0.9336 -0.1177 0.3385
vn -0.3982 -0.9173 0.0023
vn -0.2794 -0.8546 -0.4377
vn -0.1906 -0.3006 -0.9345
vn -0.0666 -0.8436 -0.5329
vn 0.4394 -0.8983 0.0023
vn -0.4181 -0.9084 -0.0023
vn -0.0112 -0.9999 -0.0002
vn 0.3920 -0.9200 -0.0015
vn 0.0133 -0.9999 0.0005
vn 0.0250 -0.9997 0.0006
vn -0.0102 -0.9999 -0.0001
vn -0.3327 -0.9430 0.0027
vn 0.4686 -0.8834 0.0027
vn -0.0146 -0.9999 0.0001
vn 0.0188 -0.9998 0.0005
vn 0.0231 -0.9994 -0.0238
vn 0.1485 -0.8496 -0.5060
vn 0.3709 -0.9282 -0.0301
vn -0.5267 -0.8182 -0.2308
vn -0.0154 -0.9997 -0.0188
vn 0.9967 0.0798 0.0141
vn 0.9835 -0.0933 -0.1548
vn 1.0000 -0.0017 -0.0011
vn 1.0000 -0.0003 -0.0007
vn 0.9518 -0.3068 0.0019
vn 0.9142 0.0499 0.4021
vn 0.9209 -0.2243 0.3189
vn 0.9630 0.0535 0.2640
vn 0.9522 0.0812 0.2946
vn 0.9777 -0.0506 0.2040
vn 0.9679 -0.0336 0.2491
vn 0.8005 0.4441 0.4025
vn 0.4087 0.9126 0.0135
vn -0.3896 0.8074 0.4430
vn -0.7819 0.4542 0.4270
vn 0.0623 -0.9167 0.3946
vn 0.5113 -0.7812 0.3582
vn -0.0205 -0.9251 0.3791
vn -0.9749 0.0671 -0.2125
vn -0.9997 0.0244 -0.0021
vn -0.9904 -0.0413 -0.1316
vn -0.9267 -0.0412 0.3735
vn -1.0000 -0.0031 -0.0034
vn -0.8982 -0.4395 0.0019
vn -0.3664 -0.8815 0.2980
vn -0.8713 -0.4623 0.1648
vn -0.9173 0.0549 0.3944
vn -0.9333 0.0931 0.3468
vn -0.9473 0.0490 0.3165
vn -0.9946 0.1024 0.0149
vn -0.9577 -0.0459 0.2842
vn -0.8834 0.1251 0.4515
vn -0.0019 -0.9994 0.0338
vn -0.0000 -0.9991 0.0430
vn -0.0000 -0.9925 0.1221
vn -0.0000 -0.9357 0.3527
vn -0.0000 -0.7737 0.6335
vn -0.0000 -0.5160 0.8566
vn -0.0000 -0.2241 0.9746
vn -0.0000 -0.2245 0.9745
vn -0.0000 0.0654 0.9979
vn -0.0000 0.0655 0.9979
vn -0.0000 0.3542 0.9352
vn -0.0004 0.3584 0.9336
vn -0.0001 0.6239 0.7815
vn 0.0001 0.8410 0.5411
vn -0.0004 0.6259 0.7799
vn -0.0000 0.8427 0.5384
vn -0.0000 0.9673 0.2538
vn -0.0000 0.9977 0.0683
vn -0.6325 0.2626 0.7287
vn -0.8831 0.1725 0.4364
vn -0.8915 0.0217 0.4524
vn 0.9039 0.0211 0.4272
vn 0.8919 0.1767 0.4163
vn 0.6304 0.2822 0.7232
vn -0.6303 0.0317 0.7757
vn -0.8726 -0.1159 0.4745
vn 0.8847 -0.1098 0.4530
vn 0.6301 0.0320 0.7758
vn -0.5734 -0.2000 0.7945
vn -0.8698 -0.2489 0.4261
vn 0.8813 -0.2382 0.4082
vn 0.5736 -0.2000 0.7943
vn -0.5939 -0.4302 0.6798
vn -0.8927 -0.3372 0.2991
vn 0.9027 -0.3206 0.2870
vn 0.5939 -0.4302 0.6798
vn -0.6467 -0.5829 0.4920
vn -0.8807 -0.4410 0.1728
vn 0.8899 -0.4243 0.1675
vn 0.6467 -0.5829 0.4920
vn -0.6279 -0.7735 0.0870
vn -0.6151 -0.7353 0.2846
vn 0.6150 -0.7354 0.2845
vn 0.6279 -0.7735 0.0870
vn -0.6027 0.7723 0.2007
vn -0.8803 0.4593 0.1190
vn -0.8648 0.4211 0.2735
vn 0.8757 0.4043 0.2639
vn 0.8893 0.4425 0.1160
vn 0.6027 0.7723 0.2007
vn -0.5771 0.6852 0.4443
vn -0.8914 0.2930 0.3456
vn -0.6459 0.4927 0.5831
vn 0.8723 0.3096 0.3784
vn 0.5674 0.6870 0.4540
vn 0.5427 0.5281 0.6531
vn 0.6775 0.7352 0.0233
vn -0.6815 0.7309 0.0355
vn -0.6643 -0.7460 0.0462
vn -0.8915 -0.4500 0.0522
vn 0.9022 -0.4290 0.0438
vn 0.6572 -0.7536 0.0117
vn 0.9989 0.0287 0.0377
vn -0.9995 -0.0228 -0.0221
vn -0.9963 -0.0625 -0.0585
vn -0.9942 -0.0992 -0.0404
vn 0.9958 0.0837 0.0360
vn 0.9990 0.0426 -0.0095
vn 0.9634 0.2548 0.0831
vn -0.9634 -0.2519 -0.0919
vn -0.9876 -0.1558 0.0203
vn 0.9225 0.3860 0.0007
vn -0.9130 0.4075 0.0210
vn 0.9998 -0.0187 -0.0015
vn 0.9907 0.1328 -0.0290
vn -0.9920 -0.1037 0.0721
vn -0.9562 -0.2457 0.1595
vn 0.9996 0.0168 -0.0206
vn 0.9998 -0.0139 -0.0110
vn -0.9934 -0.0931 0.0671
vn -0.9777 -0.1511 0.1461
vn 1.0000 -0.0049 -0.0062
vn 0.9959 0.0566 -0.0702
vn -0.9992 -0.0351 0.0191
vn 0.9995 0.0046 0.0321
vn 0.9998 -0.0061 -0.0195
vn -0.9965 0.0443 0.0702
vn -0.9988 0.0182 0.0462
vn 0.9962 0.0565 0.0664
vn 0.9967 0.0090 0.0810
vn -0.9786 0.1604 0.1289
vn -0.9199 0.2868 0.2674
vn 0.9953 -0.0779 -0.0569
vn 0.9992 -0.0289 -0.0282
vn -0.9957 0.0855 0.0343
vn 0.9974 -0.0718 0.0038
vn -0.9936 0.1132 -0.0026
vn 0.9779 -0.2090 -0.0053
vn -0.9670 0.2549 -0.0057
vn 0.9962 -0.0747 0.0439
vn -0.9943 0.0962 -0.0469
vn 0.9680 -0.2303 0.0992
vn -0.9732 0.2104 -0.0923
vn 0.9909 -0.0865 0.1027
vn -0.9998 0.0091 -0.0179
vn 0.9999 0.0106 -0.0045
vn 0.9995 -0.0112 -0.0305
vn 0.9814 0.1298 0.1417
vn 1.0000 0.0063 0.0050
vn 1.0000 -0.0048 -0.0030
vn 0.9970 -0.0047 0.0767
vn 0.9422 -0.2200 0.2526
vn 0.9988 0.0094 0.0488
vn 0.2813 -0.6162 -0.7357
vn 0.3078 -0.8563 -0.4148
vn 0.0002 -0.8959 -0.4443
vn 0.0028 -0.6286 -0.7777
vn 0.0029 -0.2779 -0.9606
vn 0.3419 0.0976 -0.9346
vn 0.3708 -0.2885 -0.8828
vn 0.3377 0.4763 -0.8118
vn -0.0021 0.1371 -0.9905
vn 0.3318 0.7739 -0.5395
vn -0.0022 0.5354 -0.8446
vn 0.2583 0.9521 -0.1636
vn -0.0031 0.8410 -0.5410
vn 0.2980 0.9199 0.2550
vn -0.0015 0.9901 -0.1405
vn 0.3913 0.7077 0.5883
vn -0.0031 0.9543 0.2990
vn 0.4330 0.4058 0.8049
vn -0.0045 0.7372 0.6756
vn 0.4184 0.0533 0.9067
vn -0.0016 0.4042 0.9147
vn 0.3790 -0.3065 0.8732
vn 0.0028 0.0331 0.9994
vn 0.0042 -0.3404 0.9403
vn 0.0048 -0.6715 0.7410
vn 0.3880 -0.8379 0.3839
vn 0.3889 -0.6119 0.6887
vn 0.3449 -0.9386 -0.0085
vn 0.0026 -0.9144 0.4049
vn 0.0029 -0.9999 -0.0146
vn 0.5571 -0.5263 -0.6423
vn 0.6939 -0.2322 -0.6816
vn 0.6647 0.0796 -0.7429
vn 0.6541 0.3830 -0.6523
vn 0.6492 0.6197 -0.4411
vn 0.5166 0.8455 -0.1354
vn 0.5699 0.7901 0.2256
vn 0.7233 0.5324 0.4397
vn 0.7975 0.2763 0.5363
vn 0.7856 0.0398 0.6175
vn 0.7308 -0.2288 0.6431
vn 0.7375 -0.4486 0.5048
vn 0.7400 -0.6101 0.2831
vn 0.6794 -0.7337 -0.0076
vn 0.6138 -0.7113 -0.3425
vn 1.0000 0.0003 -0.0008
vn 1.0000 -0.0030 -0.0038
vn 1.0000 -0.0045 -0.0021
vn 1.0000 -0.0030 -0.0022
vn 1.0000 -0.0031 -0.0015
vn 1.0000 0.0012 -0.0028
vn 1.0000 0.0018 -0.0026
vn 1.0000 0.0044 0.0004
vn 1.0000 0.0060 0.0008
vn 1.0000 0.0044 -0.0023
vn 1.0000 0.0044 -0.0015
vn 1.0000 0.0012 0.0010
vn 1.0000 -0.0015 0.0015
vn 1.0000 -0.0013 0.0020
vn 1.0000 -0.0016 0.0015
vn 1.0000 -0.0030 -0.0004
vn -1.0000 0.0001 -0.0000
vn -0.9994 -0.0031 -0.0356
vn -1.0000 -0.0003 -0.0010
vn -1.0000 -0.0031 0.0008
vn -0.9970 -0.0089 -0.0766
vn -0.9996 0.0002 -0.0286
vn -0.0013 -0.9082 -0.4186
vn -0.3019 -0.8711 -0.3874
vn -0.2060 -0.6409 -0.7395
vn -0.0031 -0.6484 -0.7613
vn -0.1988 -0.2958 -0.9343
vn -0.0011 -0.2763 -0.9611
vn -0.2116 0.1130 -0.9708
vn -0.0026 0.5401 -0.8416
vn -0.0063 0.1417 -0.9899
vn -0.2550 0.4895 -0.8338
vn -0.2365 0.8090 -0.5381
vn 0.0024 0.8481 -0.5298
vn -0.2882 0.9448 -0.1556
vn 0.0041 0.9905 -0.1376
vn -0.3115 0.9159 0.2531
vn 0.0062 0.9546 0.2979
vn -0.3666 0.7157 0.5944
vn 0.0058 0.7374 0.6754
vn -0.3265 0.4150 0.8492
vn 0.0002 0.4092 0.9124
vn -0.3179 0.0448 0.9471
vn -0.0015 0.0413 0.9991
vn -0.3222 -0.3232 0.8898
vn -0.0017 -0.3448 0.9387
vn -0.3254 -0.6364 0.6994
vn -0.0036 -0.6746 0.7381
vn -0.3512 -0.8452 0.4030
vn -0.0030 -0.9081 0.4188
vn -0.2948 -0.9554 0.0146
vn -0.0005 -0.9998 0.0189
vn -0.4274 -0.5846 -0.6896
vn -0.3939 -0.2778 -0.8762
vn -0.5019 0.4243 -0.7537
vn -0.4687 0.7313 -0.4955
vn -0.5522 0.8226 -0.1358
vn -0.6026 0.7720 0.2022
vn -0.6945 0.5723 0.4361
vn -0.6418 0.3358 0.6894
vn -0.6233 0.0489 0.7805
vn -0.6265 -0.2577 0.7356
vn -0.6312 -0.5203 0.5753
vn -0.6756 -0.6592 0.3303
vn -0.5940 -0.8044 0.0099
vn -0.5997 -0.7383 -0.3086
vn -1.0000 -0.0019 -0.0054
vn -1.0000 -0.0032 -0.0032
vn -1.0000 0.0001 -0.0019
vn -1.0000 -0.0046 -0.0011
vn -1.0000 -0.0017 -0.0053
vn -1.0000 0.0011 -0.0047
vn -1.0000 0.0061 -0.0038
vn -1.0000 0.0046 -0.0058
vn -1.0000 0.0031 -0.0077
vn -1.0000 0.0030 -0.0046
vn -1.0000 -0.0001 0.0006
vn -1.0000 -0.0028 0.0032
vn -1.0000 -0.0031 0.0034
vn -1.0000 -0.0001 0.0038
vn -1.0000 -0.0015 0.0031
vn -1.0000 -0.0030 -0.0000
vn -0.7179 0.6959 0.0191
vn -0.9124 0.4091 0.0130
vn -0.1563 0.3477 0.9245
vn -0.9999 -0.0001 0.0170
vn -0.3450 0.1556 0.9256
vn -0.4327 -0.1604 0.8872
vn -0.5578 -0.2196 0.8004
vn -0.8359 -0.1130 0.5371
vn -0.7367 0.4212 0.5290
vn -0.4308 0.1923 0.8817
vn -0.5161 -0.2672 0.8138
vn -0.8581 -0.1785 0.4814
vn -0.9985 -0.0257 0.0476
vn -0.5374 -0.2749 0.7973
vn -0.3903 -0.1112 0.9140
vn -0.7471 -0.0656 0.6615
vn -0.9950 -0.0047 0.0996
vn -0.4679 0.1467 0.8715
vn -0.3813 0.1662 0.9094
vn -0.6869 0.1339 0.7144
vn -0.4068 -0.0898 0.9091
vn -0.9951 0.0229 0.0964
vn -0.9979 0.0286 0.0575
vn -0.4697 0.2609 0.8434
vn -0.4922 0.2778 0.8249
vn -0.9995 -0.0060 0.0302
vn -0.9134 -0.4058 0.0317
vn -0.7824 0.2000 0.5897
vn -0.5078 0.1192 0.8532
vn -0.4205 0.1477 0.8952
vn -0.8093 0.0673 0.5836
vn -0.4743 -0.0309 0.8798
vn -0.8813 -0.4684 0.0618
vn -0.2612 -0.4686 0.8439
vn -0.2603 -0.1878 0.9471
vn -0.0124 -0.4212 0.9069
vn -0.2162 -0.6364 0.7404
vn -0.6559 -0.2946 0.6950
vn -0.0043 -0.9997 0.0248
vn -0.0005 -0.9991 0.0431
vn 0.0448 -0.4106 0.9107
vn 0.0011 -0.2275 0.9738
vn 0.0090 -0.7770 0.6294
vn -0.0837 -0.3006 0.9501
vn 0.4502 -0.7916 0.4132
vn 0.8166 -0.4687 0.3370
vn 0.4000 -0.2747 0.8744
vn 0.0483 -0.0110 0.9988
vn 0.4489 -0.6393 0.6244
vn 0.9345 -0.3557 -0.0112
vn 0.9764 0.0339 0.2134
vn 0.4381 0.1278 0.8898
vn 0.7382 -0.3404 0.5824
vn 0.6665 0.0427 0.7442
vn 0.9999 0.0028 0.0103
vn 0.6853 0.2212 0.6938
vn 0.2933 0.1877 0.9374
vn 0.4921 0.2776 0.8251
vn 0.5368 0.2505 0.8056
vn 1.0000 -0.0013 0.0057
vn 0.5472 -0.0763 0.8335
vn 0.5228 0.1667 0.8360
vn 0.9225 0.0545 0.3821
vn 0.5775 0.1511 0.8023
vn 0.5603 -0.1237 0.8190
vn 0.9999 -0.0122 0.0092
vn 0.9999 -0.0078 0.0132
vn 0.6209 -0.2244 0.7511
vn 0.4567 -0.2919 0.8404
vn 0.8820 -0.1140 0.4572
vn 0.4380 -0.1478 0.8867
vn 0.9997 -0.0201 -0.0155
vn 0.3721 -0.1818 0.9102
vn 0.7009 -0.2471 0.6691
vn 0.9209 0.3875 -0.0412
vn 0.8940 0.0932 0.4383
vn 0.3624 0.1814 0.9142
vn 0.6403 -0.1082 0.7604
vn 0.4485 0.1541 0.8804
vn -0.0004 0.9997 0.0256
vn -0.0026 0.9998 0.0173
vn -0.0011 0.9980 0.0632
vn 0.4040 0.8284 0.3880
vn 0.6823 0.7308 -0.0199
vn -0.3466 0.6639 0.6627
vn 0.1588 0.4132 0.8967
vn -0.0986 0.3296 0.9390
vn 0.3118 0.7798 0.5429
vn 0.8122 0.3204 0.4875
vn 0.1460 0.3618 0.9208
vn -0.6046 -0.1816 0.7755
vn 0.8026 0.1907 0.5652
vn 0.3411 0.5722 0.7459
vn -0.8502 -0.2517 0.4624
vn -0.9193 0.3509 -0.1785
vn 0.0027 1.0000 -0.0017
vn -0.9315 -0.3616 0.0397
vn -0.9972 -0.0290 -0.0690
vn 0.9723 0.1755 0.1545
vn -0.9862 0.1602 0.0423
vn -0.9999 0.0032 0.0135
vn -0.4208 0.1049 -0.9011
vn -0.6169 -0.7844 0.0644
vn -0.1330 0.9879 -0.0797
vn -0.1716 0.8558 -0.4880
vn -0.2817 0.8680 -0.4088
vn -0.2817 0.8680 0.4088
vn -0.1649 0.8590 0.4846
vn -0.1237 0.9885 0.0870
vn -0.0870 0.9962 -0.0000
vn -0.1333 0.9904 -0.0366
vn -0.1333 0.9904 0.0366
vn -0.0897 0.9960 -0.0000
vn -0.1430 0.9897 -0.0000
vn -0.0576 0.9983 0.0001
vn 0.0496 0.9988 0.0001
vn 0.0969 0.9943 0.0449
vn 0.2597 0.8708 -0.4174
vn -0.0588 0.9296 -0.3639
vn 0.3275 0.9449 0.0031
vn 0.3633 0.9308 0.0403
vn 0.3610 0.9325 -0.0123
vn -0.0793 0.9941 -0.0744
vn -0.0692 0.9307 0.3592
vn 0.2692 0.8756 0.4012
vn 0.1356 0.9901 -0.0363
vn -0.0647 0.4563 -0.8874
vn -0.1865 0.4989 -0.8464
vn -0.2995 0.4684 -0.8312
vn -0.0641 0.4578 0.8868
vn -0.2994 0.4684 0.8312
vn -0.1865 0.4989 0.8463
vn 0.2711 0.4835 0.8323
vn -0.0699 -0.0133 -0.9975
vn -0.1551 0.0493 -0.9867
vn -0.1552 0.0488 0.9867
vn -0.0699 -0.0136 0.9975
vn -0.1668 0.0698 -0.9835
vn -0.1668 0.0702 0.9835
vn -0.2392 0.0446 -0.9699
vn -0.1115 -0.0047 -0.9937
vn -0.1115 -0.0045 0.9938
vn -0.2392 0.0446 0.9700
vn -0.1902 -0.1025 -0.9764
vn -0.2313 -0.0717 -0.9702
vn -0.2313 -0.0716 0.9703
vn -0.1902 -0.1025 0.9764
vn -0.1190 0.0165 -0.9928
vn -0.1190 0.0164 0.9928
vn -0.0641 0.0764 -0.9950
vn -0.1675 -0.0122 -0.9858
vn -0.0489 0.0305 -0.9983
vn -0.1675 -0.0122 0.9858
vn -0.0634 0.0764 0.9951
vn -0.0488 0.0303 0.9983
vn 0.1543 0.0506 -0.9867
vn 0.0409 0.0215 -0.9989
vn 0.4222 -0.0594 -0.9045
vn 0.3431 -0.0198 -0.9391
vn 0.2911 0.1002 -0.9514
vn 0.1038 0.0299 -0.9941
vn 0.1543 0.0503 0.9867
vn 0.0411 0.0215 0.9989
vn 0.3431 -0.0182 0.9391
vn 0.4222 -0.0595 0.9045
vn 0.2912 0.1007 0.9513
vn 0.1032 0.0289 0.9942
vn 0.1720 -0.4453 -0.8787
vn -0.0629 -0.3951 -0.9165
vn 0.1712 -0.4440 0.8795
vn -0.0619 -0.3953 0.9165
vn -0.1706 -0.4287 -0.8872
vn -0.1706 -0.4288 0.8871
vn -0.0668 -0.9262 -0.3710
vn -0.1787 -0.8060 -0.5643
vn -0.1787 -0.8060 0.5643
vn -0.0668 -0.9260 0.3716
vn -0.3314 -0.5003 -0.7999
vn -0.3317 -0.4989 0.8007
vn -0.0610 -0.9961 0.0645
vn -0.1584 -0.9751 -0.1555
vn -0.1584 -0.9751 0.1551
vn -0.0609 -0.9961 -0.0639
vn -0.1062 -0.9943 -0.0000
vn -0.0428 -0.9991 -0.0000
vn -0.2987 -0.8271 -0.4761
vn -0.2987 -0.8268 0.4766
vn -0.1739 -0.9824 -0.0685
vn -0.1810 -0.9745 -0.1326
vn -0.0912 -0.9958 -0.0000
vn -0.1738 -0.9824 0.0685
vn -0.1814 -0.9744 0.1329
vn 0.1146 -0.9029 -0.4142
vn 0.1146 -0.9029 0.4143
vn 0.0239 -0.9950 0.0966
vn 0.0787 -0.9845 0.1569
vn 0.0736 -0.9973 -0.0000
vn 0.0459 -0.9989 -0.0000
vn 0.1047 -0.9909 0.0841
vn 0.0239 -0.9950 -0.0966
vn 0.0787 -0.9845 -0.1570
vn 0.1049 -0.9909 -0.0846
vn 0.2716 0.4837 -0.8320
vn 0.5506 0.3387 -0.7629
vn 0.5507 0.3388 0.7629
vn 0.5581 0.0048 -0.8298
vn 0.5577 0.0047 0.8301
vn 0.4230 -0.2411 -0.8735
vn 0.4230 -0.2410 0.8735
vn 0.8152 -0.5618 0.1412
vn 0.7502 -0.6286 0.2051
vn 0.5415 -0.8407 0.0009
vn 0.8357 -0.5492 0.0030
vn 0.5879 -0.8088 0.0152
vn 0.5879 -0.8088 -0.0151
vn 0.8116 -0.5662 -0.1436
vn 0.5359 0.8120 0.2312
vn 0.5534 0.8329 -0.0060
vn 0.5568 0.7970 -0.2342
vn 0.3254 -0.7994 -0.5051
vn 0.5415 -0.8407 -0.0008
vn 0.3254 -0.7993 0.5052
vn 0.9637 0.2671 -0.0007
vn 0.9573 0.2152 -0.1931
vn 0.9259 0.3341 -0.1762
vn 0.9260 0.3326 0.1785
vn 0.9573 0.2151 0.1930
vn 0.9996 0.0290 -0.0000
vn 0.9644 0.0442 -0.2608
vn 0.9646 0.0443 0.2600
vn 0.9481 -0.1942 -0.2517
vn 0.7501 -0.6287 -0.2050
vn 0.9109 0.2015 -0.3601
vn 0.9205 -0.0353 -0.3892
vn 0.8890 -0.2533 -0.3815
vn 0.9847 -0.1740 -0.0121
vn 0.9491 -0.1956 0.2469
vn 0.9109 0.2014 0.3602
vn 0.9205 -0.0352 0.3892
vn 0.8893 -0.2533 0.3807
vn -0.2732 0.9234 -0.2698
vn -0.2732 0.9234 0.2698
vn -0.3266 -0.8864 0.3280
vn -0.3266 -0.8864 -0.3280
vn -0.3147 -0.3435 0.8849
vn -0.3151 -0.3433 -0.8848
vn -0.3308 0.3767 0.8652
vn -0.3309 0.3770 -0.8651
vn -0.2056 0.0443 -0.9776
vn -0.2056 0.0443 0.9776
vn -0.1663 0.7307 -0.6621
vn -0.1663 0.7307 0.6621
vn -0.2428 0.9701 -0.0000
vn -0.1773 -0.6457 -0.7428
vn -0.1782 -0.6466 0.7417
vn -0.2448 -0.9696 0.0014
vn -0.0769 -0.6471 0.7585
vn -0.0768 -0.9970 0.0024
vn -0.0790 -0.6455 -0.7597
vn -0.0572 0.7616 -0.6455
vn -0.0622 0.9981 -0.0000
vn -0.8483 0.5295 -0.0000
vn -0.8684 0.4117 -0.2762
vn -0.6623 0.6545 -0.3646
vn -0.6630 0.6543 0.3639
vn -0.8685 0.4116 0.2762
vn -0.5733 -0.3617 0.7352
vn -0.8251 -0.2593 0.5020
vn -0.8430 0.0030 0.5379
vn -0.8425 0.0030 -0.5386
vn -0.8244 -0.2577 -0.5040
vn -0.5749 -0.3573 -0.7361
vn -0.9478 0.3190 -0.0000
vn 0.3622 0.8984 0.2483
vn 0.5864 0.8100 -0.0000
vn 0.0278 0.9996 -0.0000
vn 0.3784 0.1924 0.9054
vn 0.5590 -0.0380 0.8283
vn 0.7912 0.0246 0.6111
vn 0.0551 -0.0214 0.9983
vn 0.7912 0.0246 -0.6110
vn 0.5590 -0.0380 -0.8283
vn 0.3784 0.1925 -0.9054
vn 0.0551 -0.0213 -0.9983
vn 0.3618 0.8985 -0.2487
vn -0.0833 0.1006 -0.9914
vn 0.7975 0.4596 -0.3909
vn 0.8048 0.5935 -0.0000
vn 0.4297 0.5982 -0.6764
vn 0.0278 0.6819 -0.7310
vn 0.0107 0.9690 -0.2468
vn -0.0833 0.1005 0.9914
vn 0.7975 0.4595 0.3909
vn 0.4297 0.5982 0.6764
vn 0.8078 -0.3618 -0.4654
vn 0.3865 -0.8927 -0.2317
vn 0.8169 -0.5768 -0.0000
vn 0.8078 -0.3618 0.4653
vn 0.3867 -0.8925 0.2321
vn 0.4117 -0.6516 -0.6371
vn 0.3967 -0.2271 -0.8894
vn 0.3967 -0.2272 0.8894
vn 0.4117 -0.6516 0.6371
vn -0.9478 0.0198 -0.3182
vn 0.5196 -0.8544 -0.0000
vn 0.0223 -0.9998 -0.0000
vn -0.9481 0.0198 0.3173
vn -0.9461 -0.1342 -0.2948
vn -0.9467 -0.2211 -0.2343
vn -0.8399 -0.4501 -0.3032
vn -0.9500 -0.2792 -0.1398
vn -0.9561 -0.2929 -0.0000
vn -0.8521 -0.5234 -0.0000
vn -0.6279 -0.7783 -0.0000
vn -0.5988 -0.6793 -0.4242
vn 0.0205 -0.7053 -0.7086
vn 0.0333 -0.1632 -0.9860
vn 0.0126 -0.9871 -0.1596
vn -0.9467 -0.2213 0.2342
vn -0.9460 -0.1343 0.2951
vn -0.5973 -0.6788 0.4272
vn -0.9500 -0.2793 0.1393
vn -0.8408 -0.4483 0.3036
vn 0.0333 -0.1636 0.9860
vn 0.0205 -0.7053 0.7086
vn 0.0125 -0.9871 0.1596
vn -0.8628 0.2163 0.4569
vn -0.6830 0.3264 0.6534
vn -0.6392 0.0075 0.7690
vn -0.9371 0.1084 0.3319
vn -0.9524 0.1661 0.2557
vn -0.9588 0.2595 0.1153
vn 0.0108 0.1740 0.9847
vn 0.0107 0.9690 0.2467
vn 0.0277 0.6819 0.7309
vn -0.8631 0.2166 -0.4563
vn -0.6391 0.0075 -0.7691
vn -0.6834 0.3264 -0.6530
vn -0.9524 0.1663 -0.2556
vn -0.9371 0.1084 -0.3319
vn -0.9588 0.2595 -0.1159
vn 0.0107 0.1738 -0.9847
vn -0.0669 0.9941 0.0848
vn 0.6281 -0.7781 -0.0000
vn 0.9166 0.3997 0.0083
vn -0.6840 0.7295 -0.0000
vn -0.0572 0.7616 0.6455
vn 0.6811 -0.0000 -0.7322
vn 0.6905 -0.2272 -0.6867
vn 0.3902 -0.2717 -0.8797
vn 1.0000 0.0047 0.0055
vn 1.0000 -0.0000 0.0038
vn 1.0000 -0.0000 0.0017
vn 1.0000 -0.0047 0.0059
vn 1.0000 0.0077 0.0015
vn 1.0000 -0.0077 0.0016
vn 1.0000 0.0092 0.0031
vn 1.0000 -0.0091 0.0030
vn 1.0000 0.0049 0.0078
vn 1.0000 -0.0046 0.0077
vn 1.0000 0.0061 0.0038
vn 1.0000 -0.0061 0.0039
vn 1.0000 0.0061 0.0030
vn 1.0000 -0.0060 0.0030
vn 1.0000 0.0014 -0.0031
vn 1.0000 -0.0014 -0.0031
vn 1.0000 0.0030 -0.0046
vn 1.0000 -0.0030 -0.0046
vn 1.0000 0.0029 -0.0022
vn 1.0000 -0.0027 -0.0019
vn 1.0000 -0.0000 -0.0030
vn 0.3774 0.2748 -0.8843
vn 0.6905 0.2274 -0.6866
vn 0.6326 0.7142 -0.2997
vn 0.6952 0.5310 -0.4844
vn 0.3767 0.7142 -0.5899
vn 0.3837 -0.7094 -0.5912
vn 0.6952 -0.5310 -0.4844
vn 0.6325 -0.7142 -0.2998
vn 0.5785 0.8146 -0.0419
vn 0.3212 0.8822 -0.3442
vn 0.3383 -0.8771 -0.3410
vn 0.5786 -0.8146 -0.0419
vn 0.5090 0.6992 0.5021
vn 0.2480 0.7872 0.5646
vn 0.3310 0.5572 0.7616
vn 0.3296 -0.5571 0.7623
vn 0.2588 -0.7803 0.5693
vn 0.5092 -0.6990 0.5021
vn 0.6386 0.4395 0.6316
vn 0.3250 0.3084 0.8940
vn 0.3247 -0.3096 0.8937
vn 0.6389 -0.4396 0.6313
vn 0.6312 0.2442 0.7362
vn 0.3634 -0.0001 0.9317
vn 0.6312 -0.2442 0.7362
vn 0.5499 0.8029 0.2301
vn 0.2929 0.9551 -0.0446
vn 0.2788 0.9196 0.2769
vn 0.3018 -0.9525 -0.0413
vn 0.5503 -0.8027 0.2297
vn 0.2902 -0.9173 0.2725
vn 0.3239 0.5267 -0.7859
vn 0.3318 -0.5279 -0.7818
vn 0.3706 0.0032 -0.9288
vn 0.0280 0.0322 -0.9991
vn 0.0347 -0.2867 -0.9574
vn 0.0198 -0.7523 -0.6585
vn 0.0132 0.7720 -0.6354
vn 0.0240 -0.9274 -0.3733
vn 0.0121 0.9264 -0.3762
vn 0.0260 -0.8160 0.5774
vn 0.0117 0.5874 0.8092
vn 0.0157 -0.5722 0.8199
vn 0.0098 0.0045 0.9999
vn 0.0100 0.9986 -0.0528
vn 0.0079 0.9570 0.2899
vn 0.0122 -0.9723 0.2332
vn 0.0191 0.3007 -0.9535
vn 0.8060 0.1893 -0.5609
vn 0.7878 0.0183 -0.6157
vn 0.9568 0.0062 -0.2907
vn 0.7612 -0.1968 -0.6180
vn 0.9541 -0.0855 -0.2869
vn 0.8333 -0.3176 -0.4524
vn 0.7934 -0.4719 -0.3845
vn 0.9584 -0.2274 -0.1724
vn 0.8312 0.5157 -0.2075
vn 0.7908 0.4731 -0.3883
vn 0.9554 0.2275 -0.1885
vn 0.7169 -0.6472 -0.2594
vn 0.9395 -0.3159 -0.1327
vn 0.8573 0.5142 -0.0259
vn 0.9679 0.2317 -0.0977
vn 0.7875 -0.6163 0.0010
vn 0.9534 -0.3017 -0.0061
vn 0.9474 -0.3143 0.0611
vn 0.7851 -0.6073 0.1217
vn 0.8206 -0.4837 0.3044
vn 0.9670 0.1342 0.2167
vn 0.8280 0.3036 0.4715
vn 0.8757 0.3878 0.2876
vn 0.8473 -0.2503 0.4684
vn 0.9656 -0.1343 0.2228
vn 0.9483 0.0838 0.3060
vn 0.7876 0.1709 0.5920
vn 0.8458 -0.1101 0.5221
vn 0.9677 -0.0595 0.2449
vn 0.7485 -0.0122 0.6630
vn 0.9452 -0.0015 0.3265
vn 0.8684 0.4746 0.1436
vn 0.9712 0.2379 -0.0130
vn 0.9723 0.2242 0.0664
vn 0.8269 0.3218 -0.4611
vn 0.9589 0.0897 -0.2693
vn 0.9001 -0.0014 -0.4356
vn 0.9225 -0.0931 -0.3745
vn 0.9688 -0.1420 -0.2030
vn 0.9101 -0.3188 -0.2648
vn 0.9111 0.3149 -0.2660
vn 0.8774 0.4454 -0.1783
vn 0.8621 -0.4670 -0.1969
vn 0.8816 -0.4547 0.1262
vn 0.9570 -0.2472 0.1518
vn 0.9759 0.1740 0.1320
vn 0.8065 0.4776 0.3486
vn 0.8446 -0.4440 0.2990
vn 0.8256 0.3279 0.4592
vn 0.8350 -0.3281 0.4418
vn 0.8332 0.1740 0.5249
vn 0.8706 -0.1526 0.4677
vn 0.8345 0.5505 -0.0244
vn 0.8172 0.5523 0.1648
vn 0.9118 -0.4106 -0.0032
vn 0.8855 0.2625 -0.3834
vn 0.9633 0.1543 -0.2198
vn 0.8584 0.1664 -0.4852
vn 0.3395 -0.0030 -0.9406
vn 0.3037 -0.5351 -0.7883
vn 0.8691 -0.2838 -0.4051
vn 0.3377 0.8671 -0.3662
vn 0.2891 -0.8815 -0.3733
vn 0.2441 0.9680 -0.0584
vn 0.3747 -0.9262 -0.0426
vn 0.3252 -0.9098 0.2578
vn 0.2215 0.5707 0.7907
vn 0.2695 -0.7844 0.5586
vn 0.2410 0.3039 0.9217
vn 0.2896 -0.3022 0.9082
vn 0.2759 -0.0062 0.9612
vn 0.8535 -0.0096 0.5211
vn 0.2186 0.9348 0.2800
vn 0.2877 0.2880 -0.9134
vn 0.3604 0.7141 -0.6002
vn 0.4007 -0.2488 -0.8818
vn -0.1576 -0.0380 -0.9868
vn -0.1408 -0.2960 -0.9447
vn 0.3855 -0.7128 -0.5860
vn -0.1611 -0.7571 -0.6331
vn -0.1912 0.9031 -0.3844
vn -0.1806 -0.9023 -0.3916
vn -0.2706 -0.8012 0.5338
vn -0.3058 0.5340 0.7883
vn 0.1901 0.7890 0.5843
vn 0.2331 -0.5800 0.7806
vn -0.2376 -0.2920 0.9264
vn -0.2512 0.2746 0.9282
vn -0.2786 -0.0001 0.9604
vn -0.3502 0.9000 0.2595
vn -0.2650 -0.9335 0.2417
vn 0.3208 0.5236 -0.7893
vn -0.1779 0.2489 -0.9520
vn -0.2431 0.7524 -0.6121
vn -0.7694 -0.0260 -0.6383
vn -0.7803 -0.1909 -0.5955
vn -0.1810 -0.5447 -0.8188
vn -0.8091 -0.4547 -0.3723
vn -0.8251 0.5173 -0.2274
vn -0.2886 0.9534 -0.0885
vn -0.8266 -0.5189 -0.2178
vn -0.2956 -0.9522 -0.0763
vn -0.8639 -0.4865 0.1305
vn -0.4174 0.7204 0.5539
vn -0.9351 0.2761 0.2220
vn -0.8766 -0.3982 0.2701
vn -0.3478 -0.5569 0.7542
vn -0.8764 0.2728 0.3968
vn -0.9028 -0.2455 0.3531
vn -0.8739 0.0016 0.4860
vn -0.8738 0.4852 -0.0313
vn -0.9105 0.3968 0.1160
vn -0.2483 0.5339 -0.8083
vn -0.7858 0.1603 -0.5974
vn -0.8563 0.3951 -0.3325
vn -0.7855 -0.3296 -0.5238
vn -0.9752 -0.0183 -0.2205
vn -0.9766 -0.0809 -0.1991
vn -0.9856 -0.1035 -0.1336
vn -0.9768 0.1972 -0.0830
vn -0.9661 -0.2409 -0.0924
vn -0.8932 -0.4484 -0.0341
vn -0.9846 -0.1510 0.0885
vn -0.9868 0.0843 0.1380
vn -0.8501 0.1464 0.5058
vn -0.8268 -0.1664 0.5372
vn -0.9795 -0.0672 0.1899
vn -0.9835 0.0521 0.1733
vn -0.9868 0.1618 -0.0078
vn -0.9841 0.1389 0.1106
vn -0.9761 -0.2134 0.0411
vn -0.8537 0.2898 -0.4327
vn -0.9679 0.0904 -0.2344
vn -0.9581 0.2075 -0.1976
vn -0.9144 0.2122 0.3448
vn -0.9697 0.0199 0.2435
vn -0.8880 0.1405 0.4379
vn -0.8360 0.0335 0.5477
vn -0.9832 -0.1222 0.1358
vn -0.8879 -0.1572 0.4324
vn 0.1135 0.7186 0.6861
vn 0.5151 0.6743 0.5291
vn 0.2791 0.9564 0.0867
vn 0.2625 -0.9622 0.0718
vn 0.4776 -0.7140 0.5119
vn 0.1573 -0.7647 0.6249
vn 0.5869 -0.3885 0.7104
vn 0.5637 -0.0839 0.8217
vn 0.1252 -0.0352 0.9915
vn 0.2301 -0.1604 0.9599
vn 0.3925 0.5583 0.7309
vn 0.5522 0.4043 0.7291
vn 0.5547 0.2885 0.7804
vn 0.1831 0.4544 0.8718
vn 0.5673 0.1098 0.8161
vn -0.0106 0.2914 0.9565
vn 0.0035 0.5479 0.8366
vn 0.5042 0.2625 0.8227
vn 0.5231 -0.0445 0.8511
vn 0.1860 0.3234 0.9278
vn 0.1617 0.1389 0.9770
vn -0.0121 0.0045 0.9999
vn 0.6204 -0.1770 0.7640
vn 0.6050 -0.1924 0.7726
vn 0.5343 -0.2534 0.8064
vn 0.2773 -0.2670 0.9229
vn -0.0111 -0.3036 0.9527
vn 0.3381 -0.6303 0.6988
vn 0.0017 -0.5907 0.8069
vn 0.1966 -0.4076 0.8918
vn -0.9768 0.2075 0.0527
vn -0.8604 0.4942 0.1242
vn -0.9067 0.4211 -0.0221
vn -0.0056 0.9975 -0.0709
vn -0.0073 0.9598 0.2807
vn -0.0062 0.9596 0.2812
vn -0.0092 0.9969 -0.0775
vn -0.0047 0.9189 -0.3945
vn -0.9085 0.3235 0.2647
vn 0.2219 0.8579 0.4635
vn -0.0002 0.8120 0.5837
vn -0.0117 0.9615 0.2747
vn -0.1061 0.9893 0.1003
vn -0.8837 -0.4013 0.2410
vn -0.9482 -0.3172 -0.0161
vn -0.8266 -0.5493 0.1228
vn -0.0041 -0.9969 -0.0790
vn -0.0047 -0.9681 0.2504
vn -0.0077 -0.9714 0.2373
vn -0.7067 -0.7065 -0.0389
vn -0.0031 -0.9218 -0.3877
vn -0.0090 -0.9953 -0.0966
vn -0.8987 -0.2825 0.3355
vn 0.1301 -0.8938 0.4291
vn -0.0064 -0.8421 0.5393
vn 0.0127 -0.9855 0.1692
vn 0.1327 -0.9910 -0.0198
vn -0.8925 0.2396 -0.3822
vn -0.9870 0.0900 -0.1329
vn -0.9178 -0.0153 -0.3967
vn -0.9064 -0.1511 -0.3944
vn -0.9242 -0.2412 -0.2961
vn -0.9604 -0.2228 -0.1676
vn -0.7839 -0.5783 -0.2258
vn -0.0054 -0.7688 -0.6395
vn -0.0073 -0.9155 -0.4022
vn -0.8530 0.4792 -0.2067
vn -0.0019 0.7888 -0.6147
vn -0.0040 0.9261 -0.3772
vn 0.4045 -0.2840 -0.8693
vn -0.0076 -0.2884 -0.9575
vn -0.0248 -0.5536 -0.8324
vn 0.3178 -0.5825 -0.7481
vn 0.1145 -0.7981 -0.5916
vn -0.0043 -0.7782 -0.6280
vn 0.2052 -0.8055 -0.5559
vn -0.0733 -0.8953 -0.4394
vn 0.0005 0.7537 -0.6572
vn 0.2065 0.8196 -0.5345
vn -0.0849 0.9121 -0.4011
vn 0.1983 0.9478 -0.2498
vn -0.2135 0.7388 -0.6393
vn 0.3076 0.1771 -0.9349
vn -0.1262 0.1892 -0.9738
vn -0.1206 0.4107 -0.9038
vn -0.0975 0.0367 -0.9946
vn -0.0502 0.0824 -0.9953
vn 0.3231 0.0717 -0.9436
vn -0.2472 -0.9076 -0.3394
vn -0.0663 -0.5480 -0.8339
vn 0.3145 -0.5081 -0.8018
vn 0.3007 -0.4288 -0.8519
vn 0.3581 -0.2181 -0.9079
vn -0.1128 -0.2180 -0.9694
vn -0.1338 -0.4197 -0.8978
vn 0.3686 -0.0276 -0.9292
vn -0.0018 -0.0197 -0.9998
vn 0.2835 -0.1020 -0.9535
vn 0.3112 0.0613 -0.9484
vn -0.1549 -0.1268 -0.9798
vn 0.3946 0.2242 -0.8911
vn -0.0202 0.2519 -0.9675
vn 0.3533 0.5509 -0.7561
vn -0.0174 0.5280 -0.8491
vn 0.3340 0.3936 -0.8565
vn 0.3072 0.6362 -0.7077
vn -1.0000 -0.0006 -0.0007
vn -0.8968 0.0018 0.4424
vn -0.9032 0.1311 0.4088
vn -0.9273 -0.1236 0.3532
vn -0.8638 0.3144 0.3937
vn -0.8689 -0.3081 0.3874
vn -0.8909 0.3984 0.2179
vn -0.9045 -0.3708 0.2106
vn -0.9068 0.4180 0.0557
vn -0.9138 -0.4028 0.0519
vn -0.9081 0.4090 -0.0900
vn -0.8942 -0.4321 -0.1174
vn -0.9046 0.3675 -0.2159
vn -0.8799 -0.3952 -0.2640
vn -0.8877 0.2853 -0.3615
vn -0.8888 -0.2746 -0.3670
vn -0.8920 0.1404 -0.4297
vn -0.8910 -0.1376 -0.4327
vn -0.8922 -0.0091 -0.4516
vn -0.6679 0.0061 0.7443
vn -0.7272 -0.2227 0.6493
vn -0.6711 0.2320 0.7041
vn -0.5655 0.5173 0.6424
vn -0.6405 0.6607 0.3914
vn -0.6821 -0.6271 0.3761
vn -0.5791 -0.5094 0.6365
vn -0.6996 0.7092 0.0873
vn -0.7274 -0.6807 0.0870
vn -0.6957 0.7051 -0.1374
vn -0.6777 -0.7124 -0.1822
vn -0.7072 0.6061 -0.3640
vn -0.6124 -0.6652 -0.4272
vn -0.6506 0.4807 -0.5880
vn -0.6371 -0.4806 -0.6026
vn -0.6459 0.2530 -0.7203
vn -0.6456 -0.2473 -0.7225
vn -0.6528 0.0126 -0.7575
vn -0.0058 0.3128 0.9498
vn -0.0027 -0.0018 1.0000
vn 0.3490 0.0017 0.9371
vn -0.0022 -0.3099 0.9508
vn 0.3538 -0.3039 0.8846
vn -0.0037 0.6212 0.7836
vn 0.3855 0.3054 0.8707
vn -0.0012 -0.6242 0.7813
vn -0.0037 0.8595 0.5112
vn 0.4563 0.5678 0.6852
vn -0.0014 -0.8655 0.5010
vn 0.3558 -0.8070 0.4714
vn -0.0026 0.9873 0.1587
vn 0.4401 0.7800 0.4448
vn -0.0047 -0.9891 0.1474
vn 0.2805 -0.9516 0.1253
vn 0.0002 0.9771 -0.2129
vn 0.4129 0.9000 0.1396
vn -0.0051 -0.9708 -0.2397
vn 0.4195 0.7718 -0.4778
vn 0.0014 0.8396 -0.5431
vn 0.0035 -0.8196 -0.5730
vn 0.4025 -0.7554 -0.5170
vn 0.0026 0.6180 -0.7862
vn 0.0056 -0.6072 -0.7945
vn 0.5335 -0.5142 -0.6716
vn 0.4753 0.2974 -0.8280
vn 0.0023 0.3329 -0.9430
vn 0.0013 -0.3265 -0.9452
vn 0.4783 0.0152 -0.8780
vn 0.0033 0.0077 -1.0000
vn 0.4822 -0.2654 -0.8349
vn 0.9048 -0.0033 0.4258
vn 0.9036 -0.1389 0.4052
vn 0.9198 0.1302 0.3701
vn 0.3846 -0.5770 0.7206
vn 0.9145 -0.2519 0.3165
vn 0.9388 0.2213 0.2640
vn 0.9101 -0.3588 0.2073
vn 0.9307 0.3172 0.1822
vn 0.8753 -0.4806 0.0545
vn 0.4219 0.8868 -0.1885
vn 0.9231 0.3800 0.0595
vn 0.3713 -0.9021 -0.2198
vn 0.9090 -0.4072 -0.0885
vn 0.9261 0.3692 -0.0783
vn 0.9160 -0.3252 -0.2349
vn 0.4848 0.5431 -0.6856
vn 0.9282 0.3175 -0.1943
vn 0.9540 -0.1937 -0.2289
vn 0.9456 0.2014 -0.2554
vn 0.9439 -0.0990 -0.3150
vn 0.9411 0.1145 -0.3181
vn 0.9420 0.0061 -0.3356
vn 0.9999 0.0031 0.0145
vn 0.9997 0.0154 -0.0213
vn 1.0000 -0.0061 -0.0000
vn 0.9978 0.0578 0.0336
vn 0.9997 0.0014 -0.0227
vn 0.9978 0.0658 -0.0092
vn 0.9991 0.0413 0.0008
vn 0.9988 0.0489 -0.0084
vn 0.9994 -0.0291 -0.0197
vn 0.9982 0.0505 -0.0321
vn 0.9920 0.0900 -0.0885
vn 0.9907 -0.0411 -0.1296
vn 0.9939 0.0337 -0.1053
vn 0.9930 0.0034 -0.1177
vn 0.0140 0.3296 0.9440
vn 0.0122 0.0045 0.9999
vn 0.0092 -0.0048 0.9999
vn 0.0122 -0.3233 0.9462
vn 0.0107 -0.3205 0.9472
vn 0.0116 0.6318 0.7751
vn 0.0069 0.3110 0.9504
vn 0.0139 -0.6272 0.7787
vn 0.0093 0.8694 0.4940
vn 0.0083 0.8670 0.4983
vn 0.0156 -0.8638 0.5037
vn 0.0097 -0.8694 0.4940
vn 0.0079 0.9884 0.1514
vn 0.0174 -0.9903 0.1376
vn 0.0091 -0.9905 0.1369
vn 0.0077 0.9783 -0.2070
vn 0.0091 0.9889 0.1481
vn 0.0108 -0.9720 -0.2349
vn 0.0073 0.8531 -0.5217
vn 0.0089 0.8472 -0.5311
vn 0.0114 -0.8288 -0.5594
vn 0.0091 -0.8469 -0.5317
vn 0.0088 0.6242 -0.7812
vn 0.0115 -0.6001 -0.7998
vn 0.0074 0.3405 -0.9402
vn 0.0071 0.3386 -0.9409
vn 0.0067 -0.3063 -0.9519
vn 0.0076 -0.3024 -0.9531
vn 0.0058 0.0199 -0.9998
vn 0.6984 -0.0000 0.7157
vn 0.6081 0.4439 -0.6581
vn 0.6082 -0.4440 -0.6580
vn 0.0247 -0.5799 -0.8143
vn 0.0092 -0.9994 -0.0335
vn 0.0087 0.8059 0.5920
vn 0.0095 0.3219 0.9467
vn 0.0122 -0.3143 0.9492
vn 0.0139 0.5587 -0.8293
vn 0.0057 0.7981 0.6026
vn -0.0012 -0.8316 0.5553
vn -0.8468 0.1648 -0.5058
vn -0.7575 -0.5007 -0.4189
vn -0.7328 0.4957 -0.4661
vn 0.9996 -0.0092 -0.0267
vn 0.9957 0.0490 0.0786
vn 0.9996 0.0015 0.0275
vn 0.9813 -0.1297 -0.1419
vn 0.0074 0.6253 0.7804
vn 0.0104 -0.6288 0.7775
vn 0.0087 0.9793 -0.2022
vn 0.0103 -0.9771 -0.2128
vn 0.0065 0.6317 -0.7752
vn 0.0049 -0.6119 -0.7910
vn 0.0069 0.0244 -0.9997
vn 0.5626 -0.5737 0.5953
vn 0.6519 -0.5433 0.5291
vn 0.6968 -0.6410 0.3218
vn -0.7857 -0.5598 0.2632
vn -0.7735 -0.4501 0.4462
vn -0.6127 -0.5691 0.5484
vn 0.4912 -0.7843 0.3790
vn 0.7929 -0.6089 -0.0251
vn -0.8549 -0.5187 -0.0083
vn -0.4964 -0.7769 0.3873
vn 0.6567 -0.2258 0.7195
vn 0.5601 -0.4364 0.7042
vn 0.7492 -0.5475 0.3727
vn 0.6298 0.5415 0.5569
vn 0.7125 0.1680 0.6813
vn 0.8929 0.2701 0.3601
vn 0.6673 -0.6178 -0.4159
vn 0.5134 -0.6850 -0.5169
vn -0.5924 -0.6532 -0.4715
vn -0.7541 -0.5461 -0.3647
vn 0.4300 -0.8426 0.3243
vn 0.4292 -0.9032 0.0045
vn 0.7885 -0.6150 0.0023
vn -0.4293 -0.9031 0.0061
vn -0.4295 -0.8435 0.3226
vn -0.7485 -0.5492 0.3716
vn 0.9615 -0.2748 -0.0022
vn -0.9615 -0.2748 -0.0022
vn -0.7876 -0.6162 0.0034
vn 0.8939 -0.2519 0.3708
vn 1.0000 -0.0061 -0.0055
vn -1.0000 -0.0061 -0.0055
vn -0.8939 -0.2521 0.3707
vn 0.9470 0.0107 0.3212
vn 0.9537 0.3007 -0.0015
vn -0.9537 0.3007 -0.0015
vn -0.9470 0.0107 0.3212
vn 0.7324 0.6806 -0.0191
vn -0.7325 0.6805 -0.0191
vn -0.8931 0.2698 0.3599
vn 0.6979 0.6636 0.2693
vn 0.3399 0.9405 -0.0045
vn -0.3399 0.9405 -0.0045
vn -0.6979 0.6636 0.2694
vn -0.0638 0.9980 -0.0025
vn -0.0638 0.9319 0.3572
vn -0.0010 0.9084 0.4182
vn 0.7048 0.5997 -0.3789
vn 0.3546 0.8940 -0.2739
vn -0.3545 0.8940 -0.2739
vn -0.7048 0.5997 -0.3788
vn 0.8953 0.2673 -0.3563
vn -0.8954 0.2670 -0.3563
vn 0.9246 -0.0182 -0.3806
vn -0.9246 -0.0182 -0.3806
vn 0.9070 -0.2870 -0.3082
vn -0.9070 -0.2869 -0.3082
vn 0.4380 -0.8564 -0.2734
vn -0.4381 -0.8564 -0.2733
vn 0.6455 -0.7630 -0.0328
vn 0.1043 -0.9945 -0.0079
vn 0.1012 -0.9503 0.2946
vn 0.1112 -0.9174 -0.3821
vn -0.6771 -0.7354 -0.0290
vn -0.1019 -0.9505 0.2937
vn -0.1049 -0.9945 -0.0073
vn -0.1105 -0.9170 -0.3833
vn -0.3089 0.9140 0.2632
vn -0.0715 0.9232 -0.3775
vn 0.0129 0.9276 -0.3733
vn 0.3090 0.9139 0.2632
vn 0.0637 0.9980 -0.0026
vn 0.0700 0.9231 -0.3781
vn 0.0649 0.9318 0.3572
vn -0.0108 0.9097 -0.4152
vn -0.0011 0.9128 -0.4084
vn 0.0998 0.4487 -0.8881
vn 0.2017 0.3614 -0.9103
vn 0.3216 0.5003 -0.8039
vn 0.1191 0.6849 -0.7189
vn -0.0000 0.6454 -0.7638
vn -0.0000 0.4028 -0.9153
vn -0.1191 0.6849 -0.7189
vn -0.0014 0.3341 -0.9425
vn -0.0998 0.4488 -0.8881
vn -0.3292 0.4944 -0.8045
vn 0.2074 0.4837 -0.8503
vn 0.2453 -0.4561 -0.8554
vn 0.0376 0.4136 -0.9097
vn -0.0112 0.3644 -0.9312
vn 0.4436 0.1464 -0.8842
vn 0.4695 -0.1401 -0.8718
vn 0.4130 -0.0093 -0.9107
vn 0.3931 -0.2778 -0.8765
vn 0.7454 -0.5799 -0.3288
vn 0.3292 0.2775 -0.9026
vn 0.0074 -0.0031 -1.0000
vn -0.2044 0.3600 -0.9103
vn -0.2074 0.4837 -0.8503
vn 0.0109 0.4090 -0.9125
vn -0.2452 -0.4563 -0.8554
vn -0.4779 -0.1435 -0.8666
vn -0.4445 0.1466 -0.8837
vn -0.3294 0.2777 -0.9024
vn -0.0076 -0.0032 -1.0000
vn -0.4143 -0.0091 -0.9101
vn -0.3934 -0.2794 -0.8759
vn -0.7454 -0.5798 -0.3291
vn -0.0386 0.4122 -0.9103
vn -0.3696 -0.7079 0.6019
vn -0.0783 -0.8165 0.5720
vn 0.3693 -0.7079 0.6021
vn 0.0783 -0.8163 0.5723
vn -0.6567 -0.2257 0.7196
vn -0.7753 -0.0184 0.6313
vn -0.7125 0.1677 0.6813
vn -0.2834 0.8149 0.5056
vn -0.6297 0.5415 0.5570
vn -0.0197 0.0013 0.9998
vn -0.1302 -0.0381 0.9908
vn -0.0105 -0.0092 0.9999
vn -0.5599 -0.4364 0.7043
vn 0.7753 -0.0186 0.6314
vn 0.0108 0.0060 0.9999
vn 0.0094 0.0123 0.9999
vn 0.0163 0.0077 0.9998
vn 0.2829 0.8152 0.5054
vn 0.0099 -0.0075 0.9999
vn 0.1301 -0.0376 0.9908
vn 0.0189 0.0014 0.9998
vn 0.5968 0.3025 0.7432
vn 0.5998 0.1143 0.7919
vn 0.4118 0.1053 0.9052
vn 0.0006 -0.0124 0.9999
vn 0.0053 0.0001 1.0000
vn 0.0112 -0.0381 0.9992
vn -0.0015 -0.0138 0.9999
vn -0.4170 0.1587 0.8950
vn -0.3494 0.1859 0.9184
vn -0.0112 -0.0381 0.9992
vn -0.0116 0.0075 0.9999
vn -0.0055 0.0001 1.0000
vn -0.0139 0.0122 0.9998
vn -0.0520 0.7558 0.6528
vn -0.6062 0.2028 0.7690
vn -0.6328 0.3707 0.6798
vn 0.0168 0.7326 0.6805
vn 0.0167 0.5250 0.8509
vn -0.1179 0.3878 0.9142
vn -0.0000 0.0029 1.0000
vn 0.1022 0.3815 0.9187
vn 0.1885 0.6837 0.7050
vn -0.0019 0.6546 0.7560
vn 0.0541 0.7550 0.6534
vn 0.2649 0.3401 0.9023
vn 0.0116 0.0047 0.9999
vn 0.3934 0.2185 0.8930
vn 0.4543 0.5876 0.6696
vn -0.2669 0.3310 0.9051
vn -0.0083 0.0078 0.9999
vn -0.0256 0.0354 0.9990
vn -0.2018 0.6729 0.7116
vn -0.4687 0.5812 0.6652
vn -0.3443 0.4715 0.8119
vn -0.1510 0.5583 0.8158
vn -0.0000 0.4758 0.8796
vn 0.3443 0.4715 0.8119
vn 0.3995 0.2262 0.8884
vn 0.4167 0.0308 0.9085
vn -0.5384 0.3052 0.7855
vn 0.3175 0.2838 -0.9048
vn 0.6088 -0.2136 -0.7640
vn 0.0480 -0.4046 -0.9132
vn 0.4905 0.4196 -0.7638
vn 0.4303 -0.1476 -0.8905
vn 0.3293 0.1237 -0.9361
vn 0.5592 0.1715 -0.8111
vn -0.3172 0.2503 -0.9147
vn -0.6898 -0.1206 -0.7138
vn -0.0473 -0.4059 -0.9127
vn -0.5307 0.4165 -0.7381
vn -0.4355 0.2151 -0.8741
vn -0.5042 -0.0811 -0.8598
vn -0.6212 0.2684 -0.7362
vn 0.5291 -0.8486 -0.0061
vn 0.5540 -0.7509 0.3595
vn -0.6479 -0.7615 0.0153
vn -0.7202 -0.6075 0.3349
vn -0.5345 -0.2394 -0.8105
vn 0.5808 -0.6989 -0.4173
vn -0.4152 0.1112 -0.9029
vn 0.5094 -0.2516 -0.8229
vn 0.4058 0.0657 -0.9116
vn -0.9620 0.2731 -0.0038
vn -0.9238 0.3829 -0.0007
vn -0.9303 0.3645 -0.0420
vn 0.9352 0.3541 -0.0069
vn 0.9256 0.3784 -0.0008
vn 0.9624 0.2716 -0.0008
vn -0.3702 0.3618 -0.8556
vn 0.3407 0.3156 -0.8856
vn -0.8025 0.5966 -0.0076
vn -0.7918 0.6103 -0.0221
vn 0.7696 0.6377 -0.0328
vn 0.8059 0.5920 -0.0038
vn -0.2105 0.1846 -0.9600
vn 0.1924 0.1815 -0.9644
vn -0.5318 0.8469 -0.0039
vn -0.4931 0.8698 -0.0173
vn 0.5295 0.8483 -0.0001
vn -0.0852 0.4344 -0.8967
vn 0.0852 0.4344 -0.8967
vn -0.1829 0.9831 0.0015
vn 0.1829 0.9831 0.0015
vn 0.4965 0.8572 -0.1365
vn -0.0000 0.5232 -0.8522
vn -0.0013 1.0000 -0.0080
vn -0.0000 1.0000 -0.0023
vn -0.9934 0.1145 0.0015
vn -0.9755 0.2198 -0.0007
vn -0.9734 0.2289 -0.0038
vn -0.9745 0.2243 -0.0058
vn 0.9737 0.2277 -0.0007
vn 0.9759 0.2180 0.0001
vn 0.9936 0.1129 0.0023
vn 0.9748 0.2230 0.0009
vn 0.9999 0.0152 -0.0052
vn 0.9952 0.0978 0.0002
vn -0.9955 0.0944 0.0009
vn -0.9998 0.0167 -0.0053
vn 1.0000 0.0015 0.0017
vn 1.0000 -0.0016 -0.0000
vn 0.9998 0.0182 -0.0054
vn 1.0000 0.0080 -0.0012
vn -1.0000 -0.0015 -0.0000
vn -1.0000 0.0016 0.0021
vn -1.0000 0.0090 -0.0019
vn -0.9998 0.0199 -0.0038
vn -0.9344 0.2320 -0.2702
vn -0.9409 0.2869 -0.1800
vn 0.9345 0.3114 -0.1723
vn 0.9495 0.2198 -0.2238
vn 0.9318 0.2014 -0.3020
vn -0.8985 0.3479 -0.2678
vn -0.9256 0.2121 -0.3136
vn 0.8667 0.3297 -0.3744
vn 0.7574 0.5646 -0.3281
vn -0.7769 0.5675 -0.2727
vn 0.5624 0.7861 -0.2565
vn 0.1727 0.9557 -0.2382
vn -0.4920 0.8298 -0.2633
vn -0.1549 0.9879 -0.0093
vn -0.0006 0.9666 -0.2561
vn 0.1563 0.9877 -0.0077
vn 0.0949 0.5554 -0.8261
vn 0.0026 0.4930 -0.8700
vn -0.0970 0.5538 -0.8270
vn -0.1539 0.9597 -0.2350
vn 0.0012 -0.4168 -0.9090
vn -0.5368 0.1972 -0.8204
vn 0.4382 0.1512 -0.8861
vn -0.3628 0.3980 -0.8426
vn 0.4082 0.3799 -0.8300
vn -0.4413 0.7388 -0.5094
vn 0.4527 0.7495 -0.4830
vn -0.4431 0.3126 -0.8402
vn 0.1711 -0.1316 -0.9764
vn -0.1713 -0.1315 -0.9764
vn 0.3970 0.3753 -0.8376
vn 0.2474 -0.1039 -0.9633
vn 0.3126 -0.0425 -0.9489
vn 0.5687 0.2395 -0.7869
vn -0.4725 0.1066 -0.8749
vn -0.3126 -0.0425 -0.9489
vn -0.2474 -0.1040 -0.9633
vn 0.4728 0.1131 -0.8739
vn -0.5687 0.2395 -0.7869
vn 0.0769 -0.1464 -0.9862
vn -0.2724 0.4760 -0.8362
vn 0.0919 -0.3509 -0.9319
vn -0.0769 -0.1466 -0.9862
vn 0.3430 0.5781 -0.7404
vn -0.0932 -0.3524 -0.9312
vn 0.8560 -0.3022 -0.4195
vn 0.8859 -0.1633 -0.4341
vn -0.8859 -0.1633 -0.4341
vn -0.8559 -0.3021 -0.4198
vn 0.6776 -0.4851 -0.5527
vn -0.6777 -0.4851 -0.5526
vn 0.8368 -0.5463 -0.0379
vn 0.9528 -0.3031 -0.0191
vn -0.9526 -0.3035 -0.0190
vn -0.8367 -0.5463 -0.0378
vn 0.5485 -0.8351 -0.0427
vn -0.5487 -0.8349 -0.0427
vn 0.3609 -0.7066 -0.6086
vn -0.3609 -0.7067 -0.6086
vn 0.1948 -0.9190 -0.3427
vn -0.1958 -0.9186 -0.3432
vn 0.0011 -0.9340 -0.3573
vn 0.2101 -0.9775 -0.0156
vn -0.2098 -0.9776 -0.0153
vn 0.9609 -0.0351 -0.2748
vn 0.9816 -0.1907 -0.0122
vn -0.9816 -0.1907 -0.0122
vn -0.9609 -0.0351 -0.2747
vn 0.8917 0.4440 -0.0877
vn 0.9239 0.3673 -0.1073
vn -0.8927 0.4427 -0.0847
vn 0.8270 0.3432 -0.4454
vn 0.2886 0.7476 -0.5981
vn -0.8268 0.3433 -0.4455
vn -0.2884 0.7476 -0.5982
vn -0.3883 0.8854 -0.2557
vn 0.5328 0.5479 -0.6449
vn 0.7861 0.5190 -0.3357
vn 0.9611 0.0534 -0.2709
vn -0.9611 0.0533 -0.2709
vn -0.7861 0.5190 -0.3357
vn -0.5328 0.5478 -0.6450
vn -0.0500 0.5417 -0.8391
vn -0.0000 0.4836 -0.8753
vn -0.0000 0.0944 -0.9955
vn 0.0500 0.5417 -0.8391
vn 0.6708 0.1267 -0.7307
vn -0.6708 0.1267 -0.7307
vn 0.9659 -0.0001 -0.2590
vn 0.1016 0.0975 -0.9900
vn 0.6717 0.0014 -0.7408
vn -0.6717 0.0014 -0.7409
vn -0.1015 0.0979 -0.9900
vn 0.1052 0.0031 -0.9945
vn -0.1051 0.0031 -0.9945
vn 0.2585 0.9475 -0.1880
vn 0.3881 0.8853 -0.2562
vn -0.1546 0.8668 -0.4741
vn 0.1546 0.8668 -0.4741
vn 0.0057 0.9800 -0.1987
vn 0.0036 0.9624 -0.2716
vn -0.0000 0.7305 -0.6829
vn 0.0224 0.8193 -0.5729
vn -0.2585 0.9475 -0.1880
vn -0.9242 0.3663 -0.1079
vn -0.0036 0.9623 -0.2719
vn -0.0057 0.9801 -0.1986
vn -0.0224 0.8193 -0.5729
vn 0.2410 0.9705 0.0037
vn 0.2733 0.9391 0.2084
vn 0.6411 0.7296 0.2382
vn 0.6023 0.7982 0.0076
vn 0.8793 0.4470 0.1640
vn -0.6113 0.7551 0.2371
vn -0.5990 0.8007 -0.0031
vn -0.8743 0.4853 -0.0015
vn 0.9603 0.2789 0.0032
vn 0.8768 0.4808 0.0099
vn -0.9171 0.2609 0.3014
vn -0.8315 0.4912 0.2595
vn 0.9738 0.2274 0.0032
vn 0.9323 0.2626 0.2489
vn -0.9738 0.2276 0.0036
vn -0.9607 0.2777 -0.0000
vn 0.9623 0.1114 0.2480
vn -0.9462 0.0016 0.3234
vn -0.0000 1.0000 0.0045
vn -0.0000 0.9471 0.3208
vn -0.2721 0.9391 0.2101
vn -0.2390 0.9710 0.0014
vn -0.0000 0.7845 0.6201
vn 0.2576 0.8546 0.4509
vn -0.2576 0.8546 0.4509
vn 0.6385 0.6194 0.4568
vn -0.5816 0.6380 0.5047
vn 0.8538 0.4196 0.3082
vn 0.8559 0.2533 0.4508
vn -0.7792 0.3754 0.5019
vn -0.2119 -0.1145 0.9706
vn 0.0251 0.0060 0.9997
vn 0.0076 0.0047 1.0000
vn -0.0076 0.0048 1.0000
vn -0.0253 0.0060 0.9997
vn 0.2119 -0.1148 0.9705
vn 0.0033 0.0124 0.9999
vn -0.0966 -0.2393 0.9661
vn 0.0966 -0.2393 0.9661
vn -0.0033 0.0124 0.9999
vn -0.0000 0.0072 1.0000
vn 0.0210 0.0045 0.9998
vn -0.0212 0.0045 0.9998
vn -0.1930 -0.5693 0.7992
vn -0.0000 -0.3036 0.9528
vn 0.1931 -0.5689 0.7994
vn -0.0000 -1.0000 0.0096
vn -0.0000 -0.9999 0.0107
vn -0.2582 -0.9659 0.0175
vn 0.2577 -0.9661 0.0175
vn -0.3799 -0.4013 0.8334
vn -0.1797 -0.1863 0.9659
vn 0.1797 -0.1863 0.9659
vn 0.3799 -0.4012 0.8335
vn -0.2962 -0.9550 0.0160
vn -0.6805 -0.7325 0.0175
vn 0.6805 -0.7325 0.0175
vn 0.2962 -0.9550 0.0159
vn -0.9118 -0.4100 0.0217
vn -0.7086 -0.7048 0.0335
vn 0.7086 -0.7048 0.0335
vn 0.9117 -0.4103 0.0220
vn -0.3046 -0.0839 0.9488
vn -0.5022 -0.2444 0.8295
vn 0.5024 -0.2445 0.8294
vn 0.3048 -0.0840 0.9487
vn -0.9704 -0.2411 0.0114
vn -0.9047 -0.4260 0.0029
vn 0.9047 -0.4260 0.0030
vn 0.9704 -0.2412 0.0115
vn -0.6267 -0.1690 0.7607
vn -0.5923 -0.2046 0.7793
vn 0.6251 -0.1709 0.7616
vn 0.3430 -0.0548 0.9377
vn 0.0040 0.9999 0.0162
vn -0.0783 0.9969 -0.0023
vn -0.0000 1.0000 0.0029
vn 0.0783 0.9969 -0.0023
vn -0.0040 0.9999 0.0162
vn 0.9907 -0.1357 -0.0009
vn 0.9684 -0.2490 0.0098
vn 0.9937 -0.1115 0.0107
vn 0.7643 0.6439 0.0339
vn 0.5792 0.8151 -0.0077
vn -0.9685 -0.2489 0.0098
vn -0.9907 -0.1358 -0.0008
vn -0.7643 0.6439 0.0339
vn -0.9937 -0.1115 0.0107
vn -0.5794 0.8150 -0.0076
vn 0.0330 0.5785 0.8150
vn -0.1463 0.1906 0.9707
vn -0.4372 0.6575 0.6137
vn 0.0009 0.5403 0.8415
vn -0.0000 0.9170 0.3989
vn -0.0109 0.9400 0.3411
vn 0.0109 0.9400 0.3411
vn -0.7842 0.1950 0.5891
vn -0.9401 0.1098 0.3228
vn -0.7921 -0.0015 0.6104
vn 0.1463 0.1906 0.9707
vn 0.0007 0.0045 1.0000
vn -0.0339 0.5797 0.8141
vn 0.4372 0.6574 0.6138
vn 0.5913 -0.2028 0.7806
vn 0.8681 0.1004 0.4861
vn -0.3420 -0.0550 0.9381
vn 0.9462 0.0016 0.3234
vn -0.0007 0.0045 1.0000
vn 0.0036 -0.0027 1.0000
vn 0.0075 -0.0015 1.0000
vn 0.0012 -0.0060 1.0000
vn -0.0048 -0.0043 1.0000
vn -0.0076 -0.0016 1.0000
vn 0.1510 0.5583 0.8158
vn -0.3912 0.0427 0.9193
vn 0.5033 -0.6440 0.5762
vn -0.5852 -0.5508 0.5952
vn -0.6403 -0.6500 -0.4092
vn -0.0000 -0.9999 -0.0109
vn 0.9863 -0.1647 -0.0076
vn -0.9863 -0.1648 -0.0076
vn -0.9659 0.0001 -0.2590
vn -0.0000 0.0031 -1.0000
vn -0.0056 0.9801 -0.1986
vn -0.0000 -0.6120 0.7909
vn -0.0000 1.0000 0.0027
vn -0.7812 0.0824 0.6188
vn -0.7922 -0.0015 0.6103
vn 0.7921 -0.0014 0.6104
vn 0.0073 -0.0017 1.0000
vn -0.0000 0.9107 -0.4131
vn 0.0001 0.9811 -0.1934
vn 0.2474 0.9381 -0.2426
vn -0.2467 0.9380 -0.2436
vn 0.2731 0.8302 -0.4859
vn 0.6483 0.7219 -0.2420
vn -0.6476 0.7218 -0.2441
vn -0.2731 0.8302 -0.4860
vn 0.0018 0.0137 -0.9999
vn 0.0309 0.0153 -0.9994
vn -0.1725 -0.1951 -0.9655
vn 0.1725 -0.1950 -0.9655
vn -0.0309 0.0153 -0.9994
vn -0.0017 0.0137 -0.9999
vn 0.0750 -0.2749 -0.9585
vn -0.0000 0.0367 -0.9993
vn -0.0750 -0.2749 -0.9585
vn -0.2811 -0.1682 -0.9448
vn 0.2811 -0.1682 -0.9448
vn -0.2982 -0.0911 -0.9501
vn 0.0880 0.0260 -0.9958
vn -0.0880 0.0260 -0.9958
vn 0.2987 -0.0933 -0.9498
vn 0.8092 0.4090 -0.4219
vn 0.5700 0.6531 -0.4985
vn -0.5700 0.6530 -0.4986
vn -0.8135 0.4043 -0.4179
vn 0.8832 0.4274 -0.1934
vn 0.9132 0.2777 -0.2983
vn -0.8839 0.4239 -0.1973
vn -0.7805 0.2564 -0.5702
vn 0.5151 -0.6560 -0.5517
vn -0.5151 -0.6560 -0.5517
vn -0.0000 -0.2849 -0.9585
vn -0.1830 -0.8421 -0.5073
vn 0.1839 -0.8424 -0.5065
vn 0.8034 -0.4271 -0.4149
vn -0.8036 -0.4270 -0.4147
vn -0.0008 -0.8513 -0.5247
vn -0.0008 -0.8792 -0.4764
vn -0.3319 -0.8455 -0.4182
vn 0.6636 -0.6945 -0.2779
vn -0.6636 -0.6946 -0.2779
vn 0.8018 -0.4761 -0.3611
vn 0.9363 -0.2975 -0.1868
vn -0.8017 -0.4762 -0.3613
vn -0.8541 -0.2682 -0.4456
vn -0.9361 -0.2977 -0.1874
vn -0.9149 -0.2855 -0.2853
vn 0.9150 -0.2852 -0.2854
vn -0.5691 -0.6072 -0.5545
vn 0.5691 -0.6074 -0.5543
vn 0.3323 -0.8453 -0.4185
vn -0.0110 0.0031 -0.9999
vn -0.0144 0.0031 -0.9999
vn -0.0000 0.0030 -1.0000
vn 0.2243 -0.6710 -0.7067
vn -0.2240 -0.6713 -0.7065
vn -0.0000 -0.6394 -0.7689
vn -0.0000 -0.0031 -1.0000
vn -0.0000 -0.0092 -1.0000
vn -0.0103 0.0015 -0.9999
vn -0.1042 -0.0946 -0.9900
vn 0.0111 0.0028 -0.9999
vn 0.1045 -0.0947 -0.9900
vn 0.0103 0.0015 -0.9999
vn 0.0144 0.0031 -0.9999
vn -0.0000 0.0063 -1.0000
vn -0.9044 -0.2241 -0.3632
vn 0.9044 -0.2241 -0.3632
vn -0.0000 0.4016 -0.9158
vn 0.0066 0.4122 -0.9111
vn 0.0128 -0.0046 -0.9999
vn -0.0128 -0.0046 -0.9999
vn -0.0066 0.4121 -0.9111
vn 0.9316 -0.2610 -0.2530
vn 0.7946 -0.0260 -0.6066
vn -0.7946 -0.0260 -0.6066
vn -0.9316 -0.2610 -0.2529
vn 0.8741 0.2412 -0.4216
vn 0.5598 0.6684 -0.4898
vn -0.5598 0.6684 -0.4898
vn -0.8742 0.2409 -0.4215
vn -0.0000 0.8775 -0.4796
vn 0.0009 0.8808 -0.4735
vn -0.0009 0.8808 -0.4735
vn 0.8527 -0.2702 -0.4470
vn 0.8259 -0.2395 -0.5104
vn 0.2836 -0.0775 -0.9558
vn -0.8263 -0.2411 -0.5091
vn -0.0020 0.7367 -0.6762
vn -0.0000 0.7872 -0.6167
vn 0.0020 0.7370 -0.6759
vn 0.3925 0.6794 -0.6200
vn 0.6746 0.2364 -0.6993
vn -0.3925 0.6794 -0.6200
vn -0.6742 0.2366 -0.6996
vn -0.2814 -0.0794 -0.9563
vn -0.0957 0.0304 -0.9949
vn 0.0957 0.0304 -0.9949
vn -0.9116 0.2821 -0.2991
vn -0.8648 0.2335 -0.4445
vn 0.8648 0.2338 -0.4444
vn 0.7797 0.2427 -0.5772
vn -0.9453 0.2456 -0.2149
vn -0.9314 0.1907 -0.3101
vn 0.9313 0.1907 -0.3102
vn 0.9449 0.2442 -0.2182
vn 0.0044 0.0033 -1.0000
vn 0.2182 0.0335 -0.9753
vn -0.2177 0.0335 -0.9755
vn -0.0044 0.0032 -1.0000
vn 0.1466 0.1800 -0.9727
vn -0.0000 0.2380 -0.9713
vn -0.1465 0.1801 -0.9727
vn -0.0000 -0.0062 -1.0000
vn -0.0065 -0.0108 -0.9999
vn 0.0065 -0.0108 -0.9999
vn -0.0032 -0.0076 -1.0000
vn -0.0052 0.0749 -0.9972
vn 0.0005 -0.0364 -0.9993
vn 0.0031 -0.0074 -1.0000
vn -0.0005 -0.0364 -0.9993
vn 0.0051 0.0745 -0.9972
vn -0.0000 1.0000 -0.0001
vn 0.3424 0.9395 -0.0015
vn 0.7945 0.6072 -0.0023
vn -0.3424 0.9396 -0.0000
vn 0.9551 0.2962 -0.0010
vn -0.7946 0.6071 0.0002
vn 0.9822 0.1877 0.0042
vn -0.9825 0.1862 0.0008
vn -0.9552 0.2960 -0.0000
vn -0.9918 0.1279 0.0050
vn 0.9704 0.2031 -0.1304
vn 0.9919 0.1267 0.0085
vn -0.9704 0.2043 -0.1287
vn -0.9949 0.1007 0.0072
vn -0.0001 1.0000 0.0008
vn 0.2754 0.9613 0.0021
vn -0.2762 0.9611 0.0025
vn 0.7518 0.6594 0.0045
vn -0.7508 0.6605 0.0040
vn 0.9571 0.2897 0.0042
vn -0.9571 0.2898 0.0038
vn 0.9873 0.1587 0.0014
vn -0.9874 0.1585 0.0022
vn 0.9944 0.1056 0.0007
vn -0.9944 0.1053 0.0011
vn 0.9968 0.0795 0.0002
vn 0.0028 0.9399 0.3413
vn -0.7295 0.5784 0.3651
vn -0.2940 0.8998 0.3223
vn 0.2632 0.8850 0.3841
vn 0.6955 0.5889 0.4118
vn -0.9292 0.2660 0.2567
vn 0.8976 0.2622 0.3544
vn 0.9246 0.1571 0.3471
vn -0.8721 0.0973 0.4796
vn -0.8887 0.1465 0.4345
vn 0.8721 0.0974 0.4796
vn -0.9259 0.0625 0.3727
vn 0.9258 0.0625 0.3727
vn -0.2422 0.7171 0.6536
vn 0.1849 0.6346 0.7504
vn -0.6097 0.1007 0.7862
vn 0.7399 0.1327 0.6595
vn 0.0035 -0.0000 1.0000
vn -0.0005 0.0003 1.0000
vn -0.0000 -0.0002 1.0000
vn -0.6592 0.0229 0.7516
vn -0.5315 0.0594 0.8450
vn 0.5315 0.0594 0.8450
vn 0.6592 0.0230 0.7516
vn -0.0035 0.0030 1.0000
vn -0.0024 -0.0001 1.0000
vn -0.0025 -0.0017 1.0000
vn -0.0000 -0.0014 1.0000
vn 0.0025 -0.0014 1.0000
vn 0.0024 -0.0001 1.0000
vn -0.8066 0.2290 0.5449
vn 0.7126 0.2089 0.6698
vn 0.0037 -0.0000 1.0000
vn -0.0014 0.0034 1.0000
vn -0.0019 -0.0002 1.0000
vn 0.5225 0.3586 0.7735
vn 0.0043 0.0002 1.0000
vn -0.0027 0.0017 1.0000
vn -0.0067 -0.0031 1.0000
vn -0.0078 -0.0015 1.0000
vn 0.0049 -0.0000 1.0000
vn -0.6906 -0.3891 -0.6097
vn 0.6903 -0.3888 -0.6102
vn 0.9314 0.1907 -0.3101
vn -0.0056 -0.0124 -0.9999
vn -0.0031 -0.0076 -1.0000
vn 0.0060 -0.0445 -0.9990
vn 0.0056 -0.0121 -0.9999
vn -0.0059 -0.0443 -0.9990
vn 0.9950 0.0992 0.0089
vn -0.9969 0.0792 0.0004
vn 0.0114 0.7734 0.6338
vn -0.6593 0.0229 0.7515
vn -0.5397 0.4287 0.7246
vn -0.2902 0.8908 -0.3497
vn -0.4709 0.8193 -0.3272
vn -0.4623 0.8391 0.2866
vn 0.4628 0.8391 0.2860
vn 0.4651 0.8208 -0.3316
vn 0.3049 0.8822 -0.3587
vn -0.7599 0.5417 -0.3593
vn -0.7651 0.5798 0.2800
vn 0.7602 0.5418 -0.3586
vn -0.9373 0.1789 -0.2991
vn 0.9373 0.1795 -0.2987
vn 0.7641 0.5813 0.2796
vn -0.9404 -0.0519 -0.3361
vn -0.9241 -0.0530 0.3784
vn 0.9240 -0.0520 0.3788
vn 0.9405 -0.0531 -0.3357
vn -0.9035 -0.2530 0.3459
vn 0.9035 -0.2530 0.3459
vn -0.7672 -0.5737 0.2869
vn -0.9183 -0.2684 -0.2909
vn 0.9184 -0.2687 -0.2905
vn 0.7673 -0.5739 0.2862
vn -0.7660 -0.5478 -0.3364
vn -0.5185 -0.7965 -0.3111
vn 0.7660 -0.5479 -0.3362
vn 0.5203 -0.7994 0.3004
vn -0.4889 -0.8074 0.3303
vn -0.2197 -0.9319 -0.2887
vn 0.2197 -0.9319 -0.2887
vn 0.5190 -0.7964 -0.3105
vn -0.2081 -0.8820 0.4229
vn -0.0174 -0.9641 -0.2650
vn 0.0177 -0.9641 -0.2648
vn 0.2060 -0.9356 0.2869
vn 0.0150 -0.9114 0.4113
vn -0.0011 -0.9200 0.3920
vn -0.0334 -0.9053 0.4235
vn 0.0086 -0.3586 0.9335
vn -0.0011 -0.3724 0.9281
vn -0.0481 -0.3599 0.9317
vn -0.2343 -0.4777 0.8467
vn 0.2927 -0.4323 0.8529
vn -0.4156 -0.3097 0.8552
vn 0.4156 -0.3097 0.8552
vn -0.4094 -0.1068 0.9061
vn 0.4094 -0.1068 0.9061
vn -0.9016 0.1744 0.3959
vn -0.3964 -0.0239 0.9178
vn 0.9015 0.1741 0.3963
vn 0.3724 0.0666 0.9257
vn -0.4100 0.3187 0.8546
vn 0.4100 0.3187 0.8546
vn -0.2968 0.9016 0.3146
vn -0.2462 0.4317 0.8678
vn 0.2461 0.4318 0.8677
vn 0.2968 0.9016 0.3146
vn -0.1104 -0.3851 0.9162
vn 0.1347 -0.4683 0.8732
vn -0.0033 0.4238 0.9058
vn -0.0106 0.4317 0.9020
vn 0.0397 0.2272 0.9730
vn 0.1072 0.0840 0.9907
vn -0.0340 0.3096 0.9502
vn -0.1021 0.1175 0.9878
vn 0.2392 0.0976 0.9661
vn -0.2558 0.0900 0.9625
vn 0.3418 0.0441 0.9387
vn -0.3419 0.0440 0.9387
vn 0.3970 -0.0229 0.9175
vn 0.4090 0.0015 0.9125
vn 0.2952 -0.0322 0.9549
vn -0.2951 -0.0322 0.9549
vn -0.4090 0.0015 0.9125
vn -0.3721 0.0675 0.9257
vn 0.2508 -0.1617 0.9544
vn -0.2507 -0.1619 0.9544
vn -0.1676 0.4699 0.8666
vn 0.1586 -0.2748 0.9483
vn -0.1586 -0.2746 0.9484
vn 0.1676 0.4700 0.8666
vn 0.4386 -0.0212 -0.8984
vn 0.4985 0.1035 -0.8607
vn -0.4389 -0.0199 -0.8983
vn 0.3753 0.2610 -0.8894
vn -0.3753 0.2610 -0.8894
vn -0.4989 0.1023 -0.8606
vn 0.2290 0.4180 -0.8791
vn 0.1491 0.4125 -0.8987
vn -0.2368 0.4060 -0.8826
vn 0.4904 -0.1389 -0.8604
vn -0.4904 -0.1389 -0.8604
vn 0.2724 -0.4193 -0.8660
vn -0.2724 -0.4193 -0.8660
vn 0.0863 -0.5021 -0.8605
vn -0.0863 -0.5020 -0.8606
vn 0.0088 -0.5112 -0.8594
vn -0.0002 -0.9649 -0.2625
vn -0.0086 -0.5112 -0.8594
vn -0.0002 -0.4916 -0.8708
vn -0.1626 -0.2397 -0.9571
vn 0.1625 -0.2395 -0.9572
vn -0.1254 0.4030 -0.9066
vn -0.2718 -0.1291 -0.9537
vn 0.2718 -0.1294 -0.9536
vn -0.3459 -0.0335 -0.9377
vn 0.3459 -0.0335 -0.9377
vn -0.2118 0.0105 -0.9772
vn 0.2119 0.0105 -0.9772
vn -0.1796 0.0900 -0.9796
vn 0.1796 0.0900 -0.9796
vn -0.0886 0.1406 -0.9861
vn 0.3777 -0.2789 -0.8829
vn -0.3777 -0.2789 -0.8829
vn 0.0886 0.1406 -0.9861
vn -0.0231 0.2318 -0.9725
vn 0.0231 0.2317 -0.9725
vn -0.0004 0.2441 -0.9698
vn 0.0004 0.2443 -0.9697
vn -0.4813 -0.7382 -0.4727
vn -0.1675 -0.8639 -0.4751
vn -0.0786 -0.2913 -0.9534
vn 0.0785 -0.2918 -0.9533
vn 0.1675 -0.8639 -0.4751
vn 0.4812 -0.7382 -0.4728
vn -0.2180 -0.9752 -0.0394
vn 0.2180 -0.9752 -0.0394
vn -0.9323 -0.3599 -0.0365
vn -0.5682 -0.8224 -0.0280
vn 0.5681 -0.8224 -0.0285
vn 0.9322 -0.3601 -0.0361
vn -0.8183 -0.3373 -0.4654
vn 0.8184 -0.3372 -0.4654
vn -0.9061 -0.0685 -0.4175
vn 0.9061 -0.0685 -0.4175
vn -0.3507 0.0122 -0.9364
vn 0.3507 0.0120 -0.9364
vn -0.9973 -0.0488 -0.0542
vn -0.9113 0.0184 -0.4114
vn 0.9111 0.0182 -0.4118
vn 0.9974 -0.0483 -0.0538
vn -0.8261 0.0718 -0.5589
vn 0.8262 0.0715 -0.5589
vn -0.9985 0.0112 -0.0540
vn 0.9985 0.0108 -0.0541
vn -0.7734 0.3083 -0.5539
vn 0.7734 0.3083 -0.5539
vn -0.9931 0.0992 -0.0633
vn 0.9930 0.0993 -0.0632
vn -0.4378 0.6545 -0.6164
vn 0.4378 0.6546 -0.6163
vn -0.5665 0.8222 -0.0560
vn -0.9315 0.3601 -0.0523
vn 0.9314 0.3603 -0.0523
vn 0.5665 0.8222 -0.0560
vn -0.1110 0.8349 -0.5390
vn 0.1112 0.8347 -0.5394
vn -0.0025 0.8527 -0.5224
vn 0.0025 0.8527 -0.5225
vn -0.1186 0.9915 -0.0525
vn 0.1185 0.9916 -0.0528
vn -0.0000 0.3173 -0.9483
vn -0.0045 0.9989 -0.0473
vn -0.0000 0.8875 -0.4608
vn 0.0045 0.9989 -0.0473
vn 0.0407 -0.2659 0.9631
vn 0.3950 -0.7993 0.4529
vn -0.3952 -0.7992 0.4529
vn -0.0406 -0.2653 0.9633
vn 0.1743 -0.9840 0.0366
vn 0.1208 -0.8482 0.5157
vn -0.1209 -0.8483 0.5156
vn -0.1743 -0.9840 0.0366
vn 0.7527 -0.4744 0.4565
vn -0.7526 -0.4744 0.4566
vn 0.4548 -0.8898 0.0366
vn -0.4549 -0.8898 0.0366
vn 0.9924 -0.1186 0.0329
vn 0.8678 -0.4958 0.0321
vn -0.8677 -0.4960 0.0321
vn -0.9924 -0.1187 0.0329
vn 0.8686 -0.1067 0.4840
vn -0.8685 -0.1069 0.4840
vn 0.9337 0.0121 0.3578
vn -0.9337 0.0123 0.3578
vn 0.9995 0.0152 0.0284
vn 0.8876 0.1052 0.4485
vn -0.8874 0.1054 0.4487
vn -0.9995 0.0152 0.0284
vn 0.8225 0.3432 0.4536
vn -0.8237 0.3234 0.4658
vn 0.9933 0.1099 0.0347
vn -0.9933 0.1099 0.0347
vn 0.4282 0.6941 0.5786
vn 0.5905 0.8059 0.0435
vn 0.9270 0.3738 0.0298
vn -0.9271 0.3737 0.0298
vn -0.5906 0.8058 0.0435
vn -0.4013 0.7032 0.5869
vn 0.1158 0.9925 0.0384
vn -0.1158 0.9925 0.0384
vn 0.0854 0.9053 0.4161
vn -0.0854 0.9053 0.4161
vn 0.0029 0.9998 0.0219
vn -0.0028 0.9998 0.0216
vn 0.0103 0.9421 0.3352
vn -0.0000 0.4056 0.9140
vn -0.0103 0.9421 0.3352
vn -0.0000 0.9998 0.0206
vn -0.0000 0.9991 -0.0432
vn -0.0000 0.9297 0.3684
vn -0.9999 -0.0126 -0.0000
vn -0.9999 -0.0123 -0.0000
vn -1.0000 -0.0032 -0.0000
vn -1.0000 0.0062 -0.0000
vn -0.7935 0.5158 -0.3230
vn -0.7935 0.5157 0.3230
vn -0.4315 0.8809 0.1945
vn -0.3995 0.6502 0.6463
vn -0.4316 0.8808 -0.1946
vn -0.3994 0.6503 -0.6462
vn -0.4565 0.2178 0.8626
vn -0.4525 0.2150 -0.8655
vn -0.4257 -0.2809 0.8602
vn -0.8278 -0.0366 0.5598
vn -0.8277 -0.0368 -0.5600
vn -0.4217 -0.2779 -0.8631
vn -0.4052 -0.6287 0.6638
vn -0.4050 -0.6291 -0.6635
vn -0.4190 -0.8835 0.2094
vn -0.7763 -0.5390 0.3269
vn -0.7765 -0.5387 -0.3270
vn -0.4192 -0.8834 -0.2093
vn 0.2363 -0.9324 -0.2733
vn 0.2362 -0.9324 0.2736
vn 0.2310 -0.6774 0.6984
vn 0.2312 -0.6773 -0.6984
vn 0.2530 -0.1972 0.9472
vn 0.2590 0.2642 -0.9290
vn 0.2635 0.2686 0.9265
vn 0.2407 0.7109 0.6608
vn 0.2114 0.9510 0.2256
vn 0.2114 0.9510 -0.2255
vn 0.6843 0.5204 0.5108
vn 0.2407 0.7111 -0.6606
vn 0.6843 0.5204 -0.5108
vn 0.7159 0.1789 0.6749
vn 0.2477 -0.1938 -0.9493
vn 0.7159 0.1789 -0.6749
vn 0.6698 -0.1954 0.7163
vn 0.6699 -0.1952 -0.7164
vn 0.6849 -0.5216 0.5088
vn 0.6817 -0.7003 -0.2120
vn 0.6850 -0.5218 -0.5084
vn 0.6790 0.7082 0.1934
vn 0.6791 0.7081 -0.1934
vn 0.9282 0.3679 -0.0560
vn 0.9282 0.3678 0.0560
vn 0.9292 0.2229 -0.2949
vn 0.9151 -0.1479 0.3750
vn 0.9172 0.1450 0.3710
vn 0.9093 0.1497 -0.3882
vn 0.9094 -0.1512 -0.3874
vn 0.9214 -0.2351 0.3093
vn 0.9170 -0.2426 -0.3166
vn 0.9207 -0.3861 0.0569
vn 0.9195 -0.3891 -0.0557
vn 0.6816 -0.7003 0.2120
vn 0.9983 0.0579 0.0099
vn 0.9982 0.0487 -0.0339
vn 0.9915 0.0153 -0.1293
vn 0.9912 -0.0366 -0.1270
vn 0.9299 0.2200 0.2949
vn 0.9984 0.0413 0.0393
vn 0.9959 -0.0686 -0.0587
vn 0.9963 -0.0838 -0.0206
vn 0.9976 -0.0521 0.0446
vn 0.9952 -0.0244 0.0946
vn 0.9962 0.0094 0.0870
vn 0.1258 0.9686 -0.2143
vn 0.1879 0.9501 0.2490
vn 0.1448 0.9281 0.3431
vn 0.2159 0.6483 0.7301
vn 0.2383 0.6759 0.6974
vn 0.2330 0.2049 0.9507
vn 0.2468 0.2639 0.9324
vn 0.2281 -0.2765 0.9335
vn 0.2540 -0.1801 0.9503
vn 0.2141 -0.6910 0.6904
vn 0.1835 -0.6163 0.7658
vn 0.1335 -0.9417 0.3087
vn 0.0441 -0.9709 -0.2354
vn 0.0910 -0.9880 -0.1246
vn 0.0331 -0.7382 -0.6738
vn 0.0336 -0.7418 -0.6698
vn 0.0881 -0.3083 -0.9472
vn 0.0406 -0.2273 -0.9730
vn 0.1331 0.2379 -0.9621
vn 0.1007 0.3082 -0.9460
vn 0.1095 0.7308 -0.6737
vn 0.1160 0.9850 -0.1277
vn 0.1233 0.7616 -0.6363
vn 0.8301 0.4333 -0.3510
vn 0.5094 0.6575 -0.5551
vn 0.5402 0.8328 -0.1209
vn 0.8393 0.5082 0.1932
vn 0.8478 0.5233 -0.0862
vn 0.8718 0.3386 0.3540
vn 0.5444 0.7738 0.3239
vn 0.8159 0.1632 -0.5547
vn 0.5664 0.2656 -0.7802
vn 0.9377 -0.0733 -0.3395
vn 0.8459 -0.0793 -0.5274
vn 0.9567 -0.2118 -0.1995
vn 0.9094 -0.2897 -0.2984
vn 0.9825 -0.1710 -0.0740
vn 0.9582 -0.2762 -0.0753
vn 0.8836 0.1464 0.4448
vn 0.6081 0.5233 0.5970
vn 0.8527 -0.0900 0.5146
vn 0.6246 0.2352 0.7447
vn 0.9999 -0.0073 -0.0099
vn 0.8480 -0.3326 0.4127
vn 0.5665 -0.1695 0.8064
vn 0.9592 -0.2291 0.1659
vn 0.6155 -0.4671 0.6348
vn 0.9000 -0.3097 0.3068
vn 0.9983 0.0579 -0.0099
vn 0.9963 -0.0811 0.0289
vn 0.1252 -0.8778 0.4625
vn -0.6541 0.6668 -0.3571
vn -0.6762 0.7367 -0.0047
vn -0.2276 0.9737 -0.0084
vn -0.9163 0.2423 -0.3189
vn -0.3232 0.2793 -0.9042
vn -0.4945 0.1373 -0.8582
vn -0.4331 -0.1256 -0.8925
vn -0.0026 0.0059 -1.0000
vn -0.2340 0.8790 -0.4155
vn -0.0017 0.0014 -1.0000
vn -0.7284 -0.6299 -0.2693
vn -0.9118 -0.2228 -0.3449
vn -0.4047 -0.3376 -0.8499
vn -0.0042 0.0018 -1.0000
vn -0.1607 -0.5523 -0.8180
vn 0.0022 -0.0169 -0.9999
vn 0.0103 -0.0182 -0.9998
vn -0.3210 -0.9113 -0.2577
vn 0.0919 -0.4537 -0.8864
vn 0.4268 0.3433 -0.8367
vn 0.5122 0.1236 -0.8499
vn 0.0161 0.0140 -0.9998
vn 0.7062 0.6392 -0.3047
vn 0.1531 0.4334 -0.8881
vn 0.0288 0.0045 -0.9996
vn 0.3368 0.8714 -0.3568
vn 0.0134 0.0034 -0.9999
vn -0.0742 0.3875 -0.9189
vn 0.5395 0.5752 -0.6149
vn 0.6504 0.6655 -0.3662
vn 0.2229 0.8987 -0.3777
vn 0.1550 0.6940 -0.7031
vn -0.2176 0.8267 -0.5189
vn -0.1227 0.5815 -0.8042
vn -0.6207 0.6303 -0.4662
vn -0.8769 -0.1725 -0.4486
vn -0.6732 -0.1694 -0.7198
vn -0.6018 0.1645 -0.7815
vn -0.6815 -0.7003 -0.2125
vn -0.6150 -0.6239 -0.4821
vn -0.2234 -0.9273 -0.3004
vn 0.1852 -0.7917 -0.5822
vn -0.2947 -0.7475 -0.5954
vn 0.2619 -0.9227 -0.2829
vn 0.6322 -0.6638 -0.3997
vn 0.7393 -0.1968 -0.6440
vn 0.4526 -0.5433 -0.7071
vn 0.8980 -0.2560 -0.3578
vn 0.9048 0.2209 -0.3639
vn 0.7639 0.2193 -0.6069
vn -0.2800 -0.9074 -0.3135
vn -0.9171 -0.2170 -0.3345
vn -0.2916 0.8745 -0.3875
vn 0.6495 0.6606 -0.3765
vn 0.9134 0.2533 -0.3187
vn 0.7075 -0.6652 -0.2388
vn 0.2753 -0.8870 -0.3707
vn -0.8237 0.2944 -0.4845
vn -0.4133 0.4057 -0.8152
vn -0.8781 0.2641 -0.3991
vn -0.6851 0.6239 -0.3761
vn -0.3294 0.3037 -0.8940
vn -0.6862 -0.6620 -0.3015
vn -0.4725 -0.1253 -0.8724
vn 0.1073 -0.4562 -0.8834
vn 0.4815 -0.1248 -0.8675
vn 0.9028 -0.1970 -0.3823
vn 0.4827 0.1557 -0.8619
vn -0.0852 0.4166 -0.9051
vn 0.2521 0.9173 -0.3082
vn 0.1023 0.5158 -0.8506
vn 0.4371 -0.3616 -0.8235
vn -0.1387 -0.5036 -0.8528
vn -0.0214 0.0610 -0.9979
vn -0.0233 0.0488 -0.9985
vn -0.3692 0.1359 -0.9194
vn -0.0893 0.0532 -0.9946
vn -0.0551 -0.0075 -0.9985
vn -0.0485 -0.0000 -0.9988
vn -0.3887 -0.3602 -0.8480
vn -0.0471 -0.0532 -0.9975
vn -0.0287 -0.0534 -0.9982
vn -0.0017 -0.1007 -0.9949
vn 0.0233 -0.0643 -0.9977
vn 0.0402 -0.0598 -0.9974
vn 0.0919 -0.0201 -0.9956
vn 0.0875 0.0095 -0.9961
vn 0.3419 0.2929 -0.8929
vn 0.0349 0.0474 -0.9983
vn 0.0219 0.0658 -0.9976
vn -0.0005 0.0960 -0.9954
vn 0.0989 0.0546 -0.9936
vn 0.1050 -0.0594 -0.9927
vn -0.0816 -0.0472 -0.9955
vn -0.9692 -0.1236 -0.2128
vn -0.9075 -0.1294 -0.3997
vn -0.9178 0.1815 -0.3532
vn -0.9829 0.1693 -0.0731
vn -0.9737 0.1742 -0.1469
vn -0.9784 -0.1706 -0.1171
vn -0.8808 -0.4499 -0.1475
vn -0.8454 -0.4562 -0.2778
vn -0.9853 -0.1618 -0.0553
vn -0.8785 -0.4729 -0.0671
vn -0.6869 -0.7082 -0.1632
vn -0.6558 -0.6774 -0.3333
vn -0.8671 -0.4791 -0.1363
vn -0.6661 -0.7340 -0.1321
vn -0.4049 -0.8854 -0.2283
vn -0.3552 -0.8333 -0.4236
vn -0.6677 -0.7415 -0.0656
vn -0.3825 -0.9216 -0.0664
vn -0.0328 -0.9878 -0.1522
vn -0.0259 -0.9564 -0.2910
vn -0.0301 -0.9980 -0.0564
vn -0.3721 -0.9188 -0.1316
vn 0.3134 -0.9310 -0.1871
vn 0.3040 -0.8786 -0.3684
vn 0.3450 -0.9359 -0.0710
vn -0.0266 -0.9930 -0.1148
vn 0.5890 -0.7307 -0.3451
vn 0.6303 -0.7568 -0.1731
vn 0.6497 -0.7567 -0.0734
vn 0.3513 -0.9246 -0.1473
vn 0.8240 -0.5005 -0.2655
vn 0.8372 -0.5324 -0.1249
vn 0.8652 -0.4989 -0.0511
vn 0.6645 -0.7339 -0.1406
vn 0.9595 -0.2363 -0.1533
vn 0.9271 -0.2365 -0.2907
vn 0.8632 -0.4959 -0.0951
vn 0.9657 -0.2138 -0.1476
vn 0.9857 0.0794 -0.1488
vn 0.9518 0.1085 -0.2869
vn 0.9734 -0.2153 -0.0779
vn 0.9818 0.0962 -0.1638
vn 0.8840 0.4457 -0.1411
vn 0.8514 0.4563 -0.2586
vn 0.9919 0.0992 -0.0794
vn 0.8838 0.4608 -0.0806
vn 0.6183 0.6867 -0.3823
vn 0.6120 0.7659 -0.1969
vn 0.8891 0.4565 -0.0334
vn 0.6581 0.7509 -0.0558
vn 0.3461 0.8912 -0.2931
vn 0.3411 0.9278 -0.1510
vn 0.3685 0.9260 -0.0828
vn 0.6388 0.7596 -0.1223
vn 0.0033 0.9547 -0.2975
vn 0.0132 0.9883 -0.1520
vn 0.0392 0.9964 -0.0749
vn 0.3413 0.9243 -0.1710
vn -0.3465 0.9258 -0.1511
vn -0.3342 0.8908 -0.3080
vn 0.0442 0.9869 -0.1552
vn -0.3216 0.9399 -0.1151
vn -0.6420 0.7385 -0.2059
vn -0.5923 0.6897 -0.4165
vn -0.3256 0.9441 -0.0518
vn -0.6325 0.7704 -0.0804
vn -0.8323 0.4789 -0.2791
vn -0.9652 0.1939 -0.1755
vn -0.8625 0.4883 -0.1327
vn -0.8613 0.5037 -0.0662
vn -0.8539 0.5036 -0.1309
vn -0.6404 0.7508 -0.1620
vn -0.1877 0.0319 0.9817
vn -0.3864 0.0642 0.9201
vn -0.3654 0.2043 0.9082
vn -0.2868 -0.2930 0.9121
vn -0.4129 -0.2272 0.8820
vn -0.1994 -0.1086 0.9739
vn 0.2595 0.3068 0.9157
vn 0.3896 0.2242 0.8933
vn 0.1829 0.1068 0.9773
vn -0.0663 0.2350 0.9697
vn -0.1574 0.4747 0.8660
vn 0.0232 0.5219 0.8527
vn 0.1446 -0.0809 0.9862
vn 0.1502 -0.0336 0.9881
vn 0.3254 -0.0669 0.9432
vn 0.3067 -0.1769 0.9352
vn 0.1806 -0.2474 0.9519
vn 0.0893 -0.1085 0.9901
vn 0.0221 0.2457 0.9691
vn 0.1431 0.4502 0.8814
vn 0.1127 0.5827 0.8049
vn 0.0731 0.2290 0.9707
vn 0.1047 0.1432 0.9842
vn 0.4304 0.3935 0.8124
vn 0.2114 0.4319 0.8768
vn 0.6635 0.5982 0.4493
vn 0.3830 0.7597 0.5255
vn 0.2004 0.8649 0.4602
vn -0.1089 0.9049 0.4115
vn -0.0918 0.5705 0.8162
vn -0.1847 0.9826 -0.0196
vn 0.1886 0.9817 -0.0248
vn 0.2118 0.9236 -0.3197
vn -0.4901 0.4304 -0.7580
vn -0.7730 0.5601 -0.2980
vn -0.4912 0.7536 -0.4368
vn -0.1424 0.9236 -0.3559
vn -0.1130 0.6150 -0.7804
vn -0.7991 0.6011 -0.0127
vn -0.5529 0.8331 -0.0176
vn -0.6476 0.2198 -0.7296
vn -0.8645 0.3721 -0.3379
vn -0.1031 0.1145 0.9881
vn -0.2288 0.2367 0.9443
vn -0.1611 0.0977 0.9821
vn -0.7454 0.3040 0.5932
vn -0.4493 0.1800 0.8751
vn -0.3974 0.2884 0.8711
vn -0.4291 0.7479 0.5066
vn -0.2966 0.4286 0.8534
vn -0.6539 0.5095 0.5593
vn -0.4029 -0.0659 0.9129
vn -0.4843 -0.1647 0.8593
vn -0.1793 -0.0351 0.9832
vn -0.4175 -0.0046 0.9087
vn -0.6282 0.0733 -0.7746
vn -0.8969 -0.2974 -0.3273
vn -0.9522 -0.3050 -0.0160
vn -0.9970 0.0733 -0.0252
vn -0.6285 -0.1646 -0.7602
vn -0.9260 0.0959 -0.3651
vn -0.9253 0.3784 -0.0259
vn -0.7504 -0.2228 0.6222
vn -0.7408 0.0257 0.6712
vn 0.1359 0.6685 -0.7312
vn 0.0644 0.3036 -0.9506
vn -0.0654 0.3025 -0.9509
vn 0.4520 0.8266 -0.3353
vn 0.7376 0.6745 -0.0302
vn 0.6738 0.6589 -0.3343
vn 0.5284 0.4805 -0.6999
vn 0.3176 0.5737 -0.7550
vn 0.9140 0.2716 -0.3014
vn 0.8978 -0.2958 -0.3262
vn 0.6779 -0.2424 -0.6940
vn 0.7397 -0.0018 -0.6730
vn 0.9344 0.3560 -0.0134
vn 0.9996 0.0015 -0.0294
vn 0.9432 -0.3309 -0.0287
vn 0.9622 -0.0183 -0.2716
vn 0.5418 -0.1897 0.8189
vn 0.7843 0.2578 0.5642
vn 0.1343 0.0032 0.9909
vn 0.4887 0.1498 0.8595
vn 0.2862 -0.0105 0.9581
vn 0.4935 -0.0199 0.8695
vn 0.8309 -0.2639 0.4898
vn 0.8288 -0.0503 0.5573
vn 0.7067 0.2396 -0.6657
vn 0.5339 -0.4657 -0.7058
vn 0.0976 -0.9447 -0.3129
vn 0.0890 -0.7049 -0.7038
vn 0.3046 -0.6040 -0.7365
vn 0.7713 -0.6364 -0.0084
vn 0.7489 -0.5795 -0.3214
vn 0.5013 -0.8652 -0.0115
vn 0.4556 -0.8287 -0.3251
vn 0.6196 -0.5447 0.5651
vn 0.3785 -0.2961 0.8770
vn 0.0604 -0.1510 0.9867
vn 0.1322 -0.3233 0.9370
vn -0.0027 -0.4241 0.9056
vn -0.0086 -0.1965 0.9805
vn 0.0622 -0.5188 0.8526
vn 0.2524 -0.4824 0.8388
vn 0.1482 -0.8478 0.5091
vn 0.4073 -0.7826 0.4707
vn -0.7682 -0.5539 -0.3210
vn -0.1175 -0.7138 -0.6904
vn -0.5763 -0.4043 -0.7103
vn -0.3799 -0.5520 -0.7423
vn -0.7827 -0.6223 -0.0106
vn 0.1717 -0.9851 -0.0111
vn -0.1524 -0.9883 -0.0025
vn -0.1961 -0.9260 -0.3226
vn -0.5121 -0.8589 -0.0043
vn -0.5451 -0.7672 -0.3379
vn -0.0747 -0.4869 0.8703
vn -0.4058 -0.3144 0.8582
vn -0.6272 -0.5448 0.5566
vn -0.2705 -0.4180 0.8672
vn -0.4362 -0.7097 0.5532
vn -0.1774 -0.7816 0.5981
vn -0.1407 -0.3645 0.9205
vn -0.0691 -0.1663 0.9836
vn -0.1289 -0.1345 0.9825
vn 0.0618 -0.3951 -0.9166
vn -0.0808 -0.4149 -0.9063
vn -0.2815 0.0768 -0.9565
vn 0.3558 0.1099 -0.9281
vn -0.2970 -0.0871 -0.9509
vn 0.3467 -0.1070 -0.9318
vn 0.2653 0.2148 -0.9399
vn -0.2828 0.2273 -0.9319
vn -0.2749 -0.1986 -0.9407
vn 0.2522 -0.2278 -0.9405
vn 0.1853 -0.9169 -0.3534
vn 0.3288 -0.9444 0.0049
vn -0.2397 -0.9708 0.0085
vn -0.9498 0.3127 0.0007
vn -0.6955 -0.7185 0.0068
vn -0.9798 -0.1999 -0.0000
vn 0.2171 0.9759 -0.0220
vn -0.1819 -0.6243 0.7597
vn 0.2367 -0.6286 0.7408
vn 0.1176 -0.4167 0.9014
vn 0.2209 0.7264 0.6508
vn -0.1883 0.6850 0.7038
vn -0.0938 0.4273 0.8992
vn -0.6191 0.1907 0.7618
vn -0.6623 -0.1530 0.7335
vn -0.4100 -0.0977 0.9069
vn 0.4291 -0.1407 0.8922
vn 0.4914 0.1003 0.8652
vn -0.3534 0.1145 0.9284
vn 0.7329 -0.2135 0.6459
vn 0.7539 0.2396 0.6118
vn -0.3420 0.3019 0.8899
vn -0.4754 0.5372 0.6967
vn 0.5367 0.5719 0.6204
vn 0.3920 0.3190 0.8629
vn 0.1255 0.4563 0.8810
vn -0.4631 -0.4670 0.7533
vn -0.2965 -0.2691 0.9163
vn 0.3138 -0.2334 0.9204
vn 0.4792 -0.4452 0.7564
vn -0.1016 -0.3859 0.9169
vn 0.0211 -0.0062 -0.9998
vn 0.9749 -0.1969 -0.1037
vn 0.9727 -0.2319 -0.0086
vn 0.7518 -0.6593 -0.0016
vn 0.0001 -0.0168 -0.9999
vn 0.0152 -0.0137 -0.9998
vn 0.5849 -0.7674 -0.2627
vn 0.2001 -0.3420 -0.9182
vn 0.5067 -0.6119 -0.6073
vn 0.5004 -0.1392 -0.8545
vn 0.9583 0.2853 -0.0159
vn 0.6599 0.7508 -0.0282
vn 0.9164 0.2410 -0.3195
vn 0.8789 -0.3388 -0.3358
vn 0.4702 0.8820 -0.0332
vn 0.9999 -0.0123 -0.0000
vn 1.0000 -0.0032 -0.0000
vn 1.0000 0.0062 -0.0000
vn 0.7936 0.5157 0.3230
vn 0.7936 0.5157 -0.3230
vn 0.4316 0.8808 -0.1946
vn 0.3995 0.6502 -0.6463
vn 0.4317 0.8808 0.1946
vn 0.3995 0.6502 0.6462
vn 0.4565 0.2182 -0.8625
vn 0.4525 0.2151 0.8655
vn 0.4255 -0.2807 -0.8603
vn 0.8278 -0.0366 -0.5598
vn 0.8277 -0.0368 0.5600
vn 0.4217 -0.2778 0.8631
vn 0.4051 -0.6287 -0.6637
vn 0.4051 -0.6287 0.6637
vn 0.4192 -0.8834 -0.2093
vn 0.7764 -0.5387 -0.3270
vn 0.7765 -0.5387 0.3269
vn 0.4192 -0.8835 0.2093
vn -0.2361 -0.9324 0.2736
vn -0.2362 -0.9324 -0.2735
vn -0.2310 -0.6775 -0.6983
vn -0.2312 -0.6774 0.6983
vn -0.2530 -0.1969 -0.9472
vn -0.2591 0.2641 0.9290
vn -0.2637 0.2681 -0.9266
vn -0.2407 0.7110 -0.6607
vn -0.2114 0.9510 -0.2256
vn -0.2118 0.9510 0.2255
vn -0.6842 0.5204 -0.5109
vn -0.2408 0.7110 0.6607
vn -0.6843 0.5204 0.5109
vn -0.7159 0.1789 -0.6749
vn -0.2478 -0.1938 0.9492
vn -0.7160 0.1789 0.6748
vn -0.6699 -0.1952 -0.7164
vn -0.6699 -0.1952 0.7164
vn -0.6848 -0.5217 -0.5088
vn -0.6818 -0.7001 0.2121
vn -0.6849 -0.5218 0.5085
vn -0.6789 0.7083 -0.1934
vn -0.6791 0.7081 0.1934
vn -0.9282 0.3679 0.0560
vn -0.9282 0.3678 -0.0560
vn -0.9292 0.2228 0.2949
vn -0.9151 -0.1479 -0.3750
vn -0.9172 0.1450 -0.3710
vn -0.9093 0.1494 0.3885
vn -0.9094 -0.1512 0.3874
vn -0.9215 -0.2350 -0.3094
vn -0.9170 -0.2428 0.3166
vn -0.9207 -0.3862 -0.0569
vn -0.9196 -0.3888 0.0557
vn -0.6819 -0.7001 -0.2120
vn -0.9983 0.0575 -0.0098
vn -0.9982 0.0488 0.0339
vn -0.9915 0.0154 0.1293
vn -0.9912 -0.0366 0.1270
vn -0.9299 0.2198 -0.2949
vn -0.9984 0.0413 -0.0393
vn -0.9959 -0.0687 0.0587
vn -0.9963 -0.0839 0.0206
vn -0.9976 -0.0521 -0.0446
vn -0.9952 -0.0244 -0.0946
vn -0.9962 0.0091 -0.0870
vn -0.1260 0.9686 0.2142
vn -0.1880 0.9501 -0.2490
vn -0.1445 0.9282 -0.3429
vn -0.2160 0.6484 -0.7301
vn -0.2383 0.6759 -0.6974
vn -0.2330 0.2044 -0.9507
vn -0.2467 0.2639 -0.9325
vn -0.2282 -0.2762 -0.9336
vn -0.2540 -0.1801 -0.9503
vn -0.2142 -0.6910 -0.6904
vn -0.1835 -0.6164 -0.7658
vn -0.1335 -0.9417 -0.3087
vn -0.0441 -0.9709 0.2354
vn -0.0910 -0.9880 0.1246
vn -0.0331 -0.7383 0.6736
vn -0.0337 -0.7416 0.6700
vn -0.0880 -0.3082 0.9472
vn -0.0406 -0.2273 0.9730
vn -0.1331 0.2381 0.9621
vn -0.1007 0.3081 0.9460
vn -0.1095 0.7308 0.6737
vn -0.1160 0.9850 0.1277
vn -0.1232 0.7616 0.6363
vn -0.8300 0.4335 0.3510
vn -0.5095 0.6575 0.5551
vn -0.5401 0.8329 0.1209
vn -0.8393 0.5082 -0.1932
vn -0.8477 0.5235 0.0863
vn -0.8717 0.3387 -0.3540
vn -0.5443 0.7738 -0.3239
vn -0.8159 0.1633 0.5546
vn -0.5660 0.2656 0.7804
vn -0.9378 -0.0732 0.3395
vn -0.8457 -0.0794 0.5277
vn -0.9567 -0.2121 0.1995
vn -0.9094 -0.2897 0.2984
vn -0.9826 -0.1706 0.0740
vn -0.9581 -0.2762 0.0754
vn -0.8835 0.1468 -0.4449
vn -0.6081 0.5233 -0.5969
vn -0.8527 -0.0900 -0.5146
vn -0.6248 0.2349 -0.7446
vn -0.9999 -0.0076 0.0099
vn -0.8479 -0.3326 -0.4128
vn -0.5665 -0.1690 -0.8066
vn -0.9592 -0.2289 -0.1659
vn -0.6155 -0.4671 -0.6348
vn -0.9001 -0.3097 -0.3066
vn -0.9983 0.0579 0.0099
vn -0.9963 -0.0811 -0.0289
vn -0.1251 -0.8779 -0.4622
vn 0.9999 -0.0000 0.0126
vn 1.0000 -0.0000 0.0032
vn 1.0000 -0.0000 -0.0062
vn 0.7935 0.3231 -0.5157
vn 0.7934 -0.3233 -0.5157
vn 0.4311 -0.1939 -0.8812
vn 0.3993 -0.6470 -0.6496
vn 0.4311 0.1939 -0.8812
vn 0.3993 0.6469 -0.6497
vn 0.4570 -0.8623 -0.2182
vn 0.4528 0.8653 -0.2151
vn 0.4255 -0.8603 0.2807
vn 0.8277 -0.5599 0.0366
vn 0.8277 0.5600 0.0368
vn 0.4212 0.8635 0.2775
vn 0.4051 -0.6635 0.6291
vn 0.4049 0.6636 0.6291
vn 0.4192 -0.2093 0.8834
vn 0.7762 -0.3268 0.5392
vn 0.7765 0.3265 0.5390
vn 0.4192 0.2094 0.8834
vn -0.2362 0.2733 0.9325
vn -0.2362 -0.2730 0.9326
vn -0.2309 -0.6987 0.6771
vn -0.2311 0.6987 0.6771
vn -0.2529 -0.9472 0.1969
vn -0.2589 0.9289 -0.2649
vn -0.2639 -0.9264 -0.2686
vn -0.2410 -0.6609 -0.7107
vn -0.2112 -0.2260 -0.9510
vn -0.2112 0.2258 -0.9510
vn -0.6835 -0.5112 -0.5211
vn -0.2410 0.6610 -0.7106
vn -0.6834 0.5113 -0.5211
vn -0.7164 -0.6745 -0.1785
vn -0.2478 0.9493 0.1937
vn -0.7161 0.6747 -0.1791
vn -0.6707 -0.7158 0.1946
vn -0.6705 0.7158 0.1953
vn -0.6851 -0.5082 0.5219
vn -0.6821 0.2121 0.6999
vn -0.6856 0.5083 0.5212
vn -0.6784 -0.1936 -0.7087
vn -0.6783 0.1937 -0.7087
vn -0.9282 0.0560 -0.3679
vn -0.9282 -0.0563 -0.3678
vn -0.9291 0.2945 -0.2236
vn -0.9150 -0.3754 0.1480
vn -0.9172 -0.3710 -0.1449
vn -0.9097 0.3875 -0.1495
vn -0.9094 0.3876 0.1510
vn -0.9213 -0.3097 0.2350
vn -0.9171 0.3158 0.2434
vn -0.9208 -0.0564 0.3860
vn -0.9195 0.0562 0.3890
vn -0.6823 -0.2122 0.6996
vn -0.9983 -0.0093 -0.0573
vn -0.9983 0.0339 -0.0483
vn -0.9914 0.1298 -0.0160
vn -0.9913 0.1267 0.0365
vn -0.9302 -0.2946 -0.2191
vn -0.9984 -0.0396 -0.0412
vn -0.9958 0.0594 0.0694
vn -0.9963 0.0199 0.0832
vn -0.9977 -0.0442 0.0519
vn -0.9952 -0.0946 0.0244
vn -0.9962 -0.0870 -0.0094
vn -0.1260 0.2149 -0.9685
vn -0.1880 -0.2490 -0.9501
vn -0.1445 -0.3434 -0.9280
vn -0.2161 -0.7306 -0.6477
vn -0.2383 -0.6974 -0.6759
vn -0.2330 -0.9506 -0.2049
vn -0.2468 -0.9326 -0.2632
vn -0.2281 -0.9334 0.2769
vn -0.2540 -0.9503 0.1801
vn -0.2141 -0.6912 0.6902
vn -0.1836 -0.7662 0.6158
vn -0.1336 -0.3084 0.9418
vn -0.0441 0.2351 0.9710
vn -0.0910 0.1249 0.9880
vn -0.0331 0.6741 0.7379
vn -0.0337 0.6697 0.7418
vn -0.0880 0.9470 0.3089
vn -0.0406 0.9730 0.2273
vn -0.1331 0.9623 -0.2374
vn -0.1007 0.9462 -0.3076
vn -0.1094 0.6741 -0.7305
vn -0.1164 0.1283 -0.9849
vn -0.1233 0.6362 -0.7616
vn -0.8297 0.3510 -0.4341
vn -0.5094 0.5551 -0.6575
vn -0.5410 0.1204 -0.8323
vn -0.8392 -0.1937 -0.5081
vn -0.8472 0.0871 -0.5241
vn -0.8717 -0.3540 -0.3387
vn -0.5444 -0.3239 -0.7738
vn -0.8165 0.5540 -0.1625
vn -0.5663 0.7800 -0.2663
vn -0.9376 0.3402 0.0725
vn -0.8457 0.5277 0.0793
vn -0.9568 0.1994 0.2115
vn -0.9094 0.2990 0.2892
vn -0.9827 0.0733 0.1701
vn -0.9582 0.0746 0.2762
vn -0.8831 -0.4456 -0.1473
vn -0.6087 -0.5966 -0.5230
vn -0.8529 -0.5144 0.0893
vn -0.6246 -0.7446 -0.2356
vn -0.9999 0.0092 0.0069
vn -0.8486 -0.4120 0.3319
vn -0.5659 -0.8071 0.1685
vn -0.9589 -0.1664 0.2297
vn -0.6157 -0.6348 0.4668
vn -0.8999 -0.3069 0.3097
vn -0.9983 0.0093 -0.0573
vn -0.9963 -0.0289 0.0811
vn -0.1251 -0.4622 0.8779
vn -0.2275 0.9737 -0.0083
vn -0.9162 0.2426 -0.3189
vn -0.4945 0.1372 -0.8583
vn -0.0018 0.0013 -1.0000
vn -0.9118 -0.2229 -0.3449
vn -0.4048 -0.3371 -0.8500
vn -0.1606 -0.5526 -0.8178
vn 0.0021 -0.0167 -0.9999
vn 0.0104 -0.0183 -0.9998
vn -0.3213 -0.9112 -0.2579
vn 0.0919 -0.4531 -0.8867
vn 0.4268 0.3432 -0.8367
vn 0.5122 0.1234 -0.8500
vn -0.0742 0.3876 -0.9189
vn 0.5397 0.5754 -0.6145
vn 0.6505 0.6653 -0.3662
vn 0.2226 0.8988 -0.3777
vn 0.1550 0.6939 -0.7032
vn -0.6204 0.6305 -0.4663
vn -0.8769 -0.1726 -0.4486
vn -0.6733 -0.1692 -0.7198
vn -0.6014 0.1649 -0.7817
vn -0.2229 -0.9274 -0.3005
vn -0.2945 -0.7475 -0.5953
vn 0.6319 -0.6638 -0.4000
vn 0.7393 -0.1967 -0.6440
vn 0.4526 -0.5430 -0.7074
vn -0.2798 -0.9075 -0.3133
vn -0.9170 -0.2167 -0.3349
vn -0.2915 0.8747 -0.3872
vn 0.9135 0.2532 -0.3184
vn -0.8238 0.2946 -0.4844
vn -0.4132 0.4060 -0.8151
vn -0.8782 0.2639 -0.3990
vn -0.6849 0.6241 -0.3761
vn -0.4725 -0.1251 -0.8724
vn 0.1073 -0.4561 -0.8834
vn 0.4371 -0.3617 -0.8235
vn -0.0894 0.0533 -0.9946
vn -0.0551 -0.0076 -0.9985
vn -0.3887 -0.3600 -0.8482
vn -0.0017 -0.1008 -0.9949
vn 0.0875 0.0093 -0.9961
vn -0.0005 0.0964 -0.9953
vn 0.0988 0.0548 -0.9936
vn -0.0816 -0.0467 -0.9956
vn -0.9693 -0.1234 -0.2126
vn -0.9074 -0.1298 -0.3997
vn -0.9178 0.1815 -0.3531
vn -0.9737 0.1740 -0.1469
vn -0.8807 -0.4501 -0.1473
vn -0.8454 -0.4563 -0.2777
vn -0.9853 -0.1617 -0.0553
vn -0.8784 -0.4732 -0.0672
vn -0.6870 -0.7081 -0.1633
vn -0.6561 -0.6772 -0.3331
vn -0.4049 -0.8854 -0.2284
vn -0.3552 -0.8333 -0.4237
vn -0.6678 -0.7414 -0.0657
vn -0.3825 -0.9216 -0.0663
vn 0.3041 -0.8786 -0.3683
vn 0.3451 -0.9359 -0.0710
vn 0.5890 -0.7307 -0.3452
vn 0.6305 -0.7566 -0.1733
vn 0.8241 -0.5004 -0.2655
vn 0.8372 -0.5325 -0.1251
vn 0.6641 -0.7343 -0.1406
vn 0.9272 -0.2365 -0.2906
vn 0.9857 0.0794 -0.1487
vn 0.8841 0.4455 -0.1412
vn 0.8515 0.4562 -0.2587
vn 0.9919 0.0992 -0.0799
vn 0.8837 0.4609 -0.0808
vn 0.6122 0.7658 -0.1967
vn 0.8892 0.4563 -0.0335
vn 0.6580 0.7509 -0.0558
vn 0.3462 0.8912 -0.2931
vn 0.3411 0.9279 -0.1507
vn 0.3411 0.9244 -0.1710
vn -0.3463 0.9259 -0.1510
vn -0.3338 0.8908 -0.3083
vn -0.3217 0.9398 -0.1155
vn -0.6419 0.7386 -0.2062
vn -0.5923 0.6896 -0.4166
vn -0.3255 0.9441 -0.0518
vn -0.6325 0.7704 -0.0805
vn -0.9652 0.1939 -0.1756
vn -0.8540 0.5036 -0.1309
vn -0.6402 0.7509 -0.1621
vn -0.1877 0.0315 0.9817
vn -0.3864 0.0638 0.9201
vn -0.2869 -0.2927 0.9122
vn 0.3896 0.2243 0.8933
vn 0.1830 0.1063 0.9774
vn -0.1576 0.4746 0.8660
vn 0.0232 0.5216 0.8529
vn 0.1502 -0.0337 0.9881
vn 0.0222 0.2456 0.9691
vn 0.1127 0.5830 0.8046
vn 0.0732 0.2286 0.9708
vn 0.1047 0.1435 0.9841
vn 0.4304 0.3933 0.8124
vn 0.2114 0.4320 0.8767
vn 0.1883 0.9818 -0.0248
vn -0.4901 0.4306 -0.7579
vn -0.4912 0.7537 -0.4367
vn -0.1424 0.9235 -0.3560
vn -0.1129 0.6149 -0.7805
vn -0.8644 0.3723 -0.3380
vn -0.1030 0.1146 0.9881
vn -0.2287 0.2366 0.9443
vn -0.1612 0.0977 0.9821
vn -0.7456 0.3036 0.5932
vn -0.4492 0.1800 0.8751
vn -0.3973 0.2881 0.8713
vn -0.4291 0.7479 0.5065
vn -0.4028 -0.0654 0.9129
vn -0.4843 -0.1643 0.8593
vn -0.1794 -0.0351 0.9832
vn -0.6283 0.0729 -0.7746
vn -0.8968 -0.2976 -0.3273
vn -0.9970 0.0735 -0.0251
vn -0.9260 0.0960 -0.3651
vn -0.9252 0.3786 -0.0259
vn 0.0645 0.3036 -0.9506
vn -0.0654 0.3021 -0.9510
vn 0.7374 0.6748 -0.0301
vn 0.3176 0.5739 -0.7548
vn 0.9140 0.2717 -0.3014
vn 0.8978 -0.2960 -0.3262
vn 0.7397 -0.0013 -0.6729
vn 0.9996 0.0017 -0.0294
vn 0.5417 -0.1892 0.8190
vn 0.1344 0.0032 0.9909
vn 0.8310 -0.2635 0.4899
vn 0.8288 -0.0504 0.5573
vn 0.7068 0.2393 -0.6657
vn 0.5342 -0.4654 -0.7057
vn 0.3047 -0.6042 -0.7363
vn 0.7487 -0.5797 -0.3215
vn 0.4554 -0.8288 -0.3250
vn 0.6197 -0.5444 0.5653
vn 0.3784 -0.2958 0.8771
vn 0.1322 -0.3236 0.9369
vn -0.0027 -0.4245 0.9054
vn 0.2524 -0.4823 0.8389
vn 0.1479 -0.8482 0.5087
vn 0.4073 -0.7827 0.4706
vn -0.7683 -0.5538 -0.3210
vn -0.7825 -0.6225 -0.0107
vn -0.5447 -0.7675 -0.3379
vn -0.0747 -0.4870 0.8702
vn -0.1773 -0.7818 0.5977
vn -0.1290 -0.1341 0.9825
vn -0.2814 0.0765 -0.9565
vn 0.3558 0.1100 -0.9281
vn 0.3467 -0.1069 -0.9319
vn 0.1853 -0.9170 -0.3532
vn 0.3288 -0.9444 0.0053
vn -0.2397 -0.9708 0.0084
vn -0.6954 -0.7186 0.0069
vn -0.9798 -0.1998 -0.0001
vn 0.2367 -0.6286 0.7409
vn 0.1176 -0.4166 0.9014
vn -0.0939 0.4273 0.8992
vn -0.6190 0.1906 0.7619
vn -0.6627 -0.1526 0.7332
vn -0.4100 -0.0979 0.9068
vn 0.4913 0.1008 0.8651
vn -0.3535 0.1148 0.9284
vn 0.7326 -0.2136 0.6463
vn 0.3919 0.3189 0.8630
vn -0.4633 -0.4670 0.7532
vn -0.2966 -0.2688 0.9164
vn 0.3138 -0.2332 0.9204
vn 0.4788 -0.4455 0.7565
vn 0.0211 -0.0056 -0.9998
vn 0.9749 -0.1972 -0.1036
vn 0.9727 -0.2318 -0.0087
vn 0.0001 -0.0166 -0.9999
vn 0.0152 -0.0136 -0.9998
vn 0.2002 -0.3418 -0.9182
vn 0.5073 -0.6116 -0.6071
vn 0.5005 -0.1389 -0.8545
vn 0.9583 0.2855 -0.0162
vn 0.6600 0.7508 -0.0282
vn 0.8789 -0.3387 -0.3358
vn 0.2956 -0.3226 0.8992
vn -0.0000 -0.4089 0.9126
vn -0.0000 -0.8119 0.5838
vn -0.2958 -0.3219 0.8994
vn 0.4785 0.6578 0.5817
vn -0.0000 0.8070 0.5905
vn -0.0000 0.4210 0.9070
vn -0.4785 0.6577 0.5817
vn 0.4090 -0.0134 0.9124
vn 0.7996 -0.2410 0.5501
vn 0.7863 0.2383 0.5700
vn -0.0000 0.0046 1.0000
vn 0.2858 0.2928 0.9125
vn 0.5197 -0.6607 0.5416
vn -0.7863 0.2383 0.5700
vn -0.7996 -0.2410 0.5501
vn -0.4090 -0.0138 0.9125
vn -0.2857 0.2928 0.9125
vn -0.5199 -0.6604 0.5418
vn 0.9435 0.2958 0.1496
vn 0.5957 0.7872 0.1595
vn -0.5955 0.7874 0.1594
vn -0.9429 0.2975 0.1495
vn -0.0001 0.9859 0.1675
vn 0.6260 -0.7676 0.1374
vn 0.9521 -0.2671 0.1488
vn -0.9517 -0.2686 0.1488
vn -0.6261 -0.7676 0.1373
vn -0.0000 -0.9886 0.1503
vn 0.0112 0.7967 0.6043
vn 0.2885 0.7216 0.6293
vn 0.2558 0.8952 0.3649
vn 0.5017 0.6957 0.5142
vn -0.0022 0.8621 0.5068
vn -0.2400 0.7324 0.6372
vn -0.0439 0.9425 0.3312
vn 0.5199 0.6150 0.5928
vn -0.4673 0.6212 0.6290
vn -0.4873 0.6865 0.5397
vn 0.5504 0.7245 0.4149
vn -0.2197 0.8726 0.4362
vn 0.8306 0.2608 0.4920
vn 0.6705 0.4822 0.5638
vn -0.6579 0.4655 0.5920
vn 0.8051 0.5249 0.2762
vn -0.7919 0.5202 0.3197
vn 0.8316 0.2487 0.4965
vn 0.9456 0.2579 0.1985
vn -0.9430 0.2594 0.2083
vn -0.8127 0.2653 0.5187
vn -0.8319 0.2564 0.4921
vn 0.7815 -0.2549 0.5695
vn 0.8233 0.0077 0.5676
vn -0.8715 -0.0242 0.4899
vn 0.7898 -0.1572 0.5929
vn 0.9664 0.0443 0.2533
vn -0.8344 -0.2059 0.5112
vn -0.7778 -0.2545 0.5747
vn -0.9970 -0.0580 0.0504
vn -0.9694 -0.2410 0.0472
vn 0.6794 -0.4281 0.5959
vn 0.9454 -0.1981 0.2589
vn -0.7049 -0.4306 0.5636
vn -0.8666 -0.4915 0.0863
vn 0.4654 -0.6504 0.6003
vn 0.4964 -0.6485 0.5771
vn 0.5712 -0.8087 0.1403
vn 0.7925 -0.5599 0.2418
vn -0.5597 -0.8180 0.1327
vn -0.2822 -0.8117 0.5115
vn -0.3228 -0.9443 0.0639
vn -0.0806 -0.9931 0.0848
vn 0.2628 -0.8070 0.5289
vn -0.0145 -0.8236 0.5669
vn -0.0792 -0.8375 0.5406
vn 0.2604 -0.9630 0.0700
vn -0.4484 -0.6683 0.5936
vn -0.4387 -0.6942 0.5706
vn -0.5503 0.7155 0.4305
vn 0.2959 -0.3221 0.8993
vn -0.0000 -0.8118 0.5839
vn -0.2959 -0.3221 0.8993
vn -0.4785 0.6578 0.5817
vn 0.7865 0.2380 0.5699
vn 0.2857 0.2931 0.9124
vn 0.5199 -0.6604 0.5418
vn -0.4090 -0.0134 0.9124
vn -0.2857 0.2930 0.9124
vn 0.9434 0.2959 0.1496
vn 0.5956 0.7873 0.1595
vn -0.5959 0.7870 0.1595
vn -0.9429 0.2975 0.1496
vn 0.0002 0.9859 0.1674
vn 0.9522 -0.2670 0.1487
vn -0.9518 -0.2681 0.1488
vn 0.2886 0.7215 0.6294
vn 0.2557 0.8953 0.3648
vn 0.5020 0.6954 0.5143
vn 0.5198 0.6151 0.5929
vn -0.4674 0.6211 0.6291
vn 0.5504 0.7247 0.4146
vn -0.2196 0.8726 0.4363
vn 0.6706 0.4822 0.5637
vn -0.6580 0.4652 0.5921
vn -0.9429 0.2596 0.2088
vn -0.8321 0.2561 0.4920
vn 0.7815 -0.2547 0.5695
vn 0.8232 0.0076 0.5677
vn -0.8715 -0.0243 0.4898
vn 0.7901 -0.1571 0.5925
vn 0.9664 0.0442 0.2534
vn -0.8345 -0.2057 0.5112
vn -0.9970 -0.0578 0.0512
vn -0.9693 -0.2412 0.0473
vn 0.6792 -0.4286 0.5958
vn 0.9452 -0.1983 0.2593
vn -0.8667 -0.4914 0.0862
vn 0.4964 -0.6484 0.5771
vn 0.5713 -0.8086 0.1404
vn 0.7924 -0.5600 0.2418
vn -0.5597 -0.8180 0.1329
vn -0.2820 -0.8115 0.5118
vn -0.3226 -0.9443 0.0642
vn 0.2631 -0.8068 0.5290
vn -0.0145 -0.8239 0.5665
vn -0.4483 -0.6682 0.5937
vn -0.4387 -0.6942 0.5707
vn -0.5502 0.7155 0.4304
vn 0.3011 -0.1160 0.9465
vn 0.1309 -0.0368 0.9907
vn -0.0988 0.0990 0.9902
vn -0.4747 -0.1923 0.8589
vn 0.3883 -0.2593 0.8843
vn -0.4109 -0.4505 0.7926
vn -0.0556 -0.7447 0.6650
vn 0.2154 -0.7202 0.6595
vn 0.3698 -0.5404 0.7557
vn -0.3233 -0.6164 0.7180
vn 0.8566 0.2048 0.4736
vn 0.7134 0.4230 0.5586
vn 0.9266 -0.1036 0.3615
vn 0.6986 -0.7079 0.1041
vn 0.3668 -0.9293 0.0426
vn -0.5956 -0.8013 0.0557
vn -0.1183 -0.9928 0.0190
vn -0.8825 -0.4073 0.2350
vn -0.9132 0.1176 0.3902
vn -0.3233 0.0019 0.9463
vn -0.6680 0.5126 0.5394
vn -0.2006 0.7277 0.6559
vn 0.3382 0.5964 0.7280
vn 0.6742 0.7276 -0.1267
vn 0.3317 0.9430 -0.0256
vn -0.1752 0.9844 -0.0173
vn -0.6218 0.7751 -0.1120
vn -0.9061 0.3526 -0.2338
vn -0.8983 -0.1615 -0.4086
vn -0.1479 -0.7692 -0.6217
vn 0.2924 -0.7188 -0.6307
vn 0.8703 0.3860 -0.3060
vn 0.8711 -0.4228 0.2498
vn 0.9233 0.0154 -0.3837
vn 0.7005 -0.5263 -0.4820
vn 0.8839 -0.2351 -0.4043
vn 0.1026 -0.0851 -0.9911
vn -0.5990 -0.6104 -0.5183
vn -0.3212 -0.0873 -0.9430
vn -0.4479 0.1420 -0.8827
vn -0.4411 0.4227 -0.7917
vn -0.0877 0.7094 -0.6993
vn 0.1399 0.7139 -0.6861
vn 0.3249 0.5707 -0.7541
vn 0.3679 0.4152 -0.8320
vn 0.4292 0.2381 -0.8713
vn 0.4614 0.1068 -0.8807
vn 0.3577 -0.0793 -0.9305
vn 0.0329 0.3341 -0.9420
vn -0.0176 0.3297 -0.9439
vn -0.0097 0.3339 -0.9425
vn 0.0060 0.3175 -0.9483
vn -0.0104 0.3464 -0.9380
vn -0.0023 0.3187 -0.9478
vn 0.4956 0.6715 0.5509
vn 0.5266 0.6013 0.6010
vn -0.2837 0.6850 0.6711
vn -0.2578 0.8847 0.3883
vn 0.4088 0.8379 0.3617
vn 0.4538 0.7920 0.4085
vn -0.2730 0.7446 0.6091
vn -0.3069 0.8409 0.4457
vn 0.9717 0.1572 0.1763
vn 0.9945 -0.0958 -0.0431
vn 0.6474 -0.6956 -0.3114
vn 0.7645 -0.5588 -0.3213
vn 0.8572 0.4778 0.1919
vn 0.9740 0.2120 0.0802
vn 0.7813 -0.4853 -0.3926
vn 0.9752 0.1662 0.1461
vn 0.8198 -0.4120 -0.3977
vn -0.9280 0.2624 0.2643
vn -0.9283 0.2854 0.2385
vn -0.9213 0.3386 0.1914
vn -0.8290 -0.4029 -0.3879
vn -0.0070 -0.7751 -0.6318
vn 0.0128 -0.7172 -0.6967
vn -0.0785 -0.8663 -0.4933
vn -0.8134 -0.4516 -0.3666
vn -0.0157 0.3631 -0.9316
vn -0.0629 -0.1131 -0.9916
vn -0.8297 -0.5127 -0.2205
vn -0.8599 -0.4391 -0.2602
vn -0.0607 -0.9123 -0.4050
vn 0.0239 0.3145 -0.9490
vn -0.2922 0.6058 -0.7401
vn -0.9053 0.3875 0.1740
vn -0.0000 -0.0000 1.0000
vn -0.0000 -0.0000 -1.0000
vn -0.0000 -1.0000 -0.0000
vn 1.0000 -0.0000 -0.0000
vn -0.8346 0.5509 -0.0000
vn -0.7392 0.6735 -0.0000
vn -0.8346 0.5508 -0.0000
vn -0.8929 0.4503 -0.0000
vn -0.8929 0.4502 -0.0000
vn -0.9313 0.3642 -0.0000
vn -0.9586 0.2847 -0.0000
vn -0.9748 0.2232 -0.0000
vn -0.9804 0.1969 -0.0000
vn -0.9804 0.1970 -0.0000
vn -0.5999 0.8001 -0.0000
vn -0.0000 1.0000 -0.0000
vn 0.7248 0.6889 -0.0000
vn 0.7251 0.6887 -0.0000
vn -0.6287 0.7776 -0.0000
vn -0.5419 0.8405 -0.0000
vn -0.5418 0.8405 -0.0000
vn -0.3942 0.9177 -0.0488
vn -0.3942 0.9177 0.0494
vn -1.0000 -0.0000 -0.0000
vn 0.7392 0.6735 -0.0000
vn 0.8346 0.5509 -0.0000
vn 0.8346 0.5508 -0.0000
vn 0.8929 0.4503 -0.0000
vn 0.8929 0.4502 -0.0000
vn 0.5999 0.8001 -0.0000
vn 0.9748 0.2232 -0.0000
vn 0.9804 0.1969 -0.0000
vn 0.9804 0.1970 -0.0000
vn 0.9586 0.2847 -0.0000
vn 0.9313 0.3642 -0.0000
vn -0.7248 0.6889 -0.0000
vn -0.7251 0.6887 -0.0000
vn 0.6287 0.7776 -0.0000
vn 0.5419 0.8405 -0.0000
vn 0.5418 0.8405 -0.0000
vn 0.3774 0.9244 0.0555
vn 0.3780 0.9244 -0.0513
vn -0.0849 0.5373 0.8391
vn 0.0861 0.5354 0.8402
vn -0.9484 0.3169 0.0101
vn -0.6516 0.7584 0.0178
vn -0.7684 0.6398 0.0156
vn -0.9491 0.3149 -0.0000
vn -0.0483 0.8072 -0.5883
vn -0.0000 0.5721 -0.8202
vn 0.0489 0.8054 -0.5907
vn -0.0000 1.0000 0.0001
vn 0.7662 0.6426 -0.0008
vn 0.6511 0.7589 -0.0067
vn 0.9491 0.3149 -0.0000
vn 0.0044 0.3085 -0.9512
vn -0.0037 0.3155 0.9489
vn -0.0032 0.3509 0.9364
vn 0.0065 0.3264 -0.9452
vn -0.0000 1.0000 -0.0002
vn -0.0001 1.0000 -0.0000
vn 0.0001 1.0000 -0.0001
vn -0.2780 0.8788 -0.3878
vn -0.2994 0.9466 -0.1197
vn -0.2994 0.9465 0.1201
vn -0.2777 0.8779 0.3900
vn 0.8385 0.5449 0.0003
vn 0.9464 0.3230 -0.0000
vn 0.9580 0.2869 0.0031
vn 0.8747 0.4846 0.0054
vn -0.0062 0.6677 -0.7444
vn -0.0069 0.5916 -0.8062
vn 0.0079 0.5180 -0.8554
vn -0.0056 0.5516 0.8341
vn 0.0037 0.5759 0.8175
vn 0.0047 0.6725 0.7401
vn 0.2741 0.9556 -0.1083
vn 0.2581 0.8998 -0.3517
vn 0.2743 0.9552 0.1110
vn 0.2563 0.8937 0.3682
vn -0.8513 0.5247 0.0005
vn -0.9508 0.3099 -0.0000
vn -0.9378 0.3472 0.0035
vn -0.8112 0.5847 0.0061
vn 0.0127 0.7477 0.6640
vn 0.0133 0.6700 0.7423
vn -0.0062 0.5897 0.8076
vn 0.0096 0.5665 -0.8240
vn -0.0060 0.6470 -0.7625
vn -0.0075 0.7486 -0.6630
vn 0.0004 0.7070 -0.7072
vn 0.0004 0.7067 -0.7076
vn -0.0000 0.7411 -0.6714
vn -0.0000 0.7414 -0.6711
vn -0.0000 0.7076 -0.7067
vn -0.0000 0.7074 -0.7068
vn -0.0008 0.7414 -0.6711
vn -0.0008 0.7419 -0.6705
vn 0.0008 0.7409 0.6717
vn 0.0008 0.7414 0.6711
vn -0.0000 0.7076 0.7066
vn -0.0000 0.7074 0.7068
vn -0.0004 0.7076 0.7066
vn -0.0004 0.7074 0.7068
vn -0.0000 0.7411 0.6714
vn -0.0000 0.7416 0.6708
vn 0.3345 0.7216 0.6061
vn 0.1724 0.7301 0.6612
vn -0.3390 0.7273 0.5967
vn -0.1775 0.7336 0.6559
vn -0.2192 0.8834 -0.4141
vn -0.1060 0.8919 -0.4396
vn 0.2212 0.8817 -0.4167
vn 0.1059 0.8911 -0.4413
vn -0.4932 0.8699 0.0062
vn -0.4457 0.8951 0.0119
vn 0.4489 0.8935 -0.0082
vn 0.4983 0.8670 -0.0008
vn -0.0000 0.0001 1.0000
vn -0.0005 -0.0000 -1.0000
vt 0.488652 0.988116
vt 0.487985 0.984784
vt 0.490873 0.984673
vt 0.489873 0.932032
vt 0.517193 0.984451
vt 0.517304 0.988005
vt 0.491539 0.988338
vt 0.517304 0.932143
vt 0.520192 0.987894
vt 0.520969 0.932476
vt 0.586160 0.193908
vt 0.589714 0.193575
vt 0.590158 0.197017
vt 0.585938 0.167032
vt 0.589936 0.167143
vt 0.589825 0.164034
vt 0.586160 0.197462
vt 0.534186 0.197017
vt 0.533964 0.194019
vt 0.534186 0.163923
vt 0.586049 0.163256
vt 0.517637 0.927479
vt 0.489873 0.928923
vt 0.487097 0.931921
vt 0.572532 0.869469
vt 0.576308 0.869025
vt 0.576197 0.873579
vt 0.449115 0.923703
vt 0.448671 0.918927
vt 0.453669 0.919594
vt 0.490428 0.921815
vt 0.486208 0.928589
vt 0.483210 0.926924
vt 0.482321 0.921704
vt 0.508753 0.823197
vt 0.508864 0.827528
vt 0.495093 0.828194
vt 0.469106 0.832636
vt 0.478323 0.827195
vt 0.479101 0.832303
vt 0.524745 0.830860
vt 0.525967 0.826195
vt 0.537850 0.833081
vt 0.631137 0.844297
vt 0.631693 0.849850
vt 0.626029 0.849961
vt 0.628472 0.450824
vt 0.628916 0.446826
vt 0.633025 0.447270
vt 0.625695 0.648393
vt 0.632470 0.452601
vt 0.635580 0.846074
vt 0.636024 0.453378
vt 0.635913 0.647727
vt 0.631470 0.647727
vt 0.554508 0.922926
vt 0.559061 0.922814
vt 0.557951 0.927812
vt 0.639800 0.450602
vt 0.525078 0.932365
vt 0.522191 0.927479
vt 0.592380 0.252546
vt 0.593379 0.255877
vt 0.589492 0.256433
vt 0.791504 0.251102
vt 0.989962 0.253656
vt 0.791726 0.254545
vt 0.523523 0.984784
vt 0.520303 0.984451
vt 0.589270 0.252990
vt 0.589381 0.201016
vt 0.791171 0.199461
vt 0.990851 0.197906
vt 0.989740 0.250214
vt 0.593046 0.200904
vt 0.990851 0.193797
vt 0.594045 0.197462
vt 0.521080 0.990337
vt 0.518193 0.990559
vt 0.593268 0.194241
vt 0.791171 0.192242
vt 0.791171 0.196018
vt 0.592602 0.166699
vt 0.490651 0.991003
vt 0.990407 0.163700
vt 0.991073 0.190798
vt 0.789727 0.164589
vt 0.989629 0.160258
vt 0.592935 0.163812
vt 0.486653 0.990226
vt 0.484320 0.985672
vt 0.592824 0.159813
vt 0.989407 0.156038
vt 0.789838 0.161701
vt 0.589603 0.160036
vt 0.589159 0.108172
vt 0.591824 0.107950
vt 0.787617 0.104840
vt 0.987630 0.102619
vt 0.789061 0.156593
vt 0.588382 0.104729
vt 0.591602 0.105174
vt 0.483321 0.930255
vt 0.787728 0.102397
vt 0.988630 0.100065
vt 0.453002 0.924036
vt 0.451670 0.930033
vt 0.481877 0.929700
vt 0.457334 0.841965
vt 0.454779 0.835302
vt 0.466440 0.826639
vt 0.494427 0.822975
vt 0.476657 0.820642
vt 0.509197 0.817533
vt 0.525967 0.821309
vt 0.539515 0.827195
vt 0.550954 0.834969
vt 0.548955 0.842076
vt 0.624807 0.843409
vt 0.604373 0.849961
vt 0.566613 0.841299
vt 0.565947 0.845408
vt 0.554286 0.647727
vt 0.604817 0.844186
vt 0.606038 0.648838
vt 0.573721 0.449158
vt 0.558506 0.449380
vt 0.558728 0.445493
vt 0.605150 0.450935
vt 0.605039 0.446937
vt 0.590046 0.449491
vt 0.573832 0.445049
vt 0.600074 0.869025
vt 0.600407 0.872801
vt 0.630837 0.873245
vt 0.631059 0.869914
vt 0.645607 0.873690
vt 0.614956 0.869247
vt 0.614956 0.872468
vt 0.584938 0.848295
vt 0.584938 0.843742
vt 0.588380 0.648838
vt 0.569945 0.649282
vt 0.543847 0.449269
vt 0.544402 0.445826
vt 0.644608 0.877021
vt 0.657824 0.880575
vt 0.541737 0.648060
vt 0.528521 0.647616
vt 0.510086 0.646617
vt 0.493427 0.816533
vt 0.477879 0.645506
vt 0.466662 0.645728
vt 0.454002 0.646839
vt 0.369155 0.646061
vt 0.366267 0.450713
vt 0.370487 0.451934
vt 0.374596 0.843631
vt 0.374596 0.850294
vt 0.369488 0.845519
vt 0.379594 0.850072
vt 0.373486 0.646061
vt 0.378483 0.645839
vt 0.380038 0.843964
vt 0.400917 0.845519
vt 0.401139 0.849739
vt 0.398474 0.645839
vt 0.421462 0.848851
vt 0.418464 0.646061
vt 0.439898 0.845963
vt 0.421351 0.843853
vt 0.438454 0.840744
vt 0.437343 0.647616
vt 0.453669 0.898382
vt 0.455001 0.878281
vt 0.448560 0.897716
vt 0.470883 0.837745
vt 0.480211 0.845963
vt 0.462997 0.845630
vt 0.456778 0.860067
vt 0.451559 0.858846
vt 0.449560 0.877503
vt 0.479323 0.861622
vt 0.478212 0.878281
vt 0.478323 0.898937
vt 0.669674 0.847185
vt 0.666342 0.846630
vt 0.667453 0.647838
vt 0.559284 0.895939
vt 0.555063 0.895828
vt 0.555174 0.877059
vt 0.505310 0.878614
vt 0.504755 0.899826
vt 0.504644 0.862733
vt 0.503866 0.846519
vt 0.534851 0.836746
vt 0.544957 0.846185
vt 0.527966 0.846185
vt 0.529409 0.898493
vt 0.554064 0.917595
vt 0.559284 0.917373
vt 0.518970 0.921260
vt 0.525856 0.926257
vt 0.525078 0.929589
vt 0.553287 0.928478
vt 0.527632 0.929145
vt 0.529298 0.877503
vt 0.525633 0.920704
vt 0.529854 0.861400
vt 0.555286 0.857735
vt 0.551288 0.859401
vt 0.558839 0.876615
vt 0.338836 0.847629
vt 0.339169 0.646394
vt 0.336393 0.847962
vt 0.336282 0.646061
vt 0.640577 0.647505
vt 0.658013 0.449602
vt 0.640466 0.846519
vt 0.376706 0.451157
vt 0.397918 0.451046
vt 0.420130 0.451046
vt 0.436788 0.450380
vt 0.638023 0.445715
vt 0.656791 0.441717
vt 0.670451 0.448825
vt 0.670340 0.648171
vt 0.659235 0.442050
vt 0.335727 0.449158
vt 0.337726 0.449380
vt 0.348276 0.449824
vt 0.535184 0.445160
vt 0.516305 0.447270
vt 0.534185 0.448158
vt 0.531186 0.439274
vt 0.492872 0.644951
vt 0.630615 0.890681
vt 0.601629 0.891903
vt 0.576308 0.892902
vt 0.571866 0.893125
vt 0.571088 0.874134
vt 0.015112 0.025587
vt 0.018261 0.011265
vt 0.023427 0.010988
vt 0.085110 0.008945
vt 0.084874 0.032841
vt 0.051751 0.030194
vt 0.052203 0.010330
vt 0.035395 0.205958
vt 0.039141 0.190973
vt 0.047435 0.194825
vt 0.182716 0.026751
vt 0.190177 0.030886
vt 0.195419 0.016102
vt 0.047048 0.206471
vt 0.054822 0.193544
vt 0.174642 0.027161
vt 0.183043 0.013374
vt 0.060404 0.205755
vt 0.061218 0.190295
vt 0.168599 0.030591
vt 0.169801 0.015318
vt 0.071249 0.200624
vt 0.065597 0.184753
vt 0.164200 0.035277
vt 0.159220 0.020028
vt 0.079662 0.190191
vt 0.067599 0.177316
vt 0.161957 0.042352
vt 0.150295 0.028770
vt 0.085620 0.178751
vt 0.066318 0.169930
vt 0.162620 0.050678
vt 0.144668 0.041915
vt 0.033909 0.185314
vt 0.024460 0.199973
vt 0.017149 0.190888
vt 0.213142 0.030796
vt 0.205411 0.022120
vt 0.195628 0.037174
vt 0.031866 0.177842
vt 0.197170 0.044360
vt 0.032980 0.170327
vt 0.012885 0.177343
vt 0.036582 0.164447
vt 0.011514 0.158841
vt 0.216352 0.044916
vt 0.195810 0.051558
vt 0.217814 0.063838
vt 0.192424 0.056871
vt 0.042792 0.160071
vt 0.086470 0.166322
vt 0.062327 0.163825
vt 0.166935 0.057096
vt 0.143075 0.054035
vt 0.011050 0.138395
vt 0.048362 0.139048
vt 0.049588 0.055835
vt 0.085731 0.143111
vt 0.056587 0.160468
vt 0.049310 0.159089
vt 0.143292 0.077378
vt 0.179904 0.082283
vt 0.179826 0.062346
vt 0.172377 0.061113
vt 0.010554 0.112643
vt 0.050856 0.112505
vt 0.082977 0.087026
vt 0.083626 0.120352
vt 0.142750 0.100219
vt 0.143255 0.132647
vt 0.176726 0.108667
vt 0.085951 0.062352
vt 0.082515 0.068981
vt 0.008954 0.049800
vt 0.216983 0.109772
vt 0.186005 0.061312
vt 0.175185 0.166466
vt 0.216847 0.171982
vt 0.143208 0.153088
vt 0.139695 0.158150
vt 0.370487 0.447270
vt 0.397918 0.446493
vt 0.420130 0.446381
vt 0.436677 0.447048
vt 0.453113 0.446715
vt 0.454113 0.451268
vt 0.475325 0.448492
vt 0.497647 0.446715
vt 0.464108 0.451268
vt 0.461221 0.446493
vt 0.375818 0.446937
vt 0.365490 0.446604
vt 0.125690 0.158709
vt 0.145997 0.188788
vt 0.116484 0.159880
vt 0.108548 0.163571
vt 0.101879 0.168392
vt 0.098771 0.180265
vt 0.209874 0.195984
vt 0.385601 0.868993
vt 0.407605 0.868239
vt 0.407419 0.872901
vt 0.404581 0.890404
vt 0.383476 0.890507
vt 0.385860 0.873552
vt 0.173514 0.190952
vt 0.149364 0.210857
vt 0.427958 0.873455
vt 0.434167 0.874111
vt 0.433789 0.890654
vt 0.346943 0.442717
vt 0.206525 0.210760
vt 0.433352 0.869543
vt 0.369772 0.872514
vt 0.371369 0.876760
vt 0.356643 0.880743
vt 0.364256 0.890751
vt 0.098203 0.196292
vt 0.127321 0.188482
vt 0.127536 0.211446
vt 0.349021 0.885063
vt 0.347298 0.881703
vt 0.354249 0.877705
vt 0.348259 0.890937
vt 0.109240 0.211644
vt 0.097755 0.210932
vt 0.918438 0.017200
vt 0.918861 0.013766
vt 0.928278 0.014387
vt 0.917895 0.084817
vt 0.927981 0.017949
vt 0.125048 0.155683
vt 0.115336 0.156856
vt 0.106772 0.160928
vt 0.937130 0.084407
vt 0.927580 0.084295
vt 0.937538 0.017425
vt 0.946579 0.017532
vt 0.946356 0.014855
vt 0.959226 0.014243
vt 0.946425 0.084517
vt 0.959319 0.017173
vt 0.099603 0.167139
vt 0.095993 0.179771
vt 0.140098 0.099851
vt 0.140608 0.133414
vt 0.824484 0.014563
vt 0.824704 0.017495
vt 0.801836 0.012767
vt 0.801610 0.010345
vt 0.788727 0.012103
vt 0.775014 0.008630
vt 0.788503 0.009554
vt 0.774589 0.012319
vt 0.760855 0.010628
vt 0.760754 0.008335
vt 0.748633 0.010229
vt 0.748277 0.008060
vt 0.734356 0.011462
vt 0.734020 0.007510
vt 0.722004 0.011316
vt 0.721907 0.008768
vt 0.709137 0.011673
vt 0.708911 0.009251
vt 0.696780 0.012037
vt 0.696684 0.009362
vt 0.682129 0.012501
vt 0.663173 0.010876
vt 0.681903 0.010079
vt 0.642537 0.011270
vt 0.662635 0.013290
vt 0.217135 0.083904
vt 0.219783 0.083515
vt 0.220211 0.063955
vt 0.218747 0.044402
vt 0.194494 0.037809
vt 0.195908 0.044491
vt 0.189298 0.032025
vt 0.182218 0.028519
vt 0.169865 0.031848
vt 0.175406 0.029051
vt 0.165969 0.035901
vt 0.163472 0.042725
vt 0.164385 0.050292
vt 0.168067 0.056083
vt 0.173253 0.059343
vt 0.179946 0.060705
vt 0.191411 0.055992
vt 0.185369 0.059927
vt 0.194545 0.050932
vt 0.904819 0.016530
vt 0.905659 0.085692
vt 0.137288 0.155761
vt 0.898315 0.017344
vt 0.880998 0.017140
vt 0.880655 0.013825
vt 0.898359 0.013652
vt 0.904856 0.013474
vt 0.881458 0.086043
vt 0.140805 0.151710
vt 0.126649 0.038942
vt 0.124008 0.050961
vt 0.117453 0.055988
vt 0.100268 0.060700
vt 0.645607 0.890015
vt 0.655936 0.883241
vt 0.101513 0.032075
vt 0.102133 0.008285
vt 0.119409 0.007612
vt 0.664709 0.886905
vt 0.660822 0.889571
vt 0.665820 0.892791
vt 0.126141 0.008262
vt 0.126799 0.022885
vt 0.109452 0.059955
vt 0.516194 0.439718
vt 0.494982 0.439607
vt 0.990424 0.014483
vt 0.990256 0.017920
vt 0.976255 0.017245
vt 0.095176 0.196809
vt 0.094600 0.210818
vt 0.975781 0.014311
vt 0.959539 0.084799
vt 0.990305 0.035368
vt 0.990141 0.060072
vt 0.990751 0.083894
vt 0.976481 0.084490
vt 0.709775 0.022379
vt 0.722258 0.022144
vt 0.748754 0.021565
vt 0.788480 0.022288
vt 0.761104 0.021838
vt 0.682382 0.023456
vt 0.663397 0.024251
vt 0.697671 0.022872
vt 0.215282 0.029526
vt 0.206918 0.020221
vt 0.196294 0.013953
vt 0.183411 0.010723
vt 0.168404 0.012926
vt 0.157444 0.017638
vt 0.148145 0.027643
vt 0.142140 0.040789
vt 0.140677 0.054044
vt 0.772384 0.080426
vt 0.774797 0.091788
vt 0.761288 0.092648
vt 0.759502 0.082057
vt 0.749427 0.094036
vt 0.748285 0.082943
vt 0.734007 0.095000
vt 0.733372 0.084041
vt 0.720385 0.094585
vt 0.720382 0.084015
vt 0.707792 0.093290
vt 0.680594 0.088639
vt 0.661660 0.085105
vt 0.663445 0.074173
vt 0.695465 0.091107
vt 0.683011 0.078097
vt 0.708934 0.082861
vt 0.674342 0.428023
vt 0.667604 0.428023
vt 0.667729 0.415857
vt 0.659743 0.428023
vt 0.651758 0.428023
vt 0.651633 0.415857
vt 0.644895 0.428023
vt 0.644646 0.415857
vt 0.638656 0.428023
vt 0.633042 0.428023
vt 0.632792 0.415857
vt 0.625680 0.428023
vt 0.624931 0.415857
vt 0.618069 0.428023
vt 0.617445 0.415857
vt 0.611081 0.428023
vt 0.610333 0.415857
vt 0.604967 0.428023
vt 0.604094 0.415857
vt 0.598105 0.428023
vt 0.592490 0.428023
vt 0.592240 0.415857
vt 0.585378 0.428023
vt 0.585128 0.415857
vt 0.687069 0.428023
vt 0.681080 0.428023
vt 0.681329 0.415857
vt 0.674841 0.415857
vt 0.961458 0.555605
vt 0.955906 0.554716
vt 0.955906 0.552495
vt 0.951019 0.555382
vt 0.033378 0.177761
vt 0.035248 0.184358
vt 0.040075 0.189533
vt 0.047340 0.193061
vt 0.054376 0.192304
vt 0.060395 0.189075
vt 0.064283 0.183812
vt 0.066067 0.177019
vt 0.064694 0.170269
vt 0.061121 0.164901
vt 0.055891 0.161643
vt 0.049139 0.160615
vt 0.043510 0.161675
vt 0.037889 0.165262
vt 0.034512 0.170623
vt 0.607518 0.401652
vt 0.600655 0.401652
vt 0.600156 0.389300
vt 0.614630 0.401652
vt 0.606644 0.389300
vt 0.622366 0.389300
vt 0.622740 0.401652
vt 0.629728 0.401652
vt 0.635966 0.389300
vt 0.636466 0.401652
vt 0.642954 0.401652
vt 0.649692 0.389300
vt 0.649941 0.401652
vt 0.656804 0.401652
vt 0.663167 0.401652
vt 0.656679 0.389300
vt 0.669406 0.401652
vt 0.663043 0.389300
vt 0.676269 0.401652
vt 0.669157 0.389300
vt 0.682507 0.389300
vt 0.682258 0.401652
vt 0.688996 0.389300
vt 0.688871 0.401652
vt 0.593543 0.401652
vt 0.587180 0.401652
vt 0.586306 0.389300
vt 0.955906 0.487971
vt 0.962125 0.486527
vt 0.962791 0.488304
vt 0.949798 0.488748
vt 0.950464 0.486972
vt 0.787045 0.079070
vt 0.801328 0.077456
vt 0.801958 0.088798
vt 0.788951 0.090300
vt 0.802217 0.023724
vt 0.825546 0.086402
vt 0.140391 0.077642
vt 0.824663 0.074930
vt 0.826603 0.072406
vt 0.846728 0.018136
vt 0.847713 0.085772
vt 0.847157 0.014194
vt 0.826076 0.030755
vt 0.824067 0.028312
vt 0.822518 0.030077
vt 0.823897 0.031876
vt 0.966012 0.538946
vt 0.966678 0.503519
vt 0.988556 0.504074
vt 0.801226 0.075290
vt 0.971454 0.563045
vt 0.988778 0.560158
vt 0.987446 0.572818
vt 0.970565 0.570264
vt 0.969343 0.563823
vt 0.786557 0.077282
vt 0.972786 0.570375
vt 0.982226 0.583702
vt 0.968233 0.576705
vt 0.772529 0.078899
vt 0.970232 0.577927
vt 0.973786 0.591587
vt 0.965790 0.582369
vt 0.964457 0.580481
vt 0.759014 0.080268
vt 0.964901 0.594808
vt 0.959904 0.582591
vt 0.733647 0.082261
vt 0.748051 0.081157
vt 0.960459 0.584701
vt 0.952463 0.596807
vt 0.953796 0.582924
vt 0.720788 0.081982
vt 0.953462 0.585146
vt 0.941579 0.594141
vt 0.947132 0.580037
vt 0.823158 0.073002
vt 0.824446 0.071743
vt 0.967678 0.556937
vt 0.966012 0.558492
vt 0.962236 0.553494
vt 0.966234 0.540723
vt 0.988556 0.540834
vt 0.988667 0.539057
vt 0.967233 0.501520
vt 0.966567 0.483862
vt 0.967900 0.485195
vt 0.988889 0.501964
vt 0.988778 0.483640
vt 0.971231 0.479753
vt 0.969343 0.479086
vt 0.801805 0.026266
vt 0.987890 0.471424
vt 0.970454 0.473201
vt 0.972342 0.473089
vt 0.773713 0.021732
vt 0.788073 0.024321
vt 0.982781 0.460096
vt 0.968788 0.466981
vt 0.773686 0.024024
vt 0.974785 0.452433
vt 0.970454 0.466093
vt 0.964790 0.462983
vt 0.966012 0.461540
vt 0.749108 0.023989
vt 0.965456 0.447991
vt 0.959904 0.460096
vt 0.735097 0.024206
vt 0.734995 0.022039
vt 0.953462 0.446214
vt 0.960459 0.458319
vt 0.953684 0.459874
vt 0.953462 0.457986
vt 0.722359 0.024437
vt 0.942801 0.448324
vt 0.946910 0.462317
vt 0.709872 0.024927
vt 0.698023 0.025424
vt 0.926920 0.461317
vt 0.933472 0.453766
vt 0.941246 0.466648
vt 0.943023 0.467537
vt 0.945799 0.460873
vt 0.682607 0.026006
vt 0.939358 0.472867
vt 0.941246 0.473089
vt 0.923255 0.474089
vt 0.940469 0.480197
vt 0.942246 0.479531
vt 0.663496 0.026672
vt 0.648100 0.025471
vt 0.642580 0.083224
vt 0.648448 0.071577
vt 0.616907 0.014024
vt 0.615964 0.083164
vt 0.552933 0.082421
vt 0.642504 0.014071
vt 0.646800 0.027748
vt 0.553104 0.014035
vt 0.553006 0.011487
vt 0.616558 0.011218
vt 0.219753 0.172980
vt 0.219509 0.110267
vt 0.647073 0.069395
vt 0.527631 0.014244
vt 0.527468 0.081993
vt 0.512666 0.084493
vt 0.512832 0.081183
vt 0.213161 0.197485
vt 0.513104 0.014964
vt 0.512887 0.011777
vt 0.335727 0.449269
vt 0.334949 0.446048
vt 0.671895 0.445271
vt 0.670451 0.448936
vt 0.668119 0.449491
vt 0.530743 0.197462
vt 0.509574 0.033515
vt 0.509242 0.029309
vt 0.513210 0.027573
vt 0.670229 0.442050
vt 0.512849 0.068958
vt 0.508917 0.067638
vt 0.509982 0.063702
vt 0.336282 0.442717
vt 0.530632 0.163923
vt 0.533520 0.167476
vt 0.530410 0.193797
vt 0.709220 0.080190
vt 0.942912 0.574817
vt 0.945799 0.581814
vt 0.697264 0.078902
vt 0.940913 0.575817
vt 0.933361 0.588255
vt 0.926253 0.580814
vt 0.939025 0.568709
vt 0.941246 0.568709
vt 0.696863 0.080553
vt 0.940580 0.562268
vt 0.942690 0.563156
vt 0.923255 0.568265
vt 0.922589 0.552051
vt 0.682528 0.075799
vt 0.944245 0.485528
vt 0.945466 0.484084
vt 0.650117 0.027278
vt 0.922366 0.490525
vt 0.944911 0.501742
vt 0.922478 0.504074
vt 0.922366 0.502297
vt 0.649079 0.028921
vt 0.922922 0.538946
vt 0.945133 0.503630
vt 0.649498 0.068915
vt 0.945577 0.558603
vt 0.944023 0.556937
vt 0.650502 0.070200
vt 0.663978 0.072142
vt 0.945133 0.541500
vt 0.945466 0.539279
vt 0.470327 0.443716
vt 0.472326 0.439940
vt 0.474658 0.439718
vt 0.338341 0.892998
vt 0.341068 0.889155
vt 0.522746 0.988893
vt 0.483099 0.932143
vt 0.590268 0.445271
vt 0.533741 0.439718
vt 0.349387 0.442272
vt 0.173338 0.210637
vt 0.429172 0.867032
vt 0.900182 0.085754
vt 0.937576 0.014242
vt 0.659868 0.415857
vt 0.638906 0.415857
vt 0.597730 0.415857
vt 0.687568 0.415857
vt 0.950353 0.553272
vt 0.614131 0.389300
vt 0.629353 0.389300
vt 0.642330 0.389300
vt 0.676144 0.389300
vt 0.592670 0.389300
vt 0.956017 0.489859
vt 0.761079 0.024003
vt 0.527665 0.011315
vt 0.530410 0.167476
vt 0.922700 0.540279
vt 0.097842 0.964127
vt 0.081406 0.964127
vt 0.081406 0.402625
vt 0.097842 0.402625
vt 0.081406 0.393519
vt 0.115833 0.964127
vt 0.115833 0.402625
vt 0.097842 0.393519
vt 0.133047 0.964127
vt 0.133047 0.393519
vt 0.133047 0.402625
vt 0.149928 0.964127
vt 0.149928 0.402625
vt 0.167252 0.964127
vt 0.167252 0.402625
vt 0.149928 0.393519
vt 0.185244 0.402625
vt 0.167252 0.393519
vt 0.185244 0.964127
vt 0.200125 0.402625
vt 0.185244 0.393519
vt 0.200125 0.964127
vt 0.217561 0.402625
vt 0.200125 0.393519
vt 0.217561 0.964127
vt 0.236552 0.402625
vt 0.217561 0.393519
vt 0.236552 0.964127
vt 0.253655 0.402625
vt 0.236552 0.393519
vt 0.253655 0.964127
vt 0.271868 0.402625
vt 0.253655 0.393519
vt 0.271868 0.964127
vt 0.288304 0.402625
vt 0.271868 0.393519
vt 0.288304 0.964127
vt 0.306629 0.402625
vt 0.288304 0.393519
vt 0.306629 0.964127
vt 0.325952 0.402625
vt 0.306629 0.393519
vt 0.063526 0.964127
vt 0.047200 0.964127
vt 0.047200 0.402625
vt 0.063526 0.402625
vt 0.063526 0.393519
vt 0.047200 0.393519
vt 0.028432 0.964127
vt 0.028432 0.393519
vt 0.008997 0.964127
vt 0.008997 0.402625
vt 0.028432 0.402625
vt 0.008997 0.393519
vt 0.115833 0.385522
vt 0.133047 0.385522
vt 0.115833 0.393519
vt 0.081406 0.385522
vt 0.097842 0.385522
vt 0.063526 0.385522
vt 0.047200 0.385522
vt 0.008997 0.385522
vt 0.028432 0.385522
vt 0.325952 0.385522
vt 0.325952 0.393519
vt 0.306629 0.385522
vt 0.288304 0.385522
vt 0.271868 0.385522
vt 0.253655 0.385522
vt 0.236552 0.385522
vt 0.217561 0.385522
vt 0.185244 0.385522
vt 0.200125 0.385522
vt 0.167252 0.385522
vt 0.149928 0.385522
vt 0.115833 0.248590
vt 0.133047 0.248590
vt 0.097842 0.248590
vt 0.081406 0.248590
vt 0.063526 0.248590
vt 0.028432 0.248590
vt 0.047200 0.248590
vt 0.008997 0.248590
vt 0.306629 0.248590
vt 0.325952 0.248590
vt 0.288304 0.248590
vt 0.271868 0.248590
vt 0.253655 0.248590
vt 0.236552 0.248590
vt 0.200125 0.248590
vt 0.217561 0.248590
vt 0.167252 0.248590
vt 0.185244 0.248590
vt 0.115833 0.243703
vt 0.097842 0.243703
vt 0.063526 0.243703
vt 0.047200 0.243703
vt 0.028432 0.243703
vt 0.008997 0.243703
vt 0.306629 0.243703
vt 0.288304 0.243703
vt 0.271868 0.243703
vt 0.236552 0.243703
vt 0.217561 0.243703
vt 0.200125 0.243703
vt 0.167252 0.243703
vt 0.149928 0.248590
vt 0.133047 0.243703
vt 0.133047 0.230265
vt 0.097842 0.230265
vt 0.081406 0.243703
vt 0.063526 0.230265
vt 0.028432 0.230265
vt 0.325952 0.230265
vt 0.325952 0.243703
vt 0.306629 0.230265
vt 0.271868 0.230265
vt 0.253655 0.243703
vt 0.253655 0.230265
vt 0.236552 0.230265
vt 0.200125 0.230265
vt 0.185244 0.243703
vt 0.167252 0.230265
vt 0.149928 0.243703
vt 0.133047 0.226711
vt 0.115833 0.230265
vt 0.097842 0.226711
vt 0.081406 0.230265
vt 0.081406 0.226711
vt 0.063526 0.226711
vt 0.047200 0.230265
vt 0.028432 0.226711
vt 0.008997 0.230265
vt 0.306629 0.226711
vt 0.288304 0.230265
vt 0.288304 0.226711
vt 0.271868 0.226711
vt 0.253655 0.226711
vt 0.236552 0.226711
vt 0.217561 0.230265
vt 0.200125 0.226711
vt 0.185244 0.230265
vt 0.167252 0.226711
vt 0.149928 0.230265
vt 0.345535 0.326176
vt 0.358973 0.326176
vt 0.358973 0.426794
vt 0.331875 0.326176
vt 0.345535 0.426794
vt 0.565316 0.326176
vt 0.577199 0.326176
vt 0.577199 0.426794
vt 0.552656 0.326176
vt 0.565316 0.426794
vt 0.537774 0.326176
vt 0.552656 0.426794
vt 0.523448 0.426794
vt 0.523448 0.326176
vt 0.511232 0.326176
vt 0.511232 0.426794
vt 0.523448 0.431791
vt 0.498349 0.326176
vt 0.485245 0.326176
vt 0.498349 0.426794
vt 0.471585 0.426794
vt 0.471585 0.326176
vt 0.456148 0.326176
vt 0.440489 0.326176
vt 0.456148 0.426794
vt 0.427273 0.426794
vt 0.427273 0.326176
vt 0.415057 0.326176
vt 0.402063 0.426794
vt 0.402063 0.326176
vt 0.386848 0.326176
vt 0.402063 0.431791
vt 0.386848 0.431791
vt 0.373188 0.426794
vt 0.373188 0.326176
vt 0.456148 0.431791
vt 0.577199 0.431791
vt 0.565316 0.431791
vt 0.269709 0.136296
vt 0.272485 0.211592
vt 0.257492 0.208816
vt 0.471585 0.431791
vt 0.485245 0.426794
vt 0.258603 0.138961
vt 0.246831 0.202152
vt 0.537774 0.426794
vt 0.537774 0.431791
vt 0.485245 0.431791
vt 0.552656 0.431791
vt 0.238724 0.156286
vt 0.247831 0.145402
vt 0.239390 0.192379
vt 0.235837 0.180941
vt 0.234060 0.170279
vt 0.511232 0.431791
vt 0.498349 0.431791
vt 0.331875 0.431791
vt 0.331875 0.426794
vt 0.283591 0.138517
vt 0.440489 0.426794
vt 0.345535 0.431791
vt 0.286923 0.208150
vt 0.294585 0.144181
vt 0.440489 0.431791
vt 0.427273 0.431791
vt 0.415057 0.426794
vt 0.415057 0.431791
vt 0.296584 0.202263
vt 0.303248 0.153732
vt 0.308134 0.166281
vt 0.308468 0.181052
vt 0.304136 0.192713
vt 0.386848 0.426794
vt 0.373188 0.431791
vt 0.358973 0.431791
vt 0.167252 0.970902
vt 0.236552 0.970902
vt 0.217561 0.970902
vt 0.115833 0.970902
vt 0.097842 0.970902
vt 0.253655 0.970902
vt 0.081406 0.970902
vt 0.271868 0.970902
vt 0.063526 0.970902
vt 0.288304 0.970902
vt 0.047200 0.970902
vt 0.325952 0.964127
vt 0.325952 0.970902
vt 0.306629 0.970902
vt 0.028432 0.970902
vt 0.008997 0.970902
vt 0.200125 0.970902
vt 0.185244 0.970902
vt 0.133047 0.970902
vt 0.149928 0.970902
vt 0.149928 0.980342
vt 0.185244 0.980342
vt 0.200125 0.980342
vt 0.236552 0.980342
vt 0.097842 0.980342
vt 0.081406 0.980342
vt 0.271868 0.980342
vt 0.288304 0.980342
vt 0.047200 0.980342
vt 0.306629 0.980342
vt 0.325952 0.980342
vt 0.008997 0.980342
vt 0.133047 0.980342
vt 0.149928 0.984007
vt 0.167252 0.980342
vt 0.185244 0.984007
vt 0.200125 0.984007
vt 0.217561 0.980342
vt 0.236552 0.984007
vt 0.097842 0.984007
vt 0.115833 0.980342
vt 0.253655 0.980342
vt 0.271868 0.984007
vt 0.063526 0.980342
vt 0.081406 0.984007
vt 0.288304 0.984007
vt 0.047200 0.984007
vt 0.306629 0.984007
vt 0.325952 0.984007
vt 0.028432 0.980342
vt 0.028432 0.984007
vt 0.133047 0.984007
vt 0.149928 0.991003
vt 0.167252 0.984007
vt 0.185244 0.991003
vt 0.200125 0.991003
vt 0.217561 0.984007
vt 0.236552 0.991003
vt 0.097842 0.991003
vt 0.115833 0.984007
vt 0.253655 0.984007
vt 0.271868 0.991003
vt 0.063526 0.984007
vt 0.081406 0.991003
vt 0.288304 0.991003
vt 0.047200 0.991003
vt 0.306629 0.991003
vt 0.325952 0.991003
vt 0.008997 0.984007
vt 0.028432 0.991003
vt 0.133047 0.991003
vt 0.897651 0.433610
vt 0.911422 0.433610
vt 0.911422 0.975344
vt 0.681757 0.433610
vt 0.694861 0.433610
vt 0.694861 0.971568
vt 0.706078 0.433610
vt 0.717073 0.433610
vt 0.717073 0.987560
vt 0.731177 0.433610
vt 0.731177 0.987005
vt 0.863667 0.433610
vt 0.875439 0.433610
vt 0.875439 0.987894
vt 0.743948 0.433610
vt 0.743948 0.987560
vt 0.851895 0.433610
vt 0.863667 0.987338
vt 0.757053 0.433610
vt 0.757053 0.987560
vt 0.839901 0.433610
vt 0.851895 0.987116
vt 0.770824 0.433610
vt 0.770824 0.985784
vt 0.827463 0.433610
vt 0.839901 0.985672
vt 0.784595 0.433610
vt 0.784595 0.985561
vt 0.800032 0.433610
vt 0.800032 0.987005
vt 0.814580 0.433610
vt 0.827463 0.987116
vt 0.814580 0.986339
vt 0.886434 0.433610
vt 0.897651 0.986450
vt 0.886434 0.987449
vt 0.743948 0.991003
vt 0.863667 0.991003
vt 0.911422 0.991003
vt 0.317687 0.046309
vt 0.246610 0.050862
vt 0.249387 0.037535
vt 0.814580 0.991003
vt 0.305359 0.024875
vt 0.313467 0.033759
vt 0.897651 0.991003
vt 0.886434 0.991003
vt 0.839901 0.991003
vt 0.276040 0.016657
vt 0.287701 0.016212
vt 0.296697 0.019322
vt 0.256050 0.027762
vt 0.265712 0.019877
vt 0.681757 0.976011
vt 0.694861 0.991003
vt 0.249609 0.065744
vt 0.784595 0.991003
vt 0.257050 0.076849
vt 0.317798 0.057970
vt 0.706078 0.987005
vt 0.717073 0.991003
vt 0.770824 0.991003
vt 0.731177 0.991003
vt 0.295142 0.085623
vt 0.282815 0.087622
vt 0.269488 0.085067
vt 0.313911 0.069519
vt 0.757053 0.991003
vt 0.115833 0.226711
vt 0.047200 0.226711
vt 0.008997 0.226711
vt 0.325952 0.226711
vt 0.217561 0.226711
vt 0.185244 0.226711
vt 0.149928 0.226711
vt 0.167252 0.991003
vt 0.217561 0.991003
vt 0.115833 0.991003
vt 0.253655 0.991003
vt 0.063526 0.991003
vt 0.008997 0.991003
vt 0.851895 0.991003
vt 0.800032 0.991003
vt 0.827463 0.991003
vt 0.875439 0.991003
vt 0.681757 0.991003
vt 0.706078 0.991003
vt 0.307247 0.077849
vt 0.430119 0.162465
vt 0.351269 0.162691
vt 0.351231 0.149364
vt 0.430156 0.175237
vt 0.430081 0.149139
vt 0.351196 0.137148
vt 0.351306 0.175463
vt 0.430191 0.187564
vt 0.430046 0.136923
vt 0.351159 0.124044
vt 0.351341 0.187790
vt 0.430228 0.200558
vt 0.430009 0.123818
vt 0.351124 0.111938
vt 0.351378 0.200783
vt 0.430263 0.212663
vt 0.429974 0.111713
vt 0.351085 0.098390
vt 0.351413 0.212889
vt 0.430302 0.226212
vt 0.429935 0.098164
vt 0.351044 0.083841
vt 0.351452 0.226437
vt 0.430343 0.240760
vt 0.429894 0.083616
vt 0.351005 0.070404
vt 0.351493 0.240986
vt 0.430382 0.254198
vt 0.429855 0.070178
vt 0.350969 0.057854
vt 0.351532 0.254424
vt 0.430417 0.266636
vt 0.429819 0.057629
vt 0.350934 0.045527
vt 0.351568 0.266862
vt 0.430453 0.278964
vt 0.429751 0.033640
vt 0.429784 0.045301
vt 0.351603 0.279189
vt 0.430486 0.290513
vt 0.350901 0.033866
vt 0.350866 0.021872
vt 0.351636 0.290739
vt 0.430520 0.302507
vt 0.351670 0.302733
vt 0.430554 0.314390
vt 0.429716 0.021646
vt 0.350833 0.010100
vt 0.433968 0.149128
vt 0.434006 0.162454
vt 0.434043 0.175226
vt 0.433933 0.136911
vt 0.434078 0.187553
vt 0.433896 0.123807
vt 0.434115 0.200547
vt 0.433861 0.111702
vt 0.434150 0.212652
vt 0.433822 0.098153
vt 0.434189 0.226201
vt 0.433781 0.083605
vt 0.434230 0.240749
vt 0.433706 0.057617
vt 0.433742 0.070167
vt 0.434269 0.254187
vt 0.434304 0.266625
vt 0.434340 0.278952
vt 0.433671 0.045290
vt 0.433638 0.033629
vt 0.434373 0.290502
vt 0.434407 0.302496
vt 0.434441 0.314379
vt 0.433603 0.021635
vt 0.429683 0.009874
vt 0.445740 0.149094
vt 0.445778 0.162421
vt 0.445815 0.175192
vt 0.445705 0.136878
vt 0.445850 0.187519
vt 0.445668 0.123773
vt 0.445887 0.200513
vt 0.445633 0.111668
vt 0.445922 0.212618
vt 0.445961 0.226167
vt 0.445594 0.098119
vt 0.445514 0.070133
vt 0.445553 0.083571
vt 0.446002 0.240715
vt 0.446041 0.254153
vt 0.445443 0.045256
vt 0.445478 0.057584
vt 0.446076 0.266591
vt 0.446112 0.278919
vt 0.445409 0.033596
vt 0.446145 0.290469
vt 0.445375 0.021601
vt 0.446179 0.302463
vt 0.445341 0.009829
vt 0.446213 0.314346
vt 0.450433 0.314334
vt 0.449562 0.009817
vt 0.450365 0.290456
vt 0.449630 0.033583
vt 0.450297 0.266579
vt 0.449663 0.045244
vt 0.450261 0.254141
vt 0.449698 0.057572
vt 0.449734 0.070121
vt 0.450181 0.226155
vt 0.449814 0.098107
vt 0.450142 0.212606
vt 0.449853 0.111656
vt 0.450070 0.187507
vt 0.449888 0.123761
vt 0.449925 0.136866
vt 0.449960 0.149082
vt 0.450035 0.175180
vt 0.509058 0.306760
vt 0.509161 0.316199
vt 0.468961 0.316641
vt 0.466531 0.095318
vt 0.506731 0.094877
vt 0.506834 0.104316
vt 0.468858 0.307202
vt 0.468759 0.298207
vt 0.508959 0.297765
vt 0.506933 0.113311
vt 0.466733 0.113753
vt 0.466634 0.104758
vt 0.508864 0.289103
vt 0.507028 0.121973
vt 0.508771 0.280664
vt 0.468664 0.289545
vt 0.466828 0.122415
vt 0.507121 0.130413
vt 0.508674 0.271779
vt 0.468571 0.281105
vt 0.466921 0.130854
vt 0.507219 0.139297
vt 0.508561 0.261563
vt 0.468474 0.272221
vt 0.467018 0.139738
vt 0.507333 0.149735
vt 0.508454 0.251790
vt 0.468361 0.262004
vt 0.467133 0.150177
vt 0.507441 0.159508
vt 0.468254 0.252232
vt 0.468150 0.242793
vt 0.508350 0.242351
vt 0.507545 0.169058
vt 0.467345 0.169500
vt 0.467240 0.159949
vt 0.468044 0.233131
vt 0.507652 0.178720
vt 0.508244 0.232690
vt 0.467945 0.224136
vt 0.467451 0.179161
vt 0.507750 0.187715
vt 0.508145 0.223695
vt 0.467847 0.215141
vt 0.467649 0.197151
vt 0.467550 0.188156
vt 0.467748 0.206146
vt 0.507849 0.196710
vt 0.508047 0.214700
vt 0.347566 0.149375
vt 0.347605 0.162702
vt 0.347531 0.137159
vt 0.347641 0.175473
vt 0.347676 0.187800
vt 0.347494 0.124054
vt 0.347714 0.200794
vt 0.347459 0.111949
vt 0.347421 0.098400
vt 0.347748 0.212899
vt 0.347379 0.083852
vt 0.347829 0.240996
vt 0.347787 0.226448
vt 0.347340 0.070414
vt 0.347867 0.254434
vt 0.347304 0.057865
vt 0.347903 0.266872
vt 0.347269 0.045537
vt 0.347938 0.279200
vt 0.347236 0.033877
vt 0.347971 0.290749
vt 0.348005 0.302743
vt 0.351704 0.314616
vt 0.347202 0.021882
vt 0.337832 0.162730
vt 0.337793 0.149403
vt 0.337868 0.175501
vt 0.337759 0.137187
vt 0.337903 0.187828
vt 0.337721 0.124082
vt 0.337941 0.200822
vt 0.337686 0.111977
vt 0.337975 0.212927
vt 0.337648 0.098428
vt 0.338014 0.226476
vt 0.337606 0.083880
vt 0.338056 0.241024
vt 0.337568 0.070442
vt 0.338094 0.254462
vt 0.337532 0.057893
vt 0.338130 0.266900
vt 0.337496 0.045565
vt 0.338165 0.279228
vt 0.337463 0.033905
vt 0.338198 0.290777
vt 0.337429 0.021910
vt 0.337395 0.010138
vt 0.338232 0.302771
vt 0.348039 0.314627
vt 0.989588 0.851053
vt 0.989588 0.862714
vt 0.986590 0.862714
vt 0.989588 0.874375
vt 0.989588 0.840614
vt 0.986590 0.851053
vt 0.989588 0.884926
vt 0.986590 0.884926
vt 0.986590 0.829508
vt 0.989588 0.829508
vt 0.989588 0.895920
vt 0.986590 0.895920
vt 0.989588 0.819069
vt 0.989588 0.906582
vt 0.989588 0.808963
vt 0.986590 0.819069
vt 0.986590 0.906582
vt 0.989588 0.916577
vt 0.989588 0.795525
vt 0.986590 0.808963
vt 0.989588 0.930237
vt 0.986590 0.930237
vt 0.989588 0.785086
vt 0.986590 0.795525
vt 0.989588 0.940787
vt 0.986590 0.940787
vt 0.989588 0.774313
vt 0.986590 0.785086
vt 0.989588 0.951782
vt 0.986590 0.951782
vt 0.989588 0.764096
vt 0.986590 0.774313
vt 0.989588 0.962221
vt 0.986590 0.962221
vt 0.989588 0.754434
vt 0.986590 0.764096
vt 0.989588 0.972105
vt 0.986590 0.972105
vt 0.989588 0.743995
vt 0.986590 0.754434
vt 0.989588 0.982877
vt 0.986590 0.982877
vt 0.989588 0.733555
vt 0.986590 0.743995
vt 0.989588 0.993650
vt 0.986590 0.993650
vt 0.967821 0.862714
vt 0.986590 0.874375
vt 0.967821 0.840614
vt 0.986590 0.840614
vt 0.967821 0.884926
vt 0.967821 0.819069
vt 0.967821 0.906582
vt 0.986590 0.916577
vt 0.967821 0.808963
vt 0.967821 0.916577
vt 0.967821 0.795525
vt 0.967821 0.930237
vt 0.967821 0.774313
vt 0.967821 0.951782
vt 0.967821 0.764096
vt 0.967821 0.972105
vt 0.967821 0.754434
vt 0.986590 0.733555
vt 0.967821 0.743995
vt 0.967821 0.993650
vt 0.967821 0.874375
vt 0.965600 0.874375
vt 0.965600 0.851053
vt 0.967821 0.851053
vt 0.965600 0.884926
vt 0.967821 0.895920
vt 0.967821 0.829508
vt 0.965600 0.840614
vt 0.965600 0.906582
vt 0.965600 0.819069
vt 0.965600 0.916577
vt 0.965600 0.808963
vt 0.965600 0.930237
vt 0.965600 0.795525
vt 0.967821 0.940787
vt 0.965600 0.940787
vt 0.967821 0.785086
vt 0.965600 0.951782
vt 0.965600 0.774313
vt 0.967821 0.962221
vt 0.965600 0.962221
vt 0.965600 0.972105
vt 0.965600 0.754434
vt 0.967821 0.982877
vt 0.965600 0.982877
vt 0.965600 0.743995
vt 0.965600 0.733555
vt 0.967821 0.733555
vt 0.965600 0.993650
vt 0.965600 0.862714
vt 0.962046 0.862714
vt 0.962046 0.851053
vt 0.962046 0.874375
vt 0.962046 0.840614
vt 0.962046 0.884926
vt 0.962046 0.829508
vt 0.962046 0.895920
vt 0.965600 0.829508
vt 0.962046 0.819069
vt 0.962046 0.906582
vt 0.965600 0.895920
vt 0.962046 0.808963
vt 0.962046 0.916577
vt 0.962046 0.795525
vt 0.965600 0.785086
vt 0.962046 0.930237
vt 0.962046 0.785086
vt 0.962046 0.940787
vt 0.965600 0.764096
vt 0.962046 0.774313
vt 0.962046 0.951782
vt 0.962046 0.764096
vt 0.962046 0.754434
vt 0.962046 0.972105
vt 0.962046 0.962221
vt 0.962046 0.743995
vt 0.962046 0.982877
vt 0.962046 0.993650
vt 0.962046 0.733555
vt 0.920419 0.991003
vt 0.920419 0.981230
vt 0.943963 0.979898
vt 0.943963 0.766447
vt 0.920419 0.765558
vt 0.920419 0.755785
vt 0.920419 0.971679
vt 0.943963 0.970569
vt 0.943963 0.775775
vt 0.920419 0.775109
vt 0.943963 0.961462
vt 0.943963 0.784882
vt 0.920419 0.784660
vt 0.943963 0.952467
vt 0.920419 0.962240
vt 0.943963 0.793989
vt 0.943963 0.942694
vt 0.920419 0.952467
vt 0.943963 0.803651
vt 0.920419 0.804206
vt 0.943963 0.933143
vt 0.920419 0.942582
vt 0.943963 0.813202
vt 0.943963 0.920704
vt 0.920419 0.933143
vt 0.943963 0.825640
vt 0.920419 0.825973
vt 0.943963 0.912264
vt 0.920419 0.920815
vt 0.943963 0.834080
vt 0.943963 0.902380
vt 0.920419 0.912597
vt 0.943963 0.843964
vt 0.920419 0.844186
vt 0.943963 0.893051
vt 0.920419 0.902602
vt 0.943963 0.853404
vt 0.943963 0.883389
vt 0.920419 0.892829
vt 0.920419 0.853959
vt 0.943963 0.862955
vt 0.943963 0.873172
vt 0.920419 0.883834
vt 0.920419 0.863066
vt 0.414523 0.932036
vt 0.420742 0.928260
vt 0.424740 0.937144
vt 0.405527 0.913822
vt 0.414301 0.919930
vt 0.408304 0.924484
vt 0.357884 0.933590
vt 0.350665 0.930148
vt 0.356773 0.921929
vt 0.418632 0.940032
vt 0.426517 0.948028
vt 0.425295 0.959022
vt 0.421853 0.968129
vt 0.415411 0.964575
vt 0.419076 0.956468
vt 0.407415 0.983344
vt 0.403639 0.977347
vt 0.409636 0.972460
vt 0.415855 0.976791
vt 0.386536 0.989230
vt 0.386425 0.981456
vt 0.396198 0.980789
vt 0.399530 0.987453
vt 0.366768 0.984010
vt 0.369656 0.978013
vt 0.377652 0.980567
vt 0.376541 0.988119
vt 0.358328 0.977791
vt 0.351665 0.969906
vt 0.358772 0.966130
vt 0.347889 0.960355
vt 0.355552 0.957357
vt 0.345779 0.950138
vt 0.347334 0.939921
vt 0.355107 0.942475
vt 0.364880 0.915377
vt 0.368101 0.921152
vt 0.375986 0.918153
vt 0.374431 0.910713
vt 0.384426 0.909047
vt 0.384649 0.916821
vt 0.394421 0.916932
vt 0.397420 0.910157
vt 0.401973 0.919930
vt 0.419742 0.948250
vt 0.404417 0.948694
vt 0.402307 0.940365
vt 0.402640 0.957134
vt 0.395310 0.934035
vt 0.395976 0.963798
vt 0.386536 0.932036
vt 0.387314 0.966130
vt 0.377874 0.934257
vt 0.361993 0.926594
vt 0.378540 0.964242
vt 0.371433 0.940254
vt 0.363326 0.972904
vt 0.371877 0.958578
vt 0.368878 0.949471
vt 0.354219 0.949916
vt 0.371211 0.949471
vt 0.373765 0.957801
vt 0.373321 0.940920
vt 0.379096 0.935256
vt 0.379762 0.963243
vt 0.394421 0.935589
vt 0.387536 0.964575
vt 0.399974 0.941253
vt 0.400308 0.956246
vt 0.402418 0.948694
vt 0.977690 0.680001
vt 0.921717 0.680001
vt 0.921717 0.671782
vt 0.921717 0.663453
vt 0.921717 0.655013
vt 0.977690 0.655013
vt 0.977690 0.671782
vt 0.921717 0.646906
vt 0.977690 0.646906
vt 0.977690 0.638577
vt 0.977690 0.688330
vt 0.977690 0.630692
vt 0.921717 0.638577
vt 0.921717 0.688330
vt 0.977690 0.696215
vt 0.921717 0.630692
vt 0.921717 0.622029
vt 0.921717 0.704766
vt 0.921717 0.696215
vt 0.977690 0.622029
vt 0.921717 0.614699
vt 0.921717 0.712762
vt 0.977690 0.704766
vt 0.977690 0.663453
vt 0.982465 0.663453
vt 0.664371 0.985046
vt 0.657042 0.986934
vt 0.656931 0.958059
vt 0.977690 0.712762
vt 0.982465 0.704766
vt 0.649712 0.985046
vt 0.982465 0.622029
vt 0.977690 0.614699
vt 0.982465 0.671782
vt 0.982465 0.680001
vt 0.664149 0.959614
vt 0.669924 0.965944
vt 0.671479 0.972719
vt 0.669591 0.980270
vt 0.982465 0.696215
vt 0.982465 0.655013
vt 0.982465 0.646906
vt 0.644048 0.966055
vt 0.649712 0.959725
vt 0.644492 0.980270
vt 0.642493 0.972830
vt 0.982465 0.630692
vt 0.510575 0.192126
vt 0.510270 0.164364
vt 0.509947 0.134935
vt 0.509805 0.121943
vt 0.620669 0.979990
vt 0.621446 0.930903
vt 0.628776 0.943008
vt 0.510109 0.149705
vt 0.631775 0.956890
vt 0.627887 0.969884
vt 0.510428 0.178689
vt 0.509663 0.109061
vt 0.509507 0.094846
vt 0.598124 0.988431
vt 0.598569 0.921574
vt 0.610452 0.924462
vt 0.610563 0.986320
vt 0.510724 0.205674
vt 0.507948 0.205705
vt 0.511783 0.302066
vt 0.510872 0.219111
vt 0.511938 0.316169
vt 0.586686 0.924240
vt 0.511632 0.288295
vt 0.575691 0.979768
vt 0.575580 0.930570
vt 0.511021 0.232659
vt 0.511179 0.247096
vt 0.511501 0.276413
vt 0.568028 0.942564
vt 0.511338 0.261532
vt 0.568694 0.969551
vt 0.564918 0.956446
vt 0.433570 0.009863
vt 0.450399 0.302450
vt 0.449595 0.021589
vt 0.450332 0.278907
vt 0.450222 0.240703
vt 0.449773 0.083559
vt 0.450107 0.200501
vt 0.449998 0.162409
vt 0.347168 0.010110
vt 0.338266 0.314655
vt 0.943963 0.990337
vt 0.943963 0.756007
vt 0.920419 0.794322
vt 0.920419 0.813646
vt 0.920419 0.834191
vt 0.920419 0.873394
vt 0.386759 0.933590
vt 0.394977 0.962243
vt 0.982465 0.712762
vt 0.982465 0.614699
vt 0.982465 0.688330
vt 0.982465 0.638577
vt 0.585797 0.986209
vt 0.804750 0.424333
vt 0.794848 0.415058
vt 0.794848 0.424333
vt 0.804750 0.415058
vt 0.794848 0.406089
vt 0.804750 0.406089
vt 0.794848 0.397132
vt 0.804750 0.397132
vt 0.794848 0.388133
vt 0.785256 0.415058
vt 0.785256 0.424333
vt 0.785256 0.406089
vt 0.785256 0.397132
vt 0.785256 0.388133
vt 0.775521 0.415058
vt 0.775521 0.424333
vt 0.775521 0.406089
vt 0.775521 0.397132
vt 0.775521 0.388133
vt 0.765928 0.415058
vt 0.765928 0.424333
vt 0.765928 0.406089
vt 0.765928 0.397132
vt 0.765928 0.388133
vt 0.756193 0.415058
vt 0.756193 0.424333
vt 0.756193 0.406089
vt 0.756193 0.397132
vt 0.756193 0.388133
vt 0.746601 0.415058
vt 0.746601 0.424333
vt 0.746601 0.406089
vt 0.746601 0.397132
vt 0.746601 0.388133
vt 0.736865 0.415058
vt 0.736865 0.424333
vt 0.736865 0.406089
vt 0.736865 0.397132
vt 0.736865 0.388133
vt 0.727130 0.415058
vt 0.727130 0.424333
vt 0.727130 0.406089
vt 0.727130 0.397132
vt 0.727130 0.388133
vt 0.717538 0.415058
vt 0.717538 0.424333
vt 0.717538 0.406089
vt 0.717538 0.397132
vt 0.717538 0.388133
vt 0.707802 0.415058
vt 0.707802 0.424333
vt 0.707802 0.406089
vt 0.707802 0.397132
vt 0.707802 0.388133
vt 0.698211 0.415058
vt 0.698211 0.424333
vt 0.698211 0.406089
vt 0.698211 0.397132
vt 0.698211 0.388133
vt 0.841018 0.338642
vt 0.831283 0.329368
vt 0.831283 0.338642
vt 0.841018 0.329368
vt 0.831283 0.320399
vt 0.841018 0.320399
vt 0.831283 0.311441
vt 0.841018 0.311441
vt 0.831283 0.302443
vt 0.821691 0.329368
vt 0.821691 0.338642
vt 0.821691 0.320399
vt 0.821691 0.311441
vt 0.821691 0.302443
vt 0.811956 0.329368
vt 0.811956 0.338642
vt 0.811956 0.320399
vt 0.811956 0.311441
vt 0.811956 0.302443
vt 0.802220 0.329368
vt 0.802220 0.338642
vt 0.802220 0.320399
vt 0.802220 0.311441
vt 0.802220 0.302443
vt 0.792628 0.329368
vt 0.792628 0.338642
vt 0.792628 0.320399
vt 0.792628 0.311441
vt 0.792628 0.302443
vt 0.782893 0.329368
vt 0.782893 0.338642
vt 0.782893 0.320399
vt 0.782893 0.311441
vt 0.782893 0.302443
vt 0.773301 0.329368
vt 0.773301 0.338642
vt 0.773301 0.320399
vt 0.773301 0.311441
vt 0.773301 0.302443
vt 0.763565 0.329368
vt 0.763565 0.338642
vt 0.763565 0.320399
vt 0.763565 0.311441
vt 0.763565 0.302443
vt 0.753973 0.329368
vt 0.753973 0.338642
vt 0.753973 0.320399
vt 0.753973 0.311441
vt 0.753973 0.302443
vt 0.744238 0.329368
vt 0.744238 0.338642
vt 0.744238 0.320399
vt 0.744238 0.311441
vt 0.744238 0.302443
vt 0.734502 0.329368
vt 0.734502 0.338642
vt 0.734502 0.320399
vt 0.734502 0.311441
vt 0.734502 0.302443
vt 0.724910 0.329368
vt 0.724910 0.338642
vt 0.724910 0.320399
vt 0.724910 0.311441
vt 0.724910 0.302443
vt 0.715175 0.329368
vt 0.715175 0.338642
vt 0.715175 0.320399
vt 0.715175 0.311441
vt 0.715175 0.302443
vt 0.705583 0.329368
vt 0.705583 0.338642
vt 0.705583 0.320399
vt 0.705583 0.311441
vt 0.705583 0.302443
vt 0.695847 0.329368
vt 0.695847 0.338642
vt 0.695847 0.320399
vt 0.695847 0.311441
vt 0.695847 0.302443
vt 0.841881 0.381447
vt 0.832289 0.372173
vt 0.832289 0.381447
vt 0.841881 0.372173
vt 0.832289 0.363204
vt 0.841881 0.363204
vt 0.832289 0.354246
vt 0.841881 0.354246
vt 0.832289 0.345247
vt 0.822554 0.372173
vt 0.822554 0.381447
vt 0.822554 0.363204
vt 0.822554 0.354246
vt 0.822554 0.345247
vt 0.812962 0.372173
vt 0.812962 0.381447
vt 0.812962 0.363204
vt 0.812962 0.354246
vt 0.812962 0.345247
vt 0.803226 0.372173
vt 0.803226 0.381447
vt 0.803226 0.363204
vt 0.803226 0.354246
vt 0.803226 0.345247
vt 0.793491 0.372173
vt 0.793491 0.381447
vt 0.793491 0.363204
vt 0.793491 0.354246
vt 0.793491 0.345247
vt 0.783899 0.372173
vt 0.783899 0.381447
vt 0.783899 0.363204
vt 0.783899 0.354246
vt 0.783899 0.345247
vt 0.774163 0.372173
vt 0.774163 0.381447
vt 0.774163 0.363204
vt 0.774163 0.354246
vt 0.774163 0.345247
vt 0.764571 0.372173
vt 0.764571 0.381447
vt 0.764571 0.363204
vt 0.764571 0.354246
vt 0.764571 0.345247
vt 0.754836 0.372173
vt 0.754836 0.381447
vt 0.754836 0.363204
vt 0.754836 0.354246
vt 0.754836 0.345247
vt 0.745244 0.372173
vt 0.745244 0.381447
vt 0.745244 0.363204
vt 0.745244 0.354246
vt 0.745244 0.345247
vt 0.735509 0.372173
vt 0.735509 0.381447
vt 0.735509 0.363204
vt 0.735509 0.354246
vt 0.735509 0.345247
vt 0.725773 0.372173
vt 0.725773 0.381447
vt 0.725773 0.363204
vt 0.725773 0.354246
vt 0.725773 0.345247
vt 0.716181 0.372173
vt 0.716181 0.381447
vt 0.716181 0.363204
vt 0.716181 0.354246
vt 0.716181 0.345247
vt 0.706446 0.372173
vt 0.706446 0.381447
vt 0.706446 0.363204
vt 0.706446 0.354246
vt 0.706446 0.345247
vt 0.696853 0.372173
vt 0.696853 0.381447
vt 0.696853 0.363204
vt 0.696853 0.354246
vt 0.696853 0.345247
vt 0.994826 0.380639
vt 0.985091 0.371365
vt 0.985091 0.380639
vt 0.994826 0.371365
vt 0.985091 0.362396
vt 0.994826 0.362396
vt 0.985091 0.353438
vt 0.994826 0.353438
vt 0.985091 0.344440
vt 0.975499 0.371365
vt 0.975499 0.380639
vt 0.975499 0.362396
vt 0.975499 0.353438
vt 0.975499 0.344440
vt 0.965763 0.371365
vt 0.965763 0.380639
vt 0.965763 0.362396
vt 0.965763 0.353438
vt 0.965763 0.344440
vt 0.956028 0.371365
vt 0.956028 0.380639
vt 0.956028 0.362396
vt 0.956028 0.353438
vt 0.956028 0.344440
vt 0.946436 0.371365
vt 0.946436 0.380639
vt 0.946436 0.362396
vt 0.946436 0.353438
vt 0.946436 0.344440
vt 0.936700 0.371365
vt 0.936700 0.380639
vt 0.936700 0.362396
vt 0.936700 0.353438
vt 0.936700 0.344440
vt 0.927108 0.371365
vt 0.927108 0.380639
vt 0.927108 0.362396
vt 0.927108 0.353438
vt 0.927108 0.344440
vt 0.917373 0.371365
vt 0.917373 0.380639
vt 0.917373 0.362396
vt 0.917373 0.353438
vt 0.917373 0.344440
vt 0.907781 0.371365
vt 0.907781 0.380639
vt 0.907781 0.362396
vt 0.907781 0.353438
vt 0.907781 0.344440
vt 0.898045 0.371365
vt 0.898045 0.380639
vt 0.898045 0.362396
vt 0.898045 0.353438
vt 0.898045 0.344440
vt 0.888310 0.371365
vt 0.888310 0.380639
vt 0.888310 0.362396
vt 0.888310 0.353438
vt 0.888310 0.344440
vt 0.878718 0.371365
vt 0.878718 0.380639
vt 0.878718 0.362396
vt 0.878718 0.353438
vt 0.878718 0.344440
vt 0.868982 0.371365
vt 0.868982 0.380639
vt 0.868982 0.362396
vt 0.868982 0.353438
vt 0.868982 0.344440
vt 0.859390 0.371365
vt 0.859390 0.380639
vt 0.859390 0.362396
vt 0.859390 0.353438
vt 0.859390 0.344440
vt 0.849655 0.371365
vt 0.849655 0.380639
vt 0.849655 0.362396
vt 0.849655 0.353438
vt 0.849655 0.344440
vt 0.841949 0.296244
vt 0.832357 0.286970
vt 0.832357 0.296244
vt 0.841949 0.286970
vt 0.832357 0.278000
vt 0.841949 0.278000
vt 0.832357 0.269042
vt 0.841949 0.269042
vt 0.832357 0.260044
vt 0.822622 0.286970
vt 0.822622 0.296244
vt 0.822622 0.278000
vt 0.822622 0.269042
vt 0.822622 0.260044
vt 0.812886 0.286970
vt 0.812886 0.296244
vt 0.812886 0.278000
vt 0.812886 0.269042
vt 0.812886 0.260044
vt 0.803294 0.286970
vt 0.803294 0.296244
vt 0.803294 0.278000
vt 0.803294 0.269042
vt 0.803294 0.260044
vt 0.793559 0.286970
vt 0.793559 0.296244
vt 0.793559 0.278000
vt 0.793559 0.269042
vt 0.793559 0.260044
vt 0.783967 0.286970
vt 0.783967 0.296244
vt 0.783967 0.278000
vt 0.783967 0.269042
vt 0.783967 0.260044
vt 0.774231 0.286970
vt 0.774231 0.296244
vt 0.774231 0.278000
vt 0.774231 0.269042
vt 0.774231 0.260044
vt 0.764639 0.286970
vt 0.764639 0.296244
vt 0.764639 0.278000
vt 0.764639 0.269042
vt 0.764639 0.260044
vt 0.754904 0.286970
vt 0.754904 0.296244
vt 0.754904 0.278000
vt 0.754904 0.269042
vt 0.754904 0.260044
vt 0.745312 0.286970
vt 0.745312 0.296244
vt 0.745312 0.278000
vt 0.745312 0.269042
vt 0.745312 0.260044
vt 0.735576 0.286970
vt 0.735576 0.296244
vt 0.735576 0.278000
vt 0.735576 0.269042
vt 0.735576 0.260044
vt 0.725841 0.286970
vt 0.725841 0.296244
vt 0.725841 0.278001
vt 0.725841 0.269043
vt 0.725841 0.260044
vt 0.716249 0.286970
vt 0.716249 0.296244
vt 0.716249 0.278001
vt 0.716249 0.269043
vt 0.716249 0.260044
vt 0.706514 0.286970
vt 0.706514 0.296244
vt 0.706514 0.278001
vt 0.706514 0.269043
vt 0.706514 0.260044
vt 0.696921 0.286970
vt 0.696921 0.296244
vt 0.696921 0.278001
vt 0.696921 0.269043
vt 0.696921 0.260044
vt 0.994470 0.296276
vt 0.984686 0.286956
vt 0.984686 0.296276
vt 0.994470 0.286956
vt 0.984686 0.277943
vt 0.994470 0.277943
vt 0.984686 0.268941
vt 0.994470 0.268941
vt 0.984686 0.259898
vt 0.975046 0.286956
vt 0.975046 0.296276
vt 0.975046 0.277943
vt 0.975046 0.268941
vt 0.975046 0.259898
vt 0.965263 0.286956
vt 0.965263 0.296276
vt 0.965263 0.277943
vt 0.965263 0.268941
vt 0.965263 0.259898
vt 0.955480 0.286956
vt 0.955480 0.296276
vt 0.955480 0.277943
vt 0.955480 0.268941
vt 0.955480 0.259898
vt 0.945841 0.286956
vt 0.945841 0.296276
vt 0.945841 0.277943
vt 0.945841 0.268941
vt 0.945840 0.259898
vt 0.936057 0.286956
vt 0.936057 0.296276
vt 0.936057 0.277943
vt 0.936057 0.268941
vt 0.936057 0.259898
vt 0.926417 0.286956
vt 0.926417 0.296276
vt 0.926417 0.277943
vt 0.926417 0.268941
vt 0.926417 0.259898
vt 0.916634 0.286956
vt 0.916634 0.296276
vt 0.916634 0.277943
vt 0.916634 0.268941
vt 0.916634 0.259898
vt 0.906995 0.286956
vt 0.906995 0.296276
vt 0.906995 0.277943
vt 0.906995 0.268941
vt 0.906994 0.259898
vt 0.897211 0.286956
vt 0.897211 0.296276
vt 0.897211 0.277943
vt 0.897211 0.268941
vt 0.897211 0.259898
vt 0.887428 0.286956
vt 0.887428 0.296276
vt 0.887428 0.277943
vt 0.887428 0.268941
vt 0.887428 0.259898
vt 0.877788 0.286956
vt 0.877788 0.296276
vt 0.877788 0.277943
vt 0.877788 0.268941
vt 0.877788 0.259898
vt 0.868005 0.286956
vt 0.868005 0.296276
vt 0.868005 0.277943
vt 0.868005 0.268941
vt 0.868005 0.259898
vt 0.858365 0.286956
vt 0.858365 0.296276
vt 0.858365 0.277943
vt 0.858365 0.268941
vt 0.858365 0.259898
vt 0.848582 0.286956
vt 0.848582 0.296276
vt 0.848582 0.277943
vt 0.848582 0.268941
vt 0.848582 0.259898
vt 0.994757 0.339087
vt 0.985091 0.329740
vt 0.985091 0.339087
vt 0.994757 0.329740
vt 0.985091 0.320702
vt 0.994757 0.320702
vt 0.985091 0.311674
vt 0.994757 0.311674
vt 0.985091 0.302605
vt 0.975280 0.329740
vt 0.975280 0.339087
vt 0.975280 0.320702
vt 0.975280 0.311674
vt 0.975280 0.302605
vt 0.965469 0.329740
vt 0.965469 0.339087
vt 0.965469 0.320702
vt 0.965469 0.311674
vt 0.965469 0.302605
vt 0.955802 0.329740
vt 0.955802 0.339087
vt 0.955802 0.320702
vt 0.955802 0.311674
vt 0.955802 0.302605
vt 0.945991 0.329740
vt 0.945991 0.339087
vt 0.945991 0.320702
vt 0.945991 0.311674
vt 0.945991 0.302605
vt 0.936324 0.329740
vt 0.936324 0.339087
vt 0.936324 0.320702
vt 0.936324 0.311674
vt 0.936324 0.302605
vt 0.926513 0.329740
vt 0.926513 0.339087
vt 0.926513 0.320702
vt 0.926513 0.311674
vt 0.926513 0.302605
vt 0.916846 0.329740
vt 0.916846 0.339087
vt 0.916846 0.320702
vt 0.916846 0.311674
vt 0.916846 0.302605
vt 0.907035 0.329740
vt 0.907035 0.339087
vt 0.907035 0.320702
vt 0.907035 0.311674
vt 0.907035 0.302605
vt 0.897224 0.329740
vt 0.897224 0.339087
vt 0.897224 0.320702
vt 0.897224 0.311674
vt 0.897224 0.302605
vt 0.887558 0.329740
vt 0.887558 0.339087
vt 0.887558 0.320702
vt 0.887558 0.311674
vt 0.887558 0.302605
vt 0.877746 0.329740
vt 0.877746 0.339087
vt 0.877746 0.320702
vt 0.877746 0.311674
vt 0.877746 0.302605
vt 0.868080 0.329740
vt 0.868080 0.339087
vt 0.868080 0.320702
vt 0.868080 0.311674
vt 0.868080 0.302605
vt 0.858269 0.329740
vt 0.858269 0.339087
vt 0.858269 0.320702
vt 0.858269 0.311674
vt 0.858269 0.302605
vt 0.848602 0.329740
vt 0.848602 0.339087
vt 0.848602 0.320702
vt 0.848602 0.311674
vt 0.848602 0.302605
vt 0.994796 0.424216
vt 0.985061 0.414942
vt 0.985061 0.424216
vt 0.994796 0.414942
vt 0.985061 0.405973
vt 0.994796 0.405973
vt 0.985061 0.397015
vt 0.994796 0.397015
vt 0.985061 0.388017
vt 0.975469 0.414942
vt 0.975469 0.424216
vt 0.975469 0.405973
vt 0.975469 0.397015
vt 0.975469 0.388016
vt 0.965734 0.414942
vt 0.965734 0.424216
vt 0.965734 0.405973
vt 0.965734 0.397015
vt 0.965734 0.388016
vt 0.955998 0.414942
vt 0.955999 0.424216
vt 0.955999 0.405973
vt 0.955999 0.397015
vt 0.955999 0.388016
vt 0.946406 0.414942
vt 0.946406 0.424216
vt 0.946406 0.405973
vt 0.946406 0.397015
vt 0.946406 0.388016
vt 0.936671 0.414942
vt 0.936671 0.424216
vt 0.936671 0.405973
vt 0.936671 0.397015
vt 0.936671 0.388016
vt 0.927079 0.414942
vt 0.927079 0.424216
vt 0.927079 0.405973
vt 0.927079 0.397015
vt 0.927079 0.388016
vt 0.917343 0.414942
vt 0.917343 0.424216
vt 0.917343 0.405973
vt 0.917343 0.397015
vt 0.917343 0.388016
vt 0.907751 0.414942
vt 0.907751 0.424216
vt 0.907751 0.405973
vt 0.907751 0.397015
vt 0.907751 0.388017
vt 0.898016 0.414942
vt 0.898016 0.424216
vt 0.898016 0.405973
vt 0.898016 0.397015
vt 0.898016 0.388016
vt 0.888280 0.414942
vt 0.888281 0.424216
vt 0.888281 0.405973
vt 0.888281 0.397015
vt 0.888281 0.388016
vt 0.878688 0.414942
vt 0.878688 0.424216
vt 0.878688 0.405973
vt 0.878688 0.397015
vt 0.878688 0.388017
vt 0.868953 0.414942
vt 0.868953 0.424216
vt 0.868953 0.405973
vt 0.868953 0.397015
vt 0.868953 0.388016
vt 0.859361 0.414942
vt 0.859361 0.424216
vt 0.859361 0.405973
vt 0.859361 0.397015
vt 0.859361 0.388017
vt 0.849625 0.414942
vt 0.849625 0.424216
vt 0.849625 0.405973
vt 0.849625 0.397015
vt 0.849625 0.388016
vt 0.687447 0.308816
vt 0.674870 0.297429
vt 0.674870 0.308816
vt 0.687447 0.297429
vt 0.674870 0.286418
vt 0.687447 0.286418
vt 0.674870 0.275420
vt 0.687447 0.275420
vt 0.674870 0.264371
vt 0.814163 0.415058
vt 0.814163 0.406089
vt 0.814163 0.397132
vt 0.814163 0.388133
vt 0.804750 0.388133
vt 0.814163 0.424333
vt 0.823619 0.415058
vt 0.823619 0.406089
vt 0.823619 0.397132
vt 0.823619 0.388133
vt 0.823619 0.424333
vt 0.833170 0.415058
vt 0.833170 0.406089
vt 0.833170 0.397132
vt 0.833170 0.388133
vt 0.833170 0.424333
vt 0.842766 0.415058
vt 0.842766 0.406089
vt 0.842766 0.397132
vt 0.842766 0.388133
vt 0.662437 0.308816
vt 0.662437 0.297429
vt 0.662437 0.286418
vt 0.662437 0.275420
vt 0.649809 0.308816
vt 0.649809 0.297429
vt 0.649809 0.286418
vt 0.662437 0.264371
vt 0.649809 0.275420
vt 0.638418 0.308816
vt 0.638418 0.297429
vt 0.638418 0.286418
vt 0.649809 0.264371
vt 0.638418 0.275420
vt 0.626701 0.308816
vt 0.626701 0.297429
vt 0.626701 0.286418
vt 0.638418 0.264371
vt 0.626701 0.275420
vt 0.614919 0.308816
vt 0.614919 0.297429
vt 0.614919 0.286418
vt 0.626701 0.264371
vt 0.614919 0.275420
vt 0.602682 0.308816
vt 0.602682 0.297430
vt 0.602682 0.286418
vt 0.614919 0.264371
vt 0.602682 0.275420
vt 0.579867 0.294921
vt 0.578401 0.285959
vt 0.571781 0.286766
vt 0.582888 0.297430
vt 0.571597 0.297744
vt 0.567735 0.308816
vt 0.567735 0.275335
vt 0.582888 0.286418
vt 0.589470 0.297430
vt 0.589470 0.308816
vt 0.589470 0.286418
vt 0.589470 0.264371
vt 0.602682 0.264371
vt 0.841018 0.302443
vt 0.841881 0.345247
vt 0.994826 0.344440
vt 0.841949 0.260044
vt 0.994470 0.259898
vt 0.994757 0.302605
vt 0.994796 0.388016
vt 0.687447 0.264371
vt 0.842766 0.424333
vt 0.589470 0.275420
vt 0.567735 0.264371
vt 0.617568 0.791478
vt 0.623027 0.793917
vt 0.620588 0.838859
vt 0.624769 0.786252
vt 0.622214 0.846640
vt 0.615826 0.841531
vt 0.626511 0.791013
vt 0.834967 0.784510
vt 0.624304 0.842227
vt 0.834967 0.847453
vt 0.831483 0.789968
vt 0.840657 0.790200
vt 0.842167 0.846757
vt 0.836941 0.851866
vt 0.834735 0.797517
vt 0.907782 0.774523
vt 0.917072 0.851053
vt 0.849600 0.772084
vt 0.853316 0.861273
vt 0.626975 0.775452
vt 0.838451 0.861854
vt 0.620356 0.775452
vt 0.616872 0.856976
vt 0.623375 0.857092
vt 0.592019 0.848847
vt 0.595155 0.782303
vt 0.572858 0.848615
vt 0.581103 0.761284
vt 0.576458 0.870099
vt 0.925550 0.849195
vt 0.902323 0.761400
vt 0.910336 0.757567
vt 0.924388 0.857789
vt 0.916143 0.862202
vt 0.908711 0.750135
vt 0.914401 0.750948
vt 0.986635 0.752109
vt 0.986054 0.757800
vt 0.981293 0.757916
vt 0.980364 0.752109
vt 0.916259 0.757800
vt 0.835548 0.772781
vt 0.835315 0.768368
vt 0.628833 0.770922
vt 0.903020 0.750600
vt 0.852271 0.764651
vt 0.834386 0.737244
vt 0.832064 0.739219
vt 0.618846 0.769529
vt 0.628369 0.742470
vt 0.627440 0.697411
vt 0.625698 0.695437
vt 0.626627 0.691837
vt 0.629995 0.693579
vt 0.829553 0.690085
vt 0.829719 0.694725
vt 0.828093 0.692518
vt 0.832296 0.734922
vt 0.832296 0.691953
vt 0.631388 0.739799
vt 0.636498 0.733760
vt 0.629066 0.736896
vt 0.634059 0.701824
vt 0.635104 0.732135
vt 0.634988 0.700547
vt 0.824167 0.698340
vt 0.826141 0.730160
vt 0.825444 0.698805
vt 0.825328 0.731554
vt 0.830089 0.737244
vt 0.637079 0.732251
vt 0.824283 0.699850
vt 0.824051 0.730276
vt 0.824399 0.699734
vt 0.666692 0.342563
vt 0.661466 0.322821
vt 0.668086 0.321660
vt 0.666692 0.355454
vt 0.653221 0.356267
vt 0.650550 0.354177
vt 0.666112 0.397958
vt 0.653686 0.398423
vt 0.426184 0.343725
vt 0.423280 0.344073
vt 0.421190 0.323402
vt 0.425254 0.323402
vt 0.432687 0.354757
vt 0.429435 0.357196
vt 0.426764 0.357544
vt 0.635104 0.702289
vt 0.636846 0.731670
vt 0.429900 0.393894
vt 0.650898 0.401326
vt 0.426416 0.394242
vt 0.432222 0.396681
vt 0.427113 0.403533
vt 0.665647 0.408875
vt 0.667157 0.413288
vt 0.669712 0.409339
vt 0.669944 0.398423
vt 0.670757 0.343376
vt 0.723945 0.322008
vt 0.722319 0.357196
vt 0.669828 0.356615
vt 0.722784 0.407481
vt 0.722900 0.396797
vt 0.725687 0.396913
vt 0.724642 0.412475
vt 0.726036 0.407829
vt 0.329864 0.204159
vt 0.330445 0.148532
vt 0.579315 0.151668
vt 0.982570 0.410268
vt 0.981874 0.414913
vt 0.423629 0.394474
vt 0.424093 0.403765
vt 0.425371 0.407365
vt 0.371253 0.413636
vt 0.370208 0.409920
vt 0.985590 0.411197
vt 0.986635 0.397726
vt 0.983499 0.397610
vt 0.975370 0.401442
vt 0.741249 0.400049
vt 0.724758 0.357428
vt 0.737765 0.359170
vt 0.739275 0.396565
vt 0.726036 0.342796
vt 0.721739 0.343841
vt 0.740552 0.356615
vt 0.372066 0.323285
vt 0.976764 0.317014
vt 0.981293 0.315969
vt 0.982222 0.337105
vt 0.978390 0.337454
vt 0.730100 0.322473
vt 0.978274 0.397145
vt 0.974790 0.353480
vt 0.980015 0.350925
vt 0.972467 0.350809
vt 0.983035 0.350576
vt 0.367421 0.344189
vt 0.423861 0.357777
vt 0.368350 0.398539
vt 0.631969 0.932578
vt 0.629646 0.934204
vt 0.630691 0.901106
vt 0.632898 0.903196
vt 0.633246 0.899248
vt 0.634059 0.901919
vt 0.824051 0.902616
vt 0.822889 0.904126
vt 0.826489 0.903661
vt 0.824515 0.904938
vt 0.825793 0.936410
vt 0.822192 0.935481
vt 0.823934 0.934668
vt 0.633711 0.934320
vt 0.631853 0.936759
vt 0.823354 0.937920
vt 0.626859 0.892977
vt 0.624653 0.896809
vt 0.623607 0.937920
vt 0.826257 0.943959
vt 0.830902 0.941055
vt 0.832296 0.900061
vt 0.828580 0.895880
vt 0.912227 0.669502
vt 0.893730 0.666636
vt 0.839264 0.659552
vt 0.631040 0.658275
vt 0.899645 0.673565
vt 0.907159 0.672003
vt 0.902439 0.663501
vt 0.624769 0.889377
vt 0.624885 0.861157
vt 0.614781 0.862783
vt 0.837754 0.864989
vt 0.832064 0.893209
vt 0.915098 0.874164
vt 0.922995 0.867080
vt 0.980828 0.658042
vt 0.624653 0.978450
vt 0.622214 0.945701
vt 0.829741 0.948023
vt 0.626975 0.942217
vt 0.834386 0.944423
vt 0.914633 0.966604
vt 0.911033 0.977637
vt 0.836128 0.979959
vt 0.920904 0.972063
vt 0.856451 0.867428
vt 0.835664 0.897971
vt 0.922646 0.876370
vt 0.836244 0.985534
vt 0.977925 0.651191
vt 0.975719 0.657113
vt 0.973860 0.652236
vt 0.840425 0.654442
vt 0.628833 0.577796
vt 0.840657 0.577331
vt 0.839380 0.584067
vt 0.629414 0.653862
vt 0.627091 0.647939
vt 0.841586 0.649449
vt 0.580290 0.584415
vt 0.578548 0.576170
vt 0.590045 0.655139
vt 0.629762 0.585692
vt 0.591323 0.648287
vt 0.897562 0.652584
vt 0.908711 0.658972
vt 0.894775 0.660017
vt 0.921021 0.985882
vt 0.911382 0.984256
vt 0.913704 0.579770
vt 0.915330 0.584299
vt 0.906969 0.584067
vt 0.582497 0.756058
vt 0.626511 0.739799
vt 0.585052 0.732599
vt 0.586677 0.693695
vt 0.587258 0.661062
vt 0.241186 0.674185
vt 0.245599 0.657346
vt 0.246063 0.704379
vt 0.242463 0.686263
vt 0.245018 0.742354
vt 0.246760 0.725515
vt 0.241070 0.765813
vt 0.576342 0.781258
vt 0.224231 0.841647
vt 0.226902 0.866150
vt 0.237702 0.643642
vt 0.244902 0.652120
vt 0.237702 0.583486
vt 0.618730 0.939313
vt 0.577735 0.900177
vt 0.620820 0.895996
vt 0.233637 0.909932
vt 0.576690 0.936875
vt 0.575064 0.977753
vt 0.624420 0.983211
vt 0.575064 0.983560
vt 0.229340 0.984837
vt 0.233405 0.977056
vt 0.226089 0.960101
vt 0.229340 0.944307
vt 0.233289 0.927816
vt 0.577851 0.876718
vt 0.231198 0.889841
vt 0.226321 0.873351
vt 0.312685 0.007976
vt 0.312685 0.054196
vt 0.299795 0.054196
vt 0.299795 0.007976
vt 0.283885 0.054196
vt 0.283885 0.007976
vt 0.268555 0.054196
vt 0.268555 0.007976
vt 0.252994 0.054196
vt 0.252994 0.007976
vt 0.237432 0.054196
vt 0.237432 0.007976
vt 0.223845 0.054196
vt 0.223845 0.007976
vt 0.207819 0.054196
vt 0.207819 0.007976
vt 0.193302 0.054196
vt 0.178321 0.007976
vt 0.193070 0.007976
vt 0.178321 0.054196
vt 0.163689 0.054196
vt 0.163689 0.007976
vt 0.143482 0.054196
vt 0.983848 0.272414
vt 0.980712 0.271833
vt 0.982687 0.256388
vt 0.116345 0.304083
vt 0.113558 0.288637
vt 0.116694 0.287941
vt 0.986635 0.256272
vt 0.980945 0.243729
vt 0.115300 0.316741
vt 0.120410 0.303851
vt 0.985009 0.242336
vt 0.975138 0.230839
vt 0.110306 0.329864
vt 0.119481 0.317903
vt 0.978390 0.227703
vt 0.964802 0.220387
vt 0.100551 0.341013
vt 0.113790 0.332884
vt 0.967125 0.216322
vt 0.951795 0.213187
vt 0.088009 0.348910
vt 0.103106 0.344961
vt 0.937047 0.206799
vt 0.953073 0.209238
vt 0.089403 0.352742
vt 0.073609 0.356110
vt 0.953421 0.303653
vt 0.952144 0.300053
vt 0.964570 0.294014
vt 0.096254 0.267501
vt 0.083480 0.262159
vt 0.084525 0.258443
vt 0.966893 0.296918
vt 0.974325 0.283911
vt 0.977228 0.286001
vt 0.106474 0.277024
vt 0.098345 0.264366
vt 0.109958 0.274469
vt 0.064086 0.256353
vt 0.933098 0.307021
vt 0.923924 0.206916
vt 0.936698 0.210980
vt 0.073028 0.352045
vt 0.060602 0.356691
vt 0.093583 0.289218
vt 0.961086 0.272762
vt 0.959576 0.271253
vt 0.952957 0.277872
vt 0.085687 0.284341
vt 0.075931 0.283411
vt 0.084757 0.285850
vt 0.952144 0.276246
vt 0.943318 0.279266
vt 0.063621 0.260534
vt 0.932401 0.302840
vt 0.067338 0.286315
vt 0.076164 0.285153
vt 0.934260 0.276827
vt 0.935421 0.274969
vt 0.060486 0.293515
vt 0.068267 0.288057
vt 0.927292 0.270788
vt 0.929150 0.269627
vt 0.057583 0.301644
vt 0.061996 0.294444
vt 0.924388 0.261846
vt 0.058396 0.310819
vt 0.059092 0.302109
vt 0.924621 0.252788
vt 0.925782 0.253252
vt 0.061996 0.318251
vt 0.059673 0.310354
vt 0.927524 0.244426
vt 0.929498 0.245471
vt 0.070009 0.322780
vt 0.069196 0.324754
vt 0.934840 0.238387
vt 0.079415 0.326845
vt 0.944595 0.235832
vt 0.078951 0.324870
vt 0.944711 0.237690
vt 0.088241 0.324522
vt 0.953654 0.237574
vt 0.086848 0.323128
vt 0.952608 0.239200
vt 0.094629 0.319064
vt 0.960041 0.241987
vt 0.098809 0.312096
vt 0.098461 0.296650
vt 0.092306 0.290263
vt 0.097067 0.296999
vt 0.100203 0.304315
vt 0.098693 0.304315
vt 0.093467 0.318251
vt 0.097532 0.311399
vt 0.829203 0.010764
vt 0.837217 0.010764
vt 0.837333 0.028416
vt 0.829320 0.028416
vt 0.821307 0.028416
vt 0.812945 0.010764
vt 0.821307 0.010764
vt 0.804700 0.010880
vt 0.813061 0.028416
vt 0.795758 0.010880
vt 0.804700 0.028532
vt 0.787396 0.010880
vt 0.795874 0.028532
vt 0.778686 0.010880
vt 0.787512 0.028532
vt 0.769976 0.010997
vt 0.778686 0.028649
vt 0.762079 0.010997
vt 0.769976 0.028649
vt 0.754066 0.010997
vt 0.762079 0.028649
vt 0.746866 0.010997
vt 0.754182 0.028649
vt 0.746982 0.028765
vt 0.739201 0.028765
vt 0.730956 0.011113
vt 0.739085 0.011113
vt 0.723059 0.011113
vt 0.730956 0.028765
vt 0.846623 0.028300
vt 0.829203 0.008790
vt 0.821190 0.008790
vt 0.812945 0.008790
vt 0.804700 0.008790
vt 0.795758 0.008906
vt 0.787396 0.008906
vt 0.778686 0.008906
vt 0.769976 0.009022
vt 0.762079 0.009022
vt 0.754066 0.009022
vt 0.746866 0.009022
vt 0.739085 0.009138
vt 0.730956 0.009138
vt 0.723059 0.009138
vt 0.846507 0.010648
vt 0.837217 0.008674
vt 0.971797 0.586094
vt 0.955306 0.577501
vt 0.959603 0.571810
vt 0.953332 0.586210
vt 0.966223 0.568442
vt 0.973655 0.567513
vt 0.981088 0.569836
vt 0.987126 0.575526
vt 0.990262 0.582610
vt 0.989797 0.591088
vt 0.985733 0.598172
vt 0.980159 0.602353
vt 0.972610 0.604443
vt 0.965990 0.603630
vt 0.959719 0.599914
vt 0.955074 0.593643
vt 0.964454 0.248839
vt 0.966544 0.256968
vt 0.963293 0.249420
vt 0.965499 0.264981
vt 0.965034 0.257665
vt 0.959112 0.243497
vt 0.872642 0.030902
vt 0.872642 0.012902
vt 0.881119 0.012902
vt 0.881119 0.030902
vt 0.889481 0.012902
vt 0.889481 0.030902
vt 0.897726 0.012902
vt 0.906320 0.030902
vt 0.897726 0.030902
vt 0.906320 0.012902
vt 0.914681 0.012902
vt 0.914681 0.030902
vt 0.923275 0.012902
vt 0.923275 0.030902
vt 0.931521 0.012902
vt 0.931521 0.030902
vt 0.940347 0.012902
vt 0.940347 0.030902
vt 0.948476 0.012902
vt 0.948476 0.030902
vt 0.955792 0.012902
vt 0.955792 0.030902
vt 0.963805 0.012902
vt 0.963805 0.030902
vt 0.971121 0.012902
vt 0.971121 0.030902
vt 0.978786 0.012902
vt 0.978786 0.030902
vt 0.986915 0.012902
vt 0.863932 0.030902
vt 0.881119 0.010695
vt 0.889481 0.010695
vt 0.906320 0.010695
vt 0.914681 0.010695
vt 0.923275 0.010695
vt 0.931521 0.010695
vt 0.940347 0.010695
vt 0.948476 0.010695
vt 0.955792 0.010695
vt 0.963805 0.010695
vt 0.971121 0.010695
vt 0.978786 0.010695
vt 0.986915 0.010695
vt 0.872642 0.010695
vt 0.863932 0.012902
vt 0.925293 0.610615
vt 0.932029 0.605853
vt 0.939345 0.622925
vt 0.939926 0.604344
vt 0.921577 0.617234
vt 0.920880 0.625131
vt 0.923319 0.632680
vt 0.928777 0.638602
vt 0.936558 0.641506
vt 0.943990 0.641041
vt 0.951190 0.637093
vt 0.956184 0.631054
vt 0.958042 0.623970
vt 0.957113 0.616654
vt 0.953397 0.610615
vt 0.947590 0.606318
vt 0.919859 0.307950
vt 0.920788 0.303421
vt 0.228644 0.844202
vt 0.919511 0.289021
vt 0.222605 0.865918
vt 0.122035 0.838279
vt 0.118551 0.825853
vt 0.132719 0.822717
vt 0.137712 0.823182
vt 0.140383 0.833401
vt 0.132138 0.835724
vt 0.221908 0.874512
vt 0.113789 0.808317
vt 0.137596 0.802743
vt 0.912543 0.275782
vt 0.226437 0.891583
vt 0.131674 0.802162
vt 0.111002 0.783232
vt 0.137829 0.779865
vt 0.908014 0.262775
vt 0.228760 0.927236
vt 0.228644 0.910048
vt 0.107518 0.755245
vt 0.129583 0.757219
vt 0.138293 0.758032
vt 0.129467 0.779632
vt 0.907201 0.251858
vt 0.912659 0.236413
vt 0.109609 0.722728
vt 0.133764 0.722960
vt 0.916143 0.222942
vt 0.924040 0.211677
vt 0.143055 0.723309
vt 0.135390 0.692534
vt 0.112628 0.691024
vt 0.219701 0.958475
vt 0.224114 0.943146
vt 0.145842 0.692766
vt 0.135274 0.674069
vt 0.914866 0.211212
vt 0.119131 0.650145
vt 0.115647 0.637487
vt 0.130977 0.641784
vt 0.135274 0.663501
vt 0.131790 0.649797
vt 0.145842 0.663152
vt 0.142590 0.668262
vt 0.321976 0.007976
vt 0.321860 0.054196
vt 0.232940 0.649681
vt 0.220514 0.654791
vt 0.217611 0.661178
vt 0.142474 0.655720
vt 0.051776 0.357852
vt 0.051660 0.353555
vt 0.240721 0.656068
vt 0.224231 0.659901
vt 0.047711 0.358897
vt 0.060486 0.351929
vt 0.050615 0.339503
vt 0.238166 0.674649
vt 0.047131 0.353671
vt 0.046434 0.341129
vt 0.047247 0.326264
vt 0.219353 0.678598
vt 0.224347 0.676972
vt 0.225624 0.693811
vt 0.239676 0.687772
vt 0.043066 0.311167
vt 0.243508 0.724354
vt 0.242347 0.705540
vt 0.222256 0.711811
vt 0.227250 0.709837
vt 0.227134 0.724121
vt 0.042021 0.299322
vt 0.045389 0.287360
vt 0.241883 0.740844
vt 0.226437 0.738638
vt 0.223185 0.724818
vt 0.238399 0.758613
vt 0.050847 0.272843
vt 0.224463 0.757567
vt 0.221443 0.738754
vt 0.051776 0.260185
vt 0.241883 0.759077
vt 0.236540 0.765348
vt 0.218076 0.757800
vt 0.224927 0.776613
vt 0.130823 0.054196
vt 0.130823 0.007976
vt 0.143482 0.007976
vt 0.239792 0.790433
vt 0.217495 0.837814
vt 0.051892 0.255888
vt 0.148164 0.851169
vt 0.232592 0.789736
vt 0.220863 0.836653
vt 0.125635 0.848963
vt 0.207043 0.834795
vt 0.212501 0.785323
vt 0.217727 0.776729
vt 0.223534 0.787297
vt 0.108912 0.661062
vt 0.221559 0.984721
vt 0.222140 0.974850
vt 0.220630 0.694508
vt 0.837638 0.844666
vt 0.916143 0.769529
vt 0.824399 0.729464
vt 0.635569 0.702289
vt 0.578618 0.207295
vt 0.366608 0.357544
vt 0.909872 0.575473
vt 0.238863 0.576170
vt 0.943550 0.277407
vt 0.925666 0.261497
vt 0.063389 0.317438
vt 0.935769 0.240129
vt 0.723059 0.028765
vt 0.846507 0.008674
vt 0.963757 0.264517
vt 0.986915 0.030902
vt 0.897726 0.010695
vt 0.863932 0.010695
vt 0.914633 0.207264
vt 0.136783 0.851634
vt 0.217364 0.231905
vt 0.221894 0.232253
vt 0.218410 0.247467
vt 0.191467 0.247583
vt 0.187983 0.232253
vt 0.192396 0.231905
vt 0.204938 0.231557
vt 0.213068 0.247699
vt 0.196809 0.247699
vt 0.204938 0.249093
vt 0.204938 0.257686
vt 0.204938 0.213440
vt 0.204822 0.075476
vt 0.217597 0.076753
vt 0.222010 0.075824
vt 0.220035 0.211582
vt 0.204822 0.068740
vt 0.213416 0.069553
vt 0.196228 0.069553
vt 0.192861 0.212279
vt 0.189725 0.211582
vt 0.187635 0.075824
vt 0.192048 0.076753
vt 0.236062 0.213672
vt 0.232462 0.234112
vt 0.232926 0.248744
vt 0.173699 0.213789
vt 0.176951 0.248860
vt 0.177299 0.234112
vt 0.172421 0.075360
vt 0.240242 0.214137
vt 0.238384 0.233531
vt 0.171376 0.233647
vt 0.169518 0.214253
vt 0.238500 0.246886
vt 0.171376 0.247118
vt 0.242217 0.256989
vt 0.248952 0.248628
vt 0.160808 0.248744
vt 0.167660 0.257222
vt 0.258475 0.249441
vt 0.252204 0.258731
vt 0.157557 0.258964
vt 0.151285 0.249673
vt 0.250113 0.235041
vt 0.159647 0.235157
vt 0.261727 0.219014
vt 0.260565 0.235505
vt 0.252088 0.217389
vt 0.149079 0.235737
vt 0.148034 0.219131
vt 0.157557 0.217505
vt 0.242565 0.076405
vt 0.254991 0.076521
vt 0.247094 0.069785
vt 0.254875 0.068624
vt 0.263701 0.071992
vt 0.266372 0.078147
vt 0.167079 0.076405
vt 0.154537 0.076521
vt 0.154653 0.068624
vt 0.162550 0.069785
vt 0.145943 0.071992
vt 0.143272 0.078263
vt 0.271714 0.078611
vt 0.266488 0.219014
vt 0.137930 0.078727
vt 0.143272 0.219131
vt 0.266024 0.236434
vt 0.143737 0.236550
vt 0.283095 0.221337
vt 0.275314 0.239105
vt 0.134330 0.239338
vt 0.126666 0.221453
vt 0.263701 0.252112
vt 0.145943 0.252344
vt 0.288553 0.221918
vt 0.281585 0.240150
vt 0.128059 0.240267
vt 0.121091 0.222034
vt 0.112614 0.243867
vt 0.109014 0.223660
vt 0.274850 0.252577
vt 0.134795 0.252809
vt 0.300747 0.223544
vt 0.297031 0.243751
vt 0.284024 0.265351
vt 0.281469 0.253622
vt 0.292618 0.257686
vt 0.293431 0.269300
vt 0.128059 0.253738
vt 0.116911 0.257802
vt 0.125272 0.265699
vt 0.288089 0.079656
vt 0.121556 0.079656
vt 0.293663 0.079656
vt 0.298889 0.069437
vt 0.306786 0.068508
vt 0.306670 0.078495
vt 0.293663 0.072805
vt 0.115981 0.079656
vt 0.110755 0.069553
vt 0.115981 0.072805
vt 0.314683 0.069553
vt 0.237223 0.075243
vt 0.239313 0.066766
vt 0.170331 0.066882
vt 0.255572 0.062934
vt 0.154073 0.062934
vt 0.268578 0.067927
vt 0.140950 0.067927
vt 0.980870 0.784632
vt 0.984934 0.777896
vt 0.988534 0.781380
vt 0.979941 0.794619
vt 0.985979 0.786838
vt 0.985979 0.802632
vt 0.980870 0.804723
vt 0.191467 0.065140
vt 0.203893 0.062469
vt 0.218177 0.065140
vt 0.289134 0.070018
vt 0.988418 0.808091
vt 0.120394 0.070134
vt 0.936856 0.794387
vt 0.940804 0.807278
vt 0.930236 0.806697
vt 0.930236 0.782077
vt 0.940804 0.781613
vt 0.952533 0.794503
vt 0.952998 0.812852
vt 0.953114 0.776154
vt 0.967631 0.810878
vt 0.984818 0.811575
vt 0.941966 0.821330
vt 0.957063 0.819007
vt 0.969140 0.823188
vt 0.970302 0.796013
vt 0.967747 0.778477
vt 0.942314 0.767444
vt 0.957295 0.770115
vt 0.969489 0.766283
vt 0.210861 0.261403
vt 0.199132 0.261403
vt 0.292385 0.279751
vt 0.277172 0.272900
vt 0.154886 0.266048
vt 0.254875 0.265699
vt 0.174280 0.261286
vt 0.235713 0.261054
vt 0.243726 0.274758
vt 0.166266 0.274990
vt 0.222939 0.273248
vt 0.187054 0.273364
vt 0.205054 0.272551
vt 0.259869 0.277661
vt 0.150008 0.278126
vt 0.132240 0.273480
vt 0.128988 0.285558
vt 0.280888 0.284629
vt 0.154073 0.295197
vt 0.134098 0.300423
vt 0.256152 0.294616
vt 0.221081 0.290087
vt 0.205054 0.289042
vt 0.507399 0.053294
vt 0.498922 0.050159
vt 0.500315 0.049113
vt 0.514716 0.049462
vt 0.516109 0.050507
vt 0.519825 0.032855
vt 0.520871 0.032274
vt 0.522148 0.038778
vt 0.493464 0.037965
vt 0.495089 0.031578
vt 0.496135 0.032158
vt 0.507283 0.061075
vt 0.038938 0.155747
vt 0.046022 0.167360
vt 0.026512 0.168522
vt 0.043119 0.139024
vt 0.052526 0.133798
vt 0.056822 0.137631
vt 0.037777 0.124276
vt 0.060306 0.195464
vt 0.056590 0.199877
vt 0.046487 0.195813
vt 0.043003 0.211026
vt 0.040448 0.179670
vt 0.240358 0.291713
vt 0.052410 0.180599
vt 0.049506 0.167128
vt 0.043235 0.188612
vt 0.031854 0.192793
vt 0.028719 0.182574
vt 0.169750 0.292061
vt 0.050784 0.153425
vt 0.040680 0.146573
vt 0.071107 0.204987
vt 0.076333 0.220781
vt 0.087714 0.212187
vt 0.066345 0.126947
vt 0.081907 0.117888
vt 0.069713 0.110688
vt 0.067623 0.216949
vt 0.060074 0.210910
vt 0.054732 0.122301
vt 0.061468 0.115450
vt 0.483360 0.038081
vt 0.087481 0.218342
vt 0.083417 0.235762
vt 0.532251 0.039358
vt 0.074823 0.095010
vt 0.080978 0.111733
vt 0.481734 0.026700
vt 0.487889 0.017410
vt 0.500083 0.026003
vt 0.497528 0.011487
vt 0.508444 0.014158
vt 0.508212 0.023564
vt 0.508444 0.024726
vt 0.501012 0.027048
vt 0.061584 0.226239
vt 0.052061 0.219039
vt 0.072616 0.231465
vt 0.528884 0.018455
vt 0.534458 0.028094
vt 0.515180 0.027397
vt 0.519477 0.012067
vt 0.516109 0.026352
vt 0.507980 0.024726
vt 0.045790 0.115333
vt 0.054384 0.106972
vt 0.064719 0.100469
vt 0.520987 0.045165
vt 0.519477 0.044468
vt 0.520522 0.038662
vt 0.534226 0.049462
vt 0.528768 0.057475
vt 0.520638 0.063165
vt 0.033596 0.134263
vt 0.026977 0.154354
vt 0.028835 0.143786
vt 0.494393 0.044468
vt 0.495089 0.038081
vt 0.495902 0.043888
vt 0.485915 0.056430
vt 0.480921 0.048068
vt 0.493696 0.062469
vt 0.037661 0.201619
vt 0.216900 0.212279
vt 0.102975 0.078495
vt 0.985050 0.794735
vt 0.931630 0.793574
vt 0.276127 0.299610
vt 0.507515 0.051320
vt 0.189144 0.290203
vt 0.130101 0.494694
vt 0.128918 0.486897
vt 0.131263 0.486752
vt 0.417726 0.007784
vt 0.426204 0.006623
vt 0.426320 0.032752
vt 0.434681 0.007784
vt 0.410874 0.011500
vt 0.441649 0.011500
vt 0.405068 0.016726
vt 0.447456 0.016726
vt 0.401235 0.024971
vt 0.451288 0.024971
vt 0.400190 0.033914
vt 0.452333 0.033914
vt 0.402281 0.042507
vt 0.450243 0.042507
vt 0.406926 0.049591
vt 0.445481 0.049591
vt 0.411687 0.054237
vt 0.440720 0.054237
vt 0.418655 0.057256
vt 0.433868 0.057256
vt 0.426204 0.058533
vt 0.133387 0.502442
vt 0.131128 0.502944
vt 0.130177 0.495167
vt 0.133742 0.526371
vt 0.132755 0.517658
vt 0.135290 0.517997
vt 0.128529 0.471358
vt 0.126220 0.472438
vt 0.124645 0.463791
vt 0.134582 0.535421
vt 0.136287 0.526594
vt 0.126944 0.462826
vt 0.122733 0.454997
vt 0.135865 0.554069
vt 0.138093 0.553914
vt 0.138079 0.562073
vt 0.138006 0.596223
vt 0.137991 0.604382
vt 0.135793 0.604190
vt 0.135735 0.562218
vt 0.138316 0.570021
vt 0.138231 0.588316
vt 0.135682 0.596137
vt 0.135962 0.570281
vt 0.138211 0.579221
vt 0.135927 0.587998
vt 0.135276 0.544808
vt 0.137042 0.535287
vt 0.137726 0.544789
vt 0.136709 0.623039
vt 0.134184 0.622585
vt 0.135099 0.613455
vt 0.137423 0.613542
vt 0.134666 0.510481
vt 0.130100 0.478723
vt 0.132320 0.494655
vt 0.149912 0.492114
vt 0.148729 0.484317
vt 0.146087 0.467881
vt 0.153043 0.516286
vt 0.144260 0.459445
vt 0.154060 0.524652
vt 0.125022 0.454148
vt 0.155209 0.606122
vt 0.156047 0.561897
vt 0.155933 0.596509
vt 0.156747 0.579211
vt 0.154880 0.533933
vt 0.155533 0.543782
vt 0.155304 0.615689
vt 0.151095 0.499911
vt 0.197327 0.370748
vt 0.187572 0.370865
vt 0.187456 0.365987
vt 0.177701 0.370865
vt 0.177585 0.366103
vt 0.167133 0.371097
vt 0.157610 0.371561
vt 0.157261 0.366800
vt 0.228218 0.370400
vt 0.217650 0.370516
vt 0.217650 0.365871
vt 0.147855 0.371910
vt 0.147506 0.367729
vt 0.239831 0.370284
vt 0.228102 0.365639
vt 0.138216 0.374233
vt 0.136474 0.370400
vt 0.340633 0.368542
vt 0.339588 0.372374
vt 0.328788 0.371561
vt 0.274787 0.365987
vt 0.274671 0.370865
vt 0.264103 0.370400
vt 0.317291 0.371561
vt 0.318220 0.366452
vt 0.284426 0.367497
vt 0.284310 0.370516
vt 0.307187 0.370865
vt 0.307536 0.367381
vt 0.295923 0.370865
vt 0.295923 0.367729
vt 0.251909 0.370284
vt 0.239715 0.365406
vt 0.252025 0.365406
vt 0.348763 0.374929
vt 0.207895 0.370400
vt 0.197211 0.365755
vt 0.187340 0.362039
vt 0.177701 0.362271
vt 0.166784 0.365987
vt 0.156681 0.362619
vt 0.217882 0.362039
vt 0.228334 0.361342
vt 0.145764 0.362619
vt 0.341098 0.363432
vt 0.329601 0.366568
vt 0.264219 0.365406
vt 0.264219 0.361110
vt 0.329949 0.362735
vt 0.275135 0.361342
vt 0.318568 0.362271
vt 0.285122 0.361226
vt 0.307187 0.362155
vt 0.239947 0.361110
vt 0.252025 0.360994
vt 0.353176 0.365871
vt 0.350621 0.371097
vt 0.207663 0.361806
vt 0.207779 0.365523
vt 0.197095 0.361458
vt 0.186991 0.358787
vt 0.166204 0.359252
vt 0.166436 0.362039
vt 0.227753 0.358206
vt 0.145532 0.359948
vt 0.239599 0.357161
vt 0.133803 0.365290
vt 0.132525 0.361458
vt 0.341911 0.360181
vt 0.275135 0.357510
vt 0.329833 0.359368
vt 0.285122 0.357858
vt 0.307536 0.358555
vt 0.296387 0.358322
vt 0.296271 0.361458
vt 0.252025 0.357045
vt 0.197095 0.358206
vt 0.217650 0.357858
vt 0.177468 0.359600
vt 0.184552 0.320580
vt 0.176307 0.321393
vt 0.156216 0.359948
vt 0.154939 0.321973
vt 0.226940 0.319999
vt 0.144371 0.321857
vt 0.332388 0.321393
vt 0.276993 0.319186
vt 0.264451 0.356929
vt 0.318801 0.358439
vt 0.307652 0.320231
vt 0.286748 0.319651
vt 0.297316 0.319999
vt 0.251677 0.318838
vt 0.354685 0.362039
vt 0.344930 0.321509
vt 0.207546 0.357742
vt 0.195120 0.320115
vt 0.218463 0.319651
vt 0.184785 0.317212
vt 0.176307 0.317560
vt 0.165158 0.321160
vt 0.154823 0.318373
vt 0.226940 0.316515
vt 0.238205 0.318954
vt 0.144255 0.318489
vt 0.131829 0.320696
vt 0.344466 0.319186
vt 0.265148 0.318605
vt 0.265148 0.315818
vt 0.332156 0.318489
vt 0.320078 0.320231
vt 0.277109 0.316515
vt 0.319846 0.317560
vt 0.297432 0.316747
vt 0.238554 0.316283
vt 0.251677 0.316051
vt 0.357240 0.321393
vt 0.206734 0.319418
vt 0.195120 0.317328
vt 0.218463 0.316515
vt 0.165507 0.317909
vt 0.185017 0.313147
vt 0.176307 0.312915
vt 0.165507 0.313496
vt 0.227521 0.312218
vt 0.145300 0.313031
vt 0.132642 0.317212
vt 0.331924 0.313844
vt 0.277226 0.312334
vt 0.286748 0.316747
vt 0.307768 0.317444
vt 0.307884 0.313379
vt 0.286864 0.312334
vt 0.239018 0.312218
vt 0.264916 0.312334
vt 0.356311 0.317793
vt 0.343653 0.313728
vt 0.206734 0.316631
vt 0.195120 0.312567
vt 0.216605 0.312102
vt 0.277226 0.309199
vt 0.297549 0.312567
vt 0.286748 0.309199
vt 0.297781 0.309315
vt 0.319846 0.313612
vt 0.308000 0.309779
vt 0.273794 0.494966
vt 0.269501 0.495996
vt 0.269565 0.493093
vt 0.272755 0.533717
vt 0.272445 0.530313
vt 0.276425 0.530810
vt 0.272448 0.527187
vt 0.271662 0.513932
vt 0.276419 0.513739
vt 0.276320 0.517854
vt 0.265342 0.496629
vt 0.269872 0.499623
vt 0.270573 0.504485
vt 0.274764 0.499034
vt 0.271305 0.509459
vt 0.255994 0.505265
vt 0.254908 0.497621
vt 0.266010 0.504505
vt 0.267017 0.514094
vt 0.275323 0.503813
vt 0.275852 0.508481
vt 0.257359 0.514398
vt 0.271644 0.517904
vt 0.271917 0.520716
vt 0.267857 0.522165
vt 0.276294 0.521347
vt 0.257669 0.522731
vt 0.268332 0.532017
vt 0.257441 0.532650
vt 0.276599 0.526075
vt 0.251677 0.312218
vt 0.251677 0.309083
vt 0.239250 0.309083
vt 0.265586 0.462539
vt 0.267872 0.472867
vt 0.250754 0.476733
vt 0.247997 0.466892
vt 0.246063 0.457431
vt 0.265032 0.309083
vt 0.267349 0.492004
vt 0.269861 0.483876
vt 0.271125 0.490391
vt 0.271943 0.492095
vt 0.331807 0.311289
vt 0.353872 0.311754
vt 0.343188 0.311521
vt 0.255128 0.562606
vt 0.255924 0.553015
vt 0.275504 0.554742
vt 0.134964 0.311173
vt 0.135777 0.309431
vt 0.213715 0.399973
vt 0.207482 0.392866
vt 0.223132 0.380377
vt 0.319846 0.310476
vt 0.271149 0.535350
vt 0.275611 0.544374
vt 0.274905 0.535906
vt 0.275696 0.534372
vt 0.206269 0.309199
vt 0.206617 0.312218
vt 0.185017 0.309315
vt 0.175843 0.309779
vt 0.165391 0.310476
vt 0.155055 0.313031
vt 0.145648 0.310708
vt 0.219625 0.406324
vt 0.229170 0.387656
vt 0.227289 0.308734
vt 0.260350 0.444345
vt 0.263233 0.453311
vt 0.237648 0.414360
vt 0.229209 0.420107
vt 0.224218 0.413149
vt 0.232986 0.406832
vt 0.232457 0.402165
vt 0.234385 0.394554
vt 0.236962 0.403723
vt 0.236657 0.398995
vt 0.244257 0.448897
vt 0.253195 0.440972
vt 0.257944 0.440301
vt 0.254695 0.438045
vt 0.257579 0.435349
vt 0.250395 0.426934
vt 0.253968 0.425015
vt 0.256054 0.430107
vt 0.249755 0.417367
vt 0.251674 0.420941
vt 0.248049 0.423114
vt 0.238612 0.401357
vt 0.240425 0.403636
vt 0.238318 0.405644
vt 0.240484 0.408790
vt 0.242523 0.412813
vt 0.245925 0.410699
vt 0.243182 0.406745
vt 0.241448 0.420916
vt 0.233420 0.425952
vt 0.244577 0.415989
vt 0.245867 0.419010
vt 0.247746 0.413457
vt 0.245700 0.429154
vt 0.236922 0.433189
vt 0.249653 0.438074
vt 0.240194 0.441811
vt 0.252645 0.431742
vt 0.254236 0.435884
vt 0.049560 0.046897
vt 0.013675 0.046780
vt 0.015533 0.036212
vt 0.015998 0.057581
vt 0.021340 0.024483
vt 0.021224 0.068962
vt 0.031211 0.016470
vt 0.031327 0.077323
vt 0.043521 0.012405
vt 0.043753 0.081620
vt 0.056992 0.013102
vt 0.058502 0.080923
vt 0.068141 0.016935
vt 0.070115 0.075465
vt 0.077548 0.025180
vt 0.077548 0.068497
vt 0.082890 0.035400
vt 0.082890 0.058277
vt 0.084748 0.046780
vt 0.010191 0.046780
vt 0.012166 0.058742
vt 0.011933 0.035051
vt 0.018437 0.022161
vt 0.028772 0.013335
vt 0.029237 0.080226
vt 0.018204 0.071400
vt 0.043173 0.008225
vt 0.043289 0.085220
vt 0.057573 0.008457
vt 0.059083 0.084523
vt 0.070115 0.014147
vt 0.071973 0.078949
vt 0.079870 0.022857
vt 0.079987 0.070704
vt 0.086025 0.033890
vt 0.086025 0.059671
vt 0.088232 0.046200
vt 0.221241 0.546072
vt 0.221010 0.558141
vt 0.194095 0.556637
vt 0.220208 0.570311
vt 0.193232 0.568463
vt 0.220590 0.531682
vt 0.194123 0.545429
vt 0.217953 0.584269
vt 0.219738 0.518153
vt 0.193506 0.532566
vt 0.216289 0.598242
vt 0.189690 0.593852
vt 0.217876 0.502916
vt 0.192680 0.519858
vt 0.213636 0.612624
vt 0.186997 0.608006
vt 0.214898 0.488701
vt 0.191108 0.506928
vt 0.145189 0.394979
vt 0.167499 0.379725
vt 0.175832 0.392878
vt 0.186160 0.482211
vt 0.212613 0.475071
vt 0.183029 0.404934
vt 0.159374 0.417242
vt 0.209056 0.462255
vt 0.189210 0.414575
vt 0.165057 0.428740
vt 0.179019 0.459768
vt 0.204934 0.450246
vt 0.194759 0.425979
vt 0.174950 0.449401
vt 0.200394 0.438546
vt 0.170054 0.438354
vt 0.190886 0.556495
vt 0.190117 0.568187
vt 0.190954 0.545516
vt 0.191743 0.580754
vt 0.188703 0.580229
vt 0.190357 0.532768
vt 0.186723 0.593078
vt 0.189532 0.520060
vt 0.183431 0.606512
vt 0.188849 0.494119
vt 0.188020 0.507473
vt 0.153247 0.407237
vt 0.150838 0.408959
vt 0.185781 0.494778
vt 0.156811 0.418755
vt 0.182616 0.470808
vt 0.183133 0.483099
vt 0.162245 0.430179
vt 0.179589 0.471696
vt 0.167222 0.439679
vt 0.176032 0.460884
vt 0.172098 0.450611
vt 0.185647 0.545509
vt 0.184708 0.567608
vt 0.183388 0.579515
vt 0.184439 0.520604
vt 0.181557 0.591866
vt 0.178306 0.603524
vt 0.182947 0.508131
vt 0.138824 0.402351
vt 0.142484 0.397697
vt 0.180769 0.495780
vt 0.152195 0.421338
vt 0.178181 0.484444
vt 0.174906 0.473229
vt 0.162775 0.441878
vt 0.171369 0.462532
vt 0.167476 0.452487
vt 0.542115 0.110456
vt 0.551406 0.110456
vt 0.551173 0.139489
vt 0.561393 0.110688
vt 0.560464 0.139721
vt 0.531083 0.110688
vt 0.542347 0.139373
vt 0.571845 0.111037
vt 0.519469 0.139373
vt 0.520050 0.110456
vt 0.583110 0.111269
vt 0.582877 0.140418
vt 0.509018 0.110224
vt 0.594723 0.111269
vt 0.593562 0.139953
vt 0.497985 0.110224
vt 0.508785 0.139257
vt 0.406590 0.139140
vt 0.405893 0.110456
vt 0.417854 0.110572
vt 0.488230 0.139140
vt 0.487766 0.110224
vt 0.427493 0.110572
vt 0.426796 0.139605
vt 0.477430 0.110572
vt 0.438526 0.111153
vt 0.467675 0.139373
vt 0.467559 0.110572
vt 0.447816 0.110804
vt 0.448513 0.139489
vt 0.458152 0.110688
vt 0.135771 0.579124
vt 0.132311 0.510742
vt 0.127725 0.479215
vt 0.147617 0.475709
vt 0.142504 0.450198
vt 0.156071 0.553622
vt 0.156903 0.569432
vt 0.157104 0.588452
vt 0.154525 0.624597
vt 0.152448 0.508423
vt 0.253108 0.487764
vt 0.353176 0.310012
vt 0.275022 0.564610
vt 0.256713 0.542945
vt 0.195004 0.309315
vt 0.155287 0.310360
vt 0.216605 0.308502
vt 0.185423 0.556279
vt 0.185339 0.533063
vt 0.146573 0.412188
vt 0.158006 0.432223
vt 0.530967 0.139605
vt 0.571032 0.140302
vt 0.497985 0.139257
vt 0.417622 0.140186
vt 0.477894 0.139489
vt 0.438294 0.140069
vt 0.458500 0.139489
vt 0.485118 0.307544
vt 0.483725 0.310563
vt 0.481286 0.305802
vt 0.405452 0.306266
vt 0.402548 0.310679
vt 0.401387 0.307776
vt 0.483841 0.304292
vt 0.477570 0.298950
vt 0.409052 0.299298
vt 0.402897 0.304524
vt 0.579649 0.265968
vt 0.575701 0.277814
vt 0.573146 0.275607
vt 0.568385 0.232290
vt 0.575933 0.242742
vt 0.573378 0.243671
vt 0.472576 0.291169
vt 0.475363 0.289427
vt 0.411026 0.289659
vt 0.413813 0.291285
vt 0.566991 0.285130
vt 0.561881 0.281066
vt 0.567688 0.273517
vt 0.324624 0.281414
vt 0.319514 0.285479
vt 0.313476 0.275840
vt 0.570823 0.264459
vt 0.315914 0.264691
vt 0.318934 0.273749
vt 0.576514 0.265039
vt 0.570939 0.256562
vt 0.315682 0.256678
vt 0.310224 0.265272
vt 0.576514 0.255517
vt 0.567920 0.246342
vt 0.318585 0.246458
vt 0.310108 0.255633
vt 0.562113 0.238097
vt 0.324160 0.237981
vt 0.313127 0.243787
vt 0.566410 0.233684
vt 0.553404 0.232523
vt 0.332869 0.232290
vt 0.319863 0.233684
vt 0.342625 0.228342
vt 0.340418 0.222419
vt 0.443078 0.219400
vt 0.558862 0.242742
vt 0.551429 0.236355
vt 0.334960 0.236239
vt 0.327644 0.242626
vt 0.562578 0.249362
vt 0.323927 0.249362
vt 0.563972 0.258071
vt 0.322650 0.258071
vt 0.564088 0.264343
vt 0.322766 0.264459
vt 0.557352 0.276653
vt 0.329269 0.277117
vt 0.479892 0.297672
vt 0.553752 0.286756
vt 0.557700 0.291982
vt 0.550152 0.280601
vt 0.406729 0.297905
vt 0.328805 0.292330
vt 0.332753 0.287104
vt 0.336353 0.281066
vt 0.329618 0.226251
vt 0.344250 0.235426
vt 0.398135 0.235658
vt 0.443078 0.227064
vt 0.556655 0.226368
vt 0.543648 0.229039
vt 0.542139 0.235774
vt 0.545739 0.222884
vt 0.482563 0.235890
vt 0.443195 0.233103
vt 0.453879 0.266317
vt 0.461079 0.269452
vt 0.459569 0.272356
vt 0.452834 0.268988
vt 0.443195 0.267943
vt 0.443195 0.265039
vt 0.433556 0.268988
vt 0.443195 0.241000
vt 0.432394 0.266201
vt 0.426704 0.272240
vt 0.550152 0.239142
vt 0.555958 0.275607
vt 0.541674 0.237400
vt 0.482331 0.239142
vt 0.561184 0.249594
vt 0.562810 0.263994
vt 0.562578 0.258420
vt 0.560836 0.270149
vt 0.561649 0.270846
vt 0.557352 0.244252
vt 0.542952 0.259581
vt 0.425194 0.269336
vt 0.336353 0.239026
vt 0.397903 0.238445
vt 0.330547 0.276072
vt 0.324160 0.264110
vt 0.325321 0.249478
vt 0.329153 0.244136
vt 0.342625 0.260859
vt 0.323927 0.258188
vt 0.325785 0.270614
vt 0.324973 0.271078
vt 0.344715 0.237400
vt 0.318005 0.286988
vt 0.327411 0.294305
vt 0.568617 0.286640
vt 0.559094 0.293956
vt 0.307088 0.266201
vt 0.306972 0.256097
vt 0.310456 0.242974
vt 0.328224 0.224509
vt 0.317888 0.232406
vt 0.177411 0.756050
vt 0.183682 0.757212
vt 0.191231 0.760696
vt 0.310921 0.278046
vt 0.579649 0.255749
vt 0.166379 0.992610
vt 0.158250 0.988778
vt 0.153488 0.981113
vt 0.557933 0.224742
vt 0.189721 0.989591
vt 0.182057 0.992959
vt 0.175785 0.994120
vt 0.195296 0.898196
vt 0.201915 0.901796
vt 0.199825 0.904467
vt 0.197386 0.976004
vt 0.174740 0.974029
vt 0.195412 0.984481
vt 0.198780 0.774515
vt 0.200173 0.846052
vt 0.193554 0.848956
vt 0.196805 0.765805
vt 0.168005 0.757328
vt 0.175902 0.776025
vt 0.159759 0.761044
vt 0.339489 0.219864
vt 0.202380 0.848375
vt 0.194947 0.852323
vt 0.185076 0.875085
vt 0.181940 0.875085
vt 0.182753 0.862543
vt 0.156624 0.874969
vt 0.182521 0.887627
vt 0.185889 0.887047
vt 0.443078 0.215916
vt 0.546668 0.220329
vt 0.186121 0.895176
vt 0.153372 0.972287
vt 0.193205 0.901447
vt 0.188676 0.893202
vt 0.186353 0.855111
vt 0.154650 0.777535
vt 0.154882 0.768709
vt 0.186121 0.863240
vt 0.188908 0.857085
vt 0.190999 0.858943
vt 0.188792 0.863588
vt 0.188676 0.875085
vt 0.190766 0.891344
vt 0.195992 0.895989
vt 0.203076 0.899473
vt 0.196109 0.854298
vt 0.465724 0.274562
vt 0.470369 0.287801
vt 0.548294 0.279788
vt 0.463982 0.276885
vt 0.472808 0.286291
vt 0.470137 0.280485
vt 0.467582 0.281995
vt 0.420897 0.274330
vt 0.415904 0.287569
vt 0.338212 0.280136
vt 0.422407 0.276769
vt 0.417297 0.280601
vt 0.413697 0.286291
vt 0.419388 0.282111
vt 0.474782 0.300808
vt 0.478963 0.307660
vt 0.411955 0.301389
vt 0.407658 0.308937
vt 0.418691 0.289079
vt 0.470486 0.292446
vt 0.421710 0.283737
vt 0.468047 0.288730
vt 0.465027 0.283737
vt 0.715719 0.217967
vt 0.721293 0.218896
vt 0.721409 0.242354
vt 0.766468 0.241890
vt 0.766468 0.219128
vt 0.771230 0.218083
vt 0.424497 0.278511
vt 0.461892 0.278743
vt 0.726171 0.219128
vt 0.726984 0.241890
vt 0.761475 0.241541
vt 0.762055 0.219592
vt 0.427285 0.274678
vt 0.458988 0.274794
vt 0.730003 0.219012
vt 0.731281 0.242122
vt 0.758455 0.219244
vt 0.433788 0.271891
vt 0.452485 0.272007
vt 0.736042 0.219825
vt 0.752649 0.219941
vt 0.757410 0.241774
vt 0.443078 0.271078
vt 0.744636 0.241425
vt 0.744403 0.220057
vt 0.686918 0.206818
vt 0.709796 0.204263
vt 0.711538 0.214134
vt 0.701899 0.245722
vt 0.774598 0.214018
vt 0.775991 0.204728
vt 0.800495 0.207282
vt 0.784585 0.245838
vt 0.803050 0.252342
vt 0.797592 0.248858
vt 0.687963 0.247929
vt 0.684247 0.252922
vt 0.896187 0.209257
vt 0.897465 0.303091
vt 0.819889 0.305762
vt 0.815360 0.279400
vt 0.589716 0.309130
vt 0.590297 0.210650
vt 0.672634 0.282768
vt 0.667756 0.311336
vt 0.690751 0.252109
vt 0.687963 0.255593
vt 0.799218 0.255477
vt 0.796546 0.252690
vt 0.785630 0.249671
vt 0.721642 0.245025
vt 0.701435 0.249554
vt 0.765772 0.244909
vt 0.762404 0.244445
vt 0.727100 0.244909
vt 0.758804 0.243980
vt 0.752184 0.245025
vt 0.731281 0.244909
vt 0.737087 0.241890
vt 0.744752 0.246070
vt 0.752068 0.241657
vt 0.752533 0.247232
vt 0.744984 0.248277
vt 0.737087 0.247812
vt 0.737203 0.245606
vt 0.745332 0.252574
vt 0.721990 0.247929
vt 0.766120 0.247000
vt 0.692609 0.254664
vt 0.794224 0.254896
vt 0.689241 0.256638
vt 0.797708 0.256755
vt 0.727564 0.247348
vt 0.728029 0.251064
vt 0.760894 0.249787
vt 0.761242 0.246419
vt 0.722803 0.251877
vt 0.703293 0.255593
vt 0.695628 0.259077
vt 0.701667 0.251529
vt 0.783424 0.255361
vt 0.765539 0.250484
vt 0.785049 0.251529
vt 0.791088 0.259426
vt 0.731397 0.250716
vt 0.731513 0.247348
vt 0.736158 0.251877
vt 0.757875 0.249554
vt 0.757642 0.246535
vt 0.753810 0.250948
vt 0.722919 0.254432
vt 0.704106 0.257916
vt 0.782611 0.257451
vt 0.765539 0.252690
vt 0.728145 0.253387
vt 0.761010 0.251761
vt 0.727448 0.262677
vt 0.723035 0.262561
vt 0.765075 0.259890
vt 0.761707 0.259658
vt 0.730700 0.262793
vt 0.759384 0.259774
vt 0.731977 0.253154
vt 0.757642 0.251761
vt 0.735345 0.254896
vt 0.754855 0.253503
vt 0.745681 0.256058
vt 0.734764 0.263374
vt 0.756597 0.260819
vt 0.696557 0.261284
vt 0.706544 0.266742
vt 0.779359 0.265581
vt 0.789811 0.261632
vt 0.814198 0.303672
vt 0.811527 0.280794
vt 0.673099 0.310756
vt 0.693421 0.261864
vt 0.692725 0.260587
vt 0.793527 0.262445
vt 0.794456 0.260935
vt 0.679021 0.284278
vt 0.393396 0.061634
vt 0.395138 0.060588
vt 0.396184 0.064188
vt 0.331266 0.064188
vt 0.332195 0.060588
vt 0.333937 0.061633
vt 0.336840 0.061866
vt 0.363667 0.062098
vt 0.363667 0.065117
vt 0.390609 0.061866
vt 0.393745 0.064188
vt 0.333705 0.064188
vt 0.396184 0.137468
vt 0.391306 0.064885
vt 0.393513 0.137816
vt 0.333937 0.137816
vt 0.336144 0.064885
vt 0.391074 0.137932
vt 0.336260 0.137932
vt 0.809321 0.301117
vt 0.809553 0.281026
vt 0.334750 0.058614
vt 0.392700 0.058614
vt 0.807231 0.301581
vt 0.804443 0.281955
vt 0.363667 0.059311
vt 0.389332 0.058614
vt 0.677744 0.309827
vt 0.676815 0.284162
vt 0.685060 0.284975
vt 0.682505 0.309711
vt 0.338002 0.058614
vt 0.754042 0.189747
vt 0.754971 0.153862
vt 0.760313 0.154094
vt 0.758920 0.189863
vt 0.767165 0.154559
vt 0.725358 0.153978
vt 0.726984 0.189631
vt 0.720480 0.189979
vt 0.772856 0.191489
vt 0.765423 0.190211
vt 0.711886 0.153397
vt 0.719435 0.153513
vt 0.775759 0.196366
vt 0.775875 0.153978
vt 0.710028 0.195205
vt 0.712467 0.191140
vt 0.803166 0.155139
vt 0.589600 0.155836
vt 0.742894 0.189398
vt 0.742894 0.152584
vt 0.730816 0.153746
vt 0.731745 0.189631
vt 0.742894 0.150494
vt 0.754855 0.151075
vt 0.730932 0.150959
vt 0.761126 0.150959
vt 0.724545 0.150726
vt 0.767397 0.151191
vt 0.775178 0.151075
vt 0.718158 0.150959
vt 0.060497 0.379770
vt 0.056781 0.377680
vt 0.060381 0.373034
vt 0.094292 0.372222
vt 0.098124 0.376751
vt 0.094524 0.378957
vt 0.065375 0.369899
vt 0.066420 0.373964
vt 0.088369 0.373383
vt 0.089182 0.369318
vt 0.077220 0.369202
vt 0.054807 0.385112
vt 0.100563 0.384067
vt 0.067465 0.375938
vt 0.077336 0.372686
vt 0.087324 0.375473
vt 0.519190 0.077942
vt 0.518610 0.088626
vt 0.509087 0.087465
vt 0.528248 0.088510
vt 0.064910 0.377099
vt 0.063517 0.375938
vt 0.091388 0.375241
vt 0.089995 0.376518
vt 0.509203 0.077245
vt 0.506183 0.087000
vt 0.531152 0.088278
vt 0.529177 0.078290
vt 0.501422 0.077013
vt 0.506183 0.076781
vt 0.532197 0.078058
vt 0.536958 0.078871
vt 0.058523 0.386157
vt 0.062704 0.381280
vt 0.092433 0.380583
vt 0.096846 0.385228
vt 0.495383 0.077129
vt 0.501538 0.088045
vt 0.535681 0.089787
vt 0.542881 0.079684
vt 0.061194 0.386970
vt 0.056084 0.412635
vt 0.094175 0.386274
vt 0.102537 0.411590
vt 0.462286 0.076781
vt 0.463215 0.092923
vt 0.443705 0.092923
vt 0.424194 0.092458
vt 0.425472 0.076200
vt 0.567269 0.094781
vt 0.541023 0.091065
vt 0.569243 0.081194
vt 0.572495 0.082587
vt 0.421756 0.091761
vt 0.422104 0.076316
vt 0.496080 0.088742
vt 0.469486 0.089555
vt 0.465653 0.076897
vt 0.469021 0.075851
vt 0.465653 0.092342
vt 0.059568 0.417513
vt 0.055039 0.417513
vt 0.057246 0.415074
vt 0.078382 0.417397
vt 0.078382 0.413913
vt 0.096614 0.413913
vt 0.060149 0.414842
vt 0.710144 0.150843
vt 0.682505 0.154791
vt 0.590064 0.152236
vt 0.101840 0.416352
vt 0.107763 0.411706
vt 0.097311 0.416584
vt 0.099517 0.414029
vt 0.100563 0.411590
vt 0.803282 0.152352
vt 0.054110 0.412751
vt 0.896304 0.154559
vt 0.048884 0.413100
vt 0.057129 0.506586
vt 0.051671 0.506586
vt 0.080588 0.506586
vt 0.103930 0.505541
vt 0.109505 0.505192
vt 0.188676 0.886698
vt 0.204005 0.850930
vt 0.482099 0.312770
vt 0.404523 0.312886
vt 0.416368 0.292679
vt 0.746842 0.264768
vt 0.699112 0.270110
vt 0.786211 0.269761
vt 0.331266 0.137467
vt 0.363667 0.138629
vt 0.077452 0.375125
vt 0.443937 0.076664
vt 0.570869 0.097917
vt 0.682273 0.152468
vt 0.895723 0.150843
vt 0.988887 0.494776
vt 0.985403 0.494776
vt 0.985403 0.485834
vt 0.985403 0.503718
vt 0.988887 0.485370
vt 0.985403 0.480956
vt 0.985403 0.508712
vt 0.988887 0.504299
vt 0.762893 0.829394
vt 0.760803 0.829510
vt 0.760803 0.827768
vt 0.779848 0.827536
vt 0.779848 0.829278
vt 0.777990 0.829278
vt 0.777990 0.827536
vt 0.770558 0.829394
vt 0.762893 0.827652
vt 0.757551 0.827768
vt 0.782752 0.827536
vt 0.741293 0.827884
vt 0.757551 0.829510
vt 0.782752 0.829278
vt 0.797500 0.827420
vt 0.988887 0.476195
vt 0.988887 0.481073
vt 0.988887 0.508480
vt 0.988887 0.513473
vt 0.985403 0.475847
vt 0.985403 0.458543
vt 0.985403 0.513706
vt 0.988887 0.531009
vt 0.779848 0.826607
vt 0.760803 0.826839
vt 0.770558 0.827652
vt 0.762893 0.826839
vt 0.777990 0.826607
vt 0.782752 0.826607
vt 0.757551 0.826839
vt 0.770558 0.826723
vt 0.770326 0.807213
vt 0.762777 0.807329
vt 0.779616 0.807213
vt 0.760571 0.807329
vt 0.782519 0.807097
vt 0.797268 0.806981
vt 0.757435 0.807445
vt 0.741293 0.827071
vt 0.741060 0.807561
vt 0.741060 0.804890
vt 0.797268 0.804310
vt 0.760571 0.804658
vt 0.779616 0.804542
vt 0.777758 0.807213
vt 0.561733 0.065957
vt 0.557087 0.053298
vt 0.571604 0.052834
vt 0.777758 0.804542
vt 0.762661 0.804658
vt 0.770326 0.804542
vt 0.571604 0.065841
vt 0.571604 0.068628
vt 0.564520 0.068628
vt 0.563359 0.067931
vt 0.581591 0.065957
vt 0.579965 0.067931
vt 0.578804 0.068628
vt 0.586120 0.053298
vt 0.571604 0.038782
vt 0.722131 0.805006
vt 0.813991 0.804193
vt 0.571604 0.035298
vt 0.591230 0.035066
vt 0.590766 0.038898
vt 0.552558 0.038898
vt 0.552094 0.035066
vt 0.813991 0.806864
vt 0.819565 0.804077
vt 0.716208 0.805122
vt 0.722131 0.807677
vt 0.819217 0.806748
vt 0.820843 0.806748
vt 0.715395 0.807793
vt 0.717137 0.807793
vt 0.571604 0.033324
vt 0.591462 0.033324
vt 0.551745 0.033324
vt 0.797500 0.826491
vt 0.814223 0.826258
vt 0.814223 0.827187
vt 0.722363 0.827187
vt 0.548958 0.013465
vt 0.571604 0.013465
vt 0.594366 0.013465
vt 0.821075 0.826258
vt 0.819449 0.826258
vt 0.715628 0.827304
vt 0.717370 0.827304
vt 0.722363 0.828117
vt 0.797500 0.829162
vt 0.741293 0.829626
vt 0.985403 0.531125
vt 0.988887 0.550752
vt 0.988887 0.438917
vt 0.988887 0.458543
vt 0.985403 0.550752
vt 0.988887 0.556558
vt 0.988887 0.432994
vt 0.985403 0.438801
vt 0.814223 0.828929
vt 0.819449 0.827187
vt 0.717370 0.828117
vt 0.722363 0.829858
vt 0.821075 0.827187
vt 0.571604 0.011491
vt 0.715628 0.828117
vt 0.571604 0.008936
vt 0.595063 0.008936
vt 0.548145 0.008936
vt 0.819449 0.828929
vt 0.595759 0.011491
vt 0.598430 0.008936
vt 0.717370 0.829858
vt 0.544778 0.008936
vt 0.547565 0.011491
vt 0.740481 0.494776
vt 0.740481 0.484208
vt 0.740481 0.479447
vt 0.740481 0.505460
vt 0.740481 0.473756
vt 0.740481 0.510222
vt 0.740481 0.455059
vt 0.740481 0.534493
vt 0.740481 0.515796
vt 0.740481 0.557139
vt 0.985403 0.433110
vt 0.740481 0.432413
vt 0.985403 0.556442
vt 0.740481 0.563875
vt 0.322872 0.494776
vt 0.322872 0.485253
vt 0.322872 0.504299
vt 0.322872 0.480027
vt 0.322872 0.509641
vt 0.322872 0.472827
vt 0.322872 0.516841
vt 0.322872 0.452272
vt 0.322872 0.537280
vt 0.322872 0.430207
vt 0.322872 0.559345
vt 0.322872 0.423704
vt 0.293490 0.494776
vt 0.293490 0.509873
vt 0.293490 0.504996
vt 0.293490 0.484905
vt 0.293490 0.479911
vt 0.293490 0.517422
vt 0.293490 0.472130
vt 0.293490 0.452388
vt 0.293490 0.558532
vt 0.293490 0.537048
vt 0.293490 0.431136
vt 0.293490 0.565384
vt 0.293490 0.424168
vt 0.288613 0.505112
vt 0.288613 0.484789
vt 0.288613 0.537048
vt 0.288613 0.452504
vt 0.162363 0.710244
vt 0.181989 0.709896
vt 0.181873 0.688992
vt 0.288613 0.565268
vt 0.288613 0.558649
vt 0.288613 0.431020
vt 0.288613 0.424400
vt 0.201615 0.709896
vt 0.204170 0.688644
vt 0.204751 0.682141
vt 0.181757 0.682257
vt 0.158879 0.682489
vt 0.159576 0.688992
vt 0.288613 0.517306
vt 0.288613 0.472247
vt 0.172815 0.738116
vt 0.182221 0.738697
vt 0.182105 0.728593
vt 0.288613 0.479563
vt 0.166427 0.729406
vt 0.192209 0.738232
vt 0.195460 0.735793
vt 0.198248 0.729290
vt 0.168982 0.735677
vt 0.757319 0.804658
vt 0.782519 0.804426
vt 0.821075 0.828929
vt 0.599011 0.010446
vt 0.715628 0.829858
vt 0.544313 0.010446
vt 0.740481 0.425794
vt 0.322872 0.565849
vt 0.288613 0.494776
vt 0.288613 0.509757
vt 0.985822 0.120760
vt 0.975951 0.120644
vt 0.976532 0.069546
vt 0.618381 0.065714
vt 0.617801 0.116811
vt 0.605839 0.116695
vt 0.967822 0.120528
vt 0.968286 0.069430
vt 0.623607 0.116811
vt 0.958996 0.120412
vt 0.632085 0.116928
vt 0.624188 0.065714
vt 0.861793 0.119366
vt 0.862258 0.068268
vt 0.729752 0.066875
vt 0.729287 0.117973
vt 0.852619 0.068152
vt 0.740436 0.066991
vt 0.846232 0.068152
vt 0.852038 0.119250
vt 0.739855 0.118089
vt 0.746242 0.066991
vt 0.845651 0.119250
vt 0.839264 0.119134
vt 0.745662 0.118205
vt 0.752281 0.067107
vt 0.839845 0.068036
vt 0.832877 0.119134
vt 0.758552 0.118321
vt 0.751701 0.118205
vt 0.833457 0.068036
vt 0.818476 0.118902
vt 0.773417 0.118437
vt 0.759017 0.067223
vt 0.773998 0.067339
vt 0.796295 0.067572
vt 0.819057 0.067804
vt 0.773998 0.063623
vt 0.796295 0.063855
vt 0.819057 0.064088
vt 0.839845 0.064320
vt 0.752281 0.063391
vt 0.846348 0.064320
vt 0.746242 0.063275
vt 0.852619 0.064436
vt 0.740552 0.063159
vt 0.959460 0.069314
vt 0.862374 0.064552
vt 0.632666 0.065830
vt 0.632666 0.061997
vt 0.968402 0.065714
vt 0.624188 0.061997
vt 0.986403 0.069662
vt 0.976532 0.065714
vt 0.618498 0.061881
vt 0.606420 0.065481
vt 0.833457 0.064204
vt 0.759133 0.063391
vt 0.819173 0.057584
vt 0.774114 0.057120
vt 0.833573 0.057817
vt 0.839961 0.057817
vt 0.759133 0.057004
vt 0.752397 0.056888
vt 0.846348 0.057933
vt 0.746359 0.056771
vt 0.852735 0.057933
vt 0.740552 0.056771
vt 0.729868 0.063042
vt 0.862374 0.058049
vt 0.959576 0.059094
vt 0.632782 0.055610
vt 0.729868 0.056655
vt 0.959576 0.065597
vt 0.968402 0.059210
vt 0.624188 0.055494
vt 0.986519 0.065830
vt 0.976648 0.059326
vt 0.618498 0.055494
vt 0.606536 0.061765
vt 0.729171 0.121573
vt 0.632085 0.120528
vt 0.861677 0.122966
vt 0.623491 0.120412
vt 0.967706 0.124128
vt 0.958880 0.124012
vt 0.617801 0.120295
vt 0.605839 0.120179
vt 0.975951 0.124244
vt 0.739855 0.121689
vt 0.852038 0.122850
vt 0.751701 0.121805
vt 0.839264 0.122734
vt 0.758436 0.121805
vt 0.832877 0.122618
vt 0.773417 0.122037
vt 0.795714 0.118670
vt 0.818476 0.122502
vt 0.795714 0.122270
vt 0.617801 0.126334
vt 0.975835 0.130283
vt 0.985822 0.124360
vt 0.623491 0.126450
vt 0.967706 0.130167
vt 0.631969 0.126566
vt 0.958880 0.130050
vt 0.739855 0.127728
vt 0.851922 0.128889
vt 0.745546 0.127728
vt 0.845651 0.128773
vt 0.751584 0.127844
vt 0.745662 0.121689
vt 0.845651 0.122850
vt 0.839148 0.128773
vt 0.758436 0.127844
vt 0.832761 0.128657
vt 0.818360 0.128541
vt 0.773301 0.128076
vt 0.617685 0.129238
vt 0.605723 0.129121
vt 0.605839 0.126218
vt 0.985822 0.130399
vt 0.985706 0.133186
vt 0.975835 0.133186
vt 0.605723 0.137134
vt 0.985706 0.141315
vt 0.623375 0.137367
vt 0.617569 0.137251
vt 0.975719 0.141199
vt 0.967589 0.141083
vt 0.623491 0.129354
vt 0.967589 0.133070
vt 0.631969 0.129470
vt 0.958763 0.132954
vt 0.729171 0.127612
vt 0.861677 0.129005
vt 0.631853 0.137483
vt 0.729055 0.130515
vt 0.861677 0.131909
vt 0.958763 0.140967
vt 0.739739 0.130631
vt 0.851922 0.131792
vt 0.729055 0.138528
vt 0.861561 0.139922
vt 0.745546 0.130631
vt 0.845535 0.131676
vt 0.739739 0.138644
vt 0.851806 0.139805
vt 0.751584 0.130747
vt 0.839148 0.131676
vt 0.751468 0.138760
vt 0.745430 0.138644
vt 0.845535 0.139805
vt 0.839032 0.139689
vt 0.758436 0.130747
vt 0.832761 0.131560
vt 0.773301 0.130980
vt 0.818360 0.131444
vt 0.758320 0.138760
vt 0.832644 0.139573
vt 0.795598 0.128308
vt 0.773185 0.138993
vt 0.795598 0.131212
vt 0.818244 0.139457
vt 0.986519 0.059442
vt 0.976648 0.056888
vt 0.618498 0.053055
vt 0.606536 0.055262
vt 0.986635 0.046320
vt 0.986519 0.057004
vt 0.606536 0.052939
vt 0.606652 0.042255
vt 0.968402 0.056888
vt 0.624304 0.053171
vt 0.976764 0.046203
vt 0.618614 0.042371
vt 0.959809 0.046087
vt 0.968518 0.046203
vt 0.624420 0.042487
vt 0.632898 0.042487
vt 0.959692 0.056771
vt 0.632782 0.053171
vt 0.862490 0.055726
vt 0.729868 0.054217
vt 0.862606 0.045042
vt 0.852735 0.055610
vt 0.740552 0.054333
vt 0.729984 0.043648
vt 0.846348 0.055494
vt 0.746359 0.054449
vt 0.852851 0.044926
vt 0.740668 0.043765
vt 0.839961 0.055494
vt 0.840077 0.044810
vt 0.846464 0.044810
vt 0.746475 0.043765
vt 0.752514 0.043881
vt 0.752397 0.054449
vt 0.833690 0.044694
vt 0.759365 0.043881
vt 0.833573 0.055378
vt 0.759249 0.054565
vt 0.819289 0.044578
vt 0.774230 0.044113
vt 0.819173 0.055262
vt 0.796411 0.057352
vt 0.774114 0.054681
vt 0.796527 0.044345
vt 0.795482 0.139225
vt 0.796411 0.055029
vt 0.987586 0.165071
vt 0.987586 0.182142
vt 0.973070 0.190156
vt 0.958205 0.182142
vt 0.958205 0.164955
vt 0.973070 0.156942
vt 0.953194 0.833864
vt 0.970730 0.832703
vt 0.970033 0.835142
vt 0.981995 0.841064
vt 0.984666 0.841993
vt 0.983272 0.843503
vt 0.954355 0.835954
vt 0.951684 0.835838
vt 0.992447 0.857090
vt 0.938445 0.841877
vt 0.940303 0.843038
vt 0.932523 0.857439
vt 0.991518 0.873233
vt 0.993027 0.871026
vt 0.993840 0.873697
vt 0.930200 0.856974
vt 0.931013 0.859645
vt 0.984317 0.887285
vt 0.930084 0.874394
vt 0.932290 0.873465
vt 0.940652 0.886820
vt 0.970265 0.894717
vt 0.972936 0.894717
vt 0.971195 0.896459
vt 0.939491 0.888562
vt 0.941813 0.889375
vt 0.953775 0.897504
vt 0.954239 0.895414
vt 0.953078 0.882988
vt 0.970265 0.882639
vt 0.973285 0.881943
vt 0.950871 0.880781
vt 0.981298 0.866729
vt 0.943091 0.863361
vt 0.981995 0.864174
vt 0.973169 0.849890
vt 0.970846 0.847219
vt 0.954704 0.847568
vt 0.972356 0.851052
vt 0.951336 0.848729
vt 0.952265 0.850471
vt 0.979788 0.864291
vt 0.942394 0.866033
vt 0.944833 0.863710
vt 0.979788 0.866962
vt 0.944252 0.866381
vt 0.972007 0.880201
vt 0.954007 0.881362
vt 0.952033 0.879736
vt 0.969917 0.849426
vt 0.955052 0.849542
vt 0.959001 0.852677
vt 0.965736 0.852677
vt 0.952846 0.856626
vt 0.974911 0.869052
vt 0.974911 0.862084
vt 0.949594 0.861736
vt 0.949362 0.868703
vt 0.971659 0.874394
vt 0.952497 0.874046
vt 0.965272 0.877994
vt 0.958768 0.877994
vt 0.969801 0.881246
vt 0.964807 0.855697
vt 0.954820 0.858136
vt 0.951917 0.862665
vt 0.952265 0.868007
vt 0.971543 0.857090
vt 0.969569 0.858484
vt 0.955052 0.872187
vt 0.959697 0.874859
vt 0.968872 0.872187
vt 0.971543 0.868123
vt 0.971659 0.862897
vt 0.671413 0.811735
vt 0.676291 0.811735
vt 0.676291 0.822884
vt 0.681749 0.822884
vt 0.681749 0.811735
vt 0.685813 0.811735
vt 0.685813 0.822884
vt 0.690575 0.811735
vt 0.690575 0.822884
vt 0.695220 0.811735
vt 0.695220 0.822884
vt 0.633554 0.822884
vt 0.633554 0.811735
vt 0.638432 0.811735
vt 0.643541 0.811735
vt 0.643541 0.822884
vt 0.649116 0.811735
vt 0.649116 0.822884
vt 0.654458 0.811735
vt 0.654574 0.822884
vt 0.660264 0.811735
vt 0.660264 0.822884
vt 0.665723 0.811735
vt 0.671413 0.822884
vt 0.665723 0.822884
vt 0.931703 0.170395
vt 0.933213 0.168770
vt 0.935535 0.173415
vt 0.933445 0.177131
vt 0.933445 0.173763
vt 0.931471 0.180266
vt 0.935419 0.177828
vt 0.927987 0.168073
vt 0.928451 0.166331
vt 0.923458 0.168770
vt 0.922645 0.166679
vt 0.920322 0.170860
vt 0.918464 0.169699
vt 0.918928 0.174692
vt 0.916722 0.174808
vt 0.929148 0.181892
vt 0.932980 0.182125
vt 0.926012 0.182589
vt 0.929961 0.183750
vt 0.925780 0.174924
vt 0.922064 0.181196
vt 0.925664 0.184680
vt 0.919741 0.178641
vt 0.920786 0.182821
vt 0.918115 0.179686
vt 0.994653 0.856045
vt 0.985827 0.888794
vt 0.959814 0.855697
vt 0.964459 0.874859
vt 0.638432 0.822884
vt 0.079766 0.965416
vt 0.078991 0.991856
vt 0.076774 0.992049
vt 0.094755 0.939434
vt 0.078476 0.962838
vt 0.092876 0.939223
vt 0.092901 0.937259
vt 0.082369 0.939080
vt 0.076143 0.965892
vt 0.070721 0.955543
vt 0.073889 0.954185
vt 0.079879 0.910933
vt 0.095448 0.936972
vt 0.078568 0.912191
vt 0.082376 0.936811
vt 0.076953 0.910699
vt 0.073076 0.921717
vt 0.071648 0.920445
vt 0.077949 0.908873
vt 0.050200 0.912323
vt 0.044933 0.962912
vt 0.033190 0.939907
vt 0.042667 0.939557
vt 0.043528 0.966129
vt 0.048191 0.964475
vt 0.051225 0.955629
vt 0.046693 0.967081
vt 0.053221 0.956532
vt 0.075194 0.964275
vt 0.012885 0.656103
vt 0.014411 0.656150
vt 0.014251 0.658466
vt 0.012240 0.658562
vt 0.012179 0.676025
vt 0.010653 0.675714
vt 0.012480 0.678397
vt 0.014189 0.697693
vt 0.012460 0.698180
vt 0.011925 0.695885
vt 0.019409 0.714327
vt 0.017025 0.715194
vt 0.019848 0.717019
vt 0.024330 0.733871
vt 0.017359 0.717162
vt 0.027706 0.618629
vt 0.029038 0.620145
vt 0.027862 0.621377
vt 0.018705 0.636173
vt 0.026139 0.620206
vt 0.020677 0.637031
vt 0.019597 0.639126
vt 0.017884 0.638594
vt 0.031973 0.712340
vt 0.027819 0.695006
vt 0.026030 0.676621
vt 0.027815 0.658837
vt 0.031660 0.643860
vt 0.039484 0.627324
vt 0.038693 0.727726
vt 0.013635 0.695182
vt 0.010259 0.678880
vt 0.027717 0.693797
vt 0.026170 0.678150
vt 0.027932 0.678364
vt 0.031505 0.711039
vt 0.029055 0.694975
vt 0.039993 0.726373
vt 0.034400 0.642050
vt 0.032908 0.641729
vt 0.033632 0.645046
vt 0.027975 0.676154
vt 0.027361 0.660162
vt 0.029082 0.660952
vt 0.040789 0.628695
vt 0.041147 0.625908
vt 0.033212 0.711919
vt 0.032077 0.673951
vt 0.032120 0.679621
vt 0.029128 0.693504
vt 0.032330 0.685220
vt 0.033057 0.690268
vt 0.033942 0.695470
vt 0.032834 0.710433
vt 0.036086 0.705597
vt 0.038086 0.711257
vt 0.039876 0.716713
vt 0.042416 0.627091
vt 0.046573 0.630393
vt 0.043464 0.632901
vt 0.039347 0.641505
vt 0.037330 0.646808
vt 0.029617 0.658809
vt 0.034115 0.657079
vt 0.033379 0.662956
vt 0.032111 0.668733
vt 0.035216 0.651986
vt 0.040795 0.636940
vt 0.034830 0.700961
vt 0.101320 0.808029
vt 0.102846 0.807841
vt 0.102814 0.811813
vt 0.038258 0.813298
vt 0.037072 0.813367
vt 0.037082 0.809040
vt 0.101165 0.803547
vt 0.102521 0.803425
vt 0.038251 0.809082
vt 0.038098 0.805036
vt 0.101110 0.799783
vt 0.102506 0.799739
vt 0.036938 0.805020
vt 0.036863 0.800955
vt 0.101222 0.795295
vt 0.102398 0.794944
vt 0.038017 0.800898
vt 0.037904 0.796870
vt 0.102420 0.868689
vt 0.103646 0.868712
vt 0.103821 0.873450
vt 0.102603 0.873549
vt 0.039265 0.873816
vt 0.039200 0.869105
vt 0.038088 0.873729
vt 0.102389 0.864126
vt 0.103716 0.864027
vt 0.039137 0.864467
vt 0.038071 0.869094
vt 0.103632 0.860178
vt 0.102333 0.860045
vt 0.039076 0.860446
vt 0.037931 0.864440
vt 0.103464 0.855615
vt 0.102128 0.855787
vt 0.039190 0.855833
vt 0.037886 0.860287
vt 0.102311 0.851566
vt 0.103469 0.851618
vt 0.037964 0.855855
vt 0.037881 0.852201
vt 0.102086 0.847407
vt 0.103423 0.847143
vt 0.039090 0.852155
vt 0.037801 0.848187
vt 0.101973 0.842853
vt 0.103333 0.842591
vt 0.039081 0.848207
vt 0.038034 0.843685
vt 0.103427 0.838446
vt 0.102027 0.837990
vt 0.039186 0.843717
vt 0.038878 0.839402
vt 0.103221 0.833774
vt 0.101881 0.833687
vt 0.038817 0.835051
vt 0.037805 0.839354
vt 0.103188 0.828968
vt 0.101566 0.829109
vt 0.038734 0.830860
vt 0.037612 0.834923
vt 0.101517 0.824841
vt 0.103097 0.824830
vt 0.037616 0.830883
vt 0.037571 0.826217
vt 0.101646 0.820388
vt 0.103118 0.820411
vt 0.038635 0.826173
vt 0.038387 0.822067
vt 0.102744 0.815836
vt 0.101506 0.811948
vt 0.101640 0.815798
vt 0.038338 0.817465
vt 0.037303 0.817511
vt 0.037305 0.822002
vt 0.063593 0.681931
vt 0.064248 0.681229
vt 0.067627 0.683484
vt 0.060817 0.670028
vt 0.060672 0.674010
vt 0.059712 0.674150
vt 0.084524 0.674926
vt 0.084723 0.670701
vt 0.086240 0.670497
vt 0.076564 0.684941
vt 0.076032 0.683975
vt 0.080055 0.681794
vt 0.078338 0.660346
vt 0.081620 0.662564
vt 0.080663 0.663572
vt 0.077686 0.661593
vt 0.073472 0.660488
vt 0.073898 0.659245
vt 0.080882 0.682423
vt 0.082682 0.678855
vt 0.097257 0.688188
vt 0.083527 0.679222
vt 0.085729 0.675743
vt 0.100046 0.682644
vt 0.098861 0.685072
vt 0.103046 0.683091
vt 0.101917 0.686407
vt 0.099839 0.689750
vt 0.078709 0.705675
vt 0.077296 0.703051
vt 0.081689 0.619770
vt 0.055330 0.619653
vt 0.055549 0.601227
vt 0.085233 0.593862
vt 0.088424 0.596519
vt 0.085431 0.598711
vt 0.081138 0.599807
vt 0.079758 0.596043
vt 0.106124 0.606374
vt 0.104388 0.609092
vt 0.085076 0.620342
vt 0.095719 0.574265
vt 0.101021 0.575100
vt 0.071984 0.685739
vt 0.071924 0.684464
vt 0.067296 0.684649
vt 0.047599 0.694900
vt 0.049027 0.693157
vt 0.072008 0.703189
vt 0.075027 0.706197
vt 0.074668 0.703674
vt 0.071595 0.705617
vt 0.061759 0.677793
vt 0.045848 0.689336
vt 0.060623 0.678234
vt 0.047086 0.691110
vt 0.096227 0.571170
vt 0.101733 0.567176
vt 0.118789 0.557837
vt 0.120120 0.560096
vt 0.096060 0.568291
vt 0.102706 0.570746
vt 0.118904 0.583496
vt 0.043870 0.690435
vt 0.045275 0.692856
vt 0.057828 0.595468
vt 0.059606 0.591212
vt 0.077886 0.591526
vt 0.051419 0.600229
vt 0.033170 0.607376
vt 0.048850 0.597432
vt 0.051742 0.592949
vt 0.054616 0.594256
vt 0.035626 0.576014
vt 0.036212 0.566398
vt 0.039548 0.567548
vt 0.039145 0.571172
vt 0.019450 0.586341
vt 0.017302 0.581573
vt 0.018852 0.558176
vt 0.033807 0.571304
vt 0.093105 0.652751
vt 0.100120 0.658040
vt 0.084675 0.665993
vt 0.097246 0.658615
vt 0.083203 0.666570
vt 0.095198 0.655229
vt 0.095507 0.650332
vt 0.098069 0.652999
vt 0.039805 0.574867
vt 0.050833 0.547918
vt 0.055366 0.541248
vt 0.056310 0.545503
vt 0.053177 0.546263
vt 0.030445 0.535311
vt 0.047968 0.545292
vt 0.032658 0.532650
vt 0.050556 0.541968
vt 0.051400 0.521840
vt 0.071716 0.640649
vt 0.071245 0.643073
vt 0.069162 0.659790
vt 0.069413 0.660837
vt 0.065308 0.662853
vt 0.064506 0.662073
vt 0.065759 0.643708
vt 0.068354 0.642776
vt 0.064765 0.641056
vt 0.068079 0.639971
vt 0.087912 0.545233
vt 0.080011 0.545556
vt 0.084620 0.548697
vt 0.082223 0.546699
vt 0.104790 0.534577
vt 0.054557 0.521716
vt 0.080621 0.521056
vt 0.081836 0.541463
vt 0.084526 0.521747
vt 0.085049 0.542133
vt 0.102766 0.531927
vt 0.045727 0.658000
vt 0.043080 0.663834
vt 0.040715 0.663429
vt 0.043734 0.661292
vt 0.041242 0.659918
vt 0.043902 0.656788
vt 0.062321 0.666307
vt 0.061211 0.665772
vt 0.059638 0.669700
vt 0.057865 0.549407
vt 0.078490 0.548889
vt 0.090788 0.573490
vt 0.043560 0.573633
vt 0.091119 0.568296
vt 0.043812 0.568761
vt 0.053277 0.587915
vt 0.083621 0.588773
vt 0.082473 0.552552
vt 0.053383 0.552615
vt 0.049082 0.909996
vt 0.044840 0.885084
vt 0.075490 0.882917
vt 0.117023 0.952477
vt 0.100335 0.895000
vt 0.101680 0.897305
vt 0.117584 0.923527
vt 0.046595 0.991930
vt 0.118055 0.950299
vt 0.053667 0.728692
vt 0.084524 0.728807
vt 0.083551 0.730416
vt 0.083991 0.786654
vt 0.053533 0.786593
vt 0.054229 0.784978
vt 0.035949 0.759185
vt 0.035658 0.756652
vt 0.037639 0.756981
vt 0.099699 0.756475
vt 0.099917 0.758547
vt 0.037829 0.758514
vt 0.101688 0.755939
vt 0.101495 0.759506
vt 0.052063 0.783815
vt 0.051305 0.785569
vt 0.086277 0.785723
vt 0.085533 0.783669
vt 0.083417 0.785027
vt 0.051131 0.729965
vt 0.052277 0.731589
vt 0.085508 0.732027
vt 0.086374 0.730140
vt 0.054244 0.730419
vt 0.042560 0.937055
vt 0.027858 0.936179
vt 0.008052 0.925175
vt 0.022349 0.899061
vt 0.053406 0.921107
vt 0.051352 0.921708
vt 0.044403 0.910791
vt 0.042732 0.885327
vt 0.046707 0.913686
vt 0.044865 0.912905
vt 0.033269 0.935619
vt 0.008433 0.950553
vt 0.007159 0.947319
vt 0.021575 0.977704
vt 0.030707 0.940171
vt 0.031000 0.934574
vt 0.026191 0.732917
vt 0.042033 0.721345
vt 0.036723 0.796875
vt 0.120275 0.580934
vt 0.051664 0.619553
vt 0.034835 0.610072
vt 0.017171 0.561181
vt 0.102010 0.978845
vt 0.044461 0.991511
vt 0.013746 0.358088
vt 0.010176 0.356647
vt 0.007069 0.361216
vt 0.042729 0.359913
vt 0.039670 0.356120
vt 0.036636 0.357644
vt 0.022969 0.364509
vt 0.026027 0.364056
vt 0.025764 0.361652
vt 0.028711 0.364186
vt 0.019165 0.358674
vt 0.016063 0.364007
vt 0.019501 0.364318
vt 0.025565 0.357185
vt 0.022962 0.361229
vt 0.011896 0.363236
vt 0.031845 0.363697
vt 0.034926 0.363127
vt 0.031849 0.358428
vt 0.025450 0.350546
vt 0.020397 0.352370
vt 0.030504 0.352257
vt 0.028406 0.361039
vt 0.038602 0.362108
vt 0.019112 0.367453
vt 0.022661 0.367311
vt 0.029192 0.366846
vt 0.032442 0.366580
vt 0.026008 0.367017
vt 0.011344 0.367137
vt 0.015638 0.367500
vt 0.035547 0.366276
vt 0.039362 0.365560
vt 0.044234 0.364147
vt 0.005873 0.366168
vt 0.025225 0.521195
vt 0.023426 0.521309
vt 0.023654 0.522909
vt 0.021678 0.519565
vt 0.025444 0.519369
vt 0.027367 0.521164
vt 0.025474 0.522854
vt 0.021198 0.521607
vt 0.029491 0.521337
vt 0.029246 0.519533
vt 0.021456 0.522875
vt 0.027293 0.522936
vt 0.017449 0.519367
vt 0.019423 0.521457
vt 0.031566 0.521231
vt 0.019376 0.522772
vt 0.031619 0.522729
vt 0.017307 0.521455
vt 0.017145 0.522741
vt 0.033558 0.522661
vt 0.033428 0.521245
vt 0.033473 0.519269
vt 0.013266 0.519450
vt 0.015574 0.521373
vt 0.035528 0.521203
vt 0.013371 0.521473
vt 0.015560 0.522707
vt 0.037580 0.521093
vt 0.037630 0.519265
vt 0.035637 0.522757
vt 0.037586 0.522678
vt 0.011546 0.521490
vt 0.013369 0.522698
vt 0.039503 0.521006
vt 0.039561 0.522533
vt 0.009388 0.519078
vt 0.009401 0.521138
vt 0.009159 0.522519
vt 0.011377 0.522778
vt 0.041502 0.522451
vt 0.043883 0.520187
vt 0.044244 0.521940
vt 0.046392 0.521277
vt 0.007278 0.520710
vt 0.005753 0.518296
vt 0.004701 0.519647
vt 0.004016 0.521417
vt 0.006627 0.522117
vt 0.041466 0.518909
vt 0.045746 0.519589
vt 0.045112 0.518103
vt 0.041457 0.520776
vt 0.029523 0.522881
vt 0.478394 0.036432
vt 0.476420 0.025499
vt 0.482794 0.014240
vt 0.506196 0.011226
vt 0.484804 0.047714
vt 0.515023 0.019800
vt 0.517105 0.043842
vt 0.507277 0.051449
vt 0.496055 0.053350
vt 0.518410 0.031234
vt 0.530815 0.091761
vt 0.530755 0.099219
vt 0.522138 0.099233
vt 0.520934 0.084655
vt 0.529239 0.084267
vt 0.526166 0.067767
vt 0.519987 0.070271
vt 0.519205 0.057388
vt 0.524431 0.056444
vt 0.523007 0.030293
vt 0.522702 0.043618
vt 0.529258 0.181424
vt 0.523292 0.179363
vt 0.524293 0.166996
vt 0.529416 0.166715
vt 0.524528 0.153581
vt 0.529426 0.152540
vt 0.524457 0.140351
vt 0.529955 0.140145
vt 0.524208 0.126608
vt 0.529168 0.126350
vt 0.523367 0.112021
vt 0.528378 0.111826
vt 0.549571 0.100395
vt 0.549636 0.111397
vt 0.549340 0.125259
vt 0.549409 0.138458
vt 0.548869 0.151665
vt 0.548781 0.166667
vt 0.542501 0.040502
vt 0.543939 0.052829
vt 0.549082 0.089779
vt 0.527308 0.074916
vt 0.547467 0.079941
vt 0.544745 0.063640
vt 0.546011 0.072015
vt 0.547553 0.052079
vt 0.541350 0.028894
vt 0.545251 0.029232
vt 0.548488 0.182262
vt 0.552706 0.166865
vt 0.553000 0.151255
vt 0.553126 0.125251
vt 0.552892 0.111836
vt 0.552609 0.100071
vt 0.552130 0.089784
vt 0.551060 0.079333
vt 0.549816 0.070993
vt 0.548385 0.062250
vt 0.556680 0.026548
vt 0.551887 0.016860
vt 0.563877 0.045872
vt 0.568920 0.055892
vt 0.560500 0.055323
vt 0.573964 0.045466
vt 0.576632 0.053863
vt 0.585143 0.048952
vt 0.580069 0.040034
vt 0.590390 0.041028
vt 0.582050 0.031938
vt 0.591693 0.030122
vt 0.579249 0.024646
vt 0.586614 0.018659
vt 0.649151 0.147855
vt 0.694304 0.147855
vt 0.694304 0.155713
vt 0.591044 0.155713
vt 0.591044 0.147855
vt 0.616062 0.147855
vt 0.649151 0.155713
vt 0.616062 0.155713
vt 0.694304 0.135588
vt 0.591044 0.133405
vt 0.591044 0.124442
vt 0.616062 0.124442
vt 0.591044 0.141547
vt 0.616062 0.135588
vt 0.649151 0.124442
vt 0.649151 0.135588
vt 0.694304 0.124442
vt 0.694304 0.074124
vt 0.694304 0.085786
vt 0.649151 0.085786
vt 0.649151 0.074124
vt 0.616062 0.085786
vt 0.694304 0.099323
vt 0.649151 0.112220
vt 0.694304 0.112220
vt 0.616062 0.112220
vt 0.649151 0.099323
vt 0.552493 0.049793
vt 0.556495 0.039211
vt 0.546254 0.040144
vt 0.591044 0.099323
vt 0.616062 0.099323
vt 0.591044 0.112220
vt 0.569141 0.019412
vt 0.564918 0.010313
vt 0.576698 0.011501
vt 0.591044 0.085786
vt 0.591044 0.074124
vt 0.616062 0.074124
vt 0.494301 0.009718
vt 0.552487 0.181438
vt 0.553134 0.138424
vt 0.095898 0.595567
vt 0.096958 0.485092
vt 0.145703 0.485092
vt 0.161894 0.595638
vt 0.127716 0.113246
vt 0.140752 0.202250
vt 0.088464 0.202193
vt 0.089182 0.113246
vt 0.140852 0.936518
vt 0.230251 0.935486
vt 0.230251 0.972736
vt 0.194791 0.972736
vt 0.177612 0.972736
vt 0.140852 0.972736
vt 0.230251 0.075470
vt 0.140852 0.079249
vt 0.140852 0.026162
vt 0.175668 0.038657
vt 0.195142 0.038657
vt 0.230251 0.025364
vt 0.579046 0.326542
vt 0.579046 0.549651
vt 0.532645 0.549651
vt 0.532645 0.326542
vt 0.729649 0.888320
vt 0.704594 0.888320
vt 0.704594 0.665147
vt 0.729649 0.665147
vt 0.749525 0.888320
vt 0.749525 0.665147
vt 0.775123 0.888320
vt 0.775123 0.665147
vt 0.799807 0.888320
vt 0.799807 0.665147
vt 0.825635 0.888320
vt 0.825635 0.665147
vt 0.850437 0.888320
vt 0.850438 0.665147
vt 0.858004 0.888320
vt 0.858004 0.665147
vt 0.924426 0.665147
vt 0.924426 0.888320
vt 0.931487 0.665147
vt 0.931488 0.888320
vt 0.675565 0.665147
vt 0.675564 0.888320
vt 0.643099 0.665147
vt 0.643099 0.888320
vt 0.609879 0.888320
vt 0.609879 0.665147
vt 0.343746 0.553562
vt 0.343746 0.330453
vt 0.389715 0.330454
vt 0.389715 0.553563
vt 0.701276 0.398716
vt 0.924364 0.398716
vt 0.924364 0.423761
vt 0.701276 0.423762
vt 0.924364 0.443630
vt 0.701276 0.443630
vt 0.924364 0.618708
vt 0.701276 0.618708
vt 0.701276 0.552311
vt 0.924364 0.552311
vt 0.701276 0.544747
vt 0.924364 0.544747
vt 0.701276 0.519955
vt 0.924364 0.519955
vt 0.701276 0.493998
vt 0.924364 0.493998
vt 0.701276 0.469218
vt 0.924364 0.469218
vt 0.924364 0.625767
vt 0.701276 0.625767
vt 0.701276 0.369697
vt 0.924364 0.369697
vt 0.701276 0.337244
vt 0.924364 0.337244
vt 0.701276 0.304037
vt 0.924364 0.304037
vt 0.242287 0.172944
vt 0.242287 0.015042
vt 0.436194 0.079375
vt 0.436194 0.108612
vt 0.802903 0.259030
vt 0.874524 0.020242
vt 0.987610 0.161321
vt 0.831094 0.292626
vt 0.773667 0.258872
vt 0.709888 0.019394
vt 0.480061 0.079375
vt 0.480061 0.108612
vt 0.591731 0.156095
vt 0.744553 0.291686
vt 0.486243 0.326543
vt 0.500704 0.146732
vt 0.519405 0.173258
vt 0.500708 0.729462
vt 0.486244 0.549652
vt 0.519409 0.702936
vt 0.435684 0.553564
vt 0.422949 0.733374
vt 0.404248 0.706847
vt 0.384558 0.685527
vt 0.435684 0.330454
vt 0.384561 0.198490
vt 0.404252 0.177170
vt 0.422953 0.150644
vt 0.081826 0.070922
vt 0.065466 0.070927
vt 0.065463 0.047686
vt 0.081814 0.047694
vt 0.132048 0.037863
vt 0.108943 0.046565
vt 0.083778 0.046205
vt 0.082930 0.037863
vt 0.018787 0.086774
vt 0.039133 0.071916
vt 0.063834 0.072156
vt 0.063994 0.086774
vt 0.019208 0.037863
vt 0.039007 0.046805
vt 0.132385 0.086774
vt 0.108797 0.072114
vt 0.063597 0.950746
vt 0.063673 0.971557
vt 0.017993 0.979559
vt 0.017882 0.944364
vt 0.084924 0.971550
vt 0.130683 0.979492
vt 0.083045 0.979520
vt 0.083011 0.972957
vt 0.065643 0.972967
vt 0.065943 0.979531
vt 0.083899 0.072414
vt 0.085411 0.086774
vt 0.063852 0.046478
vt 0.064159 0.037863
vt 0.067537 0.202193
vt 0.015734 0.202250
vt 0.028770 0.113246
vt 0.067629 0.113246
vt 0.085503 0.950735
vt 0.130701 0.944364
vt 0.022809 0.485092
vt 0.073342 0.485092
vt 0.072219 0.595567
vt 0.006618 0.595638
vt 0.061245 0.049063
vt 0.061241 0.069574
vt 0.041403 0.049138
vt 0.041399 0.069502
vt 0.087006 0.048871
vt 0.087023 0.069747
vt 0.106446 0.069587
vt 0.106435 0.049009
vt 0.083168 0.033657
vt 0.130036 0.033703
vt 0.064416 0.033665
vt 0.017992 0.033730
vt 0.130358 0.980217
vt 0.083024 0.980290
vt 0.065939 0.980300
vt 0.018319 0.980286
vt 0.066657 0.970531
vt 0.081936 0.970529
vt 0.082550 0.952443
vt 0.083546 0.949153
vt 0.065529 0.949161
vt 0.066482 0.952451
vt 0.671848 0.326541
vt 0.671848 0.549650
vt 0.625447 0.549650
vt 0.625447 0.326541
vt 0.623044 0.237886
vt 0.648118 0.244339
vt 0.672428 0.249223
vt 0.676965 0.255275
vt 0.676966 0.321678
vt 0.539096 0.194578
vt 0.558995 0.209791
vt 0.576298 0.219560
vt 0.599663 0.229997
vt 0.483821 0.118000
vt 0.576301 0.656633
vt 0.558997 0.666403
vt 0.539098 0.681615
vt 0.623047 0.638306
vt 0.599665 0.646195
vt 0.648120 0.631852
vt 0.676966 0.554512
vt 0.676967 0.620916
vt 0.672430 0.626968
vt 0.483826 0.758195
vt 0.251809 0.553562
vt 0.251809 0.330453
vt 0.297778 0.330453
vt 0.297778 0.553562
vt 0.364660 0.670314
vt 0.347357 0.660544
vt 0.347359 0.223471
vt 0.364662 0.213702
vt 0.323991 0.650107
vt 0.300610 0.642218
vt 0.300612 0.241797
vt 0.323994 0.233909
vt 0.275537 0.635764
vt 0.251227 0.630880
vt 0.246690 0.624827
vt 0.246691 0.558424
vt 0.275538 0.248251
vt 0.246691 0.325590
vt 0.246692 0.259187
vt 0.251229 0.253134
vt 0.439831 0.762106
vt 0.439835 0.121912
vt 0.084112 0.944364
vt 0.065179 0.944364
vt 0.071461 0.456361
vt 0.015993 0.456361
vt 0.029965 0.362972
vt 0.133149 0.362971
vt 0.092330 0.456361
vt 0.147122 0.456361
vt 0.065845 0.337012
vt 0.009919 0.337012
vt 0.024674 0.238395
vt 0.133633 0.238395
vt 0.091187 0.337012
vt 0.148388 0.337012
f 208/254/233 385/480/458 386/481/459
f 395/494/472 386/493/471 385/495/473
f 2967/2410/3466 2968/2411/3467 2969/2412/3468
f 2968/2411/3467 2967/2410/3466 2970/2413/3469
f 2971/2414/3470 2972/2415/3471 2969/2412/3468
f 2973/2416/3472 2970/2413/3469 2974/2417/3473
f 2971/2414/3470 2975/2418/3474 2976/2419/3475
f 2977/2420/3476 2974/2417/3473 2978/2421/3477
f 2979/2422/3478 2980/2423/3479 2976/2419/3475
f 2981/2424/3480 2978/2421/3477 2979/2422/3478
f 2982/2425/3481 2983/2426/3482 2979/2422/3478
f 2982/2425/3481 2978/2421/3477 2984/2427/3483
f 2985/2428/3484 2979/2422/3478 2983/2426/3482
f 2984/2427/3483 2978/2421/3477 2974/2417/3473
f 2980/2423/3479 2979/2422/3478 2985/2428/3484
f 2974/2417/3473 2970/2413/3469 2986/2429/3485
f 2971/2414/3470 2980/2423/3479 2987/2430/3486
f 2986/2429/3485 2970/2413/3469 2988/2431/3487
f 2989/2432/3488 2971/2414/3470 2990/2433/3489
f 2988/2431/3487 2970/2413/3469 2967/2410/3466
f 2967/2410/3466 2972/2415/3471 2991/2434/3490
f 2972/2415/3471 2971/2414/3470 2989/2432/3488
f 2992/2435/3491 2991/2434/3490 2993/2436/3492
f 2994/2437/3493 2988/2431/3487 2992/2435/3491
f 2991/2434/3490 2989/2432/3488 2995/2438/3494
f 2996/2439/3495 2983/2426/3482 2982/2425/3481
f 2982/2425/3481 2997/2440/3496 2998/2441/3497
f 2999/2442/3498 3000/2443/3499 2983/2426/3482
f 2998/2441/3497 3001/2444/3500 3002/2445/3501
f 3003/2446/3502 2999/2447/3498 2996/2448/3495
f 3004/2449/3503 2996/2448/3495 3005/2450/3504
f 2984/2427/3483 3006/2451/3505 3007/2452/3506
f 3008/2453/3507 2986/2429/3485 2988/2431/3487
f 3007/2452/3506 3006/2451/3505 2986/2429/3485
f 2998/2441/3497 2997/2440/3496 3009/2454/3508
f 2997/2440/3496 2984/2427/3483 3010/2455/3509
f 3009/2454/3508 3010/2455/3509 3011/2456/3510
f 3011/2456/3510 3010/2455/3509 3007/2452/3506
f 3012/2457/3511 3007/2452/3506 3008/2453/3507
f 3008/2453/3507 3013/2458/3512 3014/2459/3513
f 3015/2460/3514 3016/2461/3515 3017/2462/3516
f 3018/2463/3517 3017/2462/3516 3019/2464/3518
f 3020/2465/3519 3021/2466/3520 3019/2464/3518
f 3022/2467/3521 3020/2465/3519 3023/2468/3522
f 3022/2467/3521 3011/2456/3510 3012/2457/3511
f 3012/2457/3511 3014/2459/3513 3024/2469/3523
f 3025/2470/3524 3024/2469/3523 3026/2471/3525
f 3027/2472/3526 3028/2473/3527 3026/2471/3525
f 3029/2474/3528 3027/2472/3526 3015/2460/3514
f 3030/2475/3529 3029/2474/3528 3018/2463/3517
f 3030/2475/3529 3021/2466/3520 3020/2465/3519
f 3031/2476/3530 3032/2477/3531 3020/2465/3519
f 3033/2478/3532 3031/2476/3530 3022/2467/3521
f 3034/2479/3533 3024/2469/3523 3025/2470/3524
f 3033/2478/3532 3025/2470/3524 3035/2480/3534
f 3036/2481/3535 3030/2475/3529 3032/2477/3531
f 3031/2476/3530 3033/2478/3532 3037/2482/3536
f 3038/2483/3537 3032/2477/3531 3031/2476/3530
f 3039/2484/3538 2977/2485/3539 2981/2486/3540
f 3040/2487/3541 3041/2488/3542 3037/2489/3543
f 3042/2490/3544 3038/2491/3545 3041/2488/3542
f 3043/2492/3546 3039/2484/3538 3037/2489/3543
f 3035/2480/3534 3025/2470/3524 3028/2473/3527
f 2977/2485/3539 3039/2484/3538 3043/2492/3546
f 3044/2493/3547 2968/2494/3548 2973/2495/3549
f 3035/2496/3550 3045/2497/3551 3046/2498/3552
f 3029/2474/3528 3030/2475/3529 3036/2481/3535
f 3047/2499/3553 3045/2500/3554 3028/2473/3527
f 3046/2498/3552 3045/2497/3551 3047/2501/3555
f 3047/2499/3553 3027/2472/3526 3029/2474/3528
f 3036/2502/3556 3038/2491/3545 3042/2490/3544
f 3048/2503/3557 3047/2501/3555 3049/2504/3558
f 3050/2505/3559 3049/2504/3558 3036/2502/3556
f 3050/2505/3559 3051/2506/3560 3052/2507/3561
f 3052/2507/3561 3051/2506/3560 3053/2508/3562
f 3054/2509/3563 3053/2508/3562 3051/2506/3560
f 3054/2509/3563 3042/2490/3544 3040/2487/3541
f 3040/2487/3541 3039/2484/3538 3055/2510/3564
f 3055/2510/3564 2981/2486/3540 3056/2511/3565
f 3057/2512/3566 3058/2513/3567 3055/2510/3564
f 3059/2514/3568 3053/2508/3562 3054/2509/3563
f 3060/2515/3569 3054/2509/3563 3058/2513/3567
f 3059/2514/3568 3060/2515/3569 3061/2516/3570
f 3062/2517/3571 3059/2514/3568 3063/2518/3572
f 3062/2517/3571 3052/2507/3561 3053/2508/3562
f 3052/2519/3573 3062/2520/3574 3064/2521/3575
f 3063/2518/3572 3065/2522/3576 3064/2523/3577
f 3066/2524/3578 3048/2503/3557 3050/2505/3559
f 3067/2525/3579 3050/2505/3559 3068/2526/3580
f 3068/2526/3580 3064/2527/3577 3069/2528/3581
f 3069/2529/3581 3064/2523/3577 3065/2522/3576
f 3066/2524/3578 3067/2525/3579 3069/2528/3581
f 3070/2530/3582 3069/2529/3581 3065/2522/3576
f 3071/2531/3583 3065/2522/3576 3072/2532/3584
f 3065/2522/3576 3063/2518/3572 3073/2533/3585
f 3073/2533/3585 3063/2518/3572 3061/2516/3570
f 3074/2534/3586 3061/2516/3570 3060/2515/3569
f 3075/2535/3587 3076/2536/3588 3061/2516/3570
f 3077/2537/3589 3078/2538/3590 3056/2511/3565
f 3074/2534/3586 3057/2512/3566 3078/2538/3590
f 3079/2539/3591 3075/2535/3587 3074/2534/3586
f 2969/2540/3592 2968/2494/3548 3044/2493/3547
f 2975/2541/3593 2969/2542/3592 3080/2543/3594
f 3081/2544/3595 3077/2537/3589 2976/2545/3596
f 3071/2531/3583 3082/2546/3597 3083/2547/3598
f 3084/2548/3599 3083/2547/3598 3085/2549/3600
f 3079/2539/3591 3077/2537/3589 3081/2544/3595
f 3081/2544/3595 3080/2543/3594 3086/2550/3601
f 3044/2493/3547 3043/2492/3546 3046/2498/3552
f 3080/2551/3594 3044/2493/3547 3087/2552/3602
f 3087/2552/3602 3046/2498/3552 3048/2503/3557
f 3087/2552/3602 3066/2524/3578 3070/2553/3582
f 3070/2530/3582 3071/2531/3583 3084/2548/3599
f 3082/2554/3603 3088/2555/3604 3089/2556/3605
f 3083/2557/3606 3089/2556/3605 3090/2558/3607
f 3085/2559/3608 3090/2558/3607 3091/2560/3609
f 3079/2561/3610 3091/2560/3609 3092/2562/3611
f 3075/2563/3612 3092/2562/3611 3093/2564/3613
f 3073/2565/3614 3076/2566/3615 3093/2564/3613
f 3082/2554/3603 3072/2567/3616 3094/2568/3617
f 3072/2567/3616 3073/2565/3614 3095/2569/3618
f 3096/2570/3619 3090/2558/3607 3089/2556/3605
f 3097/2571/3620 3089/2556/3605 3088/2555/3604
f 3098/2572/3621 3088/2555/3604 3094/2568/3617
f 3094/2568/3617 3095/2569/3618 3099/2573/3622
f 3095/2569/3618 3093/2564/3613 3100/2574/3623
f 3093/2564/3613 3092/2562/3611 3101/2575/3624
f 3101/2575/3624 3092/2562/3611 3091/2560/3609
f 3090/2558/3607 3096/2570/3619 3102/2576/3625
f 3004/2449/3503 3002/2445/3501 3103/2577/3626
f 3009/2454/3508 3011/2456/3510 3023/2468/3522
f 3104/2578/3627 3019/2464/3518 3105/2579/3628
f 3106/2580/3629 3105/2579/3628 3019/2464/3518
f 3104/2578/3627 3107/2581/3630 3023/2468/3522
f 3001/2444/3500 3009/2454/3508 3107/2581/3630
f 3002/2445/3501 3001/2444/3500 3108/2582/3631
f 3108/2582/3631 3107/2581/3630 3109/2583/3632
f 3109/2583/3632 3107/2581/3630 3104/2578/3627
f 3110/2584/3633 3096/2570/3619 3097/2571/3620
f 2989/2432/3488 2990/2433/3489 3111/2585/3634
f 3110/2584/3633 3112/2586/3635 3111/2585/3634
f 2990/2433/3489 2987/2430/3486 3113/2587/3636
f 3114/2588/3637 3110/2584/3633 3111/2585/3634
f 3102/2576/3625 3096/2570/3619 3110/2584/3633
f 3113/2587/3636 2987/2430/3486 2985/2428/3484
f 3101/2575/3624 3102/2576/3625 3114/2588/3637
f 3115/2589/3638 3000/2443/3499 2999/2590/3498
f 3116/2591/3639 3003/2446/3502 3004/2449/3503
f 3117/2592/3640 3118/2593/3641 3119/2594/3642
f 3118/2593/3641 3120/2595/3643 3099/2573/3622
f 3119/2594/3642 3099/2573/3622 3100/2574/3623
f 3121/2596/3644 3122/2597/3645 3123/2598/3646
f 3123/2598/3646 3124/2599/3647 3119/2594/3642
f 3122/2597/3645 3116/2600/3639 3123/2598/3646
f 3125/2601/3648 2985/2428/3484 3000/2443/3499
f 3126/2602/3649 3125/2601/3648 3115/2589/3638
f 3003/2603/3502 3116/2600/3639 3122/2597/3645
f 3115/2589/3638 3122/2597/3645 3121/2596/3644
f 3126/2602/3649 3121/2596/3644 3100/2574/3623
f 3114/2588/3637 3113/2587/3636 3125/2601/3648
f 3117/2592/3640 3124/2599/3647 3127/2604/3650
f 3128/2605/3651 3116/2591/3639 3129/2606/3652
f 3130/2607/3653 3129/2606/3652 3103/2577/3626
f 3103/2577/3626 3108/2582/3631 3109/2583/3632
f 3131/2608/3654 3105/2579/3628 3106/2580/3629
f 3132/2609/3655 3127/2610/3650 3133/2611/3656
f 3131/2608/3654 3134/2612/3657 3135/2613/3658
f 3133/2611/3656 3136/2614/3659 3135/2613/3658
f 3137/2615/3660 3138/2616/3661 3132/2609/3655
f 3135/2613/3658 3134/2612/3657 3139/2617/3662
f 3140/2618/3663 3135/2613/3658 3141/2619/3664
f 3142/2620/3665 3143/2621/3666 3109/2583/3632
f 3144/2622/3667 3109/2583/3632 3104/2578/3627
f 3104/2578/3627 3105/2579/3628 3131/2608/3654
f 3144/2622/3667 3131/2608/3654 3136/2614/3659
f 3123/2598/3646 3116/2600/3639 3128/2623/3651
f 3124/2599/3647 3123/2598/3646 3145/2624/3668
f 3128/2625/3651 3130/2626/3653 3146/2627/3669
f 3146/2627/3669 3133/2611/3656 3127/2610/3650
f 3142/2620/3665 3136/2614/3659 3133/2611/3656
f 3146/2627/3669 3130/2626/3653 3143/2621/3666
f 3013/2458/3512 2988/2431/3487 2994/2437/3493
f 3016/2461/3515 3015/2460/3514 3026/2471/3525
f 3013/2458/3512 3147/2628/3670 3148/2629/3671
f 3026/2471/3525 3024/2469/3523 3014/2459/3513
f 3148/2629/3671 3147/2628/3670 3149/2630/3672
f 3106/2580/3629 3017/2462/3516 3016/2461/3515
f 3139/2617/3662 3134/2612/3657 3106/2580/3629
f 3016/2461/3515 3148/2629/3671 3149/2630/3672
f 3150/2631/3673 3151/2632/3674 3016/2461/3515
f 3152/2633/3675 3153/2634/3676 3151/2632/3674
f 3152/2633/3675 3151/2632/3674 3150/2631/3673
f 3154/2635/3677 3155/2636/3678 3150/2631/3673
f 3154/2635/3677 3150/2631/3673 3149/2630/3672
f 3156/2637/3679 3157/2638/3680 3149/2630/3672
f 3156/2637/3679 3149/2630/3672 3147/2628/3670
f 3147/2628/3670 2994/2437/3493 3158/2639/3681
f 3158/2639/3681 2994/2437/3493 3159/2640/3682
f 3159/2640/3682 2993/2436/3492 3160/2641/3683
f 3161/2642/3684 3160/2641/3683 2993/2436/3492
f 3137/2615/3660 3141/2619/3664 3162/2643/3685
f 3139/2617/3662 3151/2632/3674 3153/2634/3676
f 3141/2619/3664 3139/2617/3662 3163/2644/3686
f 3138/2616/3661 3137/2615/3660 3164/2645/3687
f 3098/2572/3621 3120/2595/3643 3118/2593/3641
f 3097/2571/3620 3098/2572/3621 3165/2646/3688
f 3166/2647/3689 3167/2648/3690 3165/2646/3688
f 3168/2649/3691 3166/2647/3689 3169/2650/3692
f 3165/2646/3688 3118/2593/3641 3117/2592/3640
f 3169/2650/3692 3165/2646/3688 3170/2651/3693
f 3170/2651/3693 3117/2592/3640 3132/2652/3655
f 3138/2653/3661 3171/2654/3694 3172/2655/3695
f 3172/2655/3695 3173/2656/3696 3174/2657/3697
f 3175/2658/3698 3169/2650/3692 3170/2651/3693
f 3112/2586/3635 3110/2584/3633 3167/2648/3690
f 3167/2648/3690 3166/2647/3689 3176/2659/3699
f 2995/2438/3494 2989/2432/3488 3112/2586/3635
f 3161/2642/3684 2995/2438/3494 3176/2659/3699
f 3177/2660/3700 3178/2661/3701 3176/2659/3699
f 3176/2659/3699 3166/2647/3689 3168/2649/3691
f 3179/2662/3702 3180/2663/3703 3181/2664/3704
f 3182/2665/3704 3181/2664/3704 3183/2666/3705
f 3184/2667/3705 3183/2666/3705 3185/2668/3706
f 3186/2669/3706 3185/2668/3706 3187/2670/3707
f 3188/2671/3707 3187/2670/3707 3189/2672/3708
f 3190/2673/3709 3189/2672/3708 3191/2674/3710
f 3192/2675/3711 3191/2674/3710 3193/2676/3712
f 3194/2677/3713 3193/2676/3712 3195/2678/3714
f 3196/2679/3715 3197/2680/3716 3195/2678/3714
f 3196/2679/3715 3198/2681/3717 3199/2682/3718
f 3200/2683/3718 3199/2682/3718 3201/2684/3719
f 3194/2685/3720 3202/2686/3721 3203/2687/3722
f 3204/2688/3723 3205/2689/3724 3193/2690/3725
f 3192/2691/3726 3203/2687/3722 3206/2692/3727
f 3207/2693/3728 3204/2688/3723 3191/2694/3729
f 3190/2695/3730 3206/2692/3727 3208/2696/3731
f 3209/2697/3732 3207/2693/3728 3189/2698/3733
f 3188/2699/3734 3208/2696/3731 3210/2700/3735
f 3211/2701/3736 3209/2697/3732 3187/2702/3737
f 3186/2703/3738 3210/2700/3735 3212/2704/3739
f 3213/2705/3740 3211/2701/3736 3185/2706/3741
f 3182/2707/3742 3184/2708/3743 3212/2704/3739
f 3213/2705/3740 3183/2709/3744 3181/2710/3745
f 3200/2711/3746 3214/2712/3747 3215/2713/3748
f 3216/2714/3749 3217/2715/3750 3199/2716/3751
f 3196/2717/3752 3215/2713/3748 3218/2718/3753
f 3202/2686/3721 3194/2685/3720 3197/2719/3754
f 3219/2720/3755 3216/2714/3749 3198/2721/3756
f 3195/2722/3757 3193/2690/3725 3205/2689/3724
f 3201/2723/3758 3199/2716/3751 3217/2715/3750
f 3214/2712/3747 3200/2711/3746 3220/2724/3759
f 3179/2725/3760 3182/2707/3742 3221/2726/3761
f 3222/2727/3762 3181/2710/3745 3180/2728/3763
f 3216/2714/3749 3219/2720/3755 3223/2729/3764
f 3224/2730/3765 3218/2718/3753 3215/2713/3748
f 3225/2731/3766 3224/2730/3765 3226/2732/3767
f 3217/2715/3750 3216/2714/3749 3227/2733/3768
f 3226/2732/3767 3215/2713/3748 3214/2712/3747
f 3228/2734/3769 3227/2733/3768 3229/2735/3770
f 3230/2736/3771 3226/2732/3767 3231/2737/3772
f 3232/2738/3773 3217/2715/3750 3228/2734/3769
f 3231/2737/3772 3214/2712/3747 3233/2739/3774
f 3234/2740/3775 3228/2734/3769 3235/2741/3776
f 3231/2737/3772 3236/2742/3777 3237/2743/3778
f 3238/2744/3779 3234/2740/3775 3239/2745/3780
f 3236/2742/3777 3240/2746/3781 3241/2747/3782
f 3242/2748/3783 3238/2744/3779 3243/2749/3784
f 3241/2747/3782 3240/2746/3781 3244/2750/3785
f 3245/2751/3786 3242/2748/3783 3246/2752/3787
f 3244/2750/3785 3247/2753/3788 3248/2754/3789
f 3249/2755/3790 3245/2751/3786 3250/2756/3791
f 3247/2753/3788 3251/2757/3792 3252/2758/3793
f 3253/2759/3794 3254/2760/3795 3249/2755/3790
f 3252/2758/3793 3251/2757/3792 3255/2761/3796
f 3256/2762/3797 3213/2705/3740 3222/2727/3762
f 3221/2726/3761 3212/2704/3739 3257/2763/3798
f 3258/2764/3799 3256/2762/3797 3254/2760/3795
f 3255/2761/3796 3257/2763/3798 3259/2765/3800
f 3260/2766/3801 3211/2701/3736 3213/2705/3740
f 3212/2704/3739 3210/2700/3735 3261/2767/3802
f 3262/2768/3803 3260/2766/3801 3256/2762/3797
f 3257/2763/3798 3261/2767/3802 3263/2769/3804
f 3264/2770/3805 3209/2697/3732 3211/2701/3736
f 3210/2700/3735 3208/2696/3731 3265/2771/3806
f 3204/2688/3723 3207/2693/3728 3266/2772/3807
f 3223/2729/3764 3219/2720/3755 3205/2689/3724
f 3267/2773/3808 3205/2689/3724 3204/2688/3723
f 3227/2733/3768 3223/2729/3764 3268/2774/3809
f 3223/2729/3764 3267/2773/3808 3269/2775/3810
f 3267/2773/3808 3270/2776/3811 3271/2777/3812
f 3207/2693/3728 3209/2697/3732 3264/2770/3805
f 3266/2772/3807 3264/2770/3805 3272/2778/3813
f 3272/2778/3813 3264/2770/3805 3260/2766/3801
f 3270/2776/3811 3266/2772/3807 3273/2779/3814
f 3274/2780/3815 3275/2781/3816 3253/2782/3817
f 3274/2780/3815 3276/2783/3818 3250/2784/3819
f 3277/2785/3820 3278/2786/3821 3250/2784/3819
f 3279/2787/3822 3277/2785/3820 3246/2788/3823
f 3280/2789/3824 3279/2787/3822 3243/2790/3825
f 3281/2791/3826 3280/2789/3824 3239/2792/3827
f 3282/2793/3828 3281/2791/3826 3235/2794/3829
f 3283/2795/3830 3282/2793/3828 3229/2796/3831
f 3284/2797/3832 3283/2795/3830 3268/2798/3833
f 3285/2799/3834 3284/2797/3832 3269/2800/3835
f 3286/2801/3836 3285/2799/3834 3271/2802/3837
f 3286/2801/3836 3273/2803/3838 3272/2804/3839
f 3287/2805/3840 3288/2806/3841 3272/2804/3839
f 3289/2807/3842 3287/2805/3840 3262/2808/3843
f 3258/2809/3844 3253/2782/3817 3275/2781/3816
f 3275/2781/3816 3274/2780/3815 3290/2810/3845
f 3274/2780/3815 3278/2786/3821 3291/2811/3846
f 3278/2786/3821 3277/2785/3820 3292/2812/3847
f 3277/2785/3820 3279/2787/3822 3293/2813/3848
f 3279/2787/3822 3280/2789/3824 3294/2814/3849
f 3280/2789/3824 3281/2791/3826 3295/2815/3850
f 3281/2791/3826 3282/2793/3828 3296/2816/3851
f 3282/2793/3828 3283/2795/3830 3297/2817/3852
f 3283/2795/3830 3284/2797/3832 3298/2818/3853
f 3284/2797/3832 3285/2799/3834 3299/2819/3854
f 3285/2799/3834 3286/2801/3836 3300/2820/3855
f 3286/2801/3836 3288/2806/3841 3301/2821/3856
f 3288/2806/3841 3287/2805/3840 3302/2822/3857
f 3287/2805/3840 3289/2807/3842 3303/2823/3858
f 3289/2824/3842 3275/2781/3816 3304/2825/3859
f 3305/2826/3860 3304/2827/3861 3290/2828/3862
f 3303/2829/3863 3304/2827/3861 3305/2826/3860
f 3305/2826/3860 3290/2828/3862 3291/2830/3864
f 3305/2826/3860 3291/2830/3864 3292/2831/3865
f 3305/2826/3860 3292/2831/3865 3293/2832/3866
f 3305/2826/3860 3293/2832/3866 3294/2833/3867
f 3305/2826/3860 3294/2833/3867 3295/2834/3868
f 3305/2826/3860 3295/2834/3868 3296/2835/3869
f 3305/2826/3860 3296/2835/3869 3297/2836/3870
f 3305/2826/3860 3297/2836/3870 3298/2837/3871
f 3305/2826/3860 3298/2837/3871 3299/2838/3872
f 3305/2826/3860 3299/2838/3872 3300/2839/3873
f 3305/2826/3860 3300/2839/3873 3301/2840/3874
f 3305/2826/3860 3301/2840/3874 3302/2841/3875
f 3305/2826/3860 3302/2841/3875 3303/2829/3863
f 3208/2696/3731 3206/2692/3727 3306/2842/3876
f 3206/2692/3727 3203/2687/3722 3307/2843/3877
f 3308/2844/3878 3306/2842/3876 3307/2843/3877
f 3202/2686/3721 3218/2718/3753 3224/2730/3765
f 3203/2687/3722 3202/2686/3721 3309/2845/3879
f 3309/2845/3879 3224/2730/3765 3225/2731/3766
f 3310/2846/3880 3307/2843/3877 3309/2845/3879
f 3311/2847/3881 3265/2771/3806 3306/2842/3876
f 3263/2769/3804 3261/2767/3802 3265/2771/3806
f 3312/2848/3882 3313/2849/3883 3314/2850/3884
f 3252/2851/3885 3314/2850/3884 3315/2852/3886
f 3248/2853/3887 3315/2852/3886 3316/2854/3888
f 3241/2855/3889 3317/2856/3890 3316/2854/3888
f 3241/2855/3889 3318/2857/3891 3319/2858/3892
f 3237/2859/3893 3319/2858/3892 3320/2860/3894
f 3321/2861/3895 3320/2860/3894 3322/2862/3896
f 3230/2863/3897 3322/2862/3896 3323/2864/3898
f 3225/2865/3899 3323/2864/3898 3324/2866/3900
f 3325/2867/3901 3324/2866/3900 3326/2868/3902
f 3310/2869/3903 3326/2868/3902 3327/2870/3904
f 3308/2871/3905 3327/2870/3904 3328/2872/3906
f 3311/2873/3907 3328/2872/3906 3329/2874/3908
f 3263/2875/3909 3329/2874/3908 3330/2876/3910
f 3313/2849/3883 3312/2848/3882 3259/2877/3911
f 3331/2878/3912 3314/2850/3884 3313/2849/3883
f 3315/2852/3886 3314/2850/3884 3331/2878/3912
f 3316/2854/3888 3315/2852/3886 3332/2879/3913
f 3333/2880/3914 3318/2857/3891 3316/2854/3888
f 3334/2881/3915 3319/2858/3892 3318/2857/3891
f 3335/2882/3916 3320/2860/3894 3319/2858/3892
f 3336/2883/3917 3322/2862/3896 3320/2860/3894
f 3337/2884/3918 3323/2864/3898 3322/2862/3896
f 3338/2885/3919 3324/2866/3900 3323/2864/3898
f 3339/2886/3920 3326/2868/3902 3324/2866/3900
f 3340/2887/3921 3327/2870/3904 3326/2868/3902
f 3341/2888/3922 3328/2872/3906 3327/2870/3904
f 3342/2889/3923 3329/2874/3908 3328/2872/3906
f 3343/2890/3924 3330/2876/3910 3329/2874/3908
f 3344/2891/3925 3313/2849/3883 3330/2892/3910
f 3331/2893/3926 3344/2894/3927 3345/2895/3928
f 3345/2895/3928 3344/2894/3927 3343/2896/3929
f 3332/2897/3930 3331/2893/3926 3345/2895/3928
f 3346/2898/3931 3332/2897/3930 3345/2895/3928
f 3333/2899/3932 3346/2898/3931 3345/2895/3928
f 3334/2900/3933 3333/2899/3932 3345/2895/3928
f 3335/2901/3934 3334/2900/3933 3345/2895/3928
f 3336/2902/3935 3335/2901/3934 3345/2895/3928
f 3337/2903/3936 3336/2902/3935 3345/2895/3928
f 3338/2904/3937 3337/2903/3936 3345/2895/3928
f 3339/2905/3938 3338/2904/3937 3345/2895/3928
f 3340/2906/3939 3339/2905/3938 3345/2895/3928
f 3341/2907/3940 3340/2906/3939 3345/2895/3928
f 3342/2908/3941 3341/2907/3940 3345/2895/3928
f 3343/2896/3929 3342/2908/3941 3345/2895/3928
f 3220/2724/3759 3347/2909/3942 3348/2910/3943
f 3349/2911/3944 3160/2641/3683 3161/2642/3684
f 3233/2739/3774 3348/2910/3943 3350/2912/3945
f 3351/2913/3946 3161/2642/3684 3178/2661/3701
f 3350/2912/3945 3236/2742/3777 3233/2739/3774
f 3351/2914/3946 3352/2915/3947 3353/2916/3948
f 3350/2917/3949 3348/2918/3950 3354/2919/3951
f 3240/2746/3781 3236/2742/3777 3350/2912/3945
f 3352/2920/3947 3178/2661/3701 3177/2660/3700
f 3353/2916/3948 3352/2915/3947 3355/2921/3952
f 3356/2922/3953 3350/2917/3949 3353/2916/3948
f 3244/2750/3785 3240/2746/3781 3356/2923/3954
f 3355/2924/3952 3177/2660/3700 3168/2649/3691
f 3357/2925/3955 3355/2921/3952 3358/2926/3956
f 3359/2927/3957 3356/2922/3953 3357/2925/3955
f 3247/2753/3788 3244/2750/3785 3359/2928/3958
f 3360/2929/3959 3358/2930/3956 3168/2649/3691
f 3358/2926/3956 3360/2931/3959 3361/2932/3960
f 3362/2933/3961 3359/2927/3957 3363/2934/3962
f 3247/2753/3788 3362/2935/3963 3364/2936/3964
f 3360/2929/3959 3175/2658/3698 3174/2657/3697
f 3361/2932/3960 3360/2931/3959 3365/2937/3965
f 3362/2933/3961 3361/2932/3960 3366/2938/3966
f 3251/2757/3792 3364/2936/3964 3367/2939/3967
f 3255/2761/3796 3251/2757/3792 3367/2939/3967
f 3367/2939/3967 3368/2940/3968 3221/2726/3761
f 3364/2941/3969 3366/2938/3966 3369/2942/3970
f 3366/2938/3966 3365/2937/3965 3370/2943/3971
f 3370/2944/3971 3365/2945/3965 3174/2657/3697
f 3367/2946/3972 3369/2942/3970 3371/2947/3973
f 3368/2940/3968 3367/2939/3967 3372/2948/3974
f 3179/2725/3760 3368/2940/3968 3372/2948/3974
f 3373/2949/3975 3171/2950/3694 3164/2951/3687
f 3374/2952/3976 3373/2949/3975 3375/2953/3977
f 3376/2954/3978 3372/2955/3979 3374/2952/3976
f 3179/2662/3702 3376/2956/3980 3377/2957/3981
f 3378/2958/3982 3375/2953/3977 3164/2951/3687
f 3375/2953/3977 3378/2958/3982 3379/2959/3983
f 3377/2960/3984 3376/2954/3978 3380/2961/3985
f 3180/2728/3763 3377/2962/3986 3381/2963/3987
f 3163/2644/3686 3153/2634/3676 3382/2964/3988
f 3382/2964/3988 3378/2958/3982 3162/2643/3685
f 3378/2958/3982 3382/2964/3988 3383/2965/3989
f 3381/2963/3987 3377/2962/3986 3379/2966/3990
f 3384/2967/3991 3381/2963/3987 3385/2968/3992
f 3382/2964/3988 3153/2634/3676 3152/2633/3675
f 3385/2968/3992 3249/2755/3790 3254/2760/3795
f 3222/2727/3762 3384/2967/3991 3385/2968/3992
f 3383/2965/3989 3382/2964/3988 3386/2969/3993
f 3381/2963/3987 3383/2970/3994 3387/2971/3995
f 3249/2755/3790 3385/2968/3992 3388/2972/3996
f 3386/2969/3993 3152/2633/3675 3155/2636/3678
f 3385/2973/3997 3387/2974/3998 3389/2975/3999
f 3245/2751/3786 3249/2755/3790 3388/2972/3996
f 3390/2976/4000 3155/2636/3678 3154/2635/3677
f 3242/2748/3783 3245/2751/3786 3391/2977/4001
f 3392/2978/4002 3393/2979/4003 3154/2635/3677
f 3391/2980/4004 3394/2981/4005 3395/2982/4006
f 3242/2748/3783 3396/2983/4007 3397/2984/4008
f 3398/2985/4009 3392/2978/4002 3157/2638/3680
f 3392/2978/4002 3398/2985/4009 3399/2986/4010
f 3396/2987/4011 3395/2982/4006 3399/2986/4010
f 3234/2740/3775 3238/2744/3779 3397/2984/4008
f 3400/2988/4012 3398/2985/4009 3156/2637/3679
f 3232/2738/3773 3234/2740/3775 3401/2989/4013
f 3398/2985/4009 3400/2988/4012 3402/2990/4014
f 3397/2991/4015 3399/2986/4010 3402/2990/4014
f 3232/2738/3773 3401/2989/4013 3403/2992/4016
f 3400/2988/4012 3404/2993/4017 3158/2639/3681
f 3402/2990/4014 3400/2988/4012 3405/2994/4018
f 3401/2995/4019 3402/2990/4014 3406/2996/4020
f 3407/2997/4021 3347/2998/4022 3220/2999/4023
f 3408/3000/4024 3160/2641/3683 3349/3001/3944
f 3405/2994/4018 3158/2639/3681 3408/3000/4024
f 3232/2738/3773 3403/2992/4016 3407/3002/4025
f 3354/2919/3951 3348/2918/3950 3347/3003/4026
f 3409/3004/4027 3349/3001/3944 3410/3005/4028
f 3349/3006/3944 3351/2914/3946 3354/2919/3951
f 3410/3005/4028 3347/3007/4026 3407/3008/4029
f 3406/2996/4020 3405/2994/4018 3409/3004/4027
f 3403/3009/4030 3406/2996/4020 3411/3010/4031
f 3412/3011/4032 3373/2949/3975 3374/2952/3976
f 3171/2654/3694 3373/3012/3975 3412/3013/4032
f 3173/2656/3696 3172/2655/3695 3412/3013/4032
f 3412/3013/4032 3370/2944/3971 3173/2656/3696
f 3371/2947/3973 3370/2943/3971 3412/3011/4032
f 3374/2952/3976 3372/2955/3979 3371/2947/3973
f 3371/2947/3973 3369/2942/3970 3370/2943/3971
f 3387/2974/3998 3386/2969/3993 3390/2976/4000
f 3389/2975/3999 3390/2976/4000 3393/2979/4003
f 3394/2981/4005 3391/2980/4004 3388/3014/4033
f 3394/2981/4005 3393/2979/4003 3392/2978/4002
f 2969/2412/3468 2972/2415/3471 2967/2410/3466
f 2970/2413/3469 2973/2416/3472 2968/2411/3467
f 2969/2412/3468 2975/2418/3474 2971/2414/3470
f 2974/2417/3473 2977/2420/3476 2973/2416/3472
f 2976/2419/3475 2980/2423/3479 2971/2414/3470
f 2978/2421/3477 2981/2424/3480 2977/2420/3476
f 2976/2419/3475 3056/3015/4034 2979/2422/3478
f 2979/2422/3478 3056/3015/4034 2981/2424/3480
f 2979/2422/3478 2978/2421/3477 2982/2425/3481
f 2984/2427/3483 2997/2440/3496 2982/2425/3481
f 2983/2426/3482 3000/2443/3499 2985/2428/3484
f 2974/2417/3473 3006/2451/3505 2984/2427/3483
f 2985/2428/3484 2987/2430/3486 2980/2423/3479
f 2986/2429/3485 3006/2451/3505 2974/2417/3473
f 2987/2430/3486 2990/2433/3489 2971/2414/3470
f 2967/2410/3466 2992/2435/3491 2988/2431/3487
f 2991/2434/3490 2992/2435/3491 2967/2410/3466
f 2989/2432/3488 2991/2434/3490 2972/2415/3471
f 2993/2436/3492 3159/2640/3682 2992/2435/3491
f 2992/2435/3491 3159/2640/3682 2994/2437/3493
f 2995/2438/3494 2993/2436/3492 2991/2434/3490
f 2982/2425/3481 3005/3016/3504 2996/2439/3495
f 2998/2441/3497 3005/3016/3504 2982/2425/3481
f 2983/2426/3482 2996/2439/3495 2999/2442/3498
f 3002/2445/3501 3005/2450/3504 2998/2441/3497
f 2996/2448/3495 3004/2449/3503 3003/2446/3502
f 3005/2450/3504 3002/2445/3501 3004/2449/3503
f 3007/2452/3506 3010/2455/3509 2984/2427/3483
f 2988/2431/3487 3013/2458/3512 3008/2453/3507
f 2986/2429/3485 3008/2453/3507 3007/2452/3506
f 3009/2454/3508 3001/2444/3500 2998/2441/3497
f 3010/2455/3509 3009/2454/3508 2997/2440/3496
f 3007/2452/3506 3012/2457/3511 3011/2456/3510
f 3008/2453/3507 3014/2459/3513 3012/2457/3511
f 3017/2462/3516 3018/2463/3517 3015/2460/3514
f 3019/2464/3518 3021/2466/3520 3018/2463/3517
f 3019/2464/3518 3023/2468/3522 3020/2465/3519
f 3023/2468/3522 3011/2456/3510 3022/2467/3521
f 3012/2457/3511 3034/2479/3533 3022/2467/3521
f 3024/2469/3523 3034/2479/3533 3012/2457/3511
f 3026/2471/3525 3028/2473/3527 3025/2470/3524
f 3026/2471/3525 3015/2460/3514 3027/2472/3526
f 3015/2460/3514 3018/2463/3517 3029/2474/3528
f 3018/2463/3517 3021/2466/3520 3030/2475/3529
f 3020/2465/3519 3032/2477/3531 3030/2475/3529
f 3020/2465/3519 3022/2467/3521 3031/2476/3530
f 3022/2467/3521 3034/2479/3533 3033/2478/3532
f 3025/2470/3524 3033/2478/3532 3034/2479/3533
f 3035/2480/3534 3037/2482/3536 3033/2478/3532
f 3032/2477/3531 3038/2483/3537 3036/2481/3535
f 3037/2482/3536 3041/3017/4035 3031/2476/3530
f 3031/2476/3530 3041/3017/4035 3038/2483/3537
f 2981/2486/3540 3055/2510/3564 3039/2484/3538
f 3037/2489/3543 3039/2484/3538 3040/2487/3541
f 3041/2488/3542 3040/2487/3541 3042/2490/3544
f 3037/2489/3543 3035/2496/3550 3043/2492/3546
f 3028/2473/3527 3045/2500/3554 3035/2480/3534
f 3043/2492/3546 2973/2495/3549 2977/2485/3539
f 2973/2495/3549 3043/2492/3546 3044/2493/3547
f 3046/2498/3552 3043/2492/3546 3035/2496/3550
f 3036/2481/3535 3049/3018/4036 3029/2474/3528
f 3028/2473/3527 3027/2472/3526 3047/2499/3553
f 3047/2501/3555 3048/2503/3557 3046/2498/3552
f 3029/2474/3528 3049/3018/4036 3047/2499/3553
f 3042/2490/3544 3051/2506/3560 3036/2502/3556
f 3049/2504/3558 3050/2505/3559 3048/2503/3557
f 3036/2502/3556 3051/2506/3560 3050/2505/3559
f 3052/2507/3561 3068/2526/3580 3050/2505/3559
f 3051/2506/3560 3042/2490/3544 3054/2509/3563
f 3040/2487/3541 3058/2513/3567 3054/2509/3563
f 3055/2510/3564 3058/2513/3567 3040/2487/3541
f 3056/2511/3565 3078/2538/3590 3055/2510/3564
f 3055/2510/3564 3078/2538/3590 3057/2512/3566
f 3054/2509/3563 3060/2515/3569 3059/2514/3568
f 3058/2513/3567 3057/2512/3566 3060/2515/3569
f 3061/2516/3570 3063/2518/3572 3059/2514/3568
f 3053/2508/3562 3059/2514/3568 3062/2517/3571
f 3064/2521/3575 3068/3019/4037 3052/2519/3573
f 3064/2523/3577 3062/2517/3571 3063/2518/3572
f 3050/2505/3559 3067/2525/3579 3066/2524/3578
f 3069/2528/3581 3067/2525/3579 3068/2526/3580
f 3069/2528/3581 3070/2553/3582 3066/2524/3578
f 3065/2522/3576 3071/2531/3583 3070/2530/3582
f 3072/2532/3584 3082/2546/3597 3071/2531/3583
f 3073/2533/3585 3072/2532/3584 3065/2522/3576
f 3061/2516/3570 3076/2536/3588 3073/2533/3585
f 3060/2515/3569 3057/2512/3566 3074/2534/3586
f 3061/2516/3570 3074/2534/3586 3075/2535/3587
f 3056/2511/3565 2976/2545/3596 3077/2537/3589
f 3078/2538/3590 3077/2537/3589 3074/2534/3586
f 3074/2534/3586 3077/2537/3589 3079/2539/3591
f 3044/2493/3547 3080/2551/3594 2969/2540/3592
f 3080/2543/3594 3081/2544/3595 2975/2541/3593
f 2976/2545/3596 2975/2541/3593 3081/2544/3595
f 3083/2547/3598 3084/2548/3599 3071/2531/3583
f 3085/2549/3600 3081/2544/3595 3084/2548/3599
f 3081/2544/3595 3085/2549/3600 3079/2539/3591
f 3086/2550/3601 3084/2548/3599 3081/2544/3595
f 3046/2498/3552 3087/2552/3602 3044/2493/3547
f 3087/2552/3602 3086/3020/3601 3080/2551/3594
f 3048/2503/3557 3066/2524/3578 3087/2552/3602
f 3070/2553/3582 3086/3020/3601 3087/2552/3602
f 3084/2548/3599 3086/2550/3601 3070/2530/3582
f 3089/2556/3605 3083/2557/3606 3082/2554/3603
f 3090/2558/3607 3085/2559/3608 3083/2557/3606
f 3091/2560/3609 3079/2561/3610 3085/2559/3608
f 3092/2562/3611 3075/2563/3612 3079/2561/3610
f 3093/2564/3613 3076/2566/3615 3075/2563/3612
f 3093/2564/3613 3095/2569/3618 3073/2565/3614
f 3094/2568/3617 3088/2555/3604 3082/2554/3603
f 3095/2569/3618 3094/2568/3617 3072/2567/3616
f 3089/2556/3605 3097/2571/3620 3096/2570/3619
f 3088/2555/3604 3098/2572/3621 3097/2571/3620
f 3094/2568/3617 3120/2595/3643 3098/2572/3621
f 3099/2573/3622 3120/2595/3643 3094/2568/3617
f 3100/2574/3623 3099/2573/3622 3095/2569/3618
f 3101/2575/3624 3100/2574/3623 3093/2564/3613
f 3091/2560/3609 3102/2576/3625 3101/2575/3624
f 3102/2576/3625 3091/2560/3609 3090/2558/3607
f 3103/2577/3626 3129/2606/3652 3004/2449/3503
f 3023/2468/3522 3107/2581/3630 3009/2454/3508
f 3019/2464/3518 3017/2462/3516 3106/2580/3629
f 3023/2468/3522 3019/2464/3518 3104/2578/3627
f 3107/2581/3630 3108/2582/3631 3001/2444/3500
f 3108/2582/3631 3103/2577/3626 3002/2445/3501
f 3097/2571/3620 3167/2648/3690 3110/2584/3633
f 3111/2585/3634 3112/2586/3635 2989/2432/3488
f 3113/2587/3636 3111/2585/3634 2990/2433/3489
f 3111/2585/3634 3113/2587/3636 3114/2588/3637
f 3110/2584/3633 3114/2588/3637 3102/2576/3625
f 2985/2428/3484 3125/2601/3648 3113/2587/3636
f 3114/2588/3637 3126/2602/3649 3101/2575/3624
f 2999/2590/3498 3003/2603/3502 3115/2589/3638
f 3004/2449/3503 3129/2606/3652 3116/2591/3639
f 3119/2594/3642 3124/2599/3647 3117/2592/3640
f 3099/2573/3622 3119/2594/3642 3118/2593/3641
f 3100/2574/3623 3121/2596/3644 3119/2594/3642
f 3123/2598/3646 3119/2594/3642 3121/2596/3644
f 3000/2443/3499 3115/2589/3638 3125/2601/3648
f 3122/2597/3645 3115/2589/3638 3003/2603/3502
f 3121/2596/3644 3126/2602/3649 3115/2589/3638
f 3100/2574/3623 3101/2575/3624 3126/2602/3649
f 3125/2601/3648 3126/2602/3649 3114/2588/3637
f 3127/2604/3650 3132/2652/3655 3117/2592/3640
f 3129/2606/3652 3130/2607/3653 3128/2605/3651
f 3103/2577/3626 3143/2621/3666 3130/2607/3653
f 3109/2583/3632 3143/2621/3666 3103/2577/3626
f 3106/2580/3629 3134/2612/3657 3131/2608/3654
f 3133/2611/3656 3140/2618/3663 3132/2609/3655
f 3135/2613/3658 3136/2614/3659 3131/2608/3654
f 3135/2613/3658 3140/2618/3663 3133/2611/3656
f 3132/2609/3655 3140/2618/3663 3137/2615/3660
f 3139/2617/3662 3141/2619/3664 3135/2613/3658
f 3141/2619/3664 3137/2615/3660 3140/2618/3663
f 3109/2583/3632 3144/2622/3667 3142/2620/3665
f 3131/2608/3654 3144/2622/3667 3104/2578/3627
f 3136/2614/3659 3142/2620/3665 3144/2622/3667
f 3128/2623/3651 3145/2624/3668 3123/2598/3646
f 3145/2624/3668 3127/2604/3650 3124/2599/3647
f 3146/2627/3669 3145/3021/3668 3128/2625/3651
f 3127/2610/3650 3145/3021/3668 3146/2627/3669
f 3133/2611/3656 3146/2627/3669 3142/2620/3665
f 3143/2621/3666 3142/2620/3665 3146/2627/3669
f 2994/2437/3493 3147/2628/3670 3013/2458/3512
f 3026/2471/3525 3148/2629/3671 3016/2461/3515
f 3148/2629/3671 3014/2459/3513 3013/2458/3512
f 3014/2459/3513 3148/2629/3671 3026/2471/3525
f 3016/2461/3515 3151/2632/3674 3106/2580/3629
f 3106/2580/3629 3151/2632/3674 3139/2617/3662
f 3149/2630/3672 3150/2631/3673 3016/2461/3515
f 3150/2631/3673 3155/2636/3678 3152/2633/3675
f 3149/2630/3672 3157/2638/3680 3154/2635/3677
f 3147/2628/3670 3404/2993/4017 3156/2637/3679
f 3158/2639/3681 3404/2993/4017 3147/2628/3670
f 3159/2640/3682 3408/3000/4024 3158/2639/3681
f 3160/2641/3683 3408/3000/4024 3159/2640/3682
f 2993/2436/3492 2995/2438/3494 3161/2642/3684
f 3162/2643/3685 3164/2645/3687 3137/2615/3660
f 3153/2634/3676 3163/2644/3686 3139/2617/3662
f 3163/2644/3686 3162/2643/3685 3141/2619/3664
f 3164/2645/3687 3171/3022/3694 3138/2616/3661
f 3118/2593/3641 3165/2646/3688 3098/2572/3621
f 3165/2646/3688 3167/2648/3690 3097/2571/3620
f 3165/2646/3688 3169/2650/3692 3166/2647/3689
f 3169/2650/3692 3175/2658/3698 3168/2649/3691
f 3117/2592/3640 3170/2651/3693 3165/2646/3688
f 3132/2652/3655 3138/2653/3661 3170/2651/3693
f 3172/2655/3695 3170/2651/3693 3138/2653/3661
f 3174/2657/3697 3170/2651/3693 3172/2655/3695
f 3170/2651/3693 3174/2657/3697 3175/2658/3698
f 3167/2648/3690 3176/2659/3699 3112/2586/3635
f 3112/2586/3635 3176/2659/3699 2995/2438/3494
f 3176/2659/3699 3178/2661/3701 3161/2642/3684
f 3168/2649/3691 3177/2660/3700 3176/2659/3699
f 3181/2664/3704 3182/2665/3704 3179/2662/3702
f 3183/2666/3705 3184/2667/3705 3182/2665/3704
f 3185/2668/3706 3186/2669/3706 3184/2667/3705
f 3187/2670/3707 3188/2671/3707 3186/2669/3706
f 3189/2672/3708 3190/2673/3709 3188/2671/3707
f 3191/2674/3710 3192/2675/3711 3190/2673/3709
f 3193/2676/3712 3194/2677/3713 3192/2675/3711
f 3195/2678/3714 3197/2680/3716 3194/2677/3713
f 3195/2678/3714 3198/2681/3717 3196/2679/3715
f 3199/2682/3718 3200/2683/3718 3196/2679/3715
f 3201/2684/3719 3220/2999/4023 3200/2683/3718
f 3203/2687/3722 3192/2691/3726 3194/2685/3720
f 3193/2690/3725 3191/2694/3729 3204/2688/3723
f 3206/2692/3727 3190/2695/3730 3192/2691/3726
f 3191/2694/3729 3189/2698/3733 3207/2693/3728
f 3208/2696/3731 3188/2699/3734 3190/2695/3730
f 3189/2698/3733 3187/2702/3737 3209/2697/3732
f 3210/2700/3735 3186/2703/3738 3188/2699/3734
f 3187/2702/3737 3185/2706/3741 3211/2701/3736
f 3212/2704/3739 3184/2708/3743 3186/2703/3738
f 3185/2706/3741 3183/2709/3744 3213/2705/3740
f 3212/2704/3739 3221/2726/3761 3182/2707/3742
f 3181/2710/3745 3222/2727/3762 3213/2705/3740
f 3215/2713/3748 3196/2717/3752 3200/2711/3746
f 3199/2716/3751 3198/2721/3756 3216/2714/3749
f 3218/2718/3753 3197/2719/3754 3196/2717/3752
f 3197/2719/3754 3218/2718/3753 3202/2686/3721
f 3198/2721/3756 3195/2722/3757 3219/2720/3755
f 3205/2689/3724 3219/2720/3755 3195/2722/3757
f 3217/2715/3750 3232/2738/3773 3201/2723/3758
f 3220/2724/3759 3233/2739/3774 3214/2712/3747
f 3221/2726/3761 3368/2940/3968 3179/2725/3760
f 3180/2728/3763 3384/2967/3991 3222/2727/3762
f 3223/2729/3764 3227/2733/3768 3216/2714/3749
f 3215/2713/3748 3226/2732/3767 3224/2730/3765
f 3226/2732/3767 3230/2736/3771 3225/2731/3766
f 3227/2733/3768 3228/2734/3769 3217/2715/3750
f 3214/2712/3747 3231/2737/3772 3226/2732/3767
f 3229/2735/3770 3235/2741/3776 3228/2734/3769
f 3231/2737/3772 3321/3023/4038 3230/2736/3771
f 3228/2734/3769 3234/2740/3775 3232/2738/3773
f 3233/2739/3774 3236/2742/3777 3231/2737/3772
f 3235/2741/3776 3239/2745/3780 3234/2740/3775
f 3237/2743/3778 3321/3023/4038 3231/2737/3772
f 3239/2745/3780 3243/2749/3784 3238/2744/3779
f 3241/2747/3782 3237/2743/3778 3236/2742/3777
f 3243/2749/3784 3246/2752/3787 3242/2748/3783
f 3244/2750/3785 3317/3024/4039 3241/2747/3782
f 3246/2752/3787 3250/2756/3791 3245/2751/3786
f 3248/2754/3789 3317/3024/4039 3244/2750/3785
f 3250/2756/3791 3276/3025/4040 3249/2755/3790
f 3252/2758/3793 3248/2754/3789 3247/2753/3788
f 3249/2755/3790 3276/3025/4040 3253/2759/3794
f 3255/2761/3796 3312/3026/4041 3252/2758/3793
f 3222/2727/3762 3254/2760/3795 3256/2762/3797
f 3257/2763/3798 3255/2761/3796 3221/2726/3761
f 3254/2760/3795 3253/2759/3794 3258/2764/3799
f 3259/2765/3800 3312/3026/4041 3255/2761/3796
f 3213/2705/3740 3256/2762/3797 3260/2766/3801
f 3261/2767/3802 3257/2763/3798 3212/2704/3739
f 3256/2762/3797 3258/2764/3799 3262/2768/3803
f 3263/2769/3804 3259/2765/3800 3257/2763/3798
f 3211/2701/3736 3260/2766/3801 3264/2770/3805
f 3265/2771/3806 3261/2767/3802 3210/2700/3735
f 3266/2772/3807 3270/2776/3811 3204/2688/3723
f 3205/2689/3724 3267/2773/3808 3223/2729/3764
f 3204/2688/3723 3270/2776/3811 3267/2773/3808
f 3268/2774/3809 3229/2735/3770 3227/2733/3768
f 3269/2775/3810 3268/2774/3809 3223/2729/3764
f 3271/2777/3812 3269/2775/3810 3267/2773/3808
f 3264/2770/3805 3266/2772/3807 3207/2693/3728
f 3272/2778/3813 3273/2779/3814 3266/2772/3807
f 3260/2766/3801 3262/2768/3803 3272/2778/3813
f 3273/2779/3814 3271/2777/3812 3270/2776/3811
f 3253/2782/3817 3276/2783/3818 3274/2780/3815
f 3250/2784/3819 3278/2786/3821 3274/2780/3815
f 3250/2784/3819 3246/2788/3823 3277/2785/3820
f 3246/2788/3823 3243/2790/3825 3279/2787/3822
f 3243/2790/3825 3239/2792/3827 3280/2789/3824
f 3239/2792/3827 3235/2794/3829 3281/2791/3826
f 3235/2794/3829 3229/2796/3831 3282/2793/3828
f 3229/2796/3831 3268/2798/3833 3283/2795/3830
f 3268/2798/3833 3269/2800/3835 3284/2797/3832
f 3269/2800/3835 3271/2802/3837 3285/2799/3834
f 3271/2802/3837 3273/2803/3838 3286/2801/3836
f 3272/2804/3839 3288/2806/3841 3286/2801/3836
f 3272/2804/3839 3262/2808/3843 3287/2805/3840
f 3262/2808/3843 3258/3027/3844 3289/2807/3842
f 3275/2781/3816 3289/2824/3842 3258/2809/3844
f 3290/2810/3845 3304/2825/3859 3275/2781/3816
f 3291/2811/3846 3290/2810/3845 3274/2780/3815
f 3292/2812/3847 3291/2811/3846 3278/2786/3821
f 3293/2813/3848 3292/2812/3847 3277/2785/3820
f 3294/2814/3849 3293/2813/3848 3279/2787/3822
f 3295/2815/3850 3294/2814/3849 3280/2789/3824
f 3296/2816/3851 3295/2815/3850 3281/2791/3826
f 3297/2817/3852 3296/2816/3851 3282/2793/3828
f 3298/2818/3853 3297/2817/3852 3283/2795/3830
f 3299/2819/3854 3298/2818/3853 3284/2797/3832
f 3300/2820/3855 3299/2819/3854 3285/2799/3834
f 3301/2821/3856 3300/2820/3855 3286/2801/3836
f 3302/2822/3857 3301/2821/3856 3288/2806/3841
f 3303/2823/3858 3302/2822/3857 3287/2805/3840
f 3304/2825/3859 3303/3028/3858 3289/2824/3842
f 3306/2842/3876 3265/2771/3806 3208/2696/3731
f 3307/2843/3877 3306/2842/3876 3206/2692/3727
f 3307/2843/3877 3310/2846/3880 3308/2844/3878
f 3224/2730/3765 3309/2845/3879 3202/2686/3721
f 3309/2845/3879 3307/2843/3877 3203/2687/3722
f 3225/2731/3766 3325/3029/4042 3309/2845/3879
f 3309/2845/3879 3325/3029/4042 3310/2846/3880
f 3306/2842/3876 3308/2844/3878 3311/2847/3881
f 3265/2771/3806 3311/2847/3881 3263/2769/3804
f 3314/2850/3884 3252/2851/3885 3312/2848/3882
f 3315/2852/3886 3248/2853/3887 3252/2851/3885
f 3316/2854/3888 3317/2856/3890 3248/2853/3887
f 3316/2854/3888 3318/2857/3891 3241/2855/3889
f 3319/2858/3892 3237/2859/3893 3241/2855/3889
f 3320/2860/3894 3321/2861/3895 3237/2859/3893
f 3322/2862/3896 3230/2863/3897 3321/2861/3895
f 3323/2864/3898 3225/2865/3899 3230/2863/3897
f 3324/2866/3900 3325/2867/3901 3225/2865/3899
f 3326/2868/3902 3310/2869/3903 3325/2867/3901
f 3327/2870/3904 3308/2871/3905 3310/2869/3903
f 3328/2872/3906 3311/2873/3907 3308/2871/3905
f 3329/2874/3908 3263/2875/3909 3311/2873/3907
f 3330/2876/3910 3259/3030/3911 3263/2875/3909
f 3259/2877/3911 3330/2892/3910 3313/2849/3883
f 3313/2849/3883 3344/2891/3925 3331/2878/3912
f 3331/2878/3912 3332/2879/3913 3315/2852/3886
f 3332/2879/3913 3346/3031/4043 3316/2854/3888
f 3316/2854/3888 3346/3031/4043 3333/2880/3914
f 3318/2857/3891 3333/2880/3914 3334/2881/3915
f 3319/2858/3892 3334/2881/3915 3335/2882/3916
f 3320/2860/3894 3335/2882/3916 3336/2883/3917
f 3322/2862/3896 3336/2883/3917 3337/2884/3918
f 3323/2864/3898 3337/2884/3918 3338/2885/3919
f 3324/2866/3900 3338/2885/3919 3339/2886/3920
f 3326/2868/3902 3339/2886/3920 3340/2887/3921
f 3327/2870/3904 3340/2887/3921 3341/2888/3922
f 3328/2872/3906 3341/2888/3922 3342/2889/3923
f 3329/2874/3908 3342/2889/3923 3343/2890/3924
f 3330/2892/3910 3343/3032/3924 3344/2891/3925
f 3348/2910/3943 3233/2739/3774 3220/2724/3759
f 3161/2642/3684 3351/2913/3946 3349/2911/3944
f 3178/2661/3701 3352/2920/3947 3351/2913/3946
f 3353/2916/3948 3354/2919/3951 3351/2914/3946
f 3354/2919/3951 3353/2916/3948 3350/2917/3949
f 3350/2912/3945 3356/2923/3954 3240/2746/3781
f 3177/2660/3700 3355/2924/3952 3352/2920/3947
f 3355/2921/3952 3357/2925/3955 3353/2916/3948
f 3353/2916/3948 3357/2925/3955 3356/2922/3953
f 3356/2923/3954 3359/2928/3958 3244/2750/3785
f 3168/2649/3691 3358/2930/3956 3355/2924/3952
f 3358/2926/3956 3363/2934/3962 3357/2925/3955
f 3357/2925/3955 3363/2934/3962 3359/2927/3957
f 3359/2928/3958 3362/2935/3963 3247/2753/3788
f 3168/2649/3691 3175/2658/3698 3360/2929/3959
f 3361/2932/3960 3363/2934/3962 3358/2926/3956
f 3363/2934/3962 3361/2932/3960 3362/2933/3961
f 3364/2936/3964 3251/2757/3792 3247/2753/3788
f 3174/2657/3697 3365/2945/3965 3360/2929/3959
f 3365/2937/3965 3366/2938/3966 3361/2932/3960
f 3366/2938/3966 3364/2941/3969 3362/2933/3961
f 3221/2726/3761 3255/2761/3796 3367/2939/3967
f 3369/2942/3970 3367/2946/3972 3364/2941/3969
f 3370/2943/3971 3369/2942/3970 3366/2938/3966
f 3174/2657/3697 3173/2656/3696 3370/2944/3971
f 3371/2947/3973 3372/2955/3979 3367/2946/3972
f 3372/2948/3974 3376/3033/4044 3179/2725/3760
f 3164/2951/3687 3375/2953/3977 3373/2949/3975
f 3375/2953/3977 3380/2961/3985 3374/2952/3976
f 3374/2952/3976 3380/2961/3985 3376/2954/3978
f 3377/2957/3981 3180/2663/3703 3179/2662/3702
f 3164/2951/3687 3162/2643/3685 3378/2958/3982
f 3379/2959/3983 3380/2961/3985 3375/2953/3977
f 3380/2961/3985 3379/2959/3983 3377/2960/3984
f 3381/2963/3987 3384/2967/3991 3180/2728/3763
f 3162/2643/3685 3163/2644/3686 3382/2964/3988
f 3383/2965/3989 3379/2959/3983 3378/2958/3982
f 3379/2966/3990 3383/2970/3994 3381/2963/3987
f 3152/2633/3675 3386/2969/3993 3382/2964/3988
f 3385/2968/3992 3254/2760/3795 3222/2727/3762
f 3386/2969/3993 3387/2974/3998 3383/2965/3989
f 3387/2971/3995 3385/2968/3992 3381/2963/3987
f 3155/2636/3678 3390/2976/4000 3386/2969/3993
f 3389/2975/3999 3388/3014/4033 3385/2973/3997
f 3388/2972/3996 3391/2977/4001 3245/2751/3786
f 3154/2635/3677 3393/2979/4003 3390/2976/4000
f 3391/2977/4001 3396/2983/4007 3242/2748/3783
f 3154/2635/3677 3157/2638/3680 3392/2978/4002
f 3395/2982/4006 3396/2987/4011 3391/2980/4004
f 3397/2984/4008 3238/2744/3779 3242/2748/3783
f 3157/2638/3680 3156/2637/3679 3398/2985/4009
f 3399/2986/4010 3395/2982/4006 3392/2978/4002
f 3399/2986/4010 3397/2991/4015 3396/2987/4011
f 3397/2984/4008 3401/2989/4013 3234/2740/3775
f 3156/2637/3679 3404/2993/4017 3400/2988/4012
f 3402/2990/4014 3399/2986/4010 3398/2985/4009
f 3402/2990/4014 3401/2995/4019 3397/2991/4015
f 3158/2639/3681 3405/2994/4018 3400/2988/4012
f 3405/2994/4018 3406/2996/4020 3402/2990/4014
f 3406/2996/4020 3403/3009/4030 3401/2995/4019
f 3220/2999/4023 3201/2684/3719 3407/2997/4021
f 3349/3001/3944 3409/3004/4027 3408/3000/4024
f 3408/3000/4024 3409/3004/4027 3405/2994/4018
f 3407/3002/4025 3201/2723/3758 3232/2738/3773
f 3347/3003/4026 3410/3034/4028 3354/2919/3951
f 3410/3005/4028 3411/3010/4031 3409/3004/4027
f 3354/2919/3951 3410/3034/4028 3349/3006/3944
f 3407/3008/4029 3411/3010/4031 3410/3005/4028
f 3409/3004/4027 3411/3010/4031 3406/2996/4020
f 3411/3010/4031 3407/3008/4029 3403/3009/4030
f 3374/2952/3976 3371/2947/3973 3412/3011/4032
f 3412/3013/4032 3172/2655/3695 3171/2654/3694
f 3390/2976/4000 3389/2975/3999 3387/2974/3998
f 3393/2979/4003 3394/2981/4005 3389/2975/3999
f 3388/3014/4033 3389/2975/3999 3394/2981/4005
f 3392/2978/4002 3395/2982/4006 3394/2981/4005
f 3413/3035/4045 3414/3036/4046 3415/3037/4047
f 3416/3038/4048 3417/3039/4049 3418/3040/4050
f 3419/3041/4051 3413/3035/4045 3420/3042/4052
f 3421/3043/4053 3418/3040/4050 3419/3041/4051
f 3422/3044/4054 3420/3042/4052 3423/3045/4055
f 3423/3045/4055 3421/3043/4053 3422/3044/4054
f 3413/3035/4045 3419/3041/4051 3424/3046/4056
f 3424/3046/4056 3425/3047/4057 3426/3048/4058
f 3426/3048/4058 3427/3049/4059 3428/3050/4060
f 3428/3050/4060 3414/3036/4046 3413/3035/4045
f 3425/3047/4057 3429/3051/4061 3430/3052/4062
f 3431/3053/4063 3429/3051/4061 3425/3047/4057
f 3424/3046/4056 3419/3041/4051 3418/3040/4050
f 3425/3047/4057 3424/3046/4056 3432/3054/4064
f 3433/3055/4065 3434/3056/4066 3435/3057/4067
f 3417/3039/4049 3433/3055/4065 3432/3054/4064
f 3414/3036/4046 3428/3050/4060 3436/3058/4068
f 3437/3059/4069 3438/3060/4070 3415/3037/4047
f 3439/3061/4071 3433/3055/4065 3417/3039/4049
f 3416/3038/4048 3440/3062/4072 3441/3063/4073
f 3436/3058/4068 3428/3050/4060 3427/3049/4059
f 3433/3055/4065 3439/3061/4071 3442/3064/4074
f 3436/3058/4068 3443/3065/4075 3444/3066/4076
f 3445/3067/4077 3446/3068/4078 3439/3061/4071
f 3447/3069/4079 3438/3060/4070 3437/3059/4069
f 3441/3063/4073 3440/3062/4072 3448/3070/4080
f 3449/3071/4081 3447/3069/4079 3450/3072/4082
f 3451/3073/4083 3448/3070/4080 3452/3074/4084
f 3453/3075/4085 3454/3076/4086 3450/3072/4082
f 3454/3076/4086 3449/3071/4081 3450/3072/4082
f 3451/3073/4083 3455/3077/4087 3456/3078/4088
f 3451/3073/4083 3452/3074/4084 3455/3077/4087
f 3453/3075/4085 3450/3072/4082 3457/3079/4089
f 3447/3069/4079 3444/3066/4076 3457/3079/4089
f 3458/3080/4090 3451/3073/4083 3456/3078/4088
f 3458/3080/4090 3445/3067/4077 3448/3070/4080
f 3459/3081/4091 3460/3082/4092 3457/3079/4089
f 3444/3066/4076 3443/3065/4075 3461/3083/4093
f 3458/3080/4090 3462/3084/4094 3463/3085/4095
f 3464/3086/4096 3446/3068/4078 3445/3067/4077
f 3465/3087/4097 3443/3065/4075 3436/3058/4068
f 3466/3088/4098 3461/3083/4093 3443/3065/4075
f 3467/3089/4099 3468/3090/4100 3466/3088/4098
f 3466/3088/4098 3468/3090/4100 3469/3091/4101
f 3470/3092/4102 3459/3081/4091 3461/3083/4093
f 3439/3061/4071 3446/3068/4078 3471/3093/4103
f 3446/3068/4078 3464/3086/4096 3472/3094/4104
f 3472/3094/4104 3473/3095/4105 3474/3096/4106
f 3475/3097/4107 3473/3095/4105 3472/3094/4104
f 3464/3086/4096 3463/3085/4095 3476/3098/4108
f 3470/3092/4102 3477/3099/4109 3478/3100/4110
f 3479/3101/4111 3476/3098/4108 3463/3085/4095
f 3460/3082/4092 3459/3081/4091 3478/3100/4110
f 3480/3102/4112 3463/3085/4095 3462/3084/4094
f 3453/3075/4085 3460/3082/4092 3481/3103/4113
f 3482/3104/4114 3462/3084/4094 3456/3078/4088
f 3478/3100/4110 3483/3105/4115 3484/3106/4116
f 3485/3107/4117 3486/3108/4118 3480/3102/4112
f 3487/3109/4119 3481/3103/4113 3484/3106/4116
f 3485/3107/4117 3482/3104/4114 3488/3110/4120
f 3483/3105/4115 3489/3111/4121 3490/3112/4122
f 3491/3113/4123 3492/3114/4124 3486/3108/4118
f 3493/3115/4125 3494/3116/4126 3492/3114/4124
f 3495/3117/4127 3484/3106/4116 3490/3112/4122
f 3491/3113/4123 3485/3107/4117 3496/3118/4128
f 3489/3111/4121 3494/3119/4126 3493/3120/4125
f 3497/3121/4129 3498/3122/4130 3499/3123/4131
f 3499/3123/4131 3500/3124/4132 3497/3121/4129
f 3498/3122/4130 3490/3112/4122 3493/3120/4125
f 3493/3115/4125 3491/3113/4123 3501/3125/4133
f 3499/3126/4131 3501/3125/4133 3500/3127/4132
f 3478/3100/4110 3477/3099/4109 3502/3128/4134
f 3503/3129/4135 3479/3101/4111 3480/3102/4112
f 3483/3105/4115 3502/3128/4134 3504/3130/4136
f 3503/3129/4135 3486/3108/4118 3492/3114/4124
f 3494/3119/4126 3489/3111/4121 3504/3130/4136
f 3505/3131/4137 3506/3132/4138 3507/3133/4139
f 3504/3130/4136 3508/3134/4140 3505/3131/4137
f 3509/3135/4141 3492/3114/4124 3494/3116/4126
f 3510/3136/4142 3511/3137/4143 3509/3135/4141
f 3507/3133/4139 3506/3132/4138 3510/3138/4142
f 3465/3087/4097 3512/3139/4144 3513/3140/4145
f 3514/3141/4146 3442/3064/4074 3471/3093/4103
f 3467/3089/4099 3513/3140/4145 3515/3142/4147
f 3516/3143/4148 3514/3141/4146 3474/3096/4106
f 3469/3091/4101 3468/3090/4100 3515/3142/4147
f 3470/3092/4102 3469/3091/4101 3517/3144/4149
f 3516/3143/4148 3473/3095/4105 3475/3097/4107
f 3518/3145/4150 3475/3097/4107 3476/3098/4108
f 3519/3146/4151 3520/3147/4152 3511/3148/4153
f 3521/3149/4154 3519/3146/4151 3510/3150/4155
f 3505/3151/4156 3522/3152/4157 3521/3149/4154
f 3427/3049/4059 3426/3048/4058 3430/3052/4062
f 3513/3140/4145 3512/3139/4144 3427/3049/4059
f 3434/3056/4066 3442/3064/4074 3514/3141/4146
f 3435/3057/4067 3434/3056/4066 3523/3153/4158
f 3524/3154/4159 3525/3155/4160 3430/3052/4062
f 3431/3053/4063 3523/3153/4158 3524/3154/4159
f 3526/3156/4161 3502/3128/4134 3477/3099/4109
f 3508/3134/4140 3504/3130/4136 3502/3128/4134
f 3522/3152/4157 3505/3151/4156 3508/3157/4162
f 3479/3101/4111 3503/3129/4135 3520/3158/4163
f 3503/3129/4135 3509/3135/4141 3511/3137/4143
f 3527/3159/4164 3528/3160/4165 3525/3161/4166
f 3523/3162/4167 3529/3163/4168 3527/3159/4164
f 3528/3160/4165 3530/3164/4169 3531/3165/4170
f 3532/3166/4171 3530/3164/4169 3529/3163/4168
f 3530/3164/4169 3528/3160/4165 3527/3159/4164
f 3527/3159/4164 3529/3163/4168 3530/3164/4169
f 3533/3167/4172 3522/3152/4157 3526/3168/4173
f 3513/3169/4174 3525/3161/4166 3528/3160/4165
f 3515/3170/4175 3513/3169/4174 3531/3165/4170
f 3533/3167/4172 3517/3171/4176 3515/3170/4175
f 3530/3164/4169 3534/3172/4177 3533/3167/4172
f 3526/3168/4173 3517/3171/4176 3533/3167/4172
f 3534/3172/4177 3521/3149/4154 3522/3152/4157
f 3520/3147/4152 3519/3146/4151 3535/3173/4178
f 3529/3163/4168 3523/3162/4167 3514/3174/4179
f 3532/3166/4171 3514/3174/4179 3516/3175/4180
f 3516/3175/4180 3518/3176/4181 3535/3173/4178
f 3535/3173/4178 3534/3172/4177 3530/3164/4169
f 3535/3173/4178 3518/3176/4181 3520/3147/4152
f 3519/3146/4151 3521/3149/4154 3534/3172/4177
f 3423/3045/4055 3536/3177/4182 3537/3178/4183
f 3500/3124/4132 3538/3179/4184 3539/3180/4185
f 3495/3117/4127 3498/3122/4130 3497/3121/4129
f 3500/3127/4132 3501/3125/4133 3496/3118/4128
f 3488/3110/4120 3456/3078/4088 3455/3077/4087
f 3496/3118/4128 3488/3110/4120 3540/3181/4186
f 3454/3076/4086 3453/3075/4085 3487/3109/4119
f 3541/3182/4187 3487/3109/4119 3495/3117/4127
f 3438/3060/4070 3447/3069/4079 3449/3071/4081
f 3449/3071/4081 3454/3076/4086 3541/3182/4187
f 3452/3074/4084 3448/3070/4080 3440/3062/4072
f 3540/3181/4186 3455/3077/4087 3452/3074/4084
f 3537/3178/4183 3416/3038/4048 3421/3043/4053
f 3542/3183/4188 3440/3062/4072 3416/3038/4048
f 3415/3037/4047 3438/3060/4070 3543/3184/4189
f 3420/3042/4052 3415/3037/4047 3536/3177/4182
f 3543/3184/4189 3541/3182/4187 3544/3185/4190
f 3545/3186/4191 3540/3181/4186 3542/3183/4188
f 3546/3187/4192 3543/3184/4189 3544/3185/4190
f 3536/3177/4182 3543/3184/4189 3546/3187/4192
f 3545/3186/4191 3542/3183/4188 3547/3188/4193
f 3547/3188/4193 3542/3183/4188 3537/3178/4183
f 3548/3189/4194 3547/3188/4193 3537/3178/4183
f 3537/3178/4183 3536/3177/4182 3548/3189/4194
f 3536/3177/4182 3546/3187/4192 3548/3189/4194
f 3541/3182/4187 3539/3180/4185 3549/3190/4195
f 3549/3190/4195 3544/3185/4190 3541/3182/4187
f 3550/3191/4196 3538/3192/4184 3540/3181/4186
f 3540/3181/4186 3545/3186/4191 3550/3191/4196
f 3538/3192/4184 3550/3191/4196 3551/3193/4197
f 3551/3194/4197 3539/3180/4185 3538/3179/4184
f 3551/3194/4197 3549/3190/4195 3539/3180/4185
f 3550/3191/4196 3552/3195/4198 3553/3196/4199
f 3554/3197/4200 3549/3190/4195 3551/3194/4197
f 3546/3187/4192 3555/3198/4201 3556/3199/4202
f 3552/3195/4198 3550/3191/4196 3545/3186/4191
f 3544/3185/4190 3549/3190/4195 3554/3197/4200
f 3557/3200/4203 3558/3201/4204 3559/3202/4205
f 3560/3203/4206 3561/3204/4207 3557/3200/4203
f 3562/3205/4208 3563/3206/4209 3564/3207/4210
f 3565/3208/4211 3566/3209/4212 3567/3210/4213
f 3568/3211/4214 3557/3200/4203 3561/3204/4207
f 3558/3201/4204 3557/3200/4203 3568/3211/4214
f 3569/3212/4215 3570/3213/4216 3568/3214/4217
f 3571/3215/4218 3572/3216/4219 3573/3217/4220
f 3574/3218/4221 3572/3216/4219 3571/3215/4218
f 3575/3219/4222 3576/3220/4223 3577/3221/4224
f 3577/3221/4224 3576/3220/4223 3578/3222/4225
f 3568/3214/4217 3570/3213/4216 3579/3223/4226
f 3546/3187/4192 3544/3185/4190 3575/3224/4227
f 3555/3225/4228 3575/3219/4222 3577/3221/4224
f 3570/3213/4216 3556/3226/4229 3555/3225/4228
f 3580/3227/4230 3579/3223/4226 3555/3225/4228
f 3581/3228/4231 3582/3229/4232 3579/3223/4226
f 3573/3230/4233 3545/3186/4191 3547/3188/4193
f 3571/3215/4218 3573/3217/4220 3583/3231/4234
f 3547/3188/4193 3548/3189/4194 3556/3199/4202
f 3583/3231/4234 3556/3226/4229 3570/3213/4216
f 3583/3231/4234 3569/3212/4215 3584/3232/4235
f 3576/3220/4223 3575/3219/4222 3554/3233/4236
f 3585/3234/4237 3554/3233/4236 3553/3235/4238
f 3552/3236/4239 3573/3217/4220 3572/3216/4219
f 3553/3237/4238 3552/3236/4239 3586/3238/4240
f 3587/3239/4241 3588/3240/4242 3554/3233/4236
f 3552/3236/4239 3589/3241/4243 3590/3242/4244
f 3578/3222/4225 3576/3220/4223 3588/3240/4242
f 3566/3209/4212 3565/3208/4211 3578/3243/4245
f 3585/3234/4237 3591/3244/4246 3592/3245/4247
f 3589/3241/4243 3572/3216/4219 3574/3218/4221
f 3574/3246/4248 3564/3207/4210 3563/3206/4209
f 3592/3247/4247 3591/3248/4246 3586/3238/4240
f 3566/3209/4212 3593/3249/4249 3594/3250/4250
f 3567/3210/4213 3566/3209/4212 3595/3251/4251
f 3595/3251/4251 3596/3252/4252 3592/3253/4253
f 3594/3250/4250 3596/3252/4252 3595/3251/4251
f 3597/3254/4254 3598/3255/4255 3599/3256/4256
f 3594/3257/4257 3593/3258/4258 3588/3240/4242
f 3587/3239/4241 3585/3234/4237 3596/3259/4259
f 3600/3260/4260 3601/3261/4261 3563/3206/4209
f 3563/3206/4209 3562/3205/4208 3602/3262/4262
f 3592/3253/4253 3603/3263/4263 3604/3264/4264
f 3604/3264/4264 3603/3263/4263 3600/3260/4260
f 3602/3262/4262 3598/3265/4255 3597/3254/4254
f 3589/3241/4243 3601/3266/4265 3600/3267/4266
f 3603/3268/4267 3586/3238/4240 3590/3242/4244
f 3605/3269/4268 3564/3207/4210 3574/3246/4248
f 3606/3270/4269 3607/3271/4270 3564/3207/4210
f 3605/3269/4268 3608/3272/4271 3609/3273/4272
f 3609/3273/4272 3610/3274/4273 3561/3204/4207
f 3561/3204/4207 3560/3203/4206 3606/3270/4269
f 3608/3275/4274 3571/3215/4218 3584/3232/4235
f 3569/3212/4215 3610/3276/4275 3609/3277/4276
f 3578/3243/4245 3565/3208/4211 3611/3278/4277
f 3565/3208/4211 3612/3279/4278 3613/3280/4279
f 3581/3281/4280 3614/3282/4281 3611/3278/4277
f 3558/3201/4204 3582/3283/4282 3581/3281/4280
f 3613/3280/4279 3559/3202/4205 3558/3201/4204
f 3580/3227/4230 3577/3221/4224 3614/3284/4283
f 3415/3037/4047 3420/3042/4052 3413/3035/4045
f 3418/3040/4050 3421/3043/4053 3416/3038/4048
f 3420/3042/4052 3422/3044/4054 3419/3041/4051
f 3419/3041/4051 3422/3044/4054 3421/3043/4053
f 3424/3046/4056 3615/3285/4284 3413/3035/4045
f 3426/3048/4058 3615/3285/4284 3424/3046/4056
f 3428/3050/4060 3615/3285/4284 3426/3048/4058
f 3413/3035/4045 3615/3285/4284 3428/3050/4060
f 3430/3052/4062 3426/3048/4058 3425/3047/4057
f 3425/3047/4057 3435/3057/4067 3431/3053/4063
f 3418/3040/4050 3432/3054/4064 3424/3046/4056
f 3432/3054/4064 3435/3057/4067 3425/3047/4057
f 3435/3057/4067 3432/3054/4064 3433/3055/4065
f 3432/3054/4064 3418/3040/4050 3417/3039/4049
f 3436/3058/4068 3437/3059/4069 3414/3036/4046
f 3415/3037/4047 3414/3036/4046 3437/3059/4069
f 3417/3039/4049 3441/3063/4073 3439/3061/4071
f 3441/3063/4073 3417/3039/4049 3416/3038/4048
f 3427/3049/4059 3512/3139/4144 3436/3058/4068
f 3442/3064/4074 3434/3056/4066 3433/3055/4065
f 3444/3066/4076 3437/3059/4069 3436/3058/4068
f 3439/3061/4071 3441/3063/4073 3445/3067/4077
f 3437/3059/4069 3444/3066/4076 3447/3069/4079
f 3448/3070/4080 3445/3067/4077 3441/3063/4073
f 3457/3079/4089 3460/3082/4092 3453/3075/4085
f 3457/3079/4089 3450/3072/4082 3447/3069/4079
f 3456/3078/4088 3462/3084/4094 3458/3080/4090
f 3448/3070/4080 3451/3073/4083 3458/3080/4090
f 3457/3079/4089 3461/3083/4093 3459/3081/4091
f 3461/3083/4093 3457/3079/4089 3444/3066/4076
f 3463/3085/4095 3464/3086/4096 3458/3080/4090
f 3445/3067/4077 3458/3080/4090 3464/3086/4096
f 3436/3058/4068 3512/3139/4144 3465/3087/4097
f 3443/3065/4075 3465/3087/4097 3466/3088/4098
f 3466/3088/4098 3465/3087/4097 3467/3089/4099
f 3469/3091/4101 3470/3092/4102 3466/3088/4098
f 3461/3083/4093 3466/3088/4098 3470/3092/4102
f 3471/3093/4103 3442/3064/4074 3439/3061/4071
f 3472/3094/4104 3471/3093/4103 3446/3068/4078
f 3474/3096/4106 3471/3093/4103 3472/3094/4104
f 3472/3094/4104 3476/3098/4108 3475/3097/4107
f 3476/3098/4108 3472/3094/4104 3464/3086/4096
f 3478/3100/4110 3459/3081/4091 3470/3092/4102
f 3463/3085/4095 3480/3102/4112 3479/3101/4111
f 3478/3100/4110 3481/3103/4113 3460/3082/4092
f 3462/3084/4094 3482/3104/4114 3480/3102/4112
f 3481/3103/4113 3487/3109/4119 3453/3075/4085
f 3456/3078/4088 3488/3110/4120 3482/3104/4114
f 3484/3106/4116 3481/3103/4113 3478/3100/4110
f 3480/3102/4112 3482/3104/4114 3485/3107/4117
f 3484/3106/4116 3495/3117/4127 3487/3109/4119
f 3488/3110/4120 3496/3118/4128 3485/3107/4117
f 3490/3112/4122 3484/3106/4116 3483/3105/4115
f 3486/3108/4118 3485/3107/4117 3491/3113/4123
f 3492/3114/4124 3491/3113/4123 3493/3115/4125
f 3490/3112/4122 3498/3122/4130 3495/3117/4127
f 3496/3118/4128 3501/3125/4133 3491/3113/4123
f 3493/3120/4125 3490/3112/4122 3489/3111/4121
f 3493/3120/4125 3499/3123/4131 3498/3122/4130
f 3501/3125/4133 3499/3126/4131 3493/3115/4125
f 3502/3128/4134 3483/3105/4115 3478/3100/4110
f 3480/3102/4112 3486/3108/4118 3503/3129/4135
f 3504/3130/4136 3489/3111/4121 3483/3105/4115
f 3492/3114/4124 3509/3135/4141 3503/3129/4135
f 3504/3130/4136 3507/3133/4139 3494/3119/4126
f 3505/3131/4137 3507/3133/4139 3504/3130/4136
f 3494/3116/4126 3507/3286/4139 3509/3135/4141
f 3509/3135/4141 3507/3286/4139 3510/3136/4142
f 3513/3140/4145 3467/3089/4099 3465/3087/4097
f 3471/3093/4103 3474/3096/4106 3514/3141/4146
f 3515/3142/4147 3468/3090/4100 3467/3089/4099
f 3474/3096/4106 3473/3095/4105 3516/3143/4148
f 3515/3142/4147 3517/3144/4149 3469/3091/4101
f 3517/3144/4149 3477/3099/4109 3470/3092/4102
f 3475/3097/4107 3518/3145/4150 3516/3143/4148
f 3476/3098/4108 3479/3101/4111 3518/3145/4150
f 3511/3148/4153 3510/3150/4155 3519/3146/4151
f 3510/3150/4155 3506/3287/4285 3521/3149/4154
f 3521/3149/4154 3506/3287/4285 3505/3151/4156
f 3430/3052/4062 3525/3155/4160 3427/3049/4059
f 3427/3049/4059 3525/3155/4160 3513/3140/4145
f 3514/3141/4146 3523/3153/4158 3434/3056/4066
f 3523/3153/4158 3431/3053/4063 3435/3057/4067
f 3430/3052/4062 3429/3051/4061 3524/3154/4159
f 3524/3154/4159 3429/3051/4061 3431/3053/4063
f 3477/3099/4109 3517/3144/4149 3526/3156/4161
f 3502/3128/4134 3526/3156/4161 3508/3134/4140
f 3508/3157/4162 3526/3168/4173 3522/3152/4157
f 3520/3158/4163 3518/3145/4150 3479/3101/4111
f 3511/3137/4143 3520/3158/4163 3503/3129/4135
f 3525/3161/4166 3524/3288/4286 3527/3159/4164
f 3527/3159/4164 3524/3288/4286 3523/3162/4167
f 3528/3160/4165 3531/3165/4170 3513/3169/4174
f 3515/3170/4175 3531/3165/4170 3533/3167/4172
f 3533/3167/4172 3531/3165/4170 3530/3164/4169
f 3522/3152/4157 3533/3167/4172 3534/3172/4177
f 3514/3174/4179 3532/3166/4171 3529/3163/4168
f 3535/3173/4178 3532/3166/4171 3516/3175/4180
f 3530/3164/4169 3532/3166/4171 3535/3173/4178
f 3534/3172/4177 3535/3173/4178 3519/3146/4151
f 3539/3180/4185 3497/3121/4129 3500/3124/4132
f 3497/3121/4129 3539/3180/4185 3495/3117/4127
f 3496/3118/4128 3538/3192/4184 3500/3127/4132
f 3455/3077/4087 3540/3181/4186 3488/3110/4120
f 3540/3181/4186 3538/3192/4184 3496/3118/4128
f 3487/3109/4119 3541/3182/4187 3454/3076/4086
f 3495/3117/4127 3539/3180/4185 3541/3182/4187
f 3449/3071/4081 3543/3184/4189 3438/3060/4070
f 3541/3182/4187 3543/3184/4189 3449/3071/4081
f 3440/3062/4072 3542/3183/4188 3452/3074/4084
f 3452/3074/4084 3542/3183/4188 3540/3181/4186
f 3421/3043/4053 3423/3045/4055 3537/3178/4183
f 3416/3038/4048 3537/3178/4183 3542/3183/4188
f 3543/3184/4189 3536/3177/4182 3415/3037/4047
f 3536/3177/4182 3423/3045/4055 3420/3042/4052
f 3553/3196/4199 3551/3193/4197 3550/3191/4196
f 3551/3194/4197 3553/3289/4199 3554/3197/4200
f 3556/3199/4202 3548/3189/4194 3546/3187/4192
f 3545/3186/4191 3573/3230/4233 3552/3195/4198
f 3554/3197/4200 3575/3224/4227 3544/3185/4190
f 3559/3202/4205 3616/3290/4287 3557/3200/4203
f 3557/3200/4203 3616/3290/4287 3560/3203/4206
f 3564/3207/4210 3607/3271/4270 3562/3205/4208
f 3567/3210/4213 3612/3279/4278 3565/3208/4211
f 3561/3204/4207 3610/3274/4273 3568/3211/4214
f 3568/3211/4214 3582/3283/4282 3558/3201/4204
f 3568/3214/4217 3610/3276/4275 3569/3212/4215
f 3571/3215/4218 3608/3275/4274 3574/3218/4221
f 3578/3222/4225 3614/3284/4283 3577/3221/4224
f 3579/3223/4226 3582/3229/4232 3568/3214/4217
f 3575/3224/4227 3555/3198/4201 3546/3187/4192
f 3577/3221/4224 3580/3227/4230 3555/3225/4228
f 3555/3225/4228 3579/3223/4226 3570/3213/4216
f 3579/3223/4226 3580/3227/4230 3581/3228/4231
f 3547/3188/4193 3583/3291/4288 3573/3230/4233
f 3583/3231/4234 3584/3232/4235 3571/3215/4218
f 3556/3199/4202 3583/3291/4288 3547/3188/4193
f 3570/3213/4216 3569/3212/4215 3583/3231/4234
f 3554/3233/4236 3588/3240/4242 3576/3220/4223
f 3553/3235/4238 3591/3244/4246 3585/3234/4237
f 3572/3216/4219 3589/3241/4243 3552/3236/4239
f 3586/3238/4240 3591/3248/4246 3553/3237/4238
f 3554/3233/4236 3585/3234/4237 3587/3239/4241
f 3590/3242/4244 3586/3238/4240 3552/3236/4239
f 3588/3240/4242 3593/3258/4258 3578/3222/4225
f 3578/3243/4245 3593/3249/4249 3566/3209/4212
f 3592/3245/4247 3596/3259/4259 3585/3234/4237
f 3574/3218/4221 3601/3266/4265 3589/3241/4243
f 3563/3206/4209 3601/3261/4261 3574/3246/4248
f 3586/3238/4240 3603/3268/4267 3592/3247/4247
f 3594/3250/4250 3595/3251/4251 3566/3209/4212
f 3595/3251/4251 3599/3256/4256 3567/3210/4213
f 3592/3253/4253 3597/3254/4254 3595/3251/4251
f 3599/3256/4256 3595/3251/4251 3597/3254/4254
f 3588/3240/4242 3587/3239/4241 3594/3257/4257
f 3596/3259/4259 3594/3257/4257 3587/3239/4241
f 3563/3206/4209 3604/3264/4264 3600/3260/4260
f 3602/3262/4262 3604/3264/4264 3563/3206/4209
f 3604/3264/4264 3597/3254/4254 3592/3253/4253
f 3597/3254/4254 3604/3264/4264 3602/3262/4262
f 3600/3267/4266 3590/3242/4244 3589/3241/4243
f 3590/3242/4244 3600/3267/4266 3603/3268/4267
f 3574/3246/4248 3608/3272/4271 3605/3269/4268
f 3564/3207/4210 3605/3269/4268 3606/3270/4269
f 3561/3204/4207 3605/3269/4268 3609/3273/4272
f 3606/3270/4269 3605/3269/4268 3561/3204/4207
f 3584/3232/4235 3609/3277/4276 3608/3275/4274
f 3609/3277/4276 3584/3232/4235 3569/3212/4215
f 3611/3278/4277 3614/3282/4281 3578/3243/4245
f 3613/3280/4279 3611/3278/4277 3565/3208/4211
f 3581/3281/4280 3611/3278/4277 3558/3201/4204
f 3558/3201/4204 3611/3278/4277 3613/3280/4279
f 3614/3284/4283 3581/3228/4231 3580/3227/4230
f 3617/3292/4289 3618/3293/4290 3619/3294/4291
f 3620/3295/4292 3621/3296/4293 3622/3297/4294
f 3622/3297/4294 3621/3296/4293 3623/3298/4295
f 3624/3299/4296 3620/3295/4292 3622/3297/4294
f 3622/3297/4294 3623/3298/4295 3625/3300/4297
f 3626/3301/4298 3624/3299/4296 3622/3297/4294
f 3622/3297/4294 3625/3300/4297 3627/3302/4299
f 3628/3303/4300 3626/3301/4298 3622/3297/4294
f 3622/3297/4294 3627/3302/4299 3629/3304/4301
f 3630/3305/4302 3628/3303/4300 3622/3297/4294
f 3622/3297/4294 3629/3304/4301 3631/3306/4303
f 3632/3307/4304 3630/3305/4302 3622/3297/4294
f 3622/3297/4294 3631/3306/4303 3633/3308/4305
f 3634/3309/4306 3632/3307/4304 3622/3297/4294
f 3622/3297/4294 3633/3308/4305 3635/3310/4307
f 3636/3311/4308 3634/3309/4306 3622/3297/4294
f 3622/3297/4294 3635/3310/4307 3637/3312/4309
f 3638/3313/4310 3636/3311/4308 3622/3297/4294
f 3622/3297/4294 3637/3312/4309 3618/3314/4311
f 3617/3315/4312 3638/3313/4310 3622/3297/4294
f 3622/3297/4294 3618/3314/4311 3617/3315/4312
f 3639/3316/4313 3638/3317/4314 3617/3318/4289
f 3632/3319/4315 3634/3320/4316 3640/3321/4317
f 3641/3322/4318 3635/3323/4319 3633/3324/4320
f 3630/3325/4321 3632/3319/4315 3642/3326/4322
f 3643/3327/4323 3633/3324/4320 3631/3328/4324
f 3626/3329/4325 3644/3330/4326 3645/3331/4327
f 3646/3332/4328 3647/3333/4329 3627/3334/4330
f 3624/3335/4331 3645/3331/4327 3648/3336/4332
f 3649/3337/4333 3646/3332/4328 3625/3338/4334
f 3620/3339/4335 3648/3336/4332 3650/3340/4336
f 3650/3340/4336 3649/3337/4333 3623/3341/4337
f 3628/3342/4338 3630/3325/4321 3651/3343/4339
f 3652/3344/4340 3644/3330/4326 3626/3329/4325
f 3653/3345/4341 3631/3346/4324 3629/3347/4342
f 3627/3334/4330 3647/3333/4329 3654/3348/4343
f 3638/3317/4314 3639/3316/4313 3655/3349/4344
f 3655/3349/4344 3640/3321/4317 3634/3320/4316
f 3656/3350/4345 3619/3294/4291 3618/3293/4290
f 3635/3323/4319 3641/3322/4318 3656/3350/4345
f 3639/3316/4313 3657/3351/4346 3658/3352/4347
f 3657/3351/4346 3619/3294/4291 3659/3353/4348
f 3656/3350/4345 3641/3322/4318 3660/3354/4349
f 3642/3326/4322 3640/3321/4317 3661/3355/4350
f 3641/3322/4318 3643/3327/4323 3662/3356/4351
f 3651/3343/4339 3642/3326/4322 3663/3357/4352
f 3662/3356/4351 3643/3327/4323 3653/3358/4341
f 3654/3348/4343 3647/3333/4329 3664/3359/4353
f 3665/3360/4354 3645/3331/4327 3644/3330/4326
f 3647/3333/4329 3646/3332/4328 3666/3361/4355
f 3648/3336/4332 3645/3331/4327 3665/3360/4354
f 3666/3361/4355 3646/3332/4328 3649/3337/4333
f 3667/3362/4356 3650/3340/4336 3648/3336/4332
f 3649/3337/4333 3650/3340/4336 3667/3362/4356
f 3652/3344/4340 3651/3343/4339 3668/3363/4357
f 3644/3330/4326 3652/3344/4340 3669/3364/4358
f 3653/3345/4341 3654/3348/4343 3670/3365/4359
f 3655/3349/4344 3639/3316/4313 3671/3366/4360
f 3661/3355/4350 3640/3321/4317 3655/3349/4344
f 3659/3353/4348 3619/3294/4291 3656/3350/4345
f 3671/3367/4361 3658/3368/4362 3672/3369/4363
f 3658/3368/4362 3659/3370/4364 3673/3371/4365
f 3674/3372/4366 3660/3373/4367 3675/3374/4368
f 3663/3375/4369 3661/3376/4370 3676/3377/4371
f 3660/3373/4367 3662/3378/4372 3677/3379/4373
f 3668/3380/4374 3663/3375/4369 3678/3381/4375
f 3662/3378/4372 3679/3382/4376 3680/3383/4377
f 3681/3384/4378 3670/3385/4379 3664/3386/4380
f 3682/3387/4381 3665/3388/4382 3683/3389/4383
f 3664/3386/4380 3666/3390/4384 3684/3391/4385
f 3685/3392/4386 3686/3393/4387 3665/3388/4382
f 3666/3390/4384 3687/3394/4388 3688/3395/4389
f 3667/3396/4390 3686/3393/4387 3685/3392/4386
f 3687/3394/4388 3667/3396/4390 3689/3397/4391
f 3669/3398/4392 3668/3380/4374 3690/3399/4393
f 3683/3389/4383 3669/3398/4392 3691/3400/4394
f 3679/3401/4376 3670/3385/4379 3681/3384/4378
f 3692/3402/4395 3671/3367/4361 3693/3403/4396
f 3676/3377/4371 3661/3376/4370 3692/3402/4395
f 3673/3371/4365 3659/3370/4364 3674/3372/4366
f 3693/3403/4396 3672/3369/4363 3694/3404/4397
f 3672/3369/4363 3673/3371/4365 3695/3405/4398
f 3696/3406/4399 3675/3374/4368 3697/3407/4400
f 3678/3381/4375 3676/3377/4371 3698/3408/4401
f 3697/3407/4400 3675/3374/4368 3677/3379/4373
f 3690/3399/4393 3678/3381/4375 3699/3409/4402
f 3700/3410/4403 3677/3379/4373 3680/3383/4377
f 3701/3411/4404 3681/3384/4378 3702/3412/4405
f 3682/3387/4381 3703/3413/4406 3704/3414/4407
f 3705/3415/4408 3702/3412/4405 3684/3391/4385
f 3685/3392/4386 3682/3387/4381 3706/3416/4409
f 3707/3417/4410 3684/3391/4385 3688/3395/4389
f 3689/3397/4391 3685/3392/4386 3708/3418/4411
f 3709/3419/4412 3688/3395/4389 3689/3397/4391
f 3691/3400/4394 3690/3399/4393 3710/3420/4413
f 3703/3413/4406 3691/3400/4394 3711/3421/4414
f 3712/3422/4415 3680/3423/4377 3681/3384/4378
f 3713/3424/4416 3714/3425/4417 3693/3403/4396
f 3676/3377/4371 3714/3425/4417 3713/3424/4416
f 3695/3405/4398 3673/3371/4365 3696/3406/4399
f 3715/3426/4418 3694/3404/4397 3716/3427/4419
f 3716/3427/4419 3694/3404/4397 3695/3405/4398
f 3717/3428/4420 3718/3429/4421 3697/3407/4400
f 3719/3430/4422 3699/3409/4402 3698/3408/4401
f 3697/3407/4400 3700/3410/4403 3720/3431/4423
f 3721/3432/4424 3710/3420/4413 3699/3409/4402
f 3700/3410/4403 3712/3433/4415 3722/3434/4425
f 3723/3435/4426 3701/3411/4404 3705/3415/4408
f 3724/3436/4427 3706/3416/4409 3704/3414/4407
f 3725/3437/4428 3705/3415/4408 3707/3417/4410
f 3726/3438/4429 3708/3418/4411 3706/3416/4409
f 3707/3417/4410 3709/3419/4412 3727/3439/4430
f 3728/3440/4431 3729/3441/4432 3708/3418/4411
f 3709/3419/4412 3729/3441/4432 3728/3440/4431
f 3730/3442/4433 3711/3421/4414 3710/3420/4413
f 3704/3414/4407 3711/3421/4414 3730/3442/4433
f 3712/3422/4415 3701/3411/4404 3723/3435/4426
f 3713/3424/4416 3715/3426/4418 3731/3443/4434
f 3732/3444/4435 3698/3408/4401 3713/3424/4416
f 3733/3445/4436 3695/3405/4398 3718/3429/4421
f 3731/3443/4434 3716/3427/4419 3734/3446/4437
f 3716/3427/4419 3733/3445/4436 3735/3447/4438
f 3717/3428/4420 3736/3448/4439 3737/3449/4440
f 3738/3450/4441 3719/3430/4422 3732/3444/4435
f 3737/3449/4440 3736/3448/4439 3720/3431/4423
f 3721/3432/4424 3719/3430/4422 3738/3450/4441
f 3739/3451/4442 3720/3431/4423 3722/3434/4425
f 3723/3435/4426 3725/3437/4428 3740/3452/4443
f 3741/3453/4444 3724/3436/4427 3742/3454/4445
f 3740/3452/4443 3725/3437/4428 3743/3455/4446
f 3726/3438/4429 3724/3436/4427 3741/3453/4444
f 3743/3455/4446 3727/3439/4430 3744/3456/4447
f 3728/3440/4431 3726/3438/4429 3745/3457/4448
f 3727/3439/4430 3728/3440/4431 3746/3458/4449
f 3747/3459/4450 3730/3442/4433 3721/3432/4424
f 3742/3454/4445 3730/3442/4433 3747/3459/4450
f 3722/3460/4425 3723/3435/4426 3748/3461/4451
f 3749/3462/4452 3731/3443/4434 3750/3463/4453
f 3751/3464/4454 3732/3444/4435 3749/3462/4452
f 3735/3447/4438 3733/3445/4436 3717/3428/4420
f 3750/3463/4453 3734/3446/4437 3752/3465/4455
f 3734/3446/4437 3735/3447/4438 3753/3466/4456
f 3754/3467/4457 3737/3449/4440 3755/3468/4458
f 3756/3469/4459 3738/3450/4441 3751/3464/4454
f 3755/3468/4458 3737/3449/4440 3739/3451/4442
f 3757/3470/4460 3738/3450/4441 3756/3469/4459
f 3758/3471/4461 3739/3451/4442 3759/3472/4462
f 3760/3473/4463 3748/3461/4451 3740/3452/4443
f 3741/3453/4444 3761/3474/4464 3762/3475/4465
f 3763/3476/4466 3740/3452/4443 3764/3477/4467
f 3745/3457/4448 3741/3453/4444 3765/3478/4468
f 3766/3479/4469 3764/3477/4467 3744/3456/4447
f 3767/3480/4470 3746/3458/4449 3745/3457/4448
f 3744/3456/4447 3746/3458/4449 3767/3480/4470
f 3747/3459/4450 3757/3470/4460 3768/3481/4471
f 3761/3474/4464 3747/3459/4450 3769/3482/4472
f 3759/3483/4462 3748/3461/4451 3760/3473/4463
f 3770/3484/4473 3750/3463/4453 3771/3485/4474
f 3772/3486/4475 3751/3464/4454 3770/3484/4473
f 3735/3447/4438 3754/3467/4457 3773/3487/4476
f 3771/3485/4474 3752/3465/4455 3774/3488/4477
f 3752/3465/4455 3753/3466/4456 3775/3489/4478
f 3776/3490/4479 3773/3487/4476 3755/3468/4458
f 3777/3491/4480 3756/3469/4459 3772/3486/4475
f 3755/3468/4458 3758/3471/4461 3778/3492/4481
f 3768/3481/4471 3756/3469/4459 3777/3491/4480
f 3778/3492/4481 3758/3471/4461 3779/3493/4482
f 3760/3473/4463 3763/3476/4466 3780/3494/4483
f 3781/3495/4484 3765/3478/4468 3762/3475/4465
f 3780/3494/4483 3763/3476/4466 3766/3479/4469
f 3782/3496/4485 3765/3478/4468 3781/3495/4484
f 3766/3479/4469 3783/3497/4486 3784/3498/4487
f 3767/3480/4470 3782/3496/4485 3785/3499/4488
f 3784/3498/4487 3783/3497/4486 3767/3480/4470
f 3769/3482/4472 3768/3481/4471 3786/3500/4489
f 3787/3501/4490 3762/3475/4465 3769/3482/4472
f 3779/3502/4482 3760/3473/4463 3788/3503/4491
f 3789/3504/4492 3771/3485/4474 3790/3505/4493
f 3791/3506/4494 3772/3486/4475 3789/3504/4492
f 3753/3466/4456 3773/3487/4476 3776/3490/4479
f 3785/3499/4488 3781/3495/4484 3792/3507/4495
f 3793/3508/4496 3785/3499/4488 3794/3509/4497
f 3784/3498/4487 3793/3508/4496 3795/3510/4498
f 3796/3511/4499 3784/3498/4487 3797/3512/4500
f 3798/3513/4501 3799/3514/4502 3800/3515/4503
f 3801/3516/4504 3802/3517/4505 3803/3518/4506
f 3803/3518/4506 3802/3517/4505 3804/3519/4507
f 3805/3520/4508 3806/3521/4509 3807/3522/4510
f 3808/3523/4511 3799/3514/4502 3809/3524/4512
f 3809/3524/4512 3799/3514/4502 3798/3513/4501
f 3810/3525/4513 3809/3524/4512 3811/3526/4514
f 3806/3521/4509 3805/3520/4508 3812/3527/4515
f 3794/3528/4516 3792/3529/4517 3808/3523/4511
f 3813/3530/4518 3808/3523/4511 3809/3524/4512
f 3812/3527/4515 3805/3520/4508 3814/3531/4519
f 3813/3530/4518 3810/3525/4513 3812/3527/4515
f 3810/3525/4513 3815/3532/4520 3816/3533/4521
f 3795/3534/4522 3794/3528/4516 3813/3530/4518
f 3817/3535/4523 3818/3536/4524 3819/3537/4525
f 3814/3531/4519 3805/3520/4508 3817/3535/4523
f 3807/3522/4510 3820/3538/4526 3818/3536/4524
f 3797/3539/4527 3795/3534/4522 3814/3531/4519
f 3821/3540/4528 3822/3541/4529 3797/3539/4527
f 3804/3519/4507 3802/3517/4505 3821/3540/4528
f 3819/3537/4525 3818/3536/4524 3804/3519/4507
f 3818/3536/4524 3820/3538/4526 3823/3542/4530
f 3787/3501/4490 3824/3543/4531 3825/3544/4532
f 3824/3543/4531 3786/3500/4489 3826/3545/4533
f 3827/3546/4534 3828/3547/4535 3825/3548/4536
f 3826/3545/4533 3786/3500/4489 3777/3491/4480
f 3827/3546/4534 3826/3549/4537 3829/3550/4538
f 3781/3495/4484 3787/3501/4490 3830/3551/4539
f 3831/3552/4540 3808/3523/4511 3792/3529/4517
f 3825/3548/4536 3828/3547/4535 3832/3553/4541
f 3832/3553/4541 3833/3554/4542 3831/3552/4540
f 3831/3552/4540 3800/3515/4503 3799/3514/4502
f 3833/3554/4542 3834/3555/4543 3800/3515/4503
f 3788/3503/4491 3780/3494/4483 3835/3556/4544
f 3836/3557/4545 3788/3503/4491 3837/3558/4546
f 3838/3559/4547 3837/3560/4548 3839/3561/4549
f 3778/3492/4481 3836/3562/4545 3838/3563/4550
f 3840/3564/4551 3838/3565/4547 3841/3566/4552
f 3780/3494/4483 3796/3511/4499 3822/3567/4553
f 3822/3541/4529 3821/3540/4528 3842/3568/4554
f 3843/3569/4555 3839/3561/4549 3837/3560/4548
f 3842/3568/4554 3844/3570/4556 3843/3569/4555
f 3821/3540/4528 3802/3517/4505 3801/3516/4504
f 3801/3516/4504 3845/3571/4557 3844/3570/4556
f 3846/3572/4558 3847/3573/4559 3790/3505/4493
f 3790/3505/4493 3774/3488/4477 3848/3574/4560
f 3848/3574/4560 3774/3488/4477 3775/3489/4478
f 3849/3575/4561 3775/3489/4478 3776/3490/4479
f 3850/3576/4562 3776/3490/4479 3851/3577/4563
f 3851/3577/4563 3778/3492/4481 3840/3578/4564
f 3852/3579/4565 3840/3564/4551 3853/3580/4566
f 3829/3581/4567 3777/3491/4480 3791/3506/4494
f 3791/3506/4494 3847/3573/4559 3846/3572/4558
f 3854/3582/4568 3855/3583/4569 3829/3550/4538
f 3856/3584/4570 3849/3585/4571 3850/3586/4572
f 3857/3587/4573 3850/3586/4572 3852/3579/4565
f 3858/3588/4574 3852/3579/4565 3859/3589/4575
f 3860/3590/4576 3858/3588/4574 3861/3591/4577
f 3854/3582/4568 3862/3592/4578 3863/3593/4579
f 3864/3594/4580 3863/3593/4579 3865/3595/4581
f 3866/3596/4582 3864/3594/4580 3865/3595/4581
f 3867/3597/4583 3868/3598/4584 3869/3599/4585
f 3870/3600/4586 3871/3601/4587 3872/3602/4588
f 3860/3590/4576 3873/3603/4589 3874/3604/4590
f 3857/3587/4573 3858/3588/4574 3860/3590/4576
f 3857/3587/4573 3875/3605/4591 3876/3606/4592
f 3876/3606/4592 3877/3607/4593 3856/3584/4570
f 3878/3608/4594 3877/3607/4593 3876/3606/4592
f 3875/3605/4591 3874/3604/4590 3879/3609/4595
f 3880/3610/4596 3848/3611/4597 3849/3585/4571
f 3856/3584/4570 3877/3607/4593 3881/3612/4598
f 3881/3612/4598 3882/3613/4599 3880/3610/4596
f 3870/3600/4586 3882/3613/4599 3881/3612/4598
f 3877/3607/4593 3878/3608/4594 3883/3614/4600
f 3884/3615/4601 3885/3616/4602 3848/3611/4597
f 3880/3610/4596 3882/3613/4599 3872/3602/4588
f 3872/3602/4588 3867/3597/4583 3884/3615/4601
f 3872/3602/4588 3871/3601/4587 3868/3598/4584
f 3886/3617/4603 3846/3618/4604 3885/3616/4602
f 3862/3592/4578 3846/3618/4604 3886/3617/4603
f 3884/3615/4601 3867/3597/4583 3887/3619/4605
f 3865/3595/4581 3863/3593/4579 3886/3617/4603
f 3887/3619/4605 3888/3620/4606 3886/3617/4603
f 3887/3619/4605 3869/3599/4585 3866/3596/4582
f 3889/3621/4607 3890/3622/4608 3891/3623/4609
f 3892/3624/4610 3890/3622/4608 3889/3621/4607
f 3889/3621/4607 3891/3623/4609 3893/3625/4611
f 3894/3626/4612 3892/3624/4610 3889/3621/4607
f 3889/3621/4607 3893/3625/4611 3895/3627/4613
f 3896/3628/4614 3894/3626/4612 3889/3621/4607
f 3889/3621/4607 3895/3627/4613 3897/3629/4615
f 3898/3630/4616 3896/3628/4614 3889/3621/4607
f 3889/3621/4607 3897/3629/4615 3899/3631/4617
f 3900/3632/4618 3898/3630/4616 3889/3621/4607
f 3889/3621/4607 3899/3631/4617 3901/3633/4619
f 3902/3634/4620 3900/3632/4618 3889/3621/4607
f 3889/3621/4607 3901/3633/4619 3903/3635/4621
f 3904/3636/4622 3902/3634/4620 3889/3621/4607
f 3889/3621/4607 3903/3635/4621 3905/3637/4623
f 3906/3638/4624 3904/3636/4622 3889/3621/4607
f 3889/3621/4607 3905/3637/4623 3907/3639/4625
f 3907/3639/4625 3906/3638/4624 3889/3621/4607
f 3891/3623/4609 3890/3622/4608 3908/3640/4626
f 3909/3641/4627 3908/3640/4626 3890/3622/4608
f 3893/3625/4611 3891/3623/4609 3910/3642/4628
f 3909/3641/4627 3892/3624/4610 3894/3626/4612
f 3893/3625/4611 3911/3643/4629 3912/3644/4630
f 3913/3645/4631 3914/3646/4632 3894/3626/4612
f 3895/3627/4613 3912/3644/4630 3915/3647/4633
f 3916/3648/4634 3913/3645/4631 3896/3628/4614
f 3897/3629/4615 3915/3647/4633 3917/3649/4635
f 3918/3650/4636 3916/3648/4634 3898/3630/4616
f 3899/3631/4617 3917/3649/4635 3919/3651/4637
f 3920/3652/4638 3918/3650/4636 3900/3632/4618
f 3901/3633/4619 3919/3651/4637 3921/3653/4639
f 3922/3654/4640 3920/3652/4638 3902/3634/4620
f 3903/3635/4621 3921/3653/4639 3923/3655/4641
f 3924/3656/4642 3922/3654/4640 3904/3636/4622
f 3905/3637/4623 3923/3655/4641 3925/3657/4643
f 3924/3656/4642 3906/3638/4624 3907/3639/4625
f 3910/3658/4644 3908/3659/4645 3926/3660/4646
f 3908/3659/4645 3909/3661/4647 3927/3662/4648
f 3911/3663/4649 3910/3658/4644 3928/3664/4650
f 3927/3662/4648 3909/3661/4647 3914/3665/4651
f 3912/3666/4652 3911/3663/4649 3929/3667/4653
f 3914/3665/4651 3913/3668/4654 3930/3669/4655
f 3915/3670/4656 3912/3666/4652 3931/3671/4657
f 3913/3668/4654 3916/3672/4658 3932/3673/4659
f 3917/3674/4660 3915/3670/4656 3933/3675/4661
f 3932/3676/4659 3916/3677/4658 3918/3678/4662
f 3934/3679/4663 3919/3680/4664 3917/3674/4660
f 3918/3678/4662 3920/3681/4665 3935/3682/4666
f 3921/3683/4667 3919/3680/4664 3934/3679/4663
f 3920/3681/4665 3922/3684/4668 3936/3685/4669
f 3937/3686/4670 3923/3687/4671 3921/3683/4667
f 3936/3685/4669 3922/3684/4668 3924/3688/4672
f 3938/3689/4673 3925/3690/4674 3923/3687/4671
f 3939/3691/4675 3924/3688/4672 3925/3690/4674
f 3928/3664/4650 3926/3660/4646 3940/3692/4676
f 3926/3660/4646 3927/3662/4648 3941/3693/4677
f 3929/3667/4653 3928/3664/4650 3942/3694/4678
f 3927/3662/4648 3943/3695/4679 3944/3696/4680
f 3931/3671/4657 3929/3667/4653 3945/3697/4681
f 3943/3695/4679 3930/3669/4655 3946/3698/4682
f 3933/3675/4661 3931/3671/4657 3947/3699/4683
f 3930/3669/4655 3932/3673/4659 3948/3700/4684
f 3949/3701/4685 3933/3675/4661 3950/3702/4686
f 3932/3676/4659 3951/3703/4687 3952/3704/4688
f 3934/3679/4663 3949/3701/4685 3953/3705/4689
f 3951/3703/4687 3935/3682/4666 3954/3706/4690
f 3955/3707/4691 3934/3679/4663 3956/3708/4692
f 3935/3682/4666 3936/3685/4669 3957/3709/4693
f 3937/3686/4670 3955/3707/4691 3958/3710/4694
f 3936/3685/4669 3939/3691/4675 3959/3711/4695
f 3938/3689/4673 3937/3686/4670 3960/3712/4696
f 3939/3691/4675 3938/3689/4673 3961/3713/4697
f 3962/3714/4698 3942/3694/4678 3940/3692/4676
f 3940/3692/4676 3941/3693/4677 3963/3715/4699
f 3945/3697/4681 3942/3694/4678 3962/3714/4698
f 3941/3693/4677 3944/3696/4680 3964/3716/4700
f 3965/3717/4701 3947/3699/4683 3945/3697/4681
f 3944/3696/4680 3946/3698/4682 3966/3718/4702
f 3950/3702/4686 3947/3699/4683 3965/3717/4701
f 3946/3698/4682 3948/3700/4684 3967/3719/4703
f 3953/3705/4689 3950/3702/4686 3968/3720/4704
f 3967/3721/4703 3948/3722/4684 3952/3704/4688
f 3956/3708/4692 3953/3705/4689 3969/3723/4705
f 3952/3704/4688 3954/3706/4690 3970/3724/4706
f 3958/3710/4694 3956/3708/4692 3971/3725/4707
f 3970/3724/4706 3954/3706/4690 3957/3709/4693
f 3960/3712/4696 3958/3710/4694 3972/3726/4708
f 3957/3709/4693 3959/3711/4695 3973/3727/4709
f 3961/3713/4697 3960/3712/4696 3974/3728/4710
f 3959/3711/4695 3961/3713/4697 3975/3729/4711
f 3962/3730/4712 3976/3731/4713 3977/3732/4714
f 3976/3731/4713 3963/3733/4715 3978/3734/4716
f 3979/3735/4717 3962/3730/4712 3980/3736/4718
f 3978/3734/4716 3963/3733/4715 3964/3737/4719
f 3981/3738/4720 3965/3739/4721 3979/3735/4717
f 3964/3737/4719 3966/3740/4722 3982/3741/4723
f 3968/3742/4724 3965/3739/4721 3981/3738/4720
f 3966/3740/4722 3967/3743/4725 3983/3744/4726
f 3969/3745/4727 3968/3742/4724 3984/3746/4728
f 3983/3747/4726 3967/3748/4725 3985/3749/4729
f 3986/3750/4730 3971/3751/4731 3969/3745/4727
f 3985/3749/4729 3970/3752/4732 3987/3753/4733
f 3972/3754/4734 3971/3751/4731 3986/3750/4730
f 3987/3753/4733 3970/3752/4732 3988/3755/4735
f 3989/3756/4736 3974/3757/4737 3972/3754/4734
f 3988/3755/4735 3973/3758/4738 3990/3759/4739
f 3990/3759/4739 3973/3758/4738 3975/3760/4740
f 3975/3760/4740 3974/3757/4737 3989/3756/4736
f 3619/3294/4291 3657/3351/4346 3617/3292/4289
f 3617/3318/4289 3657/3351/4346 3639/3316/4313
f 3640/3321/4317 3642/3326/4322 3632/3319/4315
f 3633/3324/4320 3643/3327/4323 3641/3322/4318
f 3642/3326/4322 3651/3343/4339 3630/3325/4321
f 3631/3328/4324 3653/3358/4341 3643/3327/4323
f 3645/3331/4327 3624/3335/4331 3626/3329/4325
f 3627/3334/4330 3625/3338/4334 3646/3332/4328
f 3648/3336/4332 3620/3339/4335 3624/3335/4331
f 3625/3338/4334 3623/3341/4337 3649/3337/4333
f 3650/3340/4336 3621/3761/4741 3620/3339/4335
f 3623/3341/4337 3621/3761/4741 3650/3340/4336
f 3651/3343/4339 3652/3344/4340 3628/3342/4338
f 3626/3329/4325 3628/3342/4338 3652/3344/4340
f 3629/3347/4342 3654/3348/4343 3653/3345/4341
f 3654/3348/4343 3629/3347/4342 3627/3334/4330
f 3655/3349/4344 3636/3762/4742 3638/3317/4314
f 3634/3320/4316 3636/3762/4742 3655/3349/4344
f 3618/3293/4290 3637/3763/4743 3656/3350/4345
f 3656/3350/4345 3637/3763/4743 3635/3323/4319
f 3658/3352/4347 3671/3366/4360 3639/3316/4313
f 3659/3353/4348 3658/3352/4347 3657/3351/4346
f 3660/3354/4349 3674/3764/4744 3656/3350/4345
f 3661/3355/4350 3663/3357/4352 3642/3326/4322
f 3662/3356/4351 3660/3354/4349 3641/3322/4318
f 3663/3357/4352 3668/3363/4357 3651/3343/4339
f 3653/3358/4341 3679/3765/4745 3662/3356/4351
f 3664/3359/4353 3670/3365/4359 3654/3348/4343
f 3644/3330/4326 3683/3766/4746 3665/3360/4354
f 3666/3361/4355 3664/3359/4353 3647/3333/4329
f 3665/3360/4354 3686/3767/4747 3648/3336/4332
f 3649/3337/4333 3687/3768/4748 3666/3361/4355
f 3648/3336/4332 3686/3767/4747 3667/3362/4356
f 3667/3362/4356 3687/3768/4748 3649/3337/4333
f 3668/3363/4357 3669/3364/4358 3652/3344/4340
f 3669/3364/4358 3683/3766/4746 3644/3330/4326
f 3670/3365/4359 3679/3769/4745 3653/3345/4341
f 3671/3366/4360 3692/3770/4749 3655/3349/4344
f 3655/3349/4344 3692/3770/4749 3661/3355/4350
f 3656/3350/4345 3674/3764/4744 3659/3353/4348
f 3672/3369/4363 3693/3403/4396 3671/3367/4361
f 3673/3371/4365 3672/3369/4363 3658/3368/4362
f 3675/3374/4368 3696/3406/4399 3674/3372/4366
f 3676/3377/4371 3678/3381/4375 3663/3375/4369
f 3677/3379/4373 3675/3374/4368 3660/3373/4367
f 3678/3381/4375 3690/3399/4393 3668/3380/4374
f 3680/3383/4377 3677/3379/4373 3662/3378/4372
f 3664/3386/4380 3702/3412/4405 3681/3384/4378
f 3683/3389/4383 3703/3413/4406 3682/3387/4381
f 3684/3391/4385 3702/3412/4405 3664/3386/4380
f 3665/3388/4382 3682/3387/4381 3685/3392/4386
f 3688/3395/4389 3684/3391/4385 3666/3390/4384
f 3685/3392/4386 3689/3397/4391 3667/3396/4390
f 3689/3397/4391 3688/3395/4389 3687/3394/4388
f 3690/3399/4393 3691/3400/4394 3669/3398/4392
f 3691/3400/4394 3703/3413/4406 3683/3389/4383
f 3681/3384/4378 3680/3423/4377 3679/3401/4376
f 3693/3403/4396 3714/3425/4417 3692/3402/4395
f 3692/3402/4395 3714/3425/4417 3676/3377/4371
f 3674/3372/4366 3696/3406/4399 3673/3371/4365
f 3694/3404/4397 3715/3426/4418 3693/3403/4396
f 3695/3405/4398 3694/3404/4397 3672/3369/4363
f 3697/3407/4400 3718/3429/4421 3696/3406/4399
f 3698/3408/4401 3699/3409/4402 3678/3381/4375
f 3677/3379/4373 3700/3410/4403 3697/3407/4400
f 3699/3409/4402 3710/3420/4413 3690/3399/4393
f 3680/3383/4377 3712/3433/4415 3700/3410/4403
f 3702/3412/4405 3705/3415/4408 3701/3411/4404
f 3704/3414/4407 3706/3416/4409 3682/3387/4381
f 3684/3391/4385 3707/3417/4410 3705/3415/4408
f 3706/3416/4409 3708/3418/4411 3685/3392/4386
f 3688/3395/4389 3709/3419/4412 3707/3417/4410
f 3708/3418/4411 3729/3441/4432 3689/3397/4391
f 3689/3397/4391 3729/3441/4432 3709/3419/4412
f 3710/3420/4413 3711/3421/4414 3691/3400/4394
f 3711/3421/4414 3704/3414/4407 3703/3413/4406
f 3681/3384/4378 3701/3411/4404 3712/3422/4415
f 3693/3403/4396 3715/3426/4418 3713/3424/4416
f 3713/3424/4416 3698/3408/4401 3676/3377/4371
f 3696/3406/4399 3718/3429/4421 3695/3405/4398
f 3716/3427/4419 3731/3443/4434 3715/3426/4418
f 3695/3405/4398 3733/3445/4436 3716/3427/4419
f 3697/3407/4400 3736/3448/4439 3717/3428/4420
f 3698/3408/4401 3732/3444/4435 3719/3430/4422
f 3720/3431/4423 3736/3448/4439 3697/3407/4400
f 3699/3409/4402 3719/3430/4422 3721/3432/4424
f 3722/3434/4425 3720/3431/4423 3700/3410/4403
f 3705/3415/4408 3725/3437/4428 3723/3435/4426
f 3704/3414/4407 3742/3454/4445 3724/3436/4427
f 3707/3417/4410 3743/3455/4446 3725/3437/4428
f 3706/3416/4409 3724/3436/4427 3726/3438/4429
f 3727/3439/4430 3743/3455/4446 3707/3417/4410
f 3708/3418/4411 3726/3438/4429 3728/3440/4431
f 3728/3440/4431 3727/3439/4430 3709/3419/4412
f 3710/3420/4413 3721/3432/4424 3730/3442/4433
f 3730/3442/4433 3742/3454/4445 3704/3414/4407
f 3723/3435/4426 3722/3460/4425 3712/3422/4415
f 3731/3443/4434 3749/3462/4452 3713/3424/4416
f 3713/3424/4416 3749/3462/4452 3732/3444/4435
f 3718/3429/4421 3717/3428/4420 3733/3445/4436
f 3734/3446/4437 3750/3463/4453 3731/3443/4434
f 3735/3447/4438 3734/3446/4437 3716/3427/4419
f 3737/3449/4440 3754/3467/4457 3717/3428/4420
f 3732/3444/4435 3751/3464/4454 3738/3450/4441
f 3720/3431/4423 3739/3451/4442 3737/3449/4440
f 3738/3450/4441 3757/3470/4460 3721/3432/4424
f 3722/3434/4425 3759/3472/4462 3739/3451/4442
f 3740/3452/4443 3748/3461/4451 3723/3435/4426
f 3742/3454/4445 3761/3474/4464 3741/3453/4444
f 3743/3455/4446 3764/3477/4467 3740/3452/4443
f 3741/3453/4444 3745/3457/4448 3726/3438/4429
f 3744/3456/4447 3764/3477/4467 3743/3455/4446
f 3745/3457/4448 3746/3458/4449 3728/3440/4431
f 3746/3458/4449 3744/3456/4447 3727/3439/4430
f 3721/3432/4424 3757/3470/4460 3747/3459/4450
f 3747/3459/4450 3761/3474/4464 3742/3454/4445
f 3748/3461/4451 3759/3483/4462 3722/3460/4425
f 3750/3463/4453 3770/3484/4473 3749/3462/4452
f 3749/3462/4452 3770/3484/4473 3751/3464/4454
f 3717/3428/4420 3754/3467/4457 3735/3447/4438
f 3752/3465/4455 3771/3485/4474 3750/3463/4453
f 3753/3466/4456 3752/3465/4455 3734/3446/4437
f 3755/3468/4458 3773/3487/4476 3754/3467/4457
f 3751/3464/4454 3772/3486/4475 3756/3469/4459
f 3739/3451/4442 3758/3471/4461 3755/3468/4458
f 3756/3469/4459 3768/3481/4471 3757/3470/4460
f 3759/3472/4462 3779/3493/4482 3758/3471/4461
f 3740/3452/4443 3763/3476/4466 3760/3473/4463
f 3762/3475/4465 3765/3478/4468 3741/3453/4444
f 3764/3477/4467 3766/3479/4469 3763/3476/4466
f 3765/3478/4468 3782/3496/4485 3745/3457/4448
f 3744/3456/4447 3783/3497/4486 3766/3479/4469
f 3745/3457/4448 3782/3496/4485 3767/3480/4470
f 3767/3480/4470 3783/3497/4486 3744/3456/4447
f 3768/3481/4471 3769/3482/4472 3747/3459/4450
f 3769/3482/4472 3762/3475/4465 3761/3474/4464
f 3760/3473/4463 3779/3502/4482 3759/3483/4462
f 3771/3485/4474 3789/3504/4492 3770/3484/4473
f 3770/3484/4473 3789/3504/4492 3772/3486/4475
f 3773/3487/4476 3753/3466/4456 3735/3447/4438
f 3774/3488/4477 3790/3505/4493 3771/3485/4474
f 3775/3489/4478 3774/3488/4477 3752/3465/4455
f 3755/3468/4458 3851/3577/4563 3776/3490/4479
f 3772/3486/4475 3791/3506/4494 3777/3491/4480
f 3778/3492/4481 3851/3577/4563 3755/3468/4458
f 3777/3491/4480 3786/3500/4489 3768/3481/4471
f 3779/3493/4482 3836/3562/4545 3778/3492/4481
f 3780/3494/4483 3788/3503/4491 3760/3473/4463
f 3762/3475/4465 3787/3501/4490 3781/3495/4484
f 3766/3479/4469 3796/3511/4499 3780/3494/4483
f 3781/3495/4484 3785/3499/4488 3782/3496/4485
f 3784/3498/4487 3796/3511/4499 3766/3479/4469
f 3785/3499/4488 3793/3508/4496 3767/3480/4470
f 3767/3480/4470 3793/3508/4496 3784/3498/4487
f 3786/3500/4489 3824/3543/4531 3769/3482/4472
f 3769/3482/4472 3824/3543/4531 3787/3501/4490
f 3788/3503/4491 3836/3557/4545 3779/3502/4482
f 3790/3505/4493 3847/3573/4559 3789/3504/4492
f 3789/3504/4492 3847/3573/4559 3791/3506/4494
f 3776/3490/4479 3775/3489/4478 3753/3466/4456
f 3792/3507/4495 3794/3509/4497 3785/3499/4488
f 3794/3509/4497 3795/3510/4498 3793/3508/4496
f 3795/3510/4498 3797/3512/4500 3784/3498/4487
f 3797/3512/4500 3822/3567/4553 3796/3511/4499
f 3800/3515/4503 3834/3555/4543 3798/3513/4501
f 3803/3518/4506 3845/3571/4557 3801/3516/4504
f 3804/3519/4507 3823/3542/4530 3803/3518/4506
f 3807/3522/4510 3817/3535/4523 3805/3520/4508
f 3798/3513/4501 3811/3526/4514 3809/3524/4512
f 3811/3526/4514 3815/3532/4520 3810/3525/4513
f 3812/3527/4515 3816/3533/4521 3806/3521/4509
f 3808/3523/4511 3813/3530/4518 3794/3528/4516
f 3809/3524/4512 3810/3525/4513 3813/3530/4518
f 3814/3531/4519 3813/3530/4518 3812/3527/4515
f 3816/3533/4521 3812/3527/4515 3810/3525/4513
f 3813/3530/4518 3814/3531/4519 3795/3534/4522
f 3819/3537/4525 3814/3531/4519 3817/3535/4523
f 3818/3536/4524 3817/3535/4523 3807/3522/4510
f 3814/3531/4519 3819/3537/4525 3797/3539/4527
f 3797/3539/4527 3819/3537/4525 3821/3540/4528
f 3821/3540/4528 3819/3537/4525 3804/3519/4507
f 3823/3542/4530 3804/3519/4507 3818/3536/4524
f 3825/3544/4532 3830/3551/4539 3787/3501/4490
f 3826/3545/4533 3825/3544/4532 3824/3543/4531
f 3825/3548/4536 3826/3549/4537 3827/3546/4534
f 3777/3491/4480 3829/3581/4567 3826/3545/4533
f 3829/3550/4538 3855/3583/4569 3827/3546/4534
f 3830/3551/4539 3792/3507/4495 3781/3495/4484
f 3792/3529/4517 3830/3771/4750 3831/3552/4540
f 3832/3553/4541 3830/3771/4750 3825/3548/4536
f 3831/3552/4540 3830/3771/4750 3832/3553/4541
f 3799/3514/4502 3808/3523/4511 3831/3552/4540
f 3800/3515/4503 3831/3552/4540 3833/3554/4542
f 3835/3556/4544 3837/3558/4546 3788/3503/4491
f 3837/3558/4546 3838/3772/4550 3836/3557/4545
f 3839/3561/4549 3841/3773/4552 3838/3559/4547
f 3838/3563/4550 3840/3578/4564 3778/3492/4481
f 3841/3566/4552 3853/3580/4566 3840/3564/4551
f 3822/3567/4553 3835/3556/4544 3780/3494/4483
f 3842/3568/4554 3835/3774/4751 3822/3541/4529
f 3837/3560/4548 3835/3774/4751 3843/3569/4555
f 3843/3569/4555 3835/3774/4751 3842/3568/4554
f 3801/3516/4504 3842/3568/4554 3821/3540/4528
f 3844/3570/4556 3842/3568/4554 3801/3516/4504
f 3790/3505/4493 3885/3775/4752 3846/3572/4558
f 3848/3574/4560 3885/3775/4752 3790/3505/4493
f 3775/3489/4478 3849/3575/4561 3848/3574/4560
f 3776/3490/4479 3850/3576/4562 3849/3575/4561
f 3851/3577/4563 3852/3776/4753 3850/3576/4562
f 3840/3578/4564 3852/3776/4753 3851/3577/4563
f 3853/3580/4566 3859/3589/4575 3852/3579/4565
f 3791/3506/4494 3862/3777/4754 3829/3581/4567
f 3846/3572/4558 3862/3777/4754 3791/3506/4494
f 3829/3550/4538 3862/3592/4578 3854/3582/4568
f 3850/3586/4572 3857/3587/4573 3856/3584/4570
f 3852/3579/4565 3858/3588/4574 3857/3587/4573
f 3859/3589/4575 3861/3591/4577 3858/3588/4574
f 3861/3591/4577 3873/3603/4589 3860/3590/4576
f 3863/3593/4579 3864/3594/4580 3854/3582/4568
f 3865/3595/4581 3888/3620/4606 3866/3596/4582
f 3869/3599/4585 3887/3619/4605 3867/3597/4583
f 3872/3602/4588 3882/3613/4599 3870/3600/4586
f 3874/3604/4590 3875/3605/4591 3860/3590/4576
f 3860/3590/4576 3875/3605/4591 3857/3587/4573
f 3876/3606/4592 3856/3584/4570 3857/3587/4573
f 3876/3606/4592 3879/3609/4595 3878/3608/4594
f 3879/3609/4595 3876/3606/4592 3875/3605/4591
f 3849/3585/4571 3856/3584/4570 3880/3610/4596
f 3881/3612/4598 3880/3610/4596 3856/3584/4570
f 3881/3612/4598 3883/3614/4600 3870/3600/4586
f 3883/3614/4600 3881/3612/4598 3877/3607/4593
f 3848/3611/4597 3880/3610/4596 3884/3615/4601
f 3872/3602/4588 3884/3615/4601 3880/3610/4596
f 3868/3598/4584 3867/3597/4583 3872/3602/4588
f 3885/3616/4602 3884/3615/4601 3886/3617/4603
f 3886/3617/4603 3863/3593/4579 3862/3592/4578
f 3887/3619/4605 3886/3617/4603 3884/3615/4601
f 3886/3617/4603 3888/3620/4606 3865/3595/4581
f 3866/3596/4582 3888/3620/4606 3887/3619/4605
f 3908/3640/4626 3910/3642/4628 3891/3623/4609
f 3890/3622/4608 3892/3624/4610 3909/3641/4627
f 3910/3642/4628 3911/3643/4629 3893/3625/4611
f 3894/3626/4612 3914/3646/4632 3909/3641/4627
f 3912/3644/4630 3895/3627/4613 3893/3625/4611
f 3894/3626/4612 3896/3628/4614 3913/3645/4631
f 3915/3647/4633 3897/3629/4615 3895/3627/4613
f 3896/3628/4614 3898/3630/4616 3916/3648/4634
f 3917/3649/4635 3899/3631/4617 3897/3629/4615
f 3898/3630/4616 3900/3632/4618 3918/3650/4636
f 3919/3651/4637 3901/3633/4619 3899/3631/4617
f 3900/3632/4618 3902/3634/4620 3920/3652/4638
f 3921/3653/4639 3903/3635/4621 3901/3633/4619
f 3902/3634/4620 3904/3636/4622 3922/3654/4640
f 3923/3655/4641 3905/3637/4623 3903/3635/4621
f 3904/3636/4622 3906/3638/4624 3924/3656/4642
f 3925/3657/4643 3907/3639/4625 3905/3637/4623
f 3907/3639/4625 3925/3657/4643 3924/3656/4642
f 3926/3660/4646 3928/3664/4650 3910/3658/4644
f 3927/3662/4648 3926/3660/4646 3908/3659/4645
f 3928/3664/4650 3929/3667/4653 3911/3663/4649
f 3914/3665/4651 3943/3695/4679 3927/3662/4648
f 3929/3667/4653 3931/3671/4657 3912/3666/4652
f 3930/3669/4655 3943/3695/4679 3914/3665/4651
f 3931/3671/4657 3933/3675/4661 3915/3670/4656
f 3932/3673/4659 3930/3669/4655 3913/3668/4654
f 3933/3675/4661 3949/3701/4685 3917/3674/4660
f 3918/3678/4662 3951/3703/4687 3932/3676/4659
f 3917/3674/4660 3949/3701/4685 3934/3679/4663
f 3935/3682/4666 3951/3703/4687 3918/3678/4662
f 3934/3679/4663 3955/3707/4691 3921/3683/4667
f 3936/3685/4669 3935/3682/4666 3920/3681/4665
f 3921/3683/4667 3955/3707/4691 3937/3686/4670
f 3924/3688/4672 3939/3691/4675 3936/3685/4669
f 3923/3687/4671 3937/3686/4670 3938/3689/4673
f 3925/3690/4674 3938/3689/4673 3939/3691/4675
f 3940/3692/4676 3942/3694/4678 3928/3664/4650
f 3941/3693/4677 3940/3692/4676 3926/3660/4646
f 3942/3694/4678 3945/3697/4681 3929/3667/4653
f 3944/3696/4680 3941/3693/4677 3927/3662/4648
f 3945/3697/4681 3947/3699/4683 3931/3671/4657
f 3946/3698/4682 3944/3696/4680 3943/3695/4679
f 3947/3699/4683 3950/3702/4686 3933/3675/4661
f 3948/3700/4684 3946/3698/4682 3930/3669/4655
f 3950/3702/4686 3953/3705/4689 3949/3701/4685
f 3952/3704/4688 3948/3722/4684 3932/3676/4659
f 3953/3705/4689 3956/3708/4692 3934/3679/4663
f 3954/3706/4690 3952/3704/4688 3951/3703/4687
f 3956/3708/4692 3958/3710/4694 3955/3707/4691
f 3957/3709/4693 3954/3706/4690 3935/3682/4666
f 3958/3710/4694 3960/3712/4696 3937/3686/4670
f 3959/3711/4695 3957/3709/4693 3936/3685/4669
f 3960/3712/4696 3961/3713/4697 3938/3689/4673
f 3961/3713/4697 3959/3711/4695 3939/3691/4675
f 3940/3692/4676 3976/3778/4755 3962/3714/4698
f 3963/3715/4699 3976/3778/4755 3940/3692/4676
f 3962/3714/4698 3979/3779/4756 3945/3697/4681
f 3964/3716/4700 3963/3715/4699 3941/3693/4677
f 3945/3697/4681 3979/3779/4756 3965/3717/4701
f 3966/3718/4702 3964/3716/4700 3944/3696/4680
f 3965/3717/4701 3968/3720/4704 3950/3702/4686
f 3967/3719/4703 3966/3718/4702 3946/3698/4682
f 3968/3720/4704 3969/3723/4705 3953/3705/4689
f 3952/3704/4688 3985/3780/4757 3967/3721/4703
f 3969/3723/4705 3971/3725/4707 3956/3708/4692
f 3970/3724/4706 3985/3780/4757 3952/3704/4688
f 3971/3725/4707 3972/3726/4708 3958/3710/4694
f 3957/3709/4693 3988/3781/4758 3970/3724/4706
f 3972/3726/4708 3974/3728/4710 3960/3712/4696
f 3973/3727/4709 3988/3781/4758 3957/3709/4693
f 3974/3728/4710 3975/3729/4711 3961/3713/4697
f 3975/3729/4711 3973/3727/4709 3959/3711/4695
f 3977/3732/4714 3980/3736/4718 3962/3730/4712
f 3978/3734/4716 3977/3732/4714 3976/3731/4713
f 3980/3736/4718 3991/3782/4759 3979/3735/4717
f 3964/3737/4719 3992/3783/4760 3978/3734/4716
f 3979/3735/4717 3991/3782/4759 3981/3738/4720
f 3982/3741/4723 3992/3783/4760 3964/3737/4719
f 3981/3738/4720 3984/3746/4728 3968/3742/4724
f 3983/3744/4726 3982/3741/4723 3966/3740/4722
f 3984/3746/4728 3993/3784/4761 3969/3745/4727
f 3985/3749/4729 3994/3785/4762 3983/3747/4726
f 3969/3745/4727 3993/3784/4761 3986/3750/4730
f 3987/3753/4733 3994/3785/4762 3985/3749/4729
f 3986/3750/4730 3995/3786/4763 3972/3754/4734
f 3988/3755/4735 3996/3787/4764 3987/3753/4733
f 3972/3754/4734 3995/3786/4763 3989/3756/4736
f 3990/3759/4739 3996/3787/4764 3988/3755/4735
f 3975/3760/4740 3997/3788/4765 3990/3759/4739
f 3989/3756/4736 3997/3788/4765 3975/3760/4740
f 3998/3789/4766 3999/3790/4767 4000/3791/4768
f 4001/3792/4769 4002/3793/4770 4003/3794/4771
f 4004/3795/4772 4000/3791/4768 4005/3796/4773
f 4006/3797/4774 4001/3792/4769 4007/3798/4775
f 4008/3799/4776 4009/3800/4777 4010/3801/4778
f 4011/3802/4779 4012/3803/4780 4013/3804/4781
f 4005/3796/4773 4014/3805/4782 4015/3806/4783
f 4016/3807/4784 4017/3808/4785 4006/3797/4774
f 4018/3809/4786 4019/3810/4787 4020/3811/4788
f 4021/3812/4789 4022/3813/4790 4023/3814/4791
f 4010/3801/4778 4020/3811/4788 4024/3815/4792
f 4025/3816/4793 4026/3817/4794 4023/3814/4791
f 4027/3818/4795 4024/3815/4792 4028/3819/4796
f 4029/3820/4797 4025/3816/4793 4030/3821/4798
f 4031/3822/4799 4028/3819/4796 4032/3823/4800
f 4033/3824/4801 4029/3820/4797 4034/3825/4802
f 4013/3804/4781 4032/3823/4800 4035/3826/4803
f 4036/3827/4804 4033/3824/4801 4037/3828/4805
f 4038/3829/4806 4035/3826/4803 4039/3830/4807
f 4040/3831/4808 4036/3827/4804 4041/3832/4809
f 4042/3833/4810 4043/3834/4811 4044/3835/4812
f 4035/3826/4803 4045/3836/4813 4046/3837/4814
f 4047/3838/4815 4048/3839/4816 4036/3827/4804
f 4045/3836/4813 4035/3826/4803 4032/3823/4800
f 4033/3824/4801 4036/3827/4804 4048/3839/4816
f 4049/3840/4817 4032/3823/4800 4028/3819/4796
f 4029/3820/4797 4033/3824/4801 4050/3841/4818
f 4051/3842/4819 4028/3819/4796 4024/3815/4792
f 4025/3816/4793 4029/3820/4797 4052/3843/4820
f 4053/3844/4821 4024/3815/4792 4020/3811/4788
f 4026/3817/4794 4025/3816/4793 4054/3845/4822
f 4020/3811/4788 4019/3810/4787 4055/3846/4823
f 4056/3847/4824 4021/3812/4789 4026/3817/4794
f 4004/3795/4772 4057/3848/4825 4058/3849/4826
f 4058/3849/4826 4057/3848/4825 4015/3806/4783
f 4019/3810/4787 4018/3809/4786 4059/3850/4827
f 4060/3851/4828 4055/3846/4823 4019/3810/4787
f 4061/3852/4829 4007/3798/4775 4062/3853/4830
f 4016/3807/4784 4061/3852/4829 4063/3854/4831
f 4022/3813/4790 4021/3812/4789 4063/3854/4831
f 4021/3812/4789 4056/3847/4824 4064/3855/4832
f 4042/3833/4810 4040/3831/4808 4065/3856/4833
f 4066/3857/4834 4047/3838/4815 4040/3831/4808
f 4067/3858/4835 4066/3857/4834 4042/3833/4810
f 4067/3858/4835 4042/3833/4810 4068/3859/1915
f 4069/3860/4836 4039/3830/4807 4070/3861/4837
f 4039/3830/4807 4046/3837/4814 4071/3862/4838
f 4044/3835/4812 4072/3863/4839 4070/3861/4837
f 4073/3864/4840 4074/3865/4841 4068/3859/1915
f 4070/3861/4837 4071/3862/4838 4073/3864/4840
f 4075/3866/4842 4076/3867/4843 4077/3868/4844
f 4078/3869/4845 4079/3870/4846 4080/3871/4847
f 4080/3871/4847 4079/3870/4846 4081/3872/4848
f 4082/3873/4849 4080/3871/4847 4083/3874/4850
f 4075/3866/4842 4080/3871/4847 4082/3873/4849
f 4083/3874/4850 4081/3872/4848 4084/3875/4851
f 4071/3862/4838 4046/3837/4814 4085/3876/4852
f 4086/3877/4853 4055/3846/4823 4060/3851/4828
f 4071/3862/4838 4087/3878/4854 4088/3879/4855
f 4082/3873/4849 4074/3865/4841 4073/3864/4840
f 4076/3867/4843 4075/3866/4842 4082/3873/4849
f 4089/3880/4856 4049/3840/4817 4051/3842/4819
f 4090/3881/4857 4091/3882/4858 4051/3842/4819
f 4092/3883/4859 4090/3881/4857 4053/3844/4821
f 4093/3884/4860 4055/3846/4823 4086/3877/4853
f 4094/3885/4861 4045/3836/4813 4049/3840/4817
f 4085/3876/4852 4046/3837/4814 4045/3836/4813
f 4094/3885/4861 4089/3880/4856 4095/3886/4862
f 4089/3880/4856 4091/3882/4858 4095/3886/4862
f 4067/3858/4835 4074/3865/4841 4082/3873/4849
f 4082/3873/4849 4083/3874/4850 4096/3887/4863
f 4097/3888/4864 4047/3838/4815 4066/3857/4834
f 4066/3857/4834 4067/3858/4835 4098/3889/4865
f 4064/3855/4832 4056/3847/4824 4099/3890/4866
f 4100/3891/4867 4054/3845/4822 4052/3843/4820
f 4052/3843/4820 4050/3841/4818 4101/3892/4868
f 4050/3841/4818 4048/3839/4816 4102/3893/4869
f 4048/3839/4816 4047/3838/4815 4097/3888/4864
f 4103/3894/4870 4104/3895/4871 4101/3892/4868
f 4054/3845/4822 4100/3891/4867 4105/3896/4872
f 4099/3890/4866 4056/3847/4824 4106/3897/4873
f 4102/3893/4869 4097/3888/4864 4107/3898/4874
f 4108/3899/4875 4022/3813/4790 4062/3853/4830
f 4007/3798/4775 4003/3794/4771 4109/3900/4876
f 4059/3850/4827 4018/3809/4786 4110/3901/4877
f 4111/3902/4878 3998/3789/4766 4004/3795/4772
f 4030/3821/4798 4112/3903/4879 4113/3904/4880
f 4034/3825/4802 4113/3904/4880 4114/3905/4881
f 4115/3906/4882 4065/3856/4833 4041/3832/4809
f 4037/3828/4805 4114/3905/4881 4116/3907/4883
f 4113/3908/4884 4112/3909/4885 4117/3910/4886
f 4112/3903/4879 4030/3821/4798 4023/3814/4791
f 4022/3813/4790 4108/3899/4875 4117/3911/4887
f 4118/3912/4888 4008/3799/4776 4027/3818/4795
f 4012/3803/4780 4118/3912/4888 4031/3822/4799
f 4009/3800/4777 4110/3901/4877 4018/3809/4786
f 4012/3913/4889 4011/3914/4890 4119/3915/4891
f 4119/3916/4892 4011/3802/4779 4038/3829/4806
f 4009/3917/4893 4008/3918/4894 4118/3919/4895
f 4120/3920/4896 3999/3921/4897 3998/3922/4898
f 3998/3922/4898 4111/3923/4899 4121/3924/4900
f 4111/3923/4899 4110/3925/4901 4009/3917/4893
f 4121/3924/4900 4118/3919/4895 4012/3913/4889
f 4109/3926/4902 4003/3927/4903 4122/3928/4904
f 4117/3910/4886 4108/3929/4905 4109/3926/4902
f 4114/3930/4906 4113/3908/4884 4123/3931/4907
f 4116/3932/4908 4114/3930/4906 4123/3931/4907
f 4065/3856/4833 4115/3906/4882 4124/3933/4909
f 4003/3927/4903 4002/3934/4910 4125/3935/4911
f 4126/3936/4912 4127/3937/4913 4128/3938/4914
f 4129/3939/4915 4127/3937/4913 4130/3940/4916
f 4128/3938/4914 4127/3937/4913 4129/3939/4915
f 4127/3937/4913 4126/3936/4912 4131/3941/4917
f 4044/3835/4812 4129/3942/4918 4132/3943/4919
f 4129/3939/4915 4130/3940/4916 4133/3944/4920
f 4132/3943/4919 4119/3916/4892 4069/3860/4836
f 4121/3924/4900 4119/3915/4891 4132/3945/4921
f 4133/3944/4920 4134/3946/4922 4121/3924/4900
f 4135/3947/4923 4120/3920/4896 4134/3946/4922
f 4133/3944/4920 4130/3940/4916 4131/3941/4917
f 4129/3942/4918 4044/3835/4812 4043/3834/4811
f 4136/3948/4924 4128/3938/4914 4129/3939/4915
f 4124/3949/4925 4115/3950/4926 4116/3932/4908
f 4124/3949/4925 4123/3931/4907 4122/3928/4904
f 4124/3949/4925 4122/3928/4904 4136/3948/4924
f 4136/3948/4924 4122/3928/4904 4125/3935/4911
f 4137/3951/4927 4128/3938/4914 4136/3948/4924
f 4137/3951/4927 4138/3952/4928 4139/3953/4929
f 4137/3951/4927 4140/3954/4930 4141/3955/4931
f 4131/3941/4917 4126/3936/4912 4141/3955/4931
f 4142/3956/4932 4135/3947/4923 4131/3941/4917
f 4143/3957/4933 4120/3920/4896 4135/3947/4923
f 4144/3958/4934 3999/3921/4897 4120/3920/4896
f 4138/3952/4928 4125/3935/4911 4145/3959/4935
f 4145/3959/4935 4125/3935/4911 4002/3934/4910
f 4146/3960/4936 4076/3867/4843 4088/3879/4855
f 4015/3806/4783 4014/3805/4782 4147/3961/4937
f 4148/3962/4938 4060/3851/4828 4015/3806/4783
f 4146/3960/4936 4149/3963/4939 4077/3868/4844
f 4087/3878/4854 4085/3876/4852 4094/3885/4861
f 4088/3879/4855 4087/3878/4854 4095/3886/4862
f 4092/3883/4859 4086/3877/4853 4148/3962/4938
f 4148/3962/4938 4150/3964/4940 4151/3965/4941
f 4151/3965/4941 4146/3960/4936 4095/3886/4862
f 4095/3886/4862 4091/3882/4858 4090/3881/4857
f 4095/3886/4862 4090/3881/4857 4092/3883/4859
f 4150/3964/4940 4147/3961/4937 4152/3966/4942
f 4151/3965/4941 4152/3966/4942 4149/3963/4939
f 4098/3889/4865 4096/3887/4863 4153/3967/4943
f 4154/3968/4944 4017/3808/4785 4016/3807/4784
f 4016/3807/4784 4064/3855/4832 4155/3969/4945
f 4084/3875/4851 4156/3970/4946 4153/3967/4943
f 4103/3894/4870 4107/3898/4874 4098/3889/4865
f 4103/3894/4870 4153/3967/4943 4157/3971/4947
f 4155/3969/4945 4099/3890/4866 4105/3896/4872
f 4158/3972/4948 4155/3969/4945 4103/3894/4870
f 4105/3896/4872 4100/3891/4867 4104/3895/4871
f 4103/3894/4870 4101/3892/4868 4102/3893/4869
f 4159/3973/4949 4154/3968/4944 4158/3972/4948
f 4156/3970/4946 4159/3973/4949 4157/3971/4947
f 4160/3974/4950 4005/3796/4773 4000/3791/4768
f 4161/3975/4951 4000/3791/4768 3999/3790/4767
f 4001/3792/4769 4006/3797/4774 4162/3976/4952
f 4002/3793/4770 4001/3792/4769 4163/3977/4953
f 4162/3976/4952 4006/3797/4774 4017/3808/4785
f 4014/3805/4782 4005/3796/4773 4160/3974/4950
f 4017/3808/4785 4154/3968/4944 4164/3978/4954
f 4147/3961/4937 4014/3805/4782 4165/3979/4955
f 4166/3980/4956 4164/3978/4954 4154/3968/4944
f 4147/3961/4937 4167/3981/4957 4168/3982/4958
f 4164/3983/4959 4166/3984/4960 4169/3985/4961
f 4170/3986/4962 4168/3987/4963 4167/3988/4964
f 4159/3973/4949 4156/3970/4946 4171/3989/4965
f 4172/3990/4966 4149/3963/4939 4152/3966/4942
f 4166/3984/4960 4171/3991/4967 4173/3992/4968
f 4174/3993/4969 4172/3994/4970 4168/3987/4963
f 4156/3970/4946 4084/3875/4851 4175/3995/4971
f 4176/3996/4972 4077/3868/4844 4149/3963/4939
f 4171/3991/4967 4175/3997/4973 4177/3998/4974
f 4176/3999/4975 4172/3994/4970 4174/3993/4969
f 4084/3875/4851 4081/3872/4848 4178/4000/4976
f 4179/4001/4977 4078/3869/4845 4077/3868/4844
f 4177/3998/4974 4175/3997/4973 4178/4002/4978
f 4179/4003/4979 4176/3999/4975 4180/4004/4980
f 4181/4005/4981 4079/3870/4846 4078/3869/4845
f 4081/3872/4848 4079/3870/4846 4181/4005/4981
f 4182/4006/4982 4181/4007/4983 4179/4003/4979
f 4178/4002/4978 4181/4007/4983 4182/4006/4982
f 4183/4008/4984 4162/4009/4985 4184/4010/4986
f 4184/4010/4986 4164/3983/4959 4185/4011/4987
f 4165/4012/4988 4160/4013/4989 4186/4014/4990
f 4187/4015/4991 4167/3988/4964 4165/4012/4988
f 4188/4016/4992 4189/4017/4993 4186/4014/4990
f 4183/4008/4984 4190/4018/4994 4191/4019/4995
f 4188/4016/4992 4192/4020/4996 4193/4021/4997
f 4193/4021/4997 4194/4022/4998 4195/4023/4999
f 4196/4024/5000 4197/4025/5001 4191/4019/4995
f 4198/4026/5002 4199/4027/5003 4196/4024/5000
f 4200/4028/5004 4201/4029/5005 4191/4019/4995
f 4188/4016/4992 4202/4030/5006 4203/4031/5007
f 4200/4028/5004 4190/4018/4994 4185/4011/4987
f 4189/4017/4993 4203/4031/5007 4204/4032/5008
f 4205/4033/5009 4206/4034/5010 4185/4011/4987
f 4187/4015/4991 4204/4032/5008 4207/4035/5011
f 4205/4033/5009 4169/3985/4961 4173/3992/4968
f 4170/3986/4962 4207/4035/5011 4208/4036/5012
f 4209/4037/5013 4173/3992/4968 4177/3998/4974
f 4174/3993/4969 4208/4036/5012 4210/4038/5014
f 4180/4004/4980 4210/4038/5014 4211/4039/5015
f 4212/4040/5016 4177/3998/4974 4213/4041/5017
f 4213/4041/5017 4182/4006/4982 4214/4042/5018
f 4182/4006/4982 4215/4043/5019 4211/4039/5015
f 4211/4039/5015 4216/4044/5020 4217/4045/5021
f 4218/4046/5022 4219/4047/5023 4214/4042/5018
f 4218/4046/5022 4217/4045/5021 4220/4048/5024
f 4220/4048/5024 4217/4045/5021 4216/4044/5020
f 4221/4049/5025 4205/4033/5009 4209/4037/5013
f 4208/4036/5012 4207/4035/5011 4222/4050/5026
f 4206/4034/5010 4205/4033/5009 4221/4049/5025
f 4222/4050/5026 4207/4035/5011 4204/4032/5008
f 4223/4051/5027 4200/4028/5004 4206/4034/5010
f 4204/4032/5008 4203/4031/5007 4224/4052/5028
f 4225/4053/5029 4201/4029/5005 4200/4028/5004
f 4203/4031/5007 4202/4030/5006 4226/4054/5030
f 4221/4049/5025 4227/4055/5031 4228/4056/5032
f 4229/4057/5033 4230/4058/5034 4222/4050/5026
f 4221/4049/5025 4231/4059/5035 4232/4060/5036
f 4233/4061/5037 4223/4051/5027 4234/4062/5038
f 4235/4063/5039 4236/4064/5040 4222/4050/5026
f 4237/4065/5041 4224/4052/5028 4238/4066/5042
f 4227/4055/5031 4209/4037/5013 4212/4040/5016
f 4239/4067/5043 4228/4056/5032 4227/4055/5031
f 4240/4068/5044 4212/4040/5016 4219/4047/5023
f 4240/4068/5044 4218/4046/5022 4241/4069/5045
f 4210/4038/5014 4208/4036/5012 4230/4058/5034
f 4230/4058/5034 4229/4057/5033 4242/4070/5046
f 4211/4039/5015 4210/4038/5014 4243/4071/5047
f 4244/4072/5048 4216/4044/5020 4243/4071/5047
f 4245/4073/5049 4246/4074/5050 4232/4060/5036
f 4235/4063/5039 4247/4075/5051 4248/4076/5052
f 4249/4077/5053 4245/4073/5049 4231/4059/5035
f 4236/4064/5040 4248/4076/5052 4250/4078/5054
f 4251/4079/5055 4252/4080/5056 4245/4073/5049
f 4248/4076/5052 4253/4081/5057 4254/4082/5058
f 4249/4077/5053 4228/4056/5032 4239/4067/5043
f 4242/4070/5046 4229/4057/5033 4250/4078/5054
f 4255/4083/5059 4251/4079/5055 4249/4077/5053
f 4250/4078/5054 4254/4082/5058 4256/4084/5060
f 4257/4085/5061 4239/4067/5043 4241/4069/5045
f 4244/4072/5048 4242/4070/5046 4258/4086/5062
f 4255/4083/5059 4257/4085/5061 4259/4087/5063
f 4260/4088/5064 4258/4086/5062 4256/4084/5060
f 4220/4048/5024 4244/4072/5048 4260/4088/5064
f 4241/4069/5045 4220/4048/5024 4261/4089/5065
f 4262/4090/5066 4259/4087/5063 4261/4089/5065
f 4261/4089/5065 4260/4088/5064 4263/4091/5067
f 4233/4061/5037 4232/4060/5036 4246/4074/5050
f 4247/4075/5051 4235/4063/5039 4238/4066/5042
f 4264/4092/5068 4246/4074/5050 4265/4093/5069
f 4246/4074/5050 4245/4073/5049 4252/4080/5056
f 4266/4094/5070 4247/4075/5051 4267/4095/5071
f 4253/4081/5057 4248/4076/5052 4247/4075/5051
f 4194/4022/4998 4268/4096/5072 4269/4097/5073
f 4202/4030/5006 4188/4016/4992 4195/4023/4999
f 4270/4098/5074 4199/4027/5003 4198/4026/5002
f 4198/4026/5002 4191/4019/4995 4201/4029/5005
f 4233/4061/5037 4264/4092/5068 4271/4099/5075
f 4223/4051/5027 4233/4061/5037 4272/4100/5076
f 4273/4101/5077 4267/4095/5071 4238/4066/5042
f 4274/4102/5078 4238/4066/5042 4224/4052/5028
f 4201/4029/5005 4225/4053/5029 4275/4103/5079
f 4226/4054/5030 4202/4030/5006 4269/4097/5073
f 4276/4104/5080 4268/4105/5081 4194/4106/5082
f 4199/4107/5083 4270/4108/5084 4277/4109/5085
f 4278/4110/5086 4279/4111/5087 4280/4112/5088
f 4281/4113/5089 4276/4104/5080 4282/4114/5090
f 4280/4112/5088 4279/4111/5087 4281/4113/5089
f 4283/4115/5091 4277/4109/5085 4278/4110/5086
f 4282/4114/5090 4194/4106/5082 4193/4116/5092
f 4284/4117/5093 4282/4114/5090 4285/4118/5094
f 4199/4107/5083 4283/4115/5091 4286/4119/5095
f 4286/4119/5095 4283/4115/5091 4287/4120/5096
f 4280/4112/5088 4284/4117/5093 4288/4121/5097
f 4289/4122/5098 4287/4120/5096 4280/4112/5088
f 4269/4097/5073 4268/4096/5072 4290/4123/5099
f 4274/4102/5078 4226/4054/5030 4291/4124/5100
f 4292/4125/5101 4277/4109/5085 4270/4108/5084
f 4275/4103/5079 4225/4053/5029 4272/4100/5076
f 4268/4105/5081 4276/4104/5080 4290/4126/5102
f 4290/4126/5102 4276/4104/5080 4281/4113/5089
f 4293/4127/5103 4294/4128/5104 4291/4124/5100
f 4279/4111/5087 4295/4129/5105 4293/4130/5106
f 4278/4110/5086 4277/4109/5085 4292/4125/5101
f 4292/4131/5107 4270/4098/5074 4296/4132/5108
f 4275/4103/5079 4297/4133/5109 4298/4134/5110
f 4298/4135/5111 4295/4129/5105 4279/4111/5087
f 4299/4136/5112 4300/4137/5113 4301/4138/5114
f 4142/4139/5115 4301/4138/5114 4302/4140/5116
f 4303/4141/5117 4139/4142/5118 4145/4143/5119
f 4144/4144/5120 4143/4145/5121 4302/4140/5116
f 4304/4146/5122 4305/4147/5123 4145/4143/5119
f 4186/4014/4990 4160/4013/4989 4161/4148/5124
f 4161/4148/5124 4144/4144/5120 4306/4149/5125
f 4163/4150/5126 4162/4009/4985 4183/4008/4984
f 4304/4146/5122 4307/4151/5127 4163/4150/5126
f 4192/4020/4996 4186/4014/4990 4308/4152/5128
f 4183/4008/4984 4197/4025/5001 4309/4153/5129
f 4141/4154/5130 4310/4155/5131 4300/4137/5113
f 4139/4142/5118 4303/4141/5117 4311/4156/5132
f 4141/4154/5130 4140/4157/5133 4311/4156/5132
f 4310/4155/5131 4312/4158/5134 4313/4159/5135
f 4314/4160/5136 4312/4158/5134 4310/4155/5131
f 4301/4138/5114 4300/4137/5113 4313/4159/5135
f 4314/4160/5136 4311/4156/5132 4303/4141/5117
f 4302/4140/5116 4301/4138/5114 4315/4161/5137
f 4316/4162/5138 4303/4141/5117 4305/4147/5123
f 4302/4140/5116 4317/4163/5139 4318/4164/5140
f 4319/4165/5141 4305/4147/5123 4304/4146/5122
f 4320/4166/5142 4317/4167/5143 4315/4168/5144
f 4316/4169/5145 4319/4170/5146 4321/4171/5147
f 4315/4168/5144 4313/4172/5148 4322/4173/5149
f 4323/4174/5150 4314/4175/5151 4316/4169/5145
f 4322/4173/5149 4313/4172/5148 4312/4176/5152
f 4312/4176/5152 4314/4175/5151 4323/4174/5150
f 4318/4177/5153 4317/4167/5143 4320/4166/5142
f 4321/4171/5147 4319/4170/5146 4324/4178/5154
f 4325/4179/5155 4322/4173/5149 4326/4180/5156
f 4326/4180/5156 4323/4174/5150 4327/4181/5157
f 4328/4182/5158 4329/4183/5159 4330/4184/5160
f 4331/4185/5161 4329/4183/5159 4328/4182/5158
f 4332/4186/5162 4333/4187/5163 4322/4173/5149
f 4323/4174/5150 4334/4188/5164 4335/4189/5165
f 4325/4190/5166 4330/4184/5160 4336/4191/5167
f 4337/4192/5168 4331/4185/5161 4327/4193/5169
f 4320/4166/5142 4333/4187/5163 4332/4186/5162
f 4335/4189/5165 4334/4188/5164 4321/4171/5147
f 4338/4194/5170 4332/4195/5171 4336/4191/5167
f 4337/4192/5168 4335/4196/5172 4339/4197/5173
f 4340/4198/5174 4320/4166/5142 4338/4199/5175
f 4339/4200/5176 4321/4171/5147 4341/4201/5177
f 4342/4202/5178 4338/4194/5170 4343/4203/5179
f 4344/4204/5180 4339/4197/5173 4345/4205/5181
f 4340/4198/5174 4342/4206/5182 4346/4207/5183
f 4345/4208/5184 4341/4201/5177 4347/4209/5185
f 4348/4210/5186 4349/4211/5187 4350/4212/5188
f 4350/4212/5188 4351/4213/5189 4352/4214/5190
f 4353/4215/5191 4354/4216/5192 4345/4205/5181
f 4353/4215/5191 4355/4217/5193 4356/4218/5194
f 4357/4219/5195 4356/4220/5194 4352/4214/5190
f 4342/4202/5178 4358/4221/5196 4359/4222/5197
f 4360/4223/5198 4346/4224/5199 4359/4222/5197
f 4348/4210/5186 4360/4223/5198 4361/4225/5200
f 4362/4226/5201 4363/4227/5202 4360/4228/5203
f 4364/4229/5204 4365/4230/5205 4352/4231/5206
f 4348/4232/5207 4365/4230/5205 4364/4229/5204
f 4324/4233/5208 4304/4146/5122 4366/4234/5209
f 4347/4209/5185 4341/4201/5177 4324/4178/5154
f 4366/4234/5209 4309/4153/5129 4367/4235/5210
f 4368/4236/5211 4347/4209/5185 4369/4237/5212
f 4370/4238/5213 4352/4231/5206 4356/4239/5214
f 4356/4239/5214 4355/4240/5215 4347/4209/5185
f 4306/4149/5125 4318/4164/5140 4371/4241/5216
f 4318/4177/5153 4340/4198/5174 4372/4242/5217
f 4373/4243/5218 4308/4152/5128 4371/4241/5216
f 4371/4244/5219 4372/4242/5217 4363/4227/5202
f 4372/4242/5217 4346/4207/5183 4360/4228/5203
f 4374/4245/5220 4363/4227/5202 4362/4226/5201
f 4375/4246/5221 4371/4244/5219 4363/4227/5202
f 4362/4226/5201 4364/4229/5204 4376/4247/5222
f 4370/4238/5213 4368/4236/5211 4377/4248/5223
f 4368/4236/5211 4369/4237/5212 4367/4249/5224
f 4364/4229/5204 4370/4238/5213 4377/4248/5223
f 4000/3791/4768 4004/3795/4772 3998/3789/4766
f 4003/3794/4771 4007/3798/4775 4001/3792/4769
f 4005/3796/4773 4057/3848/4825 4004/3795/4772
f 4007/3798/4775 4061/3852/4829 4006/3797/4774
f 4010/3801/4778 4027/3818/4795 4008/3799/4776
f 4013/3804/4781 4038/3829/4806 4011/3802/4779
f 4015/3806/4783 4057/3848/4825 4005/3796/4773
f 4006/3797/4774 4061/3852/4829 4016/3807/4784
f 4020/3811/4788 4010/3801/4778 4018/3809/4786
f 4023/3814/4791 4026/3817/4794 4021/3812/4789
f 4024/3815/4792 4027/3818/4795 4010/3801/4778
f 4023/3814/4791 4030/3821/4798 4025/3816/4793
f 4028/3819/4796 4031/3822/4799 4027/3818/4795
f 4030/3821/4798 4034/3825/4802 4029/3820/4797
f 4032/3823/4800 4013/3804/4781 4031/3822/4799
f 4034/3825/4802 4037/3828/4805 4033/3824/4801
f 4035/3826/4803 4038/3829/4806 4013/3804/4781
f 4037/3828/4805 4041/3832/4809 4036/3827/4804
f 4039/3830/4807 4069/3860/4836 4038/3829/4806
f 4041/3832/4809 4065/3856/4833 4040/3831/4808
f 4044/3835/4812 4068/3859/1915 4042/3833/4810
f 4046/3837/4814 4039/3830/4807 4035/3826/4803
f 4036/3827/4804 4040/3831/4808 4047/3838/4815
f 4032/3823/4800 4049/3840/4817 4045/3836/4813
f 4048/3839/4816 4050/3841/4818 4033/3824/4801
f 4028/3819/4796 4051/3842/4819 4049/3840/4817
f 4050/3841/4818 4052/3843/4820 4029/3820/4797
f 4024/3815/4792 4053/3844/4821 4051/3842/4819
f 4052/3843/4820 4054/3845/4822 4025/3816/4793
f 4020/3811/4788 4093/3884/4860 4053/3844/4821
f 4054/3845/4822 4106/3897/4873 4026/3817/4794
f 4055/3846/4823 4093/3884/4860 4020/3811/4788
f 4026/3817/4794 4106/3897/4873 4056/3847/4824
f 4058/3849/4826 4059/3850/4827 4004/3795/4772
f 4015/3806/4783 4060/3851/4828 4058/3849/4826
f 4059/3850/4827 4058/3849/4826 4019/3810/4787
f 4019/3810/4787 4058/3849/4826 4060/3851/4828
f 4062/3853/4830 4063/3854/4831 4061/3852/4829
f 4063/3854/4831 4064/3855/4832 4016/3807/4784
f 4063/3854/4831 4062/3853/4830 4022/3813/4790
f 4064/3855/4832 4063/3854/4831 4021/3812/4789
f 4065/3856/4833 4043/3834/4811 4042/3833/4810
f 4040/3831/4808 4042/3833/4810 4066/3857/4834
f 4068/3859/1915 4074/3865/4841 4067/3858/4835
f 4070/3861/4837 4072/3863/4839 4069/3860/4836
f 4071/3862/4838 4070/3861/4837 4039/3830/4807
f 4070/3861/4837 4068/3859/1915 4044/3835/4812
f 4068/3859/1915 4070/3861/4837 4073/3864/4840
f 4077/3868/4844 4078/3869/4845 4075/3866/4842
f 4080/3871/4847 4075/3866/4842 4078/3869/4845
f 4081/3872/4848 4083/3874/4850 4080/3871/4847
f 4084/3875/4851 4096/3887/4863 4083/3874/4850
f 4085/3876/4852 4087/3878/4854 4071/3862/4838
f 4060/3851/4828 4148/3962/4938 4086/3877/4853
f 4088/3879/4855 4073/3864/4840 4071/3862/4838
f 4073/3864/4840 4088/3879/4855 4082/3873/4849
f 4082/3873/4849 4088/3879/4855 4076/3867/4843
f 4051/3842/4819 4091/3882/4858 4089/3880/4856
f 4051/3842/4819 4053/3844/4821 4090/3881/4857
f 4053/3844/4821 4093/3884/4860 4092/3883/4859
f 4086/3877/4853 4092/3883/4859 4093/3884/4860
f 4049/3840/4817 4089/3880/4856 4094/3885/4861
f 4045/3836/4813 4094/3885/4861 4085/3876/4852
f 4082/3873/4849 4098/3889/4865 4067/3858/4835
f 4096/3887/4863 4098/3889/4865 4082/3873/4849
f 4066/3857/4834 4107/3898/4874 4097/3888/4864
f 4098/3889/4865 4107/3898/4874 4066/3857/4834
f 4099/3890/4866 4155/3969/4945 4064/3855/4832
f 4052/3843/4820 4104/3895/4871 4100/3891/4867
f 4101/3892/4868 4104/3895/4871 4052/3843/4820
f 4102/3893/4869 4101/3892/4868 4050/3841/4818
f 4097/3888/4864 4102/3893/4869 4048/3839/4816
f 4105/3896/4872 4106/3897/4873 4054/3845/4822
f 4106/3897/4873 4105/3896/4872 4099/3890/4866
f 4107/3898/4874 4103/3894/4870 4102/3893/4869
f 4062/3853/4830 4109/3900/4876 4108/3899/4875
f 4109/3900/4876 4062/3853/4830 4007/3798/4775
f 4110/3901/4877 4111/3902/4878 4059/3850/4827
f 4004/3795/4772 4059/3850/4827 4111/3902/4878
f 4113/3904/4880 4034/3825/4802 4030/3821/4798
f 4114/3905/4881 4037/3828/4805 4034/3825/4802
f 4041/3832/4809 4116/3907/4883 4115/3906/4882
f 4116/3907/4883 4041/3832/4809 4037/3828/4805
f 4117/3910/4886 4123/3931/4907 4113/3908/4884
f 4023/3814/4791 4117/3911/4887 4112/3903/4879
f 4117/3911/4887 4023/3814/4791 4022/3813/4790
f 4027/3818/4795 4031/3822/4799 4118/3912/4888
f 4031/3822/4799 4013/3804/4781 4012/3803/4780
f 4018/3809/4786 4010/3801/4778 4009/3800/4777
f 4119/3915/4891 4121/3924/4900 4012/3913/4889
f 4038/3829/4806 4069/3860/4836 4119/3916/4892
f 4118/3919/4895 4121/3924/4900 4009/3917/4893
f 3998/3922/4898 4134/3946/4922 4120/3920/4896
f 4121/3924/4900 4134/3946/4922 3998/3922/4898
f 4009/3917/4893 4121/3924/4900 4111/3923/4899
f 4122/3928/4904 4123/3931/4907 4109/3926/4902
f 4109/3926/4902 4123/3931/4907 4117/3910/4886
f 4124/3933/4909 4043/3834/4811 4065/3856/4833
f 4125/3935/4911 4122/3928/4904 4003/3927/4903
f 4128/3938/4914 4137/3951/4927 4126/3936/4912
f 4131/3941/4917 4130/3940/4916 4127/3937/4913
f 4132/3943/4919 4072/3863/4839 4044/3835/4812
f 4133/3944/4920 4132/3945/4921 4129/3939/4915
f 4069/3860/4836 4072/3863/4839 4132/3943/4919
f 4121/3924/4900 4132/3945/4921 4133/3944/4920
f 4134/3946/4922 4133/3944/4920 4135/3947/4923
f 4131/3941/4917 4135/3947/4923 4133/3944/4920
f 4043/3834/4811 4124/3933/4909 4129/3942/4918
f 4129/3939/4915 4124/3949/4925 4136/3948/4924
f 4116/3932/4908 4123/3931/4907 4124/3949/4925
f 4125/3935/4911 4138/3952/4928 4136/3948/4924
f 4136/3948/4924 4138/3952/4928 4137/3951/4927
f 4139/3953/4929 4140/3954/4930 4137/3951/4927
f 4141/3955/4931 4126/3936/4912 4137/3951/4927
f 4141/3955/4931 4299/4250/5225 4131/3941/4917
f 4131/3941/4917 4299/4250/5225 4142/3956/4932
f 4135/3947/4923 4142/3956/4932 4143/3957/4933
f 4120/3920/4896 4143/3957/4933 4144/3958/4934
f 4145/3959/4935 4139/3953/4929 4138/3952/4928
f 4002/3934/4910 4307/4251/5226 4145/3959/4935
f 4147/3961/4937 4150/3964/4940 4015/3806/4783
f 4015/3806/4783 4150/3964/4940 4148/3962/4938
f 4077/3868/4844 4076/3867/4843 4146/3960/4936
f 4094/3885/4861 4095/3886/4862 4087/3878/4854
f 4095/3886/4862 4146/3960/4936 4088/3879/4855
f 4148/3962/4938 4095/3886/4862 4092/3883/4859
f 4151/3965/4941 4095/3886/4862 4148/3962/4938
f 4152/3966/4942 4151/3965/4941 4150/3964/4940
f 4149/3963/4939 4146/3960/4936 4151/3965/4941
f 4016/3807/4784 4158/3972/4948 4154/3968/4944
f 4155/3969/4945 4158/3972/4948 4016/3807/4784
f 4153/3967/4943 4096/3887/4863 4084/3875/4851
f 4098/3889/4865 4153/3967/4943 4103/3894/4870
f 4105/3896/4872 4103/3894/4870 4155/3969/4945
f 4103/3894/4870 4157/3971/4947 4158/3972/4948
f 4104/3895/4871 4103/3894/4870 4105/3896/4872
f 4158/3972/4948 4157/3971/4947 4159/3973/4949
f 4157/3971/4947 4153/3967/4943 4156/3970/4946
f 4000/3791/4768 4161/3975/4951 4160/3974/4950
f 3999/3790/4767 4144/4252/5227 4161/3975/4951
f 4162/3976/4952 4163/3977/4953 4001/3792/4769
f 4163/3977/4953 4307/4253/5228 4002/3793/4770
f 4017/3808/4785 4184/4254/5229 4162/3976/4952
f 4160/3974/4950 4165/3979/4955 4014/3805/4782
f 4164/3978/4954 4184/4254/5229 4017/3808/4785
f 4165/3979/4955 4167/3981/4957 4147/3961/4937
f 4154/3968/4944 4159/3973/4949 4166/3980/4956
f 4168/3982/4958 4152/3966/4942 4147/3961/4937
f 4169/3985/4961 4185/4011/4987 4164/3983/4959
f 4167/3988/4964 4187/4015/4991 4170/3986/4962
f 4171/3989/4965 4166/3980/4956 4159/3973/4949
f 4152/3966/4942 4168/3982/4958 4172/3990/4966
f 4173/3992/4968 4169/3985/4961 4166/3984/4960
f 4168/3987/4963 4170/3986/4962 4174/3993/4969
f 4175/3995/4971 4171/3989/4965 4156/3970/4946
f 4149/3963/4939 4172/3990/4966 4176/3996/4972
f 4177/3998/4974 4173/3992/4968 4171/3991/4967
f 4174/3993/4969 4180/4004/4980 4176/3999/4975
f 4178/4000/4976 4175/3995/4971 4084/3875/4851
f 4077/3868/4844 4176/3996/4972 4179/4001/4977
f 4178/4002/4978 4213/4041/5017 4177/3998/4974
f 4180/4004/4980 4215/4043/5019 4179/4003/4979
f 4078/3869/4845 4179/4001/4977 4181/4005/4981
f 4181/4005/4981 4178/4000/4976 4081/3872/4848
f 4179/4003/4979 4215/4043/5019 4182/4006/4982
f 4182/4006/4982 4213/4041/5017 4178/4002/4978
f 4184/4010/4986 4190/4018/4994 4183/4008/4984
f 4185/4011/4987 4190/4018/4994 4184/4010/4986
f 4186/4014/4990 4189/4017/4993 4165/4012/4988
f 4165/4012/4988 4189/4017/4993 4187/4015/4991
f 4186/4014/4990 4192/4020/4996 4188/4016/4992
f 4191/4019/4995 4197/4025/5001 4183/4008/4984
f 4193/4021/4997 4195/4023/4999 4188/4016/4992
f 4191/4019/4995 4198/4026/5002 4196/4024/5000
f 4191/4019/4995 4190/4018/4994 4200/4028/5004
f 4203/4031/5007 4189/4017/4993 4188/4016/4992
f 4185/4011/4987 4206/4034/5010 4200/4028/5004
f 4204/4032/5008 4187/4015/4991 4189/4017/4993
f 4185/4011/4987 4169/3985/4961 4205/4033/5009
f 4207/4035/5011 4170/3986/4962 4187/4015/4991
f 4173/3992/4968 4209/4037/5013 4205/4033/5009
f 4208/4036/5012 4174/3993/4969 4170/3986/4962
f 4177/3998/4974 4212/4040/5016 4209/4037/5013
f 4210/4038/5014 4180/4004/4980 4174/3993/4969
f 4211/4039/5015 4215/4043/5019 4180/4004/4980
f 4213/4041/5017 4219/4047/5023 4212/4040/5016
f 4214/4042/5018 4219/4047/5023 4213/4041/5017
f 4211/4039/5015 4214/4042/5018 4182/4006/4982
f 4217/4045/5021 4214/4042/5018 4211/4039/5015
f 4214/4042/5018 4217/4045/5021 4218/4046/5022
f 4220/4048/5024 4241/4069/5045 4218/4046/5022
f 4216/4044/5020 4244/4072/5048 4220/4048/5024
f 4209/4037/5013 4227/4055/5031 4221/4049/5025
f 4222/4050/5026 4230/4058/5034 4208/4036/5012
f 4221/4049/5025 4234/4062/5038 4206/4034/5010
f 4204/4032/5008 4237/4065/5041 4222/4050/5026
f 4206/4034/5010 4234/4062/5038 4223/4051/5027
f 4224/4052/5028 4237/4065/5041 4204/4032/5008
f 4200/4028/5004 4223/4051/5027 4225/4053/5029
f 4226/4054/5030 4224/4052/5028 4203/4031/5007
f 4228/4056/5032 4231/4059/5035 4221/4049/5025
f 4222/4050/5026 4236/4064/5040 4229/4057/5033
f 4232/4060/5036 4234/4062/5038 4221/4049/5025
f 4234/4062/5038 4232/4060/5036 4233/4061/5037
f 4222/4050/5026 4237/4065/5041 4235/4063/5039
f 4238/4066/5042 4235/4063/5039 4237/4065/5041
f 4212/4040/5016 4240/4068/5044 4227/4055/5031
f 4227/4055/5031 4240/4068/5044 4239/4067/5043
f 4219/4047/5023 4218/4046/5022 4240/4068/5044
f 4241/4069/5045 4239/4067/5043 4240/4068/5044
f 4230/4058/5034 4243/4071/5047 4210/4038/5014
f 4242/4070/5046 4243/4071/5047 4230/4058/5034
f 4243/4071/5047 4216/4044/5020 4211/4039/5015
f 4243/4071/5047 4242/4070/5046 4244/4072/5048
f 4232/4060/5036 4231/4059/5035 4245/4073/5049
f 4248/4076/5052 4236/4064/5040 4235/4063/5039
f 4231/4059/5035 4228/4056/5032 4249/4077/5053
f 4250/4078/5054 4229/4057/5033 4236/4064/5040
f 4245/4073/5049 4249/4077/5053 4251/4079/5055
f 4254/4082/5058 4250/4078/5054 4248/4076/5052
f 4239/4067/5043 4257/4085/5061 4249/4077/5053
f 4250/4078/5054 4258/4086/5062 4242/4070/5046
f 4249/4077/5053 4257/4085/5061 4255/4083/5059
f 4256/4084/5060 4258/4086/5062 4250/4078/5054
f 4241/4069/5045 4259/4087/5063 4257/4085/5061
f 4258/4086/5062 4260/4088/5064 4244/4072/5048
f 4259/4087/5063 4262/4090/5066 4255/4083/5059
f 4256/4084/5060 4263/4091/5067 4260/4088/5064
f 4260/4088/5064 4261/4089/5065 4220/4048/5024
f 4261/4089/5065 4259/4087/5063 4241/4069/5045
f 4261/4089/5065 4378/4255/5230 4262/4090/5066
f 4263/4091/5067 4378/4255/5230 4261/4089/5065
f 4246/4074/5050 4264/4092/5068 4233/4061/5037
f 4238/4066/5042 4267/4095/5071 4247/4075/5051
f 4265/4093/5069 4379/4256/5231 4264/4092/5068
f 4252/4080/5056 4265/4093/5069 4246/4074/5050
f 4267/4095/5071 4380/4257/5232 4266/4094/5070
f 4247/4075/5051 4266/4094/5070 4253/4081/5057
f 4269/4097/5073 4195/4023/4999 4194/4022/4998
f 4195/4023/4999 4269/4097/5073 4202/4030/5006
f 4198/4026/5002 4296/4132/5108 4270/4098/5074
f 4201/4029/5005 4296/4132/5108 4198/4026/5002
f 4271/4099/5075 4272/4100/5076 4233/4061/5037
f 4272/4100/5076 4225/4053/5029 4223/4051/5027
f 4238/4066/5042 4274/4102/5078 4273/4101/5077
f 4224/4052/5028 4226/4054/5030 4274/4102/5078
f 4275/4103/5079 4296/4132/5108 4201/4029/5005
f 4269/4097/5073 4291/4124/5100 4226/4054/5030
f 4194/4106/5082 4282/4114/5090 4276/4104/5080
f 4277/4109/5085 4283/4115/5091 4199/4107/5083
f 4280/4112/5088 4287/4120/5096 4278/4110/5086
f 4282/4114/5090 4284/4117/5093 4281/4113/5089
f 4281/4113/5089 4284/4117/5093 4280/4112/5088
f 4278/4110/5086 4287/4120/5096 4283/4115/5091
f 4193/4116/5092 4285/4118/5094 4282/4114/5090
f 4285/4118/5094 4288/4121/5097 4284/4117/5093
f 4286/4119/5095 4196/4258/5233 4199/4107/5083
f 4287/4120/5096 4289/4122/5098 4286/4119/5095
f 4288/4121/5097 4381/4259/5234 4280/4112/5088
f 4280/4112/5088 4381/4259/5234 4289/4122/5098
f 4290/4123/5099 4291/4124/5100 4269/4097/5073
f 4291/4124/5100 4294/4128/5104 4274/4102/5078
f 4272/4100/5076 4297/4133/5109 4275/4103/5079
f 4281/4113/5089 4293/4130/5106 4290/4126/5102
f 4291/4124/5100 4290/4123/5099 4293/4127/5103
f 4293/4130/5106 4281/4113/5089 4279/4111/5087
f 4292/4125/5101 4298/4135/5111 4278/4110/5086
f 4296/4132/5108 4275/4103/5079 4292/4131/5107
f 4298/4134/5235 4292/4131/5107 4275/4103/5079
f 4279/4111/5087 4278/4110/5086 4298/4135/5111
f 4301/4138/5114 4142/4139/5115 4299/4136/5112
f 4302/4140/5116 4143/4145/5121 4142/4139/5115
f 4145/4143/5119 4305/4147/5123 4303/4141/5117
f 4302/4140/5116 4306/4149/5125 4144/4144/5120
f 4145/4143/5119 4307/4151/5127 4304/4146/5122
f 4161/4148/5124 4308/4152/5128 4186/4014/4990
f 4306/4149/5125 4308/4152/5128 4161/4148/5124
f 4183/4008/4984 4366/4234/5209 4163/4150/5126
f 4163/4150/5126 4366/4234/5209 4304/4146/5122
f 4308/4152/5128 4373/4243/5218 4192/4020/4996
f 4309/4153/5129 4366/4234/5209 4183/4008/4984
f 4300/4137/5113 4299/4136/5112 4141/4154/5130
f 4311/4156/5132 4140/4157/5133 4139/4142/5118
f 4311/4156/5132 4310/4155/5131 4141/4154/5130
f 4313/4159/5135 4300/4137/5113 4310/4155/5131
f 4310/4155/5131 4311/4156/5132 4314/4160/5136
f 4313/4159/5135 4315/4161/5137 4301/4138/5114
f 4303/4141/5117 4316/4162/5138 4314/4160/5136
f 4315/4161/5137 4317/4163/5139 4302/4140/5116
f 4305/4147/5123 4319/4165/5141 4316/4162/5138
f 4318/4164/5140 4306/4149/5125 4302/4140/5116
f 4304/4146/5122 4324/4233/5208 4319/4165/5141
f 4315/4168/5144 4333/4187/5163 4320/4166/5142
f 4321/4171/5147 4334/4188/5164 4316/4169/5145
f 4322/4173/5149 4333/4187/5163 4315/4168/5144
f 4316/4169/5145 4334/4188/5164 4323/4174/5150
f 4312/4176/5152 4326/4180/5156 4322/4173/5149
f 4323/4174/5150 4326/4180/5156 4312/4176/5152
f 4320/4166/5142 4340/4198/5174 4318/4177/5153
f 4324/4178/5154 4341/4201/5177 4321/4171/5147
f 4326/4180/5156 4328/4260/5236 4325/4179/5155
f 4327/4181/5157 4328/4260/5236 4326/4180/5156
f 4330/4184/5160 4325/4190/5166 4328/4182/5158
f 4328/4182/5158 4327/4193/5169 4331/4185/5161
f 4322/4173/5149 4325/4179/5155 4332/4186/5162
f 4335/4189/5165 4327/4181/5157 4323/4174/5150
f 4336/4191/5167 4332/4195/5171 4325/4190/5166
f 4327/4193/5169 4335/4196/5172 4337/4192/5168
f 4332/4186/5162 4338/4199/5175 4320/4166/5142
f 4321/4171/5147 4339/4200/5176 4335/4189/5165
f 4336/4191/5167 4343/4203/5179 4338/4194/5170
f 4339/4197/5173 4344/4204/5180 4337/4192/5168
f 4338/4199/5175 4342/4206/5182 4340/4198/5174
f 4341/4201/5177 4345/4208/5184 4339/4200/5176
f 4343/4203/5179 4358/4221/5196 4342/4202/5178
f 4345/4205/5181 4354/4216/5192 4344/4204/5180
f 4346/4207/5183 4372/4242/5217 4340/4198/5174
f 4347/4209/5185 4355/4240/5215 4345/4208/5184
f 4350/4212/5188 4365/4261/5237 4348/4210/5186
f 4352/4214/5190 4365/4261/5237 4350/4212/5188
f 4345/4205/5181 4355/4217/5193 4353/4215/5191
f 4356/4218/5194 4357/4262/5195 4353/4215/5191
f 4352/4214/5190 4351/4213/5189 4357/4219/5195
f 4359/4222/5197 4346/4224/5199 4342/4202/5178
f 4359/4222/5197 4361/4225/5200 4360/4223/5198
f 4361/4225/5200 4349/4211/5187 4348/4210/5186
f 4360/4228/5203 4348/4232/5207 4362/4226/5201
f 4352/4231/5206 4370/4238/5213 4364/4229/5204
f 4364/4229/5204 4362/4226/5201 4348/4232/5207
f 4366/4234/5209 4369/4263/5238 4324/4233/5208
f 4324/4178/5154 4369/4237/5212 4347/4209/5185
f 4367/4235/5239 4369/4263/5238 4366/4234/5209
f 4356/4239/5214 4368/4236/5211 4370/4238/5213
f 4347/4209/5185 4368/4236/5211 4356/4239/5214
f 4371/4241/5216 4308/4152/5128 4306/4149/5125
f 4372/4242/5217 4371/4244/5219 4318/4177/5153
f 4371/4241/5216 4375/4264/5240 4373/4243/5218
f 4360/4228/5203 4363/4227/5202 4372/4242/5217
f 4363/4227/5202 4374/4245/5220 4375/4246/5241
f 4376/4247/5222 4374/4245/5220 4362/4226/5201
f 4367/4249/5224 4377/4248/5223 4368/4236/5211
f 4377/4248/5223 4376/4247/5222 4364/4229/5204
f 4382/4265/5242 4383/4266/5243 4384/4267/5244
f 4385/4268/5245 4383/4266/5243 4382/4265/5242
f 4386/4269/5246 4384/4267/5244 4387/4270/5247
f 4388/4271/5248 4385/4268/5245 4389/4272/5249
f 4386/4273/5250 4390/4274/5251 4391/4275/5252
f 4392/4276/5253 4393/4277/5254 4389/4278/5255
f 4394/4279/5256 4389/4278/5255 4382/4280/5257
f 4382/4280/5257 4386/4273/5250 4395/4281/5258
f 4396/4282/5259 4391/4275/5252 4390/4274/5251
f 4393/4277/5254 4392/4276/5253 4397/4283/5260
f 4398/4284/5261 4396/4282/5259 4399/4285/5262
f 4400/4286/5263 4397/4283/5260 4401/4287/5264
f 4399/4288/5265 4390/4289/5266 4387/4270/5247
f 4388/4271/5248 4393/4290/5267 4400/4291/5268
f 4399/4288/5265 4402/4292/5269 4403/4293/5270
f 4404/4294/5271 4400/4291/5268 4405/4295/5272
f 4406/4296/5273 4392/4276/5253 4394/4279/5256
f 4395/4281/5258 4391/4275/5252 4407/4297/5274
f 4408/4298/5275 4395/4281/5258 4409/4299/5276
f 4410/4300/5277 4394/4279/5256 4408/4298/5275
f 4397/4283/5260 4392/4276/5253 4406/4296/5273
f 4407/4297/5274 4391/4275/5252 4396/4282/5259
f 4401/4287/5264 4397/4283/5260 4411/4301/5278
f 4412/4302/5279 4396/4282/5259 4398/4284/5261
f 4410/4300/5277 4413/4303/5280 4414/4304/5281
f 4413/4303/5280 4409/4299/5276 4415/4305/5282
f 4416/4306/5283 4406/4296/5273 4410/4300/5277
f 4409/4299/5276 4407/4297/5274 4417/4307/5284
f 4411/4301/5278 4406/4296/5273 4416/4306/5283
f 4417/4307/5284 4407/4297/5274 4412/4302/5279
f 4411/4301/5278 4418/4308/5285 4419/4309/5286
f 4420/4310/5287 4412/4302/5279 4421/4311/5288
f 4420/4310/5287 4422/4312/5289 4423/4313/5290
f 4424/4314/5291 4419/4309/5286 4418/4308/5285
f 4425/4315/5292 4417/4307/5284 4420/4310/5287
f 4418/4308/5285 4416/4306/5283 4426/4316/5293
f 4426/4316/5293 4416/4306/5283 4427/4317/5294
f 4428/4318/5295 4423/4319/5296 4429/4320/5297
f 4430/4321/5298 4427/4317/5294 4414/4304/5281
f 4415/4305/5282 4417/4307/5284 4425/4315/5292
f 4431/4322/5299 4432/4323/5300 4414/4304/5281
f 4433/4324/5301 4432/4325/5302 4431/4326/5303
f 4431/4326/5303 4425/4327/5304 4428/4318/5295
f 4434/4328/5305 4426/4329/5306 4430/4330/5307
f 4429/4320/5297 4424/4331/5308 4434/4328/5305
f 4430/4330/5307 4432/4325/5302 4433/4324/5301
f 4424/4331/5308 4429/4320/5297 4435/4332/5309
f 4436/4333/5310 4423/4313/5290 4422/4312/5289
f 4419/4309/5286 4424/4314/5291 4437/4334/5311
f 4438/4335/5312 4439/4336/5313 4437/4337/5314
f 4423/4319/5296 4436/4338/5315 4435/4332/5309
f 4436/4338/5315 4440/4339/5316 4438/4335/5312
f 4441/4340/5317 4437/4334/5311 4439/4341/5318
f 4440/4342/5319 4436/4333/5310 4442/4343/5320
f 4443/4344/5321 4439/4341/5318 4444/4345/5322
f 4445/4346/5323 4440/4342/5319 4446/4347/5324
f 4447/4348/5325 4444/4349/5326 4439/4336/5313
f 4440/4339/5316 4445/4350/5327 4447/4348/5325
f 4448/4351/5328 4419/4309/5286 4441/4340/5317
f 4442/4343/5320 4422/4312/5289 4421/4311/5288
f 4448/4351/5328 4449/4352/5329 4450/4353/5330
f 4451/4354/5331 4421/4311/5288 4398/4284/5261
f 4445/4350/5327 4452/4355/5332 4453/4356/5333
f 4453/4356/5333 4454/4357/5334 4444/4349/5326
f 4449/4352/5329 4441/4340/5317 4443/4344/5321
f 4443/4344/5321 4444/4345/5322 4454/4358/5335
f 4450/4353/5330 4449/4352/5329 4455/4359/5336
f 4446/4347/5324 4442/4343/5320 4451/4354/5331
f 4452/4360/5337 4445/4346/5323 4446/4347/5324
f 4456/4361/5338 4451/4354/5331 4457/4362/5339
f 4405/4363/5340 4401/4287/5264 4450/4353/5330
f 4457/4362/5339 4398/4284/5261 4458/4364/5341
f 4459/4365/5342 4405/4295/5272 4460/4366/5343
f 4461/4367/5344 4458/4368/5345 4403/4293/5270
f 4462/4369/5346 4460/4366/5343 4463/4370/5347
f 4464/4371/5348 4461/4367/5344 4465/4372/5349
f 4460/4373/5350 4450/4353/5330 4466/4374/5351
f 4467/4375/5352 4457/4362/5339 4461/4376/5353
f 4468/4377/5354 4466/4374/5351 4455/4359/5336
f 4454/4357/5334 4453/4356/5333 4469/4378/5355
f 4456/4361/5338 4467/4375/5352 4470/4379/5356
f 4469/4378/5355 4453/4356/5333 4452/4355/5332
f 4469/4378/5355 4471/4380/5357 4472/4381/5358
f 4473/4382/5359 4471/4380/5357 4469/4378/5355
f 4463/4383/5360 4466/4374/5351 4468/4377/5354
f 4468/4384/5361 4472/4381/5358 4474/4385/5362
f 4470/4379/5356 4467/4375/5352 4464/4386/5363
f 4475/4387/5364 4473/4382/5359 4470/4388/5365
f 4383/4266/5243 4476/4389/5366 4477/4390/5367
f 4476/4389/5366 4383/4266/5243 4385/4268/5245
f 4384/4267/5244 4477/4390/5367 4478/4391/5368
f 4479/4392/5369 4385/4268/5245 4388/4271/5248
f 4387/4270/5247 4478/4391/5368 4480/4393/5370
f 4481/4394/5371 4388/4271/5248 4404/4294/5271
f 4402/4292/5269 4480/4393/5370 4482/4395/5372
f 4483/4396/5373 4484/4397/5374 4404/4294/5271
f 4465/4372/5349 4403/4293/5270 4482/4395/5372
f 4459/4365/5342 4462/4369/5346 4485/4398/5375
f 4486/4399/5376 4465/4372/5349 4487/4400/5377
f 4462/4369/5346 4488/4401/5378 4489/4402/5379
f 4490/4403/5380 4476/4389/5366 4479/4392/5369
f 4476/4389/5366 4490/4403/5380 4491/4404/5381
f 4492/4405/5382 4479/4392/5369 4481/4394/5371
f 4477/4390/5367 4491/4404/5381 4493/4406/5383
f 4494/4407/5384 4481/4394/5371 4484/4397/5374
f 4478/4391/5368 4493/4406/5383 4495/4408/5385
f 4496/4409/5386 4484/4397/5374 4483/4396/5373
f 4480/4393/5370 4495/4408/5385 4497/4410/5387
f 4498/4411/5388 4483/4396/5373 4485/4398/5375
f 4482/4395/5372 4497/4410/5387 4499/4412/5389
f 4500/4413/5390 4485/4398/5375 4489/4402/5379
f 4487/4400/5377 4499/4412/5389 4501/4414/5391
f 4502/4415/5392 4490/4403/5380 4492/4405/5382
f 4491/4404/5381 4490/4403/5380 4502/4415/5392
f 4503/4416/5393 4504/4417/5394 4492/4405/5382
f 4491/4404/5381 4505/4418/5395 4506/4419/5396
f 4507/4420/5397 4503/4416/5393 4494/4407/5384
f 4493/4406/5383 4506/4419/5396 4508/4421/5398
f 4507/4420/5397 4496/4409/5386 4498/4411/5388
f 4495/4408/5385 4508/4421/5398 4509/4422/5399
f 4510/4423/5400 4511/4424/5401 4498/4411/5388
f 4497/4410/5387 4509/4422/5399 4512/4425/5402
f 4513/4426/5403 4510/4423/5400 4500/4413/5390
f 4499/4412/5389 4512/4425/5402 4514/4427/5404
f 4502/4415/5392 4504/4417/5394 4515/4428/5405
f 4516/4429/5406 4505/4418/5395 4502/4415/5392
f 4517/4430/5407 4511/4424/5401 4510/4423/5400
f 4512/4425/5402 4509/4422/5399 4518/4431/5408
f 4518/4432/5409 4519/4433/5410 4520/4434/5411
f 4521/4435/5412 4522/4436/5413 4510/4423/5400
f 4512/4425/5402 4523/4437/5414 4524/4438/5415
f 4520/4434/5411 4519/4433/5410 4517/4439/5416
f 4522/4440/5417 4521/4441/5418 4525/4442/5419
f 4525/4442/5419 4524/4443/5420 4523/4444/5421
f 4526/4445/5422 4507/4420/5397 4511/4424/5401
f 4509/4422/5399 4508/4421/5398 4527/4446/5423
f 4516/4447/5424 4528/4448/5425 4529/4449/5426
f 4506/4419/5396 4505/4418/5395 4516/4429/5406
f 4508/4421/5398 4506/4419/5396 4530/4450/5427
f 4519/4433/5410 4518/4432/5409 4527/4451/5428
f 4528/4448/5425 4515/4452/5429 4531/4453/5430
f 4515/4428/5405 4504/4417/5394 4503/4416/5393
f 4503/4416/5393 4507/4420/5397 4526/4445/5422
f 4531/4453/5430 4526/4454/5431 4529/4449/5426
f 4526/4454/5431 4517/4439/5416 4519/4433/5410
f 4529/4449/5426 4527/4451/5428 4530/4455/5432
f 4384/4267/5244 4386/4269/5246 4382/4265/5242
f 4382/4265/5242 4389/4272/5249 4385/4268/5245
f 4387/4270/5247 4390/4289/5266 4386/4269/5246
f 4389/4272/5249 4393/4290/5267 4388/4271/5248
f 4391/4275/5252 4395/4281/5258 4386/4273/5250
f 4389/4278/5255 4394/4279/5256 4392/4276/5253
f 4382/4280/5257 4408/4298/5275 4394/4279/5256
f 4395/4281/5258 4408/4298/5275 4382/4280/5257
f 4390/4274/5251 4399/4285/5262 4396/4282/5259
f 4397/4283/5260 4400/4286/5263 4393/4277/5254
f 4399/4285/5262 4458/4364/5341 4398/4284/5261
f 4401/4287/5264 4405/4363/5340 4400/4286/5263
f 4387/4270/5247 4402/4292/5269 4399/4288/5265
f 4400/4291/5268 4404/4294/5271 4388/4271/5248
f 4403/4293/5270 4458/4368/5345 4399/4288/5265
f 4405/4295/5272 4459/4365/5342 4404/4294/5271
f 4394/4279/5256 4410/4300/5277 4406/4296/5273
f 4407/4297/5274 4409/4299/5276 4395/4281/5258
f 4409/4299/5276 4413/4303/5280 4408/4298/5275
f 4408/4298/5275 4413/4303/5280 4410/4300/5277
f 4406/4296/5273 4411/4301/5278 4397/4283/5260
f 4396/4282/5259 4412/4302/5279 4407/4297/5274
f 4411/4301/5278 4448/4351/5328 4401/4287/5264
f 4398/4284/5261 4421/4311/5288 4412/4302/5279
f 4414/4304/5281 4427/4317/5294 4410/4300/5277
f 4415/4305/5282 4414/4304/5281 4413/4303/5280
f 4410/4300/5277 4427/4317/5294 4416/4306/5283
f 4417/4307/5284 4415/4305/5282 4409/4299/5276
f 4416/4306/5283 4418/4308/5285 4411/4301/5278
f 4412/4302/5279 4420/4310/5287 4417/4307/5284
f 4419/4309/5286 4448/4351/5328 4411/4301/5278
f 4421/4311/5288 4422/4312/5289 4420/4310/5287
f 4423/4313/5290 4428/4456/5433 4420/4310/5287
f 4418/4308/5285 4434/4457/5434 4424/4314/5291
f 4420/4310/5287 4428/4456/5433 4425/4315/5292
f 4426/4316/5293 4434/4457/5434 4418/4308/5285
f 4427/4317/5294 4430/4321/5298 4426/4316/5293
f 4429/4320/5297 4433/4324/5301 4428/4318/5295
f 4414/4304/5281 4432/4323/5300 4430/4321/5298
f 4425/4315/5292 4431/4322/5299 4415/4305/5282
f 4414/4304/5281 4415/4305/5282 4431/4322/5299
f 4428/4318/5295 4433/4324/5301 4431/4326/5303
f 4430/4330/5307 4433/4324/5301 4434/4328/5305
f 4434/4328/5305 4433/4324/5301 4429/4320/5297
f 4435/4332/5309 4437/4337/5314 4424/4331/5308
f 4422/4312/5289 4442/4343/5320 4436/4333/5310
f 4437/4334/5311 4441/4340/5317 4419/4309/5286
f 4437/4337/5314 4435/4332/5309 4438/4335/5312
f 4435/4332/5309 4429/4320/5297 4423/4319/5296
f 4438/4335/5312 4435/4332/5309 4436/4338/5315
f 4439/4341/5318 4443/4344/5321 4441/4340/5317
f 4442/4343/5320 4446/4347/5324 4440/4342/5319
f 4439/4336/5313 4438/4335/5312 4447/4348/5325
f 4447/4348/5325 4438/4335/5312 4440/4339/5316
f 4441/4340/5317 4449/4352/5329 4448/4351/5328
f 4421/4311/5288 4451/4354/5331 4442/4343/5320
f 4450/4353/5330 4401/4287/5264 4448/4351/5328
f 4398/4284/5261 4457/4362/5339 4451/4354/5331
f 4453/4356/5333 4447/4348/5325 4445/4350/5327
f 4444/4349/5326 4447/4348/5325 4453/4356/5333
f 4443/4344/5321 4455/4359/5336 4449/4352/5329
f 4454/4358/5335 4455/4359/5336 4443/4344/5321
f 4455/4359/5336 4466/4374/5351 4450/4353/5330
f 4451/4354/5331 4456/4361/5338 4446/4347/5324
f 4446/4347/5324 4456/4361/5338 4452/4360/5337
f 4457/4362/5339 4467/4375/5352 4456/4361/5338
f 4450/4353/5330 4460/4373/5350 4405/4363/5340
f 4458/4364/5341 4461/4376/5353 4457/4362/5339
f 4460/4366/5343 4462/4369/5346 4459/4365/5342
f 4403/4293/5270 4465/4372/5349 4461/4367/5344
f 4463/4370/5347 4488/4401/5378 4462/4369/5346
f 4465/4372/5349 4486/4399/5376 4464/4371/5435
f 4466/4374/5351 4463/4383/5360 4460/4373/5350
f 4461/4376/5353 4464/4386/5363 4467/4375/5352
f 4455/4359/5336 4454/4358/5335 4468/4377/5354
f 4469/4378/5355 4468/4384/5361 4454/4357/5334
f 4470/4379/5356 4452/4360/5337 4456/4361/5338
f 4452/4355/5332 4470/4388/5365 4469/4378/5355
f 4472/4381/5358 4468/4384/5361 4469/4378/5355
f 4469/4378/5355 4470/4388/5365 4473/4382/5359
f 4468/4377/5354 4532/4458/5436 4463/4383/5437
f 4474/4385/5362 4532/4459/5438 4468/4384/5361
f 4464/4386/5363 4533/4460/5439 4470/4379/5356
f 4470/4388/5365 4533/4461/5440 4475/4387/5364
f 4477/4390/5367 4384/4267/5244 4383/4266/5243
f 4385/4268/5245 4479/4392/5369 4476/4389/5366
f 4478/4391/5368 4387/4270/5247 4384/4267/5244
f 4388/4271/5248 4481/4394/5371 4479/4392/5369
f 4480/4393/5370 4402/4292/5269 4387/4270/5247
f 4404/4294/5271 4484/4397/5374 4481/4394/5371
f 4482/4395/5372 4403/4293/5270 4402/4292/5269
f 4404/4294/5271 4459/4365/5342 4483/4396/5373
f 4482/4395/5372 4487/4400/5377 4465/4372/5349
f 4485/4398/5375 4483/4396/5373 4459/4365/5342
f 4487/4400/5377 4534/4462/5441 4486/4399/5376
f 4489/4402/5379 4485/4398/5375 4462/4369/5346
f 4479/4392/5369 4492/4405/5382 4490/4403/5380
f 4491/4404/5381 4477/4390/5367 4476/4389/5366
f 4481/4394/5371 4494/4407/5384 4492/4405/5382
f 4493/4406/5383 4478/4391/5368 4477/4390/5367
f 4484/4397/5374 4496/4409/5386 4494/4407/5384
f 4495/4408/5385 4480/4393/5370 4478/4391/5368
f 4483/4396/5373 4498/4411/5388 4496/4409/5386
f 4497/4410/5387 4482/4395/5372 4480/4393/5370
f 4485/4398/5375 4500/4413/5390 4498/4411/5388
f 4499/4412/5389 4487/4400/5377 4482/4395/5372
f 4489/4402/5379 4535/4463/5442 4500/4413/5390
f 4501/4414/5391 4534/4462/5441 4487/4400/5377
f 4492/4405/5382 4504/4417/5394 4502/4415/5392
f 4502/4415/5392 4505/4418/5395 4491/4404/5381
f 4492/4405/5382 4494/4407/5384 4503/4416/5393
f 4506/4419/5396 4493/4406/5383 4491/4404/5381
f 4494/4407/5384 4496/4409/5386 4507/4420/5397
f 4508/4421/5398 4495/4408/5385 4493/4406/5383
f 4498/4411/5388 4511/4424/5401 4507/4420/5397
f 4509/4422/5399 4497/4410/5387 4495/4408/5385
f 4498/4411/5388 4500/4413/5390 4510/4423/5400
f 4512/4425/5402 4499/4412/5389 4497/4410/5387
f 4500/4413/5390 4535/4463/5442 4513/4426/5403
f 4514/4427/5404 4501/4414/5391 4499/4412/5389
f 4515/4428/5405 4528/4464/5443 4502/4415/5392
f 4502/4415/5392 4528/4464/5443 4516/4429/5406
f 4510/4423/5400 4522/4436/5413 4517/4430/5407
f 4518/4431/5408 4523/4437/5414 4512/4425/5402
f 4520/4434/5411 4523/4444/5421 4518/4432/5409
f 4510/4423/5400 4513/4426/5403 4521/4435/5444
f 4524/4438/5415 4514/4427/5404 4512/4425/5402
f 4517/4439/5416 4522/4440/5417 4520/4434/5411
f 4525/4442/5419 4520/4434/5411 4522/4440/5417
f 4523/4444/5421 4520/4434/5411 4525/4442/5419
f 4511/4424/5401 4517/4430/5407 4526/4445/5422
f 4527/4446/5423 4518/4431/5408 4509/4422/5399
f 4529/4449/5426 4530/4455/5432 4516/4447/5424
f 4516/4429/5406 4530/4450/5427 4506/4419/5396
f 4530/4450/5427 4527/4446/5423 4508/4421/5398
f 4527/4451/5428 4529/4449/5426 4519/4433/5410
f 4531/4453/5430 4529/4449/5426 4528/4448/5425
f 4503/4416/5393 4531/4465/5445 4515/4428/5405
f 4526/4445/5422 4531/4465/5445 4503/4416/5393
f 4519/4433/5410 4529/4449/5426 4526/4454/5431
f 4536/4466/5446 4537/4467/5447 4538/4468/5448
f 4539/4469/5449 4540/4470/5450 4541/4471/5451
f 4537/4467/5447 4542/4472/5452 4543/4473/5453
f 4544/4474/5454 4540/4470/5450 4539/4469/5449
f 4543/4473/5453 4542/4472/5452 4545/4475/5455
f 4546/4476/5456 4544/4474/5454 4547/4477/5457
f 4545/4475/5455 4548/4478/5458 4549/4479/5459
f 4550/4480/5460 4551/4481/5461 4546/4476/5456
f 4552/4482/5462 4549/4479/5459 4548/4478/5458
f 4551/4481/5461 4550/4480/5460 4553/4483/5463
f 4554/4484/5464 4552/4482/5462 4555/4485/5465
f 4556/4486/5466 4553/4483/5463 4557/4487/5467
f 4554/4484/5464 4558/4488/5468 4559/4489/5469
f 4560/4490/5470 4557/4487/5467 4561/4491/5471
f 4562/4492/5472 4559/4489/5469 4563/4493/5473
f 4564/4494/5474 4565/4495/5475 4561/4491/5471
f 4566/4496/5476 4563/4493/5473 4567/4497/5477
f 4568/4498/5478 4564/4494/5474 4569/4499/5479
f 4568/4498/5478 4570/4500/5480 4571/4501/5481
f 4571/4501/5481 4572/4502/5482 4567/4497/5477
f 4570/4500/5480 4573/4503/5483 4574/4504/5484
f 4575/4505/5485 4572/4502/5482 4571/4501/5481
f 4554/4484/5464 4562/4492/5472 4576/4506/5486
f 4577/4507/5487 4561/4491/5471 4557/4487/5467
f 4552/4482/5462 4554/4484/5464 4578/4508/5488
f 4579/4509/5489 4557/4487/5467 4553/4483/5463
f 4549/4479/5459 4552/4482/5462 4580/4510/5490
f 4581/4511/5491 4553/4483/5463 4550/4480/5460
f 4582/4512/5492 4549/4479/5459 4583/4513/5493
f 4550/4480/5460 4584/4514/5494 4585/4515/5495
f 4586/4516/5496 4543/4473/5453 4582/4512/5492
f 4584/4514/5494 4547/4477/5457 4587/4517/5497
f 4538/4468/5448 4543/4473/5453 4586/4516/5496
f 4587/4517/5497 4547/4477/5457 4539/4469/5449
f 4588/4518/5498 4538/4468/5448 4589/4519/5499
f 4590/4520/5500 4539/4469/5449 4591/4521/5501
f 4592/4522/5502 4576/4506/5486 4562/4492/5472
f 4566/4496/5476 4572/4502/5482 4575/4505/5485
f 4561/4491/5471 4577/4507/5487 4593/4523/5503
f 4570/4500/5480 4569/4499/5479 4593/4523/5503
f 4594/4524/5504 4575/4505/5485 4574/4504/5484
f 4574/4504/5484 4573/4503/5483 4595/4525/5505
f 4592/4522/5502 4575/4505/5485 4594/4524/5504
f 4595/4525/5505 4573/4503/5483 4593/4523/5503
f 4592/4522/5502 4596/4526/5506 4597/4527/5507
f 4598/4528/5508 4593/4523/5503 4577/4507/5487
f 4578/4508/5488 4576/4506/5486 4597/4527/5507
f 4599/4529/5509 4577/4507/5487 4579/4509/5489
f 4580/4510/5490 4578/4508/5488 4600/4530/5510
f 4601/4531/5511 4579/4509/5489 4581/4511/5491
f 4583/4513/5493 4580/4510/5490 4602/4532/5512
f 4603/4533/5513 4581/4511/5491 4604/4534/5514
f 4583/4513/5493 4605/4535/5515 4606/4536/5516
f 4607/4537/5517 4608/4538/5518 4604/4534/5514
f 4609/4539/5519 4606/4536/5516 4610/4540/5520
f 4611/4541/5521 4607/4537/5517 4585/4515/5495
f 4589/4519/5499 4586/4516/5496 4610/4540/5520
f 4611/4541/5521 4587/4517/5497 4590/4520/5500
f 4612/4542/5522 4589/4519/5499 4613/4543/5523
f 4614/4544/5524 4590/4520/5500 4615/4545/5525
f 4551/4481/5461 4616/4546/5526 4617/4547/5527
f 4618/4548/5528 4548/4478/5458 4545/4475/5455
f 4546/4476/5456 4617/4547/5527 4619/4549/5529
f 4620/4550/5530 4621/4551/5531 4545/4475/5455
f 4540/4470/5450 4544/4474/5454 4619/4549/5529
f 4620/4550/5530 4542/4472/5452 4537/4467/5447
f 4540/4470/5450 4622/4552/5532 4623/4553/5533
f 4624/4554/5534 4537/4467/5447 4536/4466/5446
f 4551/4481/5461 4556/4486/5466 4625/4555/5535
f 4626/4556/5536 4555/4485/5465 4548/4478/5458
f 4625/4555/5535 4556/4486/5466 4560/4490/5470
f 4558/4488/5468 4555/4485/5465 4626/4556/5536
f 4560/4490/5470 4565/4495/5475 4627/4557/5537
f 4628/4558/5538 4559/4489/5469 4558/4488/5468
f 4627/4557/5537 4565/4495/5475 4564/4494/5474
f 4563/4493/5473 4559/4489/5469 4628/4558/5538
f 4629/4559/5539 4564/4494/5474 4568/4498/5478
f 4567/4497/5477 4563/4493/5473 4630/4560/5540
f 4631/4561/5541 4568/4498/5478 4632/4562/5542
f 4567/4497/5477 4633/4563/5543 4634/4564/5544
f 4623/4553/5533 4622/4552/5532 4635/4565/5545
f 4636/4566/5546 4624/4554/5534 4637/4567/5547
f 4622/4552/5532 4619/4549/5529 4638/4568/5548
f 4639/4569/5549 4620/4550/5530 4624/4554/5534
f 4638/4568/5548 4619/4549/5529 4617/4547/5527
f 4621/4551/5531 4620/4550/5530 4639/4569/5549
f 4640/4570/5550 4617/4547/5527 4616/4546/5526
f 4618/4548/5528 4621/4551/5531 4641/4571/5551
f 4616/4546/5526 4625/4555/5535 4642/4572/5552
f 4643/4573/5553 4626/4556/5536 4618/4548/5528
f 4644/4574/5554 4642/4572/5552 4625/4555/5535
f 4626/4556/5536 4643/4573/5553 4645/4575/5555
f 4646/4576/5556 4644/4574/5554 4647/4577/5557
f 4648/4578/5558 4645/4575/5555 4649/4579/5559
f 4650/4580/5560 4646/4576/5556 4627/4557/5537
f 4628/4558/5538 4649/4579/5559 4651/4581/5561
f 4650/4580/5560 4629/4559/5539 4631/4561/5541
f 4633/4563/5543 4630/4560/5540 4651/4581/5561
f 4634/4564/5544 4633/4563/5543 4652/4582/5562
f 4653/4583/5563 4631/4561/5541 4634/4564/5544
f 4654/4584/5564 4655/4585/5565 4656/4586/5566
f 4657/4587/5567 4658/4588/5568 4659/4589/5569
f 4660/4590/5570 4655/4585/5565 4654/4584/5564
f 4659/4589/5569 4658/4588/5568 4661/4591/5571
f 4654/4584/5564 4635/4565/5545 4638/4568/5548
f 4639/4569/5549 4636/4566/5546 4659/4589/5569
f 4662/4592/5572 4663/4593/5573 4654/4584/5564
f 4659/4589/5569 4664/4594/5574 4665/4595/5575
f 4666/4596/5576 4638/4568/5548 4640/4570/5550
f 4641/4571/5551 4639/4569/5549 4667/4597/5577
f 4662/4592/5572 4666/4596/5576 4668/4598/5578
f 4669/4599/5579 4667/4597/5577 4665/4595/5575
f 4668/4598/5578 4640/4570/5550 4670/4600/5580
f 4671/4601/5581 4641/4571/5551 4669/4599/5579
f 4672/4602/5582 4668/4598/5578 4673/4603/5583
f 4674/4604/5584 4669/4599/5579 4675/4605/5585
f 4676/4606/5586 4673/4603/5583 4670/4600/5580
f 4671/4601/5581 4674/4604/5584 4677/4607/5587
f 4678/4608/5588 4673/4603/5583 4676/4606/5586
f 4677/4607/5587 4674/4604/5584 4679/4609/5589
f 4680/4610/5590 4676/4606/5586 4642/4572/5552
f 4643/4573/5553 4677/4607/5587 4681/4611/5591
f 4682/4612/5592 4676/4606/5586 4680/4610/5590
f 4681/4611/5591 4677/4607/5587 4683/4613/5593
f 4684/4614/5594 4680/4610/5590 4644/4574/5554
f 4645/4575/5555 4681/4611/5591 4685/4615/5595
f 4686/4616/5596 4687/4617/5597 4680/4610/5590
f 4681/4611/5591 4688/4618/5598 4689/4619/5599
f 4684/4614/5594 4646/4576/5556 4650/4580/5560
f 4651/4581/5561 4649/4579/5559 4685/4615/5595
f 4686/4616/5596 4684/4614/5594 4690/4620/5600
f 4691/4621/5601 4685/4615/5595 4689/4619/5599
f 4692/4622/5602 4690/4620/5600 4650/4580/5560
f 4651/4581/5561 4691/4621/5601 4693/4623/5603
f 4694/4624/5604 4690/4620/5600 4692/4622/5602
f 4693/4623/5603 4691/4621/5601 4695/4625/5605
f 4696/4626/5606 4652/4582/5562 4693/4623/5603
f 4692/4622/5602 4653/4583/5563 4696/4626/5606
f 4697/4627/5607 4692/4622/5602 4698/4628/5608
f 4698/4628/5608 4693/4623/5603 4699/4629/5609
f 4700/4630/5610 4613/4543/5523 4701/4631/5611
f 4702/4632/5612 4614/4544/5524 4703/4633/5613
f 4704/4634/5614 4705/4635/5615 4701/4631/5611
f 4702/4632/5612 4706/4636/5616 4707/4637/5617
f 4613/4543/5523 4610/4540/5520 4708/4638/5618
f 4709/4639/5619 4611/4541/5521 4614/4544/5524
f 4710/4640/5620 4701/4631/5611 4708/4638/5618
f 4709/4639/5619 4702/4632/5612 4711/4641/5621
f 4708/4638/5618 4610/4540/5520 4606/4536/5516
f 4607/4537/5517 4611/4541/5521 4709/4639/5619
f 4712/4642/5622 4713/4643/5623 4708/4638/5618
f 4709/4639/5619 4714/4644/5624 4715/4645/5625
f 4716/4646/5626 4606/4536/5516 4605/4535/5515
f 4608/4538/5518 4607/4537/5517 4717/4647/5627
f 4712/4642/5622 4716/4646/5626 4718/4648/5628
f 4719/4649/5629 4717/4647/5627 4715/4645/5625
f 4718/4648/5628 4605/4535/5515 4602/4532/5512
f 4603/4533/5513 4608/4538/5518 4719/4649/5629
f 4720/4650/5630 4718/4648/5628 4721/4651/5631
f 4722/4652/5632 4719/4649/5629 4723/4653/5633
f 4602/4532/5512 4600/4530/5510 4724/4654/5634
f 4725/4655/5635 4601/4531/5511 4603/4533/5513
f 4726/4656/5636 4721/4651/5631 4724/4654/5634
f 4725/4655/5635 4722/4652/5632 4727/4657/5637
f 4600/4530/5510 4597/4527/5507 4728/4658/5638
f 4599/4529/5509 4601/4531/5511 4725/4655/5635
f 4729/4659/5639 4730/4660/5640 4724/4654/5634
f 4725/4655/5635 4731/4661/5641 4732/4662/5642
f 4728/4658/5638 4597/4527/5507 4596/4526/5506
f 4598/4528/5508 4599/4529/5509 4733/4663/5643
f 4734/4664/5644 4729/4659/5639 4728/4658/5638
f 4733/4663/5643 4732/4662/5642 4735/4665/5645
f 4736/4666/5646 4596/4526/5506 4594/4524/5504
f 4595/4525/5505 4598/4528/5508 4737/4667/5647
f 4738/4668/5648 4734/4664/5644 4736/4666/5646
f 4737/4667/5647 4735/4665/5645 4739/4669/5649
f 4740/4670/5650 4594/4524/5504 4741/4671/5651
f 4741/4671/5651 4595/4525/5505 4742/4672/5652
f 4743/4673/5653 4738/4668/5648 4740/4670/5650
f 4742/4672/5652 4739/4669/5649 4743/4673/5653
f 4538/4468/5448 4588/4518/5498 4536/4466/5446
f 4541/4471/5451 4591/4521/5501 4539/4469/5449
f 4543/4473/5453 4538/4468/5448 4537/4467/5447
f 4539/4469/5449 4547/4477/5457 4544/4474/5454
f 4545/4475/5455 4582/4512/5492 4543/4473/5453
f 4547/4477/5457 4584/4514/5494 4546/4476/5456
f 4549/4479/5459 4582/4512/5492 4545/4475/5455
f 4546/4476/5456 4584/4514/5494 4550/4480/5460
f 4548/4478/5458 4555/4485/5465 4552/4482/5462
f 4553/4483/5463 4556/4486/5466 4551/4481/5461
f 4555/4485/5465 4558/4488/5468 4554/4484/5464
f 4557/4487/5467 4560/4490/5470 4556/4486/5466
f 4559/4489/5469 4562/4492/5472 4554/4484/5464
f 4561/4491/5471 4565/4495/5475 4560/4490/5470
f 4563/4493/5473 4566/4496/5476 4562/4492/5472
f 4561/4491/5471 4569/4499/5479 4564/4494/5474
f 4567/4497/5477 4572/4502/5482 4566/4496/5476
f 4569/4499/5479 4570/4500/5480 4568/4498/5478
f 4571/4501/5481 4632/4562/5542 4568/4498/5478
f 4567/4497/5477 4632/4562/5542 4571/4501/5481
f 4574/4504/5484 4571/4501/5481 4570/4500/5480
f 4571/4501/5481 4574/4504/5484 4575/4505/5485
f 4576/4506/5486 4578/4508/5488 4554/4484/5464
f 4557/4487/5467 4579/4509/5489 4577/4507/5487
f 4578/4508/5488 4580/4510/5490 4552/4482/5462
f 4553/4483/5463 4581/4511/5491 4579/4509/5489
f 4580/4510/5490 4583/4513/5493 4549/4479/5459
f 4550/4480/5460 4604/4534/5514 4581/4511/5491
f 4583/4513/5493 4609/4539/5519 4582/4512/5492
f 4585/4515/5495 4604/4534/5514 4550/4480/5460
f 4582/4512/5492 4609/4539/5519 4586/4516/5496
f 4587/4517/5497 4585/4515/5495 4584/4514/5494
f 4586/4516/5496 4589/4519/5499 4538/4468/5448
f 4539/4469/5449 4590/4520/5500 4587/4517/5497
f 4589/4519/5499 4612/4542/5522 4588/4518/5498
f 4591/4521/5501 4615/4545/5525 4590/4520/5500
f 4562/4492/5472 4566/4496/5476 4592/4522/5502
f 4575/4505/5485 4592/4522/5502 4566/4496/5476
f 4593/4523/5503 4569/4499/5479 4561/4491/5471
f 4593/4523/5503 4573/4503/5483 4570/4500/5480
f 4574/4504/5484 4741/4671/5651 4594/4524/5504
f 4595/4525/5505 4741/4671/5651 4574/4504/5484
f 4594/4524/5504 4596/4526/5506 4592/4522/5502
f 4593/4523/5503 4598/4528/5508 4595/4525/5505
f 4597/4527/5507 4576/4506/5486 4592/4522/5502
f 4577/4507/5487 4599/4529/5509 4598/4528/5508
f 4597/4527/5507 4600/4530/5510 4578/4508/5488
f 4579/4509/5489 4601/4531/5511 4599/4529/5509
f 4600/4530/5510 4602/4532/5512 4580/4510/5490
f 4581/4511/5491 4603/4533/5513 4601/4531/5511
f 4602/4532/5512 4605/4535/5515 4583/4513/5493
f 4604/4534/5514 4608/4538/5518 4603/4533/5513
f 4606/4536/5516 4609/4539/5519 4583/4513/5493
f 4604/4534/5514 4585/4515/5495 4607/4537/5517
f 4610/4540/5520 4586/4516/5496 4609/4539/5519
f 4585/4515/5495 4587/4517/5497 4611/4541/5521
f 4610/4540/5520 4613/4543/5523 4589/4519/5499
f 4590/4520/5500 4614/4544/5524 4611/4541/5521
f 4613/4543/5523 4700/4630/5610 4612/4542/5522
f 4615/4545/5525 4703/4633/5613 4614/4544/5524
f 4617/4547/5527 4546/4476/5456 4551/4481/5461
f 4545/4475/5455 4621/4551/5531 4618/4548/5528
f 4619/4549/5529 4544/4474/5454 4546/4476/5456
f 4545/4475/5455 4542/4472/5452 4620/4550/5530
f 4619/4549/5529 4622/4552/5532 4540/4470/5450
f 4537/4467/5447 4624/4554/5534 4620/4550/5530
f 4623/4553/5533 4541/4471/5451 4540/4470/5450
f 4536/4466/5446 4637/4567/5547 4624/4554/5534
f 4625/4555/5535 4616/4546/5526 4551/4481/5461
f 4548/4478/5458 4618/4548/5528 4626/4556/5536
f 4560/4490/5470 4647/4577/5557 4625/4555/5535
f 4626/4556/5536 4648/4578/5558 4558/4488/5468
f 4627/4557/5537 4647/4577/5557 4560/4490/5470
f 4558/4488/5468 4648/4578/5558 4628/4558/5538
f 4564/4494/5474 4629/4559/5539 4627/4557/5537
f 4628/4558/5538 4630/4560/5540 4563/4493/5473
f 4568/4498/5478 4631/4561/5541 4629/4559/5539
f 4630/4560/5540 4633/4563/5543 4567/4497/5477
f 4632/4562/5542 4634/4564/5544 4631/4561/5541
f 4634/4564/5544 4632/4562/5542 4567/4497/5477
f 4635/4565/5545 4656/4586/5566 4623/4553/5533
f 4637/4567/5547 4657/4587/5567 4636/4566/5546
f 4638/4568/5548 4635/4565/5545 4622/4552/5532
f 4624/4554/5534 4636/4566/5546 4639/4569/5549
f 4617/4547/5527 4640/4570/5550 4638/4568/5548
f 4639/4569/5549 4641/4571/5551 4621/4551/5531
f 4616/4546/5526 4670/4600/5580 4640/4570/5550
f 4641/4571/5551 4671/4601/5581 4618/4548/5528
f 4642/4572/5552 4670/4600/5580 4616/4546/5526
f 4618/4548/5528 4671/4601/5581 4643/4573/5553
f 4625/4555/5535 4647/4577/5557 4644/4574/5554
f 4645/4575/5555 4648/4578/5558 4626/4556/5536
f 4647/4577/5557 4627/4557/5537 4646/4576/5556
f 4649/4579/5559 4628/4558/5538 4648/4578/5558
f 4627/4557/5537 4629/4559/5539 4650/4580/5560
f 4651/4581/5561 4630/4560/5540 4628/4558/5538
f 4631/4561/5541 4653/4583/5563 4650/4580/5560
f 4651/4581/5561 4652/4582/5562 4633/4563/5543
f 4652/4582/5562 4696/4626/5606 4634/4564/5544
f 4634/4564/5544 4696/4626/5606 4653/4583/5563
f 4656/4586/5566 4635/4565/5545 4654/4584/5564
f 4659/4589/5569 4636/4566/5546 4657/4587/5567
f 4654/4584/5564 4663/4593/5573 4660/4590/5570
f 4661/4591/5571 4664/4594/5574 4659/4589/5569
f 4638/4568/5548 4666/4596/5576 4654/4584/5564
f 4659/4589/5569 4667/4597/5577 4639/4569/5549
f 4654/4584/5564 4666/4596/5576 4662/4592/5572
f 4665/4595/5575 4667/4597/5577 4659/4589/5569
f 4640/4570/5550 4668/4598/5578 4666/4596/5576
f 4667/4597/5577 4669/4599/5579 4641/4571/5551
f 4668/4598/5578 4672/4602/5582 4662/4592/5572
f 4665/4595/5575 4675/4605/5585 4669/4599/5579
f 4670/4600/5580 4673/4603/5583 4668/4598/5578
f 4669/4599/5579 4674/4604/5584 4671/4601/5581
f 4673/4603/5583 4678/4608/5588 4672/4602/5582
f 4675/4605/5585 4679/4609/5589 4674/4604/5584
f 4670/4600/5580 4642/4572/5552 4676/4606/5586
f 4677/4607/5587 4643/4573/5553 4671/4601/5581
f 4676/4606/5586 4682/4612/5592 4678/4608/5588
f 4679/4609/5589 4683/4613/5593 4677/4607/5587
f 4642/4572/5552 4644/4574/5554 4680/4610/5590
f 4681/4611/5591 4645/4575/5555 4643/4573/5553
f 4680/4610/5590 4687/4617/5597 4682/4612/5592
f 4683/4613/5593 4688/4618/5598 4681/4611/5591
f 4644/4574/5554 4646/4576/5556 4684/4614/5594
f 4685/4615/5595 4649/4579/5559 4645/4575/5555
f 4680/4610/5590 4684/4614/5594 4686/4616/5596
f 4689/4619/5599 4685/4615/5595 4681/4611/5591
f 4650/4580/5560 4690/4620/5600 4684/4614/5594
f 4685/4615/5595 4691/4621/5601 4651/4581/5561
f 4690/4620/5600 4694/4624/5604 4686/4616/5596
f 4689/4619/5599 4695/4625/5605 4691/4621/5601
f 4650/4580/5560 4653/4583/5563 4692/4622/5602
f 4693/4623/5603 4652/4582/5562 4651/4581/5561
f 4692/4622/5602 4697/4627/5607 4694/4624/5604
f 4695/4625/5605 4699/4629/5609 4693/4623/5603
f 4693/4623/5603 4698/4628/5608 4696/4626/5606
f 4696/4626/5606 4698/4628/5608 4692/4622/5602
f 4698/4628/5608 4744/4674/5654 4697/4627/5607
f 4699/4629/5609 4744/4674/5654 4698/4628/5608
f 4701/4631/5611 4705/4635/5615 4700/4630/5610
f 4703/4633/5613 4706/4636/5616 4702/4632/5612
f 4701/4631/5611 4710/4640/5620 4704/4634/5614
f 4707/4637/5617 4711/4641/5621 4702/4632/5612
f 4708/4638/5618 4701/4631/5611 4613/4543/5523
f 4614/4544/5524 4702/4632/5612 4709/4639/5619
f 4708/4638/5618 4713/4643/5623 4710/4640/5620
f 4711/4641/5621 4714/4644/5624 4709/4639/5619
f 4606/4536/5516 4716/4646/5626 4708/4638/5618
f 4709/4639/5619 4717/4647/5627 4607/4537/5517
f 4708/4638/5618 4716/4646/5626 4712/4642/5622
f 4715/4645/5625 4717/4647/5627 4709/4639/5619
f 4605/4535/5515 4718/4648/5628 4716/4646/5626
f 4717/4647/5627 4719/4649/5629 4608/4538/5518
f 4718/4648/5628 4720/4650/5630 4712/4642/5622
f 4715/4645/5625 4723/4653/5633 4719/4649/5629
f 4602/4532/5512 4721/4651/5631 4718/4648/5628
f 4719/4649/5629 4722/4652/5632 4603/4533/5513
f 4721/4651/5631 4726/4656/5636 4720/4650/5630
f 4723/4653/5633 4727/4657/5637 4722/4652/5632
f 4724/4654/5634 4721/4651/5631 4602/4532/5512
f 4603/4533/5513 4722/4652/5632 4725/4655/5635
f 4724/4654/5634 4730/4660/5640 4726/4656/5636
f 4727/4657/5637 4731/4661/5641 4725/4655/5635
f 4728/4658/5638 4724/4654/5634 4600/4530/5510
f 4725/4655/5635 4733/4663/5643 4599/4529/5509
f 4724/4654/5634 4728/4658/5638 4729/4659/5639
f 4732/4662/5642 4733/4663/5643 4725/4655/5635
f 4596/4526/5506 4736/4666/5646 4728/4658/5638
f 4733/4663/5643 4737/4667/5647 4598/4528/5508
f 4728/4658/5638 4736/4666/5646 4734/4664/5644
f 4735/4665/5645 4737/4667/5647 4733/4663/5643
f 4594/4524/5504 4740/4670/5650 4736/4666/5646
f 4737/4667/5647 4742/4672/5652 4595/4525/5505
f 4736/4666/5646 4740/4670/5650 4738/4668/5648
f 4739/4669/5649 4742/4672/5652 4737/4667/5647
f 4741/4671/5651 4745/4675/5655 4740/4670/5650
f 4742/4672/5652 4745/4675/5655 4741/4671/5651
f 4740/4670/5650 4745/4675/5655 4743/4673/5653
f 4743/4673/5653 4745/4675/5655 4742/4672/5652
f 4746/4676/5656 4747/4677/5657 4748/4678/5658
f 4749/4679/5659 4750/4680/5659 4751/4681/5658
f 4750/4682/5660 4749/4683/5661 4752/4684/5662
f 4752/4685/5662 4749/4686/5661 4753/4687/5663
f 4750/4682/5660 4754/4688/5664 4755/4689/5665
f 4756/4690/5666 4753/4687/5663 4749/4686/5661
f 4750/4691/5660 4755/4692/5665 4757/4693/5667
f 4758/4694/5668 4756/4695/5666 4748/4696/5669
f 4751/4697/5670 4757/4693/5667 4759/4698/5671
f 4760/4699/5672 4758/4694/5668 4748/4696/5669
f 4751/4700/5670 4759/4701/5671 4761/4702/5673
f 4762/4703/5674 4760/4704/5672 4747/4705/5675
f 4746/4706/5676 4761/4702/5673 4763/4707/5677
f 4762/4703/5674 4747/4705/5675 4746/4708/5676
f 4762/4703/5674 4763/4709/5677 4764/4710/5678
f 4760/4704/5672 4762/4703/5674 4765/4711/5679
f 4764/4710/5678 4763/4707/5677 4761/4702/5673
f 4758/4694/5668 4760/4699/5672 4766/4712/5680
f 4767/4713/5681 4761/4702/5673 4759/4701/5671
f 4756/4695/5666 4758/4694/5668 4768/4714/5682
f 4759/4698/5671 4757/4693/5667 4769/4715/5683
f 4753/4687/5663 4756/4690/5666 4770/4716/5684
f 4769/4715/5683 4757/4693/5667 4755/4692/5665
f 4753/4687/5663 4771/4717/5685 4772/4718/5686
f 4773/4719/5687 4754/4688/5664 4752/4684/5662
f 4755/4689/5665 4754/4688/5664 4773/4719/5687
f 4774/4720/5688 4771/4717/5685 4770/4716/5684
f 4769/4715/5683 4775/4721/5689 4776/4722/5690
f 4777/4723/5691 4770/4716/5684 4768/4714/5682
f 4778/4724/5692 4769/4715/5683 4779/4725/5693
f 4780/4726/5694 4768/4714/5682 4766/4712/5680
f 4767/4713/5681 4778/4724/5692 4781/4727/5695
f 4782/4728/5696 4766/4712/5680 4765/4711/5679
f 4765/4711/5679 4764/4710/5678 4783/4729/5697
f 4764/4710/5678 4767/4713/5681 4784/4730/5698
f 4773/4719/5687 4772/4718/5686 4785/4731/5699
f 4786/4732/5700 4776/4722/5690 4775/4721/5689
f 4771/4717/5685 4774/4720/5688 4785/4731/5699
f 4776/4722/5690 4786/4732/5700 4787/4733/5701
f 4786/4732/5700 4785/4731/5699 4788/4734/5702
f 4779/4725/5693 4776/4722/5690 4789/4735/5703
f 4790/4736/5704 4791/4737/5705 4777/4723/5691
f 4779/4725/5693 4792/4738/5706 4793/4739/5707
f 4794/4740/5708 4790/4736/5704 4780/4726/5694
f 4781/4727/5695 4793/4739/5707 4795/4741/5709
f 4796/4742/5710 4794/4740/5708 4782/4728/5696
f 4784/4730/5698 4795/4741/5709 4797/4743/5711
f 4798/4744/5712 4783/4729/5697 4797/4743/5711
f 4787/4733/5701 4788/4734/5702 4799/4745/5713
f 4800/4746/5714 4789/4735/5703 4787/4733/5701
f 4801/4747/5715 4792/4738/5706 4789/4735/5703
f 4793/4739/5707 4792/4738/5706 4801/4747/5715
f 4795/4741/5709 4793/4739/5707 4802/4748/5716
f 4803/4749/5717 4774/4720/5688 4777/4723/5691
f 4788/4734/5702 4785/4731/5699 4774/4720/5688
f 4804/4750/5718 4799/4745/5713 4788/4734/5702
f 4797/4743/5711 4795/4741/5709 4805/4751/5719
f 4796/4742/5710 4797/4743/5711 4806/4752/5720
f 4807/4753/5721 4794/4740/5708 4796/4742/5710
f 4808/4754/5722 4790/4736/5704 4794/4740/5708
f 4791/4737/5705 4790/4736/5704 4808/4754/5722
f 4803/4749/5717 4791/4737/5705 4809/4755/5723
f 4810/4756/5724 4799/4757/5725 4811/4758/5726
f 4812/4759/5727 4811/4758/5726 4799/4757/5725
f 4804/4760/5728 4809/4761/5729 4813/4762/5730
f 4809/4761/5729 4808/4763/5731 4814/4764/5732
f 4808/4763/5731 4807/4765/5733 4815/4766/5734
f 4815/4767/5734 4807/4768/5733 4816/4769/5735
f 4816/4769/5735 4806/4770/5736 4817/4771/5737
f 4806/4770/5736 4805/4772/5738 4818/4773/5739
f 4805/4772/5738 4802/4774/5740 4819/4775/5741
f 4802/4774/5740 4801/4776/5742 4820/4777/5743
f 4820/4777/5743 4801/4776/5742 4800/4778/5744
f 4810/4756/5724 4821/4779/5745 4822/4780/5746
f 4823/4781/5747 4822/4782/5748 4821/4783/5749
f 4824/4784/5750 4825/4785/5751 4821/4783/5749
f 4826/4786/5752 4824/4784/5750 4811/4787/5753
f 4827/4788/5754 4820/4789/5755 4822/4782/5748
f 4828/4790/5756 4819/4791/5757 4820/4789/5755
f 4829/4792/5758 4818/4793/5759 4819/4791/5757
f 4830/4794/5760 4817/4795/5761 4818/4793/5759
f 4831/4796/5762 4826/4786/5752 4812/4797/5763
f 4832/4798/5764 4831/4796/5762 4813/4799/5765
f 4833/4800/5766 4826/4786/5752 4831/4796/5762
f 4834/4801/5767 4832/4798/5764 4814/4802/5768
f 4833/4800/5766 4825/4785/5751 4824/4784/5750
f 4828/4790/5756 4827/4788/5754 4833/4800/5766
f 4833/4800/5766 4831/4796/5762 4832/4798/5764
f 4835/4803/5769 4834/4801/5767 4815/4804/5770
f 4833/4800/5766 4834/4801/5767 4835/4803/5769
f 4835/4803/5769 4836/4805/5771 4817/4795/5761
f 4835/4803/5769 4830/4794/5760 4833/4800/5766
f 4827/4788/5754 4823/4781/5747 4833/4800/5766
f 4833/4800/5766 4823/4781/5747 4825/4785/5751
f 4833/4800/5766 4824/4784/5750 4826/4786/5752
f 4829/4792/5758 4828/4790/5756 4833/4800/5766
f 4830/4794/5760 4829/4792/5758 4833/4800/5766
f 4833/4800/5766 4832/4798/5764 4834/4801/5767
f 4748/4678/5658 4751/4681/5658 4746/4676/5656
f 4751/4681/5658 4748/4678/5658 4749/4679/5659
f 4752/4684/5662 4754/4688/5664 4750/4682/5660
f 4749/4686/5661 4748/4806/5669 4756/4690/5666
f 4757/4693/5667 4751/4697/5670 4750/4691/5660
f 4748/4696/5669 4747/4807/5675 4760/4699/5672
f 4761/4702/5673 4746/4706/5676 4751/4700/5670
f 4746/4708/5676 4763/4709/5677 4762/4703/5674
f 4764/4710/5678 4765/4711/5679 4762/4703/5674
f 4765/4711/5679 4766/4712/5680 4760/4704/5672
f 4761/4702/5673 4767/4713/5681 4764/4710/5678
f 4766/4712/5680 4768/4714/5682 4758/4694/5668
f 4759/4701/5671 4778/4724/5692 4767/4713/5681
f 4768/4714/5682 4770/4716/5684 4756/4695/5666
f 4769/4715/5683 4778/4724/5692 4759/4698/5671
f 4770/4716/5684 4771/4717/5685 4753/4687/5663
f 4755/4692/5665 4775/4721/5689 4769/4715/5683
f 4772/4718/5686 4752/4685/5662 4753/4687/5663
f 4752/4684/5662 4772/4718/5686 4773/4719/5687
f 4773/4719/5687 4775/4721/5689 4755/4689/5665
f 4770/4716/5684 4777/4723/5691 4774/4720/5688
f 4776/4722/5690 4779/4725/5693 4769/4715/5683
f 4768/4714/5682 4780/4726/5694 4777/4723/5691
f 4779/4725/5693 4781/4727/5695 4778/4724/5692
f 4766/4712/5680 4782/4728/5696 4780/4726/5694
f 4781/4727/5695 4784/4730/5698 4767/4713/5681
f 4765/4711/5679 4798/4744/5712 4782/4728/5696
f 4783/4729/5697 4798/4744/5712 4765/4711/5679
f 4784/4730/5698 4783/4729/5697 4764/4710/5678
f 4785/4731/5699 4786/4732/5700 4773/4719/5687
f 4775/4721/5689 4773/4719/5687 4786/4732/5700
f 4785/4731/5699 4772/4718/5686 4771/4717/5685
f 4787/4733/5701 4789/4735/5703 4776/4722/5690
f 4788/4734/5702 4787/4733/5701 4786/4732/5700
f 4789/4735/5703 4792/4738/5706 4779/4725/5693
f 4777/4723/5691 4780/4726/5694 4790/4736/5704
f 4793/4739/5707 4781/4727/5695 4779/4725/5693
f 4780/4726/5694 4782/4728/5696 4794/4740/5708
f 4795/4741/5709 4784/4730/5698 4781/4727/5695
f 4782/4728/5696 4798/4744/5712 4796/4742/5710
f 4797/4743/5711 4783/4729/5697 4784/4730/5698
f 4797/4743/5711 4796/4742/5710 4798/4744/5712
f 4799/4745/5713 4810/4808/5772 4787/4733/5701
f 4787/4733/5701 4810/4808/5772 4800/4746/5714
f 4789/4735/5703 4800/4746/5714 4801/4747/5715
f 4801/4747/5715 4802/4748/5716 4793/4739/5707
f 4802/4748/5716 4805/4751/5719 4795/4741/5709
f 4777/4723/5691 4791/4737/5705 4803/4749/5717
f 4774/4720/5688 4803/4749/5717 4788/4734/5702
f 4788/4734/5702 4803/4749/5717 4804/4750/5718
f 4805/4751/5719 4806/4752/5720 4797/4743/5711
f 4806/4752/5720 4816/4809/5773 4796/4742/5710
f 4796/4742/5710 4816/4809/5773 4807/4753/5721
f 4794/4740/5708 4807/4753/5721 4808/4754/5722
f 4808/4754/5722 4809/4755/5723 4791/4737/5705
f 4809/4755/5723 4804/4750/5718 4803/4749/5717
f 4811/4758/5726 4821/4779/5745 4810/4756/5724
f 4799/4757/5725 4804/4760/5728 4812/4759/5727
f 4813/4762/5730 4812/4759/5727 4804/4760/5728
f 4814/4764/5732 4813/4762/5730 4809/4761/5729
f 4815/4766/5734 4814/4764/5732 4808/4763/5731
f 4816/4769/5735 4836/4810/5774 4815/4767/5734
f 4817/4771/5737 4836/4810/5774 4816/4769/5735
f 4818/4773/5739 4817/4771/5737 4806/4770/5736
f 4819/4775/5741 4818/4773/5739 4805/4772/5738
f 4820/4777/5743 4819/4775/5741 4802/4774/5740
f 4800/4778/5744 4822/4780/5746 4820/4777/5743
f 4822/4780/5746 4800/4778/5744 4810/4756/5724
f 4821/4783/5749 4825/4785/5751 4823/4781/5747
f 4821/4783/5749 4811/4787/5753 4824/4784/5750
f 4811/4787/5753 4812/4797/5763 4826/4786/5752
f 4822/4782/5748 4823/4781/5747 4827/4788/5754
f 4820/4789/5755 4827/4788/5754 4828/4790/5756
f 4819/4791/5757 4828/4790/5756 4829/4792/5758
f 4818/4793/5759 4829/4792/5758 4830/4794/5760
f 4812/4797/5763 4813/4799/5765 4831/4796/5762
f 4813/4799/5765 4814/4802/5768 4832/4798/5764
f 4814/4802/5768 4815/4804/5770 4834/4801/5767
f 4815/4804/5770 4836/4805/5771 4835/4803/5769
f 4817/4795/5761 4830/4794/5760 4835/4803/5769
f 4848/4811/5775 4842/4812/5776 4858/4813/5777
f 4860/4814/5778 4848/4811/5775 4872/4815/5779
f 4860/4814/5778 4861/4816/5780 4862/4817/5781
f 4862/4817/5781 4861/4816/5780 4873/4818/5782
f 4873/4818/5782 4861/4816/5780 4872/4815/5779
f 4872/4815/5779 4848/4811/5775 4857/4819/5783
f 4894/4820/1656 4896/4821/5784 4872/4815/5779
f 4849/4822/5785 4847/4823/5786 4862/4817/5781
f 4863/4824/5787 4862/4817/5781 4874/4825/5788
f 4849/4822/5785 4863/4824/5787 4864/4826/5789
f 4863/4824/5787 4877/4827/5790 4879/4828/5791
f 4846/4829/5792 4864/4826/5789 4865/4830/5793
f 4865/4830/5793 4864/4826/5789 4879/4828/5791
f 4869/4831/5794 4868/4832/5795 4888/4833/5796
f 4856/4834/5797 4869/4831/5794 4870/4835/5798
f 4870/4835/5798 4869/4831/5794 4890/4836/5799
f 4857/4819/5783 4843/4837/5800 4870/4835/5798
f 4892/4838/5801 4894/4820/1656 4871/4839/5802
f 4890/4840/5803 4889/4841/5804 4891/4842/5805
f 4892/4843/5806 4891/4842/5805 4893/4844/5807
f 4894/4845/5808 4893/4844/5807 4895/4846/5809
f 4876/4847/5810 4874/4848/5811 4873/4849/5812
f 4874/4848/5811 4876/4847/5810 4878/4850/5813
f 4877/4851/5814 4878/4850/5813 4880/4852/5815
f 4881/4853/5816 4879/4854/5817 4880/4852/5815
f 4881/4855/5816 4882/4856/5818 4884/4857/5819
f 4885/4858/5820 4883/4859/5821 4884/4857/5819
f 4885/4858/5820 4886/4860/5822 4887/4861/5823
f 4889/4841/5804 4890/4840/5803 4888/4862/5824
f 4904/4863/5825 4880/4852/5815 4878/4850/5813
f 4878/4850/5813 4876/4847/5810 4902/4864/5826
f 4895/4846/5809 4893/4844/5807 4899/4865/5827
f 4899/4865/5827 4893/4844/5807 4891/4842/5805
f 4891/4842/5805 4889/4841/5804 4897/4866/5828
f 4889/4841/5804 4887/4861/5823 4908/4867/5829
f 4908/4867/5829 4887/4861/5823 4886/4860/5822
f 4886/4860/5822 4884/4857/5819 4906/4868/5830
f 4906/4868/5830 4884/4857/5819 4882/4856/5818
f 4880/4852/5815 4904/4863/5825 4905/4869/5831
f 4875/4870/5832 4873/4849/5812 4896/4871/5833
f 4901/4872/5834 4902/4864/5826 4876/4847/5810
f 4875/4870/5832 4895/4846/5809 4900/4873/5835
f 4901/4872/5834 4900/4873/5835 4913/4874/5836
f 4903/4875/5837 4902/4864/5826 4911/4876/5838
f 4920/4877/5839 4905/4869/5831 4904/4863/5825
f 4918/4878/5840 4907/4879/5841 4906/4868/5830
f 4897/4866/5828 4908/4867/5829 4917/4880/5842
f 4914/4881/5843 4899/4865/5827 4898/4882/5844
f 4913/4874/5836 4900/4873/5835 4899/4865/5827
f 4915/4883/5845 4898/4882/5844 4897/4866/5828
f 4908/4867/5829 4907/4879/5841 4918/4878/5840
f 4919/4884/5846 4906/4868/5830 4905/4885/5831
f 4909/4886/5847 4904/4863/5825 4903/4875/5837
f 4911/4876/5838 4902/4864/5826 4901/4872/5834
f 4914/4881/5843 4921/4887/5848 4922/4888/5849
f 4912/4889/5850 4913/4874/5836 4933/4890/5851
f 4912/4889/5850 4923/4891/5852 4924/4892/5853
f 4910/4893/5854 4925/4894/5855 4926/4895/5856
f 4920/4877/5839 4909/4886/5847 4937/4896/5857
f 4920/4897/5839 4927/4898/5858 4928/4899/5859
f 4918/4878/5840 4929/4900/5860 4930/4901/5861
f 4916/4902/5862 4931/4903/5863 4932/4904/5864
f 4913/4874/5836 4922/4888/5849 4933/4890/5851
f 4915/4883/5845 4932/4904/5864 4934/4905/5865
f 4934/4905/5865 4921/4887/5848 4914/4881/5843
f 4917/4880/5842 4930/4901/5861 4935/4906/5866
f 4935/4906/5866 4931/4903/5863 4916/4902/5862
f 4919/4884/5846 4928/4899/5859 4936/4907/5867
f 4936/4907/5867 4929/4900/5860 4918/4878/5840
f 4909/4886/5847 4926/4895/5856 4937/4896/5857
f 4911/4876/5838 4924/4892/5853 4938/4908/5868
f 4938/4908/5868 4925/4894/5855 4910/4893/5854
f 4942/4909/5869 4924/4910/5870 4923/4911/5871
f 4993/4912/5872 4958/4913/5873 4959/4914/5874
f 4956/4915/5875 4938/4916/5876 4924/4910/5870
f 4956/4915/5875 4942/4909/5869 4994/4917/5877
f 4995/4918/5878 4994/4917/5877 4959/4914/5874
f 4943/4919/5879 4925/4920/5880 4938/4916/5876
f 4943/4919/5879 4956/4915/5875 4995/4918/5878
f 4995/4918/5878 4960/4921/5881 4961/4922/5882
f 4944/4923/5883 4926/4924/5884 4925/4920/5880
f 4944/4923/5883 4943/4919/5879 4996/4925/5885
f 4997/4926/5886 4996/4925/5885 4961/4922/5882
f 4955/4927/5887 4937/4928/5888 4926/4929/5884
f 4955/4927/5887 4944/4930/5883 4997/4931/5886
f 4998/4932/5889 4997/4931/5886 4962/4933/5890
f 4945/4934/5891 4927/4935/5892 4937/4928/5888
f 4945/4934/5891 4955/4927/5887 4998/4932/5889
f 4999/4936/5893 4998/4932/5889 4963/4937/5894
f 4928/4938/5895 4927/4935/5892 4945/4934/5891
f 4946/4939/5896 4945/4934/5891 4999/4936/5893
f 5000/4940/5897 4999/4936/5893 4964/4941/5898
f 4936/4942/5899 4928/4938/5895 4946/4939/5896
f 4954/4943/5900 4946/4939/5896 5000/4940/5897
f 5001/4944/5901 5000/4940/5897 4965/4945/5902
f 4947/4946/5903 4929/4947/5904 4936/4942/5899
f 4947/4946/5903 4954/4943/5900 5001/4944/5901
f 5001/4944/5901 4966/4948/5905 4967/4949/5906
f 4948/4950/5907 4930/4951/5908 4929/4947/5904
f 4948/4950/5907 4947/4946/5903 5002/4952/5909
f 5002/4952/5909 4967/4949/5906 4968/4953/5910
f 4953/4954/5911 4935/4955/5912 4930/4951/5908
f 4953/4954/5911 4948/4950/5907 5003/4956/5913
f 5003/4956/5913 4968/4953/5910 4969/4957/5914
f 4931/4958/5915 4935/4955/5912 4953/4954/5911
f 4949/4959/5916 4953/4954/5911 5004/4960/5917
f 5005/4961/5918 5004/4960/5917 4969/4957/5914
f 4932/4962/5919 4931/4958/5915 4949/4959/5916
f 4950/4963/5920 4949/4959/5916 5005/4961/5918
f 5006/4964/5921 5005/4961/5918 4970/4965/5922
f 4934/4966/5923 4932/4962/5919 4950/4963/5920
f 4952/4967/5924 4950/4963/5920 5006/4964/5921
f 5007/4968/5925 5006/4964/5921 4971/4969/5926
f 4939/4970/5927 4921/4971/5928 4934/4966/5923
f 4939/4970/5927 4952/4967/5924 5007/4968/5925
f 5007/4968/5925 4972/4972/5929 4973/4973/5930
f 4940/4974/5931 4922/4975/5932 4921/4971/5928
f 4940/4974/5931 4939/4970/5927 5008/4976/5933
f 5009/4977/5934 5008/4976/5933 4973/4973/5930
f 4933/4978/5935 4922/4975/5932 4940/4974/5931
f 4941/4979/5936 4923/4911/5871 4933/4978/5935
f 4942/4909/5869 4941/4979/5936 4993/4912/5872
f 4941/4979/5936 4951/4980/5937 5010/4981/5938
f 5010/4981/5938 4957/4982/5939 4958/4913/5873
f 4951/4980/5937 4940/4974/5931 5009/4977/5934
f 5010/4981/5938 5009/4977/5934 4974/4983/5940
f 4990/4984/5941 4958/4985/5942 4957/4986/5943
f 4961/4987/5944 4960/4988/5945 4988/4989/5946
f 4970/4990/5947 4969/4991/5948 4979/4992/5949
f 4975/4993/5950 4973/4994/5951 4972/4995/5952
f 4982/4996/5953 4981/4997/5954 4967/4998/5955
f 4966/4999/5956 4965/5000/5957 4983/5001/5958
f 4976/5002/5959 4972/4995/5952 4971/5003/5960
f 5022/5004/5961 4976/5002/5959 4977/5005/5962
f 4971/5003/5960 4970/4990/5947 4978/5006/5963
f 4978/5006/5963 5021/5007/5964 5073/5008/5965
f 5073/5008/5965 5022/5004/5961 4977/5005/5962
f 5021/5007/5964 5026/5009/5966 5072/5010/5967
f 5073/5008/5965 5072/5010/5967 5025/5011/5968
f 4975/4993/5950 4976/5002/5959 5022/5004/5961
f 5024/5012/5969 5011/5013/5970 5022/5004/5961
f 5024/5014/5971 5025/5015/5972 5038/5016/5973
f 5062/5017/5974 5036/5018/5975 5075/5019/5976
f 5075/5019/5976 5037/5020/5977 5061/5021/5978
f 5036/5018/5975 5023/5022/5979 5074/5023/5980
f 5075/5019/5976 5074/5024/5980 5024/5014/5971
f 5063/5025/5981 5035/5026/5982 5036/5018/5975
f 5023/5022/5979 5036/5018/5975 5035/5026/5982
f 4992/5027/5983 4974/5028/5984 4973/4994/5951
f 4991/5029/5985 4957/4986/5943 4974/5028/5984
f 5034/5030/5986 5013/5031/5987 5012/5032/5988
f 5011/5013/5970 5024/5012/5969 5074/5033/5989
f 5013/5031/5987 4990/4984/5941 4991/5029/5985
f 5012/5032/5988 4991/5029/5985 4992/5027/5983
f 5079/5034/5990 5074/5033/5989 5023/5035/5991
f 4992/5027/5983 4975/4993/5950 5011/5013/5970
f 4959/5036/5992 4958/4985/5942 4990/4984/5941
f 4988/4989/5946 4960/4988/5945 4959/5036/5992
f 5014/5037/5993 4988/4989/5946 4989/5038/5994
f 4990/4984/5941 5013/5031/5987 5080/5039/5995
f 5035/5026/5982 5063/5025/5981 5077/5040/5996
f 5046/5041/5997 5033/5042/5998 5078/5043/5999
f 5064/5044/6000 5046/5041/5997 5076/5045/6001
f 5034/5046/6002 5035/5026/5982 5076/5045/6001
f 5033/5047/6003 5014/5037/5993 5080/5039/5995
f 5013/5031/5987 5034/5030/5986 5078/5048/6004
f 5060/5049/6005 5048/5050/6006 5049/5051/6007
f 5037/5020/5977 5038/5016/5973 5060/5049/6005
f 5071/5052/6008 5038/5016/5973 5025/5015/5972
f 5026/5053/6009 5039/5054/6010 5071/5052/6008
f 5071/5052/6008 5039/5054/6010 5059/5055/6011
f 5071/5052/6008 5059/5055/6011 5081/5056/6012
f 5081/5056/6012 5060/5049/6005 5038/5016/5973
f 5059/5055/6011 5039/5054/6010 5040/5057/6013
f 5041/5058/6014 5069/5059/6015 5082/5060/6016
f 5039/5054/6010 5026/5053/6009 5027/5061/6017
f 5040/5057/6013 5027/5061/6017 5084/5062/6018
f 5028/5063/6019 5041/5058/6014 5083/5064/6020
f 5021/5007/5964 4978/5006/5963 4979/4992/5949
f 5019/5065/6021 4981/4997/5954 4982/4996/5953
f 5027/5066/6022 5026/5009/5966 5021/5007/5964
f 4980/5067/6023 4979/4992/5949 4969/4991/5948
f 5020/5068/6024 4979/4992/5949 4980/5067/6023
f 4968/5069/6025 4967/4998/5955 4981/4997/5954
f 4981/4997/5954 5019/5065/6021 5085/5070/6026
f 5085/5070/6026 5020/5068/6024 4980/5067/6023
f 5085/5070/6026 5019/5065/6021 5028/5071/6027
f 5084/5072/6028 5027/5066/6022 5020/5068/6024
f 5070/5073/6029 5040/5057/6013 5083/5064/6020
f 5068/5074/6030 5069/5059/6015 5041/5058/6014
f 5043/5075/6031 5067/5076/6032 5086/5077/6033
f 5041/5058/6014 5028/5063/6019 5029/5078/6034
f 5042/5079/6035 5029/5078/6034 5088/5080/6036
f 5043/5075/6031 5087/5081/6037 5088/5082/6036
f 5029/5083/6038 5028/5071/6027 5019/5065/6021
f 4982/4996/5953 4983/5001/5958 5018/5084/6039
f 4984/5085/6040 4983/5001/5958 4965/5000/5957
f 5018/5084/6039 4983/5001/5958 4984/5085/6040
f 4984/5085/6040 4964/5086/6041 4963/5087/6042
f 4984/5085/6040 4985/5088/6043 5017/5089/6044
f 4984/5085/6040 5017/5089/6044 5089/5090/6045
f 5089/5090/6045 5017/5089/6044 5030/5091/6046
f 5089/5090/6045 5088/5092/6047 5029/5083/6038
f 5086/5077/6033 5068/5074/6030 5042/5079/6035
f 5045/5093/6048 5046/5041/5997 5064/5044/6000
f 5066/5094/6049 5067/5076/6032 5043/5075/6031
f 5045/5093/6048 5065/5095/6050 5090/5096/6051
f 5032/5097/6052 5033/5042/5998 5046/5041/5997
f 5043/5075/6031 5030/5098/6053 5031/5099/6054
f 5044/5100/6055 5031/5099/6054 5092/5101/6056
f 5045/5093/6048 5091/5102/6057 5092/5103/6056
f 5030/5091/6046 5017/5089/6044 5016/5104/6058
f 4988/4989/5946 5014/5037/5993 5015/5105/6059
f 5014/5037/5993 5033/5047/6003 5032/5106/6060
f 5093/5107/6061 5092/5108/6062 5031/5109/6063
f 4985/5088/6043 4963/5087/6042 4962/5110/6064
f 5016/5104/6058 5017/5089/6044 4985/5088/6043
f 4986/5111/6065 4962/5110/6064 4961/4987/5944
f 4987/5112/6066 5015/5105/6059 5093/5107/6061
f 5093/5107/6061 5016/5104/6058 4986/5111/6065
f 5093/5107/6061 5015/5105/6059 5032/5106/6060
f 5055/5113/6067 5067/5076/6032 5066/5094/6049
f 5054/5114/6068 5066/5094/6049 5090/5096/6051
f 5090/5096/6051 5066/5094/6049 5044/5100/6055
f 5077/5040/5996 5063/5025/5981 5051/5115/6069
f 5058/5116/6070 5070/5073/6029 5082/5060/6016
f 5077/5040/5996 5051/5115/6069 5052/5117/6071
f 5051/5115/6069 5058/5116/6070 5057/5118/6072
f 5057/5118/6072 5058/5116/6070 5082/5060/6016
f 5070/5073/6029 5058/5116/6070 5047/5119/6073
f 5050/5120/6074 5049/5051/6007 5048/5050/6006
f 5048/5050/6006 5060/5049/6005 5081/5056/6012
f 5047/5119/6073 5058/5116/6070 5051/5115/6069
f 5081/5056/6012 5059/5055/6011 5047/5119/6073
f 5062/5017/5974 5061/5021/5978 5049/5051/6007
f 5050/5120/6074 5051/5115/6069 5063/5025/5981
f 5053/5121/6075 5054/5114/6068 5090/5096/6051
f 5056/5122/6076 5068/5074/6030 5086/5077/6033
f 5065/5095/6050 5064/5044/6000 5052/5117/6071
f 5052/5117/6071 5057/5118/6072 5056/5122/6076
f 5055/5113/6067 5054/5114/6068 5053/5121/6075
f 5086/5077/6033 5067/5076/6032 5055/5113/6067
f 5056/5122/6076 5057/5118/6072 5069/5059/6015
f 4845/5123/6077 4839/5124/6078 4840/5125/6079
f 4848/4811/5775 4860/4814/5778 4859/5126/6080
f 4846/4829/5792 4840/5127/6079 4850/5128/6081
f 4841/5129/6082 4847/4823/5786 4849/4822/5785
f 4856/4834/5797 4843/4837/5800 4837/5130/6083
f 4843/4837/5800 4857/4819/5783 4858/4813/5777
f 4847/4823/5786 4841/5131/6082 4859/5126/6080
f 4840/5132/6084 4839/5133/6085 5096/5134/6086
f 4837/5135/6087 4858/5136/6088 5104/5137/6089
f 4859/5138/6090 4841/5139/6091 5098/5140/6092
f 5102/5141/6093 5095/5142/6094 5105/5143/6095
f 4854/5144/6096 4838/5145/6097 5095/5142/6094
f 5099/5146/6098 4842/5147/6099 4859/5138/6090
f 4838/5145/6097 4855/5148/6100 5103/5149/6101
f 5104/5137/6089 4858/5136/6088 4842/5147/6099
f 5094/5150/6102 5104/5137/6089 5099/5146/6098
f 5105/5143/6095 5095/5142/6094 5103/5149/6101
f 4855/5148/6100 4837/5135/6087 5094/5150/6102
f 4841/5139/6091 4850/5151/6103 5100/5152/6104
f 5101/5153/6105 4851/5154/6106 4854/5144/6096
f 4850/5151/6103 4840/5132/6084 5097/5155/6107
f 5097/5155/6107 5096/5134/6086 5101/5153/6105
f 5102/5141/6093 5098/5140/6092 5100/5152/6104
f 5096/5134/6086 4839/5133/6085 4851/5154/6106
f 4885/5156/6108 4888/4833/5796 4868/4832/5795
f 4853/5157/6109 4854/5158/6110 4851/5159/6111
f 4865/4830/5793 4881/5160/6112 4883/5161/6113
f 4852/5162/6114 4851/5163/6111 4839/5124/6078
f 4845/5123/6077 4865/4830/5793 4866/5164/6115
f 4866/5164/6115 5107/5165/6116 4852/5162/6114
f 4883/5161/6113 4885/5156/6108 4867/5166/6117
f 4838/5167/6118 4854/5168/6110 4853/5157/6109
f 4856/4834/5797 4855/5169/6119 4838/5167/6118
f 4844/5170/6120 4853/5157/6109 5106/5171/6121
f 4869/4831/5794 4856/4834/5797 4844/5170/6120
f 4867/5166/6117 4868/4832/5795 4844/5170/6120
f 5106/5171/6121 4853/5157/6109 4852/5162/6114
f 5107/5165/6116 4866/5164/6115 4867/5166/6117
f 4858/4813/5777 4857/4819/5783 4848/4811/5775
f 4872/4815/5779 4861/4816/5780 4860/4814/5778
f 4862/4817/5781 4847/4823/5786 4860/4814/5778
f 4873/4818/5782 4874/4825/5788 4862/4817/5781
f 4872/4815/5779 4896/4821/5784 4873/4818/5782
f 4857/4819/5783 4871/4839/5802 4872/4815/5779
f 4872/4815/5779 4871/4839/5802 4894/4820/1656
f 4862/4817/5781 4863/4824/5787 4849/4822/5785
f 4874/4825/5788 4877/4827/5790 4863/4824/5787
f 4864/4826/5789 4846/4829/5792 4849/4822/5785
f 4879/4828/5791 4864/4826/5789 4863/4824/5787
f 4865/4830/5793 4845/5123/6077 4846/4829/5792
f 4879/4828/5791 4881/5160/6112 4865/4830/5793
f 4888/4833/5796 4890/4836/5799 4869/4831/5794
f 4870/4835/5798 4843/4837/5800 4856/4834/5797
f 4890/4836/5799 4892/4838/5801 4870/4835/5798
f 4870/4835/5798 4871/4839/5802 4857/4819/5783
f 4871/4839/5802 4870/4835/5798 4892/4838/5801
f 4891/4842/5805 4892/4843/5806 4890/4840/5803
f 4893/4844/5807 4894/4845/5808 4892/4843/5806
f 4895/4846/5809 4896/4871/5833 4894/4845/5808
f 4873/4849/5812 4875/4870/5832 4876/4847/5810
f 4878/4850/5813 4877/4851/5814 4874/4848/5811
f 4880/4852/5815 4879/4854/5817 4877/4851/5814
f 4880/4852/5815 4882/5172/5818 4881/4853/5816
f 4884/4857/5819 4883/4859/5821 4881/4855/5816
f 4884/4857/5819 4886/4860/5822 4885/4858/5820
f 4887/4861/5823 4888/4862/5824 4885/4858/5820
f 4888/4862/5824 4887/4861/5823 4889/4841/5804
f 4878/4850/5813 4903/4875/5837 4904/4863/5825
f 4902/4864/5826 4903/4875/5837 4878/4850/5813
f 4899/4865/5827 4900/4873/5835 4895/4846/5809
f 4891/4842/5805 4898/4882/5844 4899/4865/5827
f 4897/4866/5828 4898/4882/5844 4891/4842/5805
f 4908/4867/5829 4897/4866/5828 4889/4841/5804
f 4886/4860/5822 4907/4879/5841 4908/4867/5829
f 4906/4868/5830 4907/4879/5841 4886/4860/5822
f 4882/4856/5818 4905/4885/5831 4906/4868/5830
f 4905/4869/5831 4882/5172/5818 4880/4852/5815
f 4896/4871/5833 4895/4846/5809 4875/4870/5832
f 4876/4847/5810 4875/4870/5832 4901/4872/5834
f 4900/4873/5835 4901/4872/5834 4875/4870/5832
f 4913/4874/5836 4912/4889/5850 4901/4872/5834
f 4911/4876/5838 4910/4893/5854 4903/4875/5837
f 4904/4863/5825 4909/4886/5847 4920/4877/5839
f 4906/4868/5830 4919/4884/5846 4918/4878/5840
f 4917/4880/5842 4916/4902/5862 4897/4866/5828
f 4898/4882/5844 4915/4883/5845 4914/4881/5843
f 4899/4865/5827 4914/4881/5843 4913/4874/5836
f 4897/4866/5828 4916/4902/5862 4915/4883/5845
f 4918/4878/5840 4917/4880/5842 4908/4867/5829
f 4905/4885/5831 4920/4897/5839 4919/4884/5846
f 4903/4875/5837 4910/4893/5854 4909/4886/5847
f 4901/4872/5834 4912/4889/5850 4911/4876/5838
f 4922/4888/5849 4913/4874/5836 4914/4881/5843
f 4933/4890/5851 4923/4891/5852 4912/4889/5850
f 4924/4892/5853 4911/4876/5838 4912/4889/5850
f 4926/4895/5856 4909/4886/5847 4910/4893/5854
f 4937/4896/5857 4927/5173/5858 4920/4877/5839
f 4928/4899/5859 4919/4884/5846 4920/4897/5839
f 4930/4901/5861 4917/4880/5842 4918/4878/5840
f 4932/4904/5864 4915/4883/5845 4916/4902/5862
f 4914/4881/5843 4915/4883/5845 4934/4905/5865
f 4916/4902/5862 4917/4880/5842 4935/4906/5866
f 4918/4878/5840 4919/4884/5846 4936/4907/5867
f 4910/4893/5854 4911/4876/5838 4938/4908/5868
f 4923/4911/5871 4941/4979/5936 4942/4909/5869
f 4959/4914/5874 4994/4917/5877 4993/4912/5872
f 4924/4910/5870 4942/4909/5869 4956/4915/5875
f 4994/4917/5877 4995/4918/5878 4956/4915/5875
f 4959/4914/5874 4960/4921/5881 4995/4918/5878
f 4938/4916/5876 4956/4915/5875 4943/4919/5879
f 4995/4918/5878 4996/4925/5885 4943/4919/5879
f 4961/4922/5882 4996/4925/5885 4995/4918/5878
f 4925/4920/5880 4943/4919/5879 4944/4923/5883
f 4996/4925/5885 4997/4926/5886 4944/4923/5883
f 4961/4922/5882 4962/5174/5890 4997/4926/5886
f 4926/4929/5884 4944/4930/5883 4955/4927/5887
f 4997/4931/5886 4998/4932/5889 4955/4927/5887
f 4962/4933/5890 4963/4937/5894 4998/4932/5889
f 4937/4928/5888 4955/4927/5887 4945/4934/5891
f 4998/4932/5889 4999/4936/5893 4945/4934/5891
f 4963/4937/5894 4964/4941/5898 4999/4936/5893
f 4945/4934/5891 4946/4939/5896 4928/4938/5895
f 4999/4936/5893 5000/4940/5897 4946/4939/5896
f 4964/4941/5898 4965/4945/5902 5000/4940/5897
f 4946/4939/5896 4954/4943/5900 4936/4942/5899
f 5000/4940/5897 5001/4944/5901 4954/4943/5900
f 4965/4945/5902 4966/4948/5905 5001/4944/5901
f 4936/4942/5899 4954/4943/5900 4947/4946/5903
f 5001/4944/5901 5002/4952/5909 4947/4946/5903
f 4967/4949/5906 5002/4952/5909 5001/4944/5901
f 4929/4947/5904 4947/4946/5903 4948/4950/5907
f 5002/4952/5909 5003/4956/5913 4948/4950/5907
f 4968/4953/5910 5003/4956/5913 5002/4952/5909
f 4930/4951/5908 4948/4950/5907 4953/4954/5911
f 5003/4956/5913 5004/4960/5917 4953/4954/5911
f 4969/4957/5914 5004/4960/5917 5003/4956/5913
f 4953/4954/5911 4949/4959/5916 4931/4958/5915
f 5004/4960/5917 5005/4961/5918 4949/4959/5916
f 4969/4957/5914 4970/4965/5922 5005/4961/5918
f 4949/4959/5916 4950/4963/5920 4932/4962/5919
f 5005/4961/5918 5006/4964/5921 4950/4963/5920
f 4970/4965/5922 4971/4969/5926 5006/4964/5921
f 4950/4963/5920 4952/4967/5924 4934/4966/5923
f 5006/4964/5921 5007/4968/5925 4952/4967/5924
f 4971/4969/5926 4972/4972/5929 5007/4968/5925
f 4934/4966/5923 4952/4967/5924 4939/4970/5927
f 5007/4968/5925 5008/4976/5933 4939/4970/5927
f 4973/4973/5930 5008/4976/5933 5007/4968/5925
f 4921/4971/5928 4939/4970/5927 4940/4974/5931
f 5008/4976/5933 5009/4977/5934 4940/4974/5931
f 4973/4973/5930 4974/4983/5940 5009/4977/5934
f 4940/4974/5931 4951/4980/5937 4933/4978/5935
f 4933/4978/5935 4951/4980/5937 4941/4979/5936
f 4993/4912/5872 4994/4917/5877 4942/4909/5869
f 5010/4981/5938 4993/4912/5872 4941/4979/5936
f 4958/4913/5873 4993/4912/5872 5010/4981/5938
f 5009/4977/5934 5010/4981/5938 4951/4980/5937
f 4974/4983/5940 4957/4982/5939 5010/4981/5938
f 4957/4986/5943 4991/5029/5985 4990/4984/5941
f 4988/4989/5946 4987/5112/6066 4961/4987/5944
f 4979/4992/5949 4978/5006/5963 4970/4990/5947
f 4972/4995/5952 4976/5002/5959 4975/4993/5950
f 4967/4998/5955 4966/4999/5956 4982/4996/5953
f 4983/5001/5958 4982/4996/5953 4966/4999/5956
f 4971/5003/5960 4977/5005/5962 4976/5002/5959
f 4978/5006/5963 4977/5005/5962 4971/5003/5960
f 5073/5008/5965 4977/5005/5962 4978/5006/5963
f 5072/5010/5967 5073/5008/5965 5021/5007/5964
f 5025/5011/5968 5022/5004/5961 5073/5008/5965
f 5022/5004/5961 5011/5013/5970 4975/4993/5950
f 5022/5004/5961 5025/5011/5968 5024/5012/5969
f 5038/5016/5973 5037/5020/5977 5024/5014/5971
f 5061/5021/5978 5062/5017/5974 5075/5019/5976
f 5074/5023/5980 5075/5019/5976 5036/5018/5975
f 5024/5014/5971 5037/5020/5977 5075/5019/5976
f 5036/5018/5975 5062/5017/5974 5063/5025/5981
f 5035/5026/5982 5034/5046/6002 5023/5022/5979
f 4973/4994/5951 4975/4993/5950 4992/5027/5983
f 4974/5028/5984 4992/5027/5983 4991/5029/5985
f 5012/5032/5988 5023/5035/5991 5034/5030/5986
f 5074/5033/5989 5079/5034/5990 5011/5013/5970
f 4991/5029/5985 5012/5032/5988 5013/5031/5987
f 4992/5027/5983 5079/5034/5990 5012/5032/5988
f 5023/5035/5991 5012/5032/5988 5079/5034/5990
f 5011/5013/5970 5079/5034/5990 4992/5027/5983
f 4990/4984/5941 4989/5038/5994 4959/5036/5992
f 4959/5036/5992 4989/5038/5994 4988/4989/5946
f 4989/5038/5994 5080/5039/5995 5014/5037/5993
f 5080/5039/5995 4989/5038/5994 4990/4984/5941
f 5077/5040/5996 5076/5045/6001 5035/5026/5982
f 5078/5043/5999 5076/5045/6001 5046/5041/5997
f 5076/5045/6001 5077/5040/5996 5064/5044/6000
f 5076/5045/6001 5078/5175/5999 5034/5046/6002
f 5080/5039/5995 5078/5048/6004 5033/5047/6003
f 5078/5048/6004 5080/5039/5995 5013/5031/5987
f 5049/5051/6007 5061/5021/5978 5060/5049/6005
f 5060/5049/6005 5061/5021/5978 5037/5020/5977
f 5025/5015/5972 5072/5176/6122 5071/5052/6008
f 5071/5052/6008 5072/5177/6122 5026/5053/6009
f 5038/5016/5973 5071/5052/6008 5081/5056/6012
f 5040/5057/6013 5070/5073/6029 5059/5055/6011
f 5082/5060/6016 5083/5064/6020 5041/5058/6014
f 5027/5061/6017 5040/5057/6013 5039/5054/6010
f 5084/5062/6018 5083/5064/6020 5040/5057/6013
f 5083/5064/6020 5084/5178/6018 5028/5063/6019
f 4979/4992/5949 5020/5068/6024 5021/5007/5964
f 5021/5007/5964 5020/5068/6024 5027/5066/6022
f 4969/4991/5948 4968/5069/6025 4980/5067/6023
f 4981/4997/5954 4980/5067/6023 4968/5069/6025
f 5085/5070/6026 4980/5067/6023 4981/4997/5954
f 5028/5071/6027 5084/5072/6028 5085/5070/6026
f 5020/5068/6024 5085/5070/6026 5084/5072/6028
f 5083/5064/6020 5082/5060/6016 5070/5073/6029
f 5041/5058/6014 5042/5079/6035 5068/5074/6030
f 5086/5077/6033 5087/5081/6037 5043/5075/6031
f 5029/5078/6034 5042/5079/6035 5041/5058/6014
f 5088/5080/6036 5087/5081/6037 5042/5079/6035
f 5088/5082/6036 5030/5098/6053 5043/5075/6031
f 5019/5065/6021 5018/5084/6039 5029/5083/6038
f 5018/5084/6039 5019/5065/6021 4982/4996/5953
f 4965/5000/5957 4964/5086/6041 4984/5085/6040
f 4984/5085/6040 5089/5090/6045 5018/5084/6039
f 4963/5087/6042 4985/5088/6043 4984/5085/6040
f 5030/5091/6046 5088/5092/6047 5089/5090/6045
f 5029/5083/6038 5018/5084/6039 5089/5090/6045
f 5042/5079/6035 5087/5081/6037 5086/5077/6033
f 5064/5044/6000 5065/5095/6050 5045/5093/6048
f 5043/5075/6031 5044/5100/6055 5066/5094/6049
f 5090/5096/6051 5091/5102/6057 5045/5093/6048
f 5046/5041/5997 5045/5093/6048 5032/5097/6052
f 5031/5099/6054 5044/5100/6055 5043/5075/6031
f 5092/5101/6056 5091/5102/6057 5044/5100/6055
f 5092/5103/6056 5032/5097/6052 5045/5093/6048
f 5016/5104/6058 5031/5109/6063 5030/5091/6046
f 5015/5105/6059 4987/5112/6066 4988/4989/5946
f 5032/5106/6060 5015/5105/6059 5014/5037/5993
f 5031/5109/6063 5016/5104/6058 5093/5107/6061
f 4962/5110/6064 4986/5111/6065 4985/5088/6043
f 4985/5088/6043 4986/5111/6065 5016/5104/6058
f 4961/4987/5944 4987/5112/6066 4986/5111/6065
f 5093/5107/6061 4986/5111/6065 4987/5112/6066
f 5032/5106/6060 5092/5108/6062 5093/5107/6061
f 5066/5094/6049 5054/5114/6068 5055/5113/6067
f 5044/5100/6055 5091/5102/6057 5090/5096/6051
f 5052/5117/6071 5064/5044/6000 5077/5040/5996
f 5057/5118/6072 5052/5117/6071 5051/5115/6069
f 5082/5060/6016 5069/5059/6015 5057/5118/6072
f 5047/5119/6073 5059/5055/6011 5070/5073/6029
f 5048/5050/6006 5047/5119/6073 5050/5120/6074
f 5081/5056/6012 5047/5119/6073 5048/5050/6006
f 5051/5115/6069 5050/5120/6074 5047/5119/6073
f 5049/5051/6007 5050/5120/6074 5062/5017/5974
f 5063/5025/5981 5062/5017/5974 5050/5120/6074
f 5090/5096/6051 5065/5095/6050 5053/5121/6075
f 5052/5117/6071 5053/5121/6075 5065/5095/6050
f 5056/5122/6076 5053/5121/6075 5052/5117/6071
f 5053/5121/6075 5056/5122/6076 5055/5113/6067
f 5055/5113/6067 5056/5122/6076 5086/5077/6033
f 5069/5059/6015 5068/5074/6030 5056/5122/6076
f 4840/5125/6079 4846/4829/5792 4845/5123/6077
f 4859/5126/6080 4842/5179/5776 4848/4811/5775
f 4850/5128/6081 4849/4822/5785 4846/4829/5792
f 4849/4822/5785 4850/5128/6081 4841/5129/6082
f 4837/5130/6083 4855/5180/6119 4856/4834/5797
f 4858/4813/5777 4837/5130/6083 4843/4837/5800
f 4859/5126/6080 4860/4814/5778 4847/4823/5786
f 5096/5134/6086 5097/5155/6107 4840/5132/6084
f 5104/5137/6089 5094/5150/6102 4837/5135/6087
f 5098/5140/6092 5105/5143/6095 4859/5138/6090
f 5105/5143/6095 5098/5140/6092 5102/5141/6093
f 5095/5142/6094 5102/5141/6093 4854/5144/6096
f 4859/5138/6090 5105/5143/6095 5099/5146/6098
f 5103/5149/6101 5095/5142/6094 4838/5145/6097
f 4842/5147/6099 5099/5146/6098 5104/5137/6089
f 5099/5146/6098 5103/5149/6101 5094/5150/6102
f 5103/5149/6101 5099/5146/6098 5105/5143/6095
f 5094/5150/6102 5103/5149/6101 4855/5148/6100
f 5100/5152/6104 5098/5140/6092 4841/5139/6091
f 4854/5144/6096 5102/5141/6093 5101/5153/6105
f 5097/5155/6107 5100/5152/6104 4850/5151/6103
f 5101/5153/6105 5100/5152/6104 5097/5155/6107
f 5100/5152/6104 5101/5153/6105 5102/5141/6093
f 4851/5154/6106 5101/5153/6105 5096/5134/6086
f 4868/4832/5795 4867/5166/6117 4885/5156/6108
f 4851/5159/6111 4852/5162/6114 4853/5157/6109
f 4883/5161/6113 4866/5164/6115 4865/4830/5793
f 4839/5124/6078 4845/5123/6077 4852/5162/6114
f 4866/5164/6115 4852/5162/6114 4845/5123/6077
f 4867/5166/6117 4866/5164/6115 4883/5161/6113
f 4853/5157/6109 4844/5170/6120 4838/5167/6118
f 4838/5167/6118 4844/5170/6120 4856/4834/5797
f 4844/5170/6120 4868/4832/5795 4869/4831/5794
f 4844/5170/6120 5106/5171/6121 4867/5166/6117
f 4852/5162/6114 5107/5165/6116 5106/5171/6121
f 4867/5166/6117 5106/5171/6121 5107/5165/6116
f 5108/4676/6123 5109/4677/6123 5110/4678/6124
f 5111/4679/6125 5112/4680/6125 5113/4681/6124
f 5112/4682/6126 5111/4683/6127 5114/4684/6128
f 5114/4685/6128 5111/4686/6127 5115/4687/6129
f 5112/4682/6126 5116/4688/6130 5117/4689/6131
f 5118/4690/6132 5115/4687/6129 5111/4686/6127
f 5112/4691/6126 5117/4692/6131 5119/4693/6133
f 5120/4694/6134 5118/4695/6132 5110/4696/6135
f 5113/4697/6136 5119/4693/6133 5121/4698/6137
f 5122/4699/6138 5120/4694/6134 5110/4696/6135
f 5113/4700/6136 5121/4701/6137 5123/4702/6139
f 5124/4703/6140 5122/4704/6138 5109/4705/6141
f 5108/4706/6142 5123/4702/6139 5125/4707/6143
f 5124/4703/6140 5109/4705/6141 5108/4708/6142
f 5124/4703/6140 5125/4709/6143 5126/4710/6144
f 5122/4704/6138 5124/4703/6140 5127/4711/6145
f 5126/4710/6144 5125/4707/6143 5123/4702/6139
f 5120/4694/6134 5122/4699/6138 5128/4712/6146
f 5129/4713/6147 5123/4702/6139 5121/4701/6137
f 5118/4695/6132 5120/4694/6134 5130/4714/6148
f 5121/4698/6137 5119/4693/6133 5131/4715/6149
f 5115/4687/6129 5118/4690/6132 5132/4716/6150
f 5131/4715/6149 5119/4693/6133 5117/4692/6131
f 5115/4687/6129 5133/4717/6151 5134/4718/6152
f 5135/4719/6153 5116/4688/6130 5114/4684/6128
f 5117/4689/6131 5116/4688/6130 5135/4719/6153
f 5136/4720/6154 5133/4717/6151 5132/4716/6150
f 5131/4715/6149 5137/4721/6155 5138/4722/6156
f 5139/4723/6157 5132/4716/6150 5130/4714/6148
f 5140/4724/6158 5131/4715/6149 5141/4725/6159
f 5142/4726/6160 5130/4714/6148 5128/4712/6146
f 5129/4713/6147 5140/4724/6158 5143/4727/6161
f 5144/4728/6162 5128/4712/6146 5127/4711/6145
f 5127/4711/6145 5126/4710/6144 5145/4729/6163
f 5126/4710/6144 5129/4713/6147 5146/4730/6164
f 5135/4719/6153 5134/4718/6152 5147/4731/6165
f 5148/4732/6166 5138/4722/6156 5137/4721/6155
f 5133/4717/6151 5136/4720/6154 5147/4731/6165
f 5138/4722/6156 5148/4732/6166 5149/4733/6167
f 5148/4732/6166 5147/4731/6165 5150/4734/6168
f 5141/4725/6159 5138/4722/6156 5151/4735/6169
f 5152/4736/6170 5153/4737/6171 5139/4723/6157
f 5141/4725/6159 5154/4738/6172 5155/4739/6173
f 5156/4740/6174 5152/4736/6170 5142/4726/6160
f 5143/4727/6161 5155/4739/6173 5157/4741/6175
f 5158/4742/6176 5156/4740/6174 5144/4728/6162
f 5146/4730/6164 5157/4741/6175 5159/4743/6177
f 5160/4744/6178 5145/4729/6163 5159/4743/6177
f 5149/4733/6167 5150/4734/6168 5161/4745/6179
f 5162/4746/6180 5151/4735/6169 5149/4733/6167
f 5163/4747/6181 5154/4738/6172 5151/4735/6169
f 5155/4739/6173 5154/4738/6172 5163/4747/6181
f 5157/4741/6175 5155/4739/6173 5164/4748/6182
f 5165/4749/6183 5136/4720/6154 5139/4723/6157
f 5150/4734/6168 5147/4731/6165 5136/4720/6154
f 5166/4750/6184 5161/4745/6179 5150/4734/6168
f 5159/4743/6177 5157/4741/6175 5167/4751/6185
f 5158/4742/6176 5159/4743/6177 5168/4752/6186
f 5169/4753/6187 5156/4740/6174 5158/4742/6176
f 5170/4754/6188 5152/4736/6170 5156/4740/6174
f 5153/4737/6171 5152/4736/6170 5170/4754/6188
f 5165/4749/6183 5153/4737/6171 5171/4755/6189
f 5172/4756/6190 5161/4757/6191 5173/4758/6192
f 5174/4759/6193 5173/4758/6192 5161/4757/6191
f 5166/4760/6194 5171/4761/6195 5175/4762/6196
f 5171/4761/6195 5170/4763/6197 5176/4764/6198
f 5170/4763/6197 5169/4765/6199 5177/4766/6200
f 5177/4767/6200 5169/4768/6199 5178/4769/6201
f 5178/4769/6201 5168/4770/6202 5179/4771/6203
f 5168/4770/6202 5167/4772/6204 5180/4773/6205
f 5167/4772/6204 5164/4774/6206 5181/4775/6207
f 5164/4774/6206 5163/4776/6208 5182/4777/6209
f 5182/4777/6209 5163/4776/6208 5162/4778/6210
f 5172/4756/6190 5183/4779/6211 5184/4780/6212
f 5185/4781/6213 5184/4782/6214 5183/4783/6215
f 5186/4784/6216 5187/4785/6217 5183/4783/6215
f 5188/4786/6218 5186/4784/6216 5173/4787/6219
f 5189/4788/6220 5182/4789/6221 5184/4782/6214
f 5190/4790/6222 5181/4791/6223 5182/4789/6221
f 5191/4792/6224 5180/4793/6225 5181/4791/6223
f 5192/4794/6226 5179/4795/6227 5180/4793/6225
f 5193/4796/6228 5188/4786/6218 5174/4797/6229
f 5194/4798/6230 5193/4796/6228 5175/4799/6231
f 5195/4800/6232 5188/4786/6218 5193/4796/6228
f 5196/4801/6233 5194/4798/6230 5176/4802/6234
f 5195/4800/6232 5187/4785/6217 5186/4784/6216
f 5190/4790/6222 5189/4788/6220 5195/4800/6232
f 5195/4800/6232 5193/4796/6228 5194/4798/6230
f 5197/4803/6235 5196/4801/6233 5177/4804/6236
f 5195/4800/6232 5196/4801/6233 5197/4803/6235
f 5197/4803/6235 5198/4805/6237 5179/4795/6227
f 5197/4803/6235 5192/4794/6226 5195/4800/6232
f 5189/4788/6220 5185/4781/6213 5195/4800/6232
f 5195/4800/6232 5185/4781/6213 5187/4785/6217
f 5195/4800/6232 5186/4784/6216 5188/4786/6218
f 5191/4792/6224 5190/4790/6222 5195/4800/6232
f 5192/4794/6226 5191/4792/6224 5195/4800/6232
f 5195/4800/6232 5194/4798/6230 5196/4801/6233
f 5110/4678/6124 5113/4681/6124 5108/4676/6123
f 5113/4681/6124 5110/4678/6124 5111/4679/6125
f 5114/4684/6128 5116/4688/6130 5112/4682/6126
f 5111/4686/6127 5110/4806/6135 5118/4690/6132
f 5119/4693/6133 5113/4697/6136 5112/4691/6126
f 5110/4696/6135 5109/4807/6141 5122/4699/6138
f 5123/4702/6139 5108/4706/6142 5113/4700/6136
f 5108/4708/6142 5125/4709/6143 5124/4703/6140
f 5126/4710/6144 5127/4711/6145 5124/4703/6140
f 5127/4711/6145 5128/4712/6146 5122/4704/6138
f 5123/4702/6139 5129/4713/6147 5126/4710/6144
f 5128/4712/6146 5130/4714/6148 5120/4694/6134
f 5121/4701/6137 5140/4724/6158 5129/4713/6147
f 5130/4714/6148 5132/4716/6150 5118/4695/6132
f 5131/4715/6149 5140/4724/6158 5121/4698/6137
f 5132/4716/6150 5133/4717/6151 5115/4687/6129
f 5117/4692/6131 5137/4721/6155 5131/4715/6149
f 5134/4718/6152 5114/4685/6128 5115/4687/6129
f 5114/4684/6128 5134/4718/6152 5135/4719/6153
f 5135/4719/6153 5137/4721/6155 5117/4689/6131
f 5132/4716/6150 5139/4723/6157 5136/4720/6154
f 5138/4722/6156 5141/4725/6159 5131/4715/6149
f 5130/4714/6148 5142/4726/6160 5139/4723/6157
f 5141/4725/6159 5143/4727/6161 5140/4724/6158
f 5128/4712/6146 5144/4728/6162 5142/4726/6160
f 5143/4727/6161 5146/4730/6164 5129/4713/6147
f 5127/4711/6145 5160/4744/6178 5144/4728/6162
f 5145/4729/6163 5160/4744/6178 5127/4711/6145
f 5146/4730/6164 5145/4729/6163 5126/4710/6144
f 5147/4731/6165 5148/4732/6166 5135/4719/6153
f 5137/4721/6155 5135/4719/6153 5148/4732/6166
f 5147/4731/6165 5134/4718/6152 5133/4717/6151
f 5149/4733/6167 5151/4735/6169 5138/4722/6156
f 5150/4734/6168 5149/4733/6167 5148/4732/6166
f 5151/4735/6169 5154/4738/6172 5141/4725/6159
f 5139/4723/6157 5142/4726/6160 5152/4736/6170
f 5155/4739/6173 5143/4727/6161 5141/4725/6159
f 5142/4726/6160 5144/4728/6162 5156/4740/6174
f 5157/4741/6175 5146/4730/6164 5143/4727/6161
f 5144/4728/6162 5160/4744/6178 5158/4742/6176
f 5159/4743/6177 5145/4729/6163 5146/4730/6164
f 5159/4743/6177 5158/4742/6176 5160/4744/6178
f 5161/4745/6179 5172/4808/6238 5149/4733/6167
f 5149/4733/6167 5172/4808/6238 5162/4746/6180
f 5151/4735/6169 5162/4746/6180 5163/4747/6181
f 5163/4747/6181 5164/4748/6182 5155/4739/6173
f 5164/4748/6182 5167/4751/6185 5157/4741/6175
f 5139/4723/6157 5153/4737/6171 5165/4749/6183
f 5136/4720/6154 5165/4749/6183 5150/4734/6168
f 5150/4734/6168 5165/4749/6183 5166/4750/6184
f 5167/4751/6185 5168/4752/6186 5159/4743/6177
f 5168/4752/6186 5178/4809/6239 5158/4742/6176
f 5158/4742/6176 5178/4809/6239 5169/4753/6187
f 5156/4740/6174 5169/4753/6187 5170/4754/6188
f 5170/4754/6188 5171/4755/6189 5153/4737/6171
f 5171/4755/6189 5166/4750/6184 5165/4749/6183
f 5173/4758/6192 5183/4779/6211 5172/4756/6190
f 5161/4757/6191 5166/4760/6194 5174/4759/6193
f 5175/4762/6196 5174/4759/6193 5166/4760/6194
f 5176/4764/6198 5175/4762/6196 5171/4761/6195
f 5177/4766/6200 5176/4764/6198 5170/4763/6197
f 5178/4769/6201 5198/4810/6240 5177/4767/6200
f 5179/4771/6203 5198/4810/6240 5178/4769/6201
f 5180/4773/6205 5179/4771/6203 5168/4770/6202
f 5181/4775/6207 5180/4773/6205 5167/4772/6204
f 5182/4777/6209 5181/4775/6207 5164/4774/6206
f 5162/4778/6210 5184/4780/6212 5182/4777/6209
f 5184/4780/6212 5162/4778/6210 5172/4756/6190
f 5183/4783/6215 5187/4785/6217 5185/4781/6213
f 5183/4783/6215 5173/4787/6219 5186/4784/6216
f 5173/4787/6219 5174/4797/6229 5188/4786/6218
f 5184/4782/6214 5185/4781/6213 5189/4788/6220
f 5182/4789/6221 5189/4788/6220 5190/4790/6222
f 5181/4791/6223 5190/4790/6222 5191/4792/6224
f 5180/4793/6225 5191/4792/6224 5192/4794/6226
f 5174/4797/6229 5175/4799/6231 5193/4796/6228
f 5175/4799/6231 5176/4802/6234 5194/4798/6230
f 5176/4802/6234 5177/4804/6236 5196/4801/6233
f 5177/4804/6236 5198/4805/6237 5197/4803/6235
f 5179/4795/6227 5192/4794/6226 5197/4803/6235
f 5199/4676/6241 5200/4677/6241 5201/4678/6242
f 5202/4679/6243 5203/4680/6243 5204/4681/6242
f 5203/4682/6244 5202/4683/6245 5205/4684/6246
f 5205/4685/6246 5202/4686/6245 5206/4687/6247
f 5203/4682/6244 5207/4688/6248 5208/4689/6249
f 5209/4690/6250 5206/4687/6247 5202/4686/6245
f 5203/4691/6244 5208/4692/6249 5210/4693/6251
f 5211/4694/6252 5209/4695/6250 5201/4696/6253
f 5204/4697/6254 5210/4693/6251 5212/4698/6255
f 5213/4699/6256 5211/4694/6252 5201/4696/6253
f 5204/4700/6254 5212/4701/6255 5214/4702/6257
f 5215/4703/6258 5213/4704/6256 5200/4705/6259
f 5199/4706/6260 5214/4702/6257 5216/4707/6261
f 5215/4703/6258 5200/4705/6259 5199/4708/6260
f 5215/4703/6258 5216/4709/6261 5217/4710/6262
f 5213/4704/6256 5215/4703/6258 5218/4711/6263
f 5217/4710/6262 5216/4707/6261 5214/4702/6257
f 5211/4694/6252 5213/4699/6256 5219/4712/6264
f 5220/4713/6265 5214/4702/6257 5212/4701/6255
f 5209/4695/6250 5211/4694/6252 5221/4714/6266
f 5212/4698/6255 5210/4693/6251 5222/4715/6267
f 5206/4687/6247 5209/4690/6250 5223/4716/6268
f 5222/4715/6267 5210/4693/6251 5208/4692/6249
f 5206/4687/6247 5224/4717/6269 5225/4718/6270
f 5226/4719/6271 5207/4688/6248 5205/4684/6246
f 5208/4689/6249 5207/4688/6248 5226/4719/6271
f 5227/4720/6272 5224/4717/6269 5223/4716/6268
f 5222/4715/6267 5228/4721/6273 5229/4722/6274
f 5230/4723/6275 5223/4716/6268 5221/4714/6266
f 5231/4724/6276 5222/4715/6267 5232/4725/6277
f 5233/4726/6278 5221/4714/6266 5219/4712/6264
f 5220/4713/6265 5231/4724/6276 5234/4727/6279
f 5235/4728/6280 5219/4712/6264 5218/4711/6263
f 5218/4711/6263 5217/4710/6262 5236/4729/6281
f 5217/4710/6262 5220/4713/6265 5237/4730/6282
f 5226/4719/6271 5225/4718/6270 5238/4731/6283
f 5239/4732/6284 5229/4722/6274 5228/4721/6273
f 5224/4717/6269 5227/4720/6272 5238/4731/6283
f 5229/4722/6274 5239/4732/6284 5240/4733/6285
f 5239/4732/6284 5238/4731/6283 5241/4734/6286
f 5232/4725/6277 5229/4722/6274 5242/4735/6287
f 5243/4736/6288 5244/4737/6289 5230/4723/6275
f 5232/4725/6277 5245/4738/6290 5246/4739/6291
f 5247/4740/6292 5243/4736/6288 5233/4726/6278
f 5234/4727/6279 5246/4739/6291 5248/4741/6293
f 5249/4742/6294 5247/4740/6292 5235/4728/6280
f 5237/4730/6282 5248/4741/6293 5250/4743/6295
f 5251/4744/6296 5236/4729/6281 5250/4743/6295
f 5240/4733/6285 5241/4734/6286 5252/4745/6297
f 5253/4746/6298 5242/4735/6287 5240/4733/6285
f 5254/4747/6299 5245/4738/6290 5242/4735/6287
f 5246/4739/6291 5245/4738/6290 5254/4747/6299
f 5248/4741/6293 5246/4739/6291 5255/4748/6300
f 5256/4749/6301 5227/4720/6272 5230/4723/6275
f 5241/4734/6286 5238/4731/6283 5227/4720/6272
f 5257/4750/6302 5252/4745/6297 5241/4734/6286
f 5250/4743/6295 5248/4741/6293 5258/4751/6303
f 5249/4742/6294 5250/4743/6295 5259/4752/6304
f 5260/4753/6305 5247/4740/6292 5249/4742/6294
f 5261/4754/6306 5243/4736/6288 5247/4740/6292
f 5244/4737/6289 5243/4736/6288 5261/4754/6306
f 5256/4749/6301 5244/4737/6289 5262/4755/6307
f 5263/4756/6308 5252/4757/6309 5264/4758/6310
f 5265/4759/6311 5264/4758/6310 5252/4757/6309
f 5257/4760/6312 5262/4761/6313 5266/4762/6314
f 5262/4761/6313 5261/4763/6315 5267/4764/6316
f 5261/4763/6315 5260/4765/6317 5268/4766/6318
f 5268/4767/6318 5260/4768/6317 5269/4769/6319
f 5269/4769/6319 5259/4770/6320 5270/4771/6321
f 5259/4770/6320 5258/4772/6322 5271/4773/6323
f 5258/4772/6322 5255/4774/6324 5272/4775/6325
f 5255/4774/6324 5254/4776/6326 5273/4777/6327
f 5273/4777/6327 5254/4776/6326 5253/4778/6328
f 5263/4756/6308 5274/4779/6329 5275/4780/6330
f 5276/4781/6331 5275/4782/6332 5274/4783/6333
f 5277/4784/6334 5278/4785/6335 5274/4783/6333
f 5279/4786/6336 5277/4784/6334 5264/4787/6337
f 5280/4788/6338 5273/4789/6339 5275/4782/6332
f 5281/4790/6340 5272/4791/6341 5273/4789/6339
f 5282/4792/6342 5271/4793/6343 5272/4791/6341
f 5283/4794/6344 5270/4795/6345 5271/4793/6343
f 5284/4796/6346 5279/4786/6336 5265/4797/6347
f 5285/4798/6348 5284/4796/6346 5266/4799/6349
f 5286/4800/6350 5279/4786/6336 5284/4796/6346
f 5287/4801/6351 5285/4798/6348 5267/4802/6352
f 5286/4800/6350 5278/4785/6335 5277/4784/6334
f 5281/4790/6340 5280/4788/6338 5286/4800/6350
f 5286/4800/6350 5284/4796/6346 5285/4798/6348
f 5288/4803/6353 5287/4801/6351 5268/4804/6354
f 5286/4800/6350 5287/4801/6351 5288/4803/6353
f 5288/4803/6353 5289/4805/6355 5270/4795/6345
f 5288/4803/6353 5283/4794/6344 5286/4800/6350
f 5280/4788/6338 5276/4781/6331 5286/4800/6350
f 5286/4800/6350 5276/4781/6331 5278/4785/6335
f 5286/4800/6350 5277/4784/6334 5279/4786/6336
f 5282/4792/6342 5281/4790/6340 5286/4800/6350
f 5283/4794/6344 5282/4792/6342 5286/4800/6350
f 5286/4800/6350 5285/4798/6348 5287/4801/6351
f 5201/4678/6242 5204/4681/6242 5199/4676/6241
f 5204/4681/6242 5201/4678/6242 5202/4679/6243
f 5205/4684/6246 5207/4688/6248 5203/4682/6244
f 5202/4686/6245 5201/4806/6253 5209/4690/6250
f 5210/4693/6251 5204/4697/6254 5203/4691/6244
f 5201/4696/6253 5200/4807/6259 5213/4699/6256
f 5214/4702/6257 5199/4706/6260 5204/4700/6254
f 5199/4708/6260 5216/4709/6261 5215/4703/6258
f 5217/4710/6262 5218/4711/6263 5215/4703/6258
f 5218/4711/6263 5219/4712/6264 5213/4704/6256
f 5214/4702/6257 5220/4713/6265 5217/4710/6262
f 5219/4712/6264 5221/4714/6266 5211/4694/6252
f 5212/4701/6255 5231/4724/6276 5220/4713/6265
f 5221/4714/6266 5223/4716/6268 5209/4695/6250
f 5222/4715/6267 5231/4724/6276 5212/4698/6255
f 5223/4716/6268 5224/4717/6269 5206/4687/6247
f 5208/4692/6249 5228/4721/6273 5222/4715/6267
f 5225/4718/6270 5205/4685/6246 5206/4687/6247
f 5205/4684/6246 5225/4718/6270 5226/4719/6271
f 5226/4719/6271 5228/4721/6273 5208/4689/6249
f 5223/4716/6268 5230/4723/6275 5227/4720/6272
f 5229/4722/6274 5232/4725/6277 5222/4715/6267
f 5221/4714/6266 5233/4726/6278 5230/4723/6275
f 5232/4725/6277 5234/4727/6279 5231/4724/6276
f 5219/4712/6264 5235/4728/6280 5233/4726/6278
f 5234/4727/6279 5237/4730/6282 5220/4713/6265
f 5218/4711/6263 5251/4744/6296 5235/4728/6280
f 5236/4729/6281 5251/4744/6296 5218/4711/6263
f 5237/4730/6282 5236/4729/6281 5217/4710/6262
f 5238/4731/6283 5239/4732/6284 5226/4719/6271
f 5228/4721/6273 5226/4719/6271 5239/4732/6284
f 5238/4731/6283 5225/4718/6270 5224/4717/6269
f 5240/4733/6285 5242/4735/6287 5229/4722/6274
f 5241/4734/6286 5240/4733/6285 5239/4732/6284
f 5242/4735/6287 5245/4738/6290 5232/4725/6277
f 5230/4723/6275 5233/4726/6278 5243/4736/6288
f 5246/4739/6291 5234/4727/6279 5232/4725/6277
f 5233/4726/6278 5235/4728/6280 5247/4740/6292
f 5248/4741/6293 5237/4730/6282 5234/4727/6279
f 5235/4728/6280 5251/4744/6296 5249/4742/6294
f 5250/4743/6295 5236/4729/6281 5237/4730/6282
f 5250/4743/6295 5249/4742/6294 5251/4744/6296
f 5252/4745/6297 5263/4808/6356 5240/4733/6285
f 5240/4733/6285 5263/4808/6356 5253/4746/6298
f 5242/4735/6287 5253/4746/6298 5254/4747/6299
f 5254/4747/6299 5255/4748/6300 5246/4739/6291
f 5255/4748/6300 5258/4751/6303 5248/4741/6293
f 5230/4723/6275 5244/4737/6289 5256/4749/6301
f 5227/4720/6272 5256/4749/6301 5241/4734/6286
f 5241/4734/6286 5256/4749/6301 5257/4750/6302
f 5258/4751/6303 5259/4752/6304 5250/4743/6295
f 5259/4752/6304 5269/4809/6357 5249/4742/6294
f 5249/4742/6294 5269/4809/6357 5260/4753/6305
f 5247/4740/6292 5260/4753/6305 5261/4754/6306
f 5261/4754/6306 5262/4755/6307 5244/4737/6289
f 5262/4755/6307 5257/4750/6302 5256/4749/6301
f 5264/4758/6310 5274/4779/6329 5263/4756/6308
f 5252/4757/6309 5257/4760/6312 5265/4759/6311
f 5266/4762/6314 5265/4759/6311 5257/4760/6312
f 5267/4764/6316 5266/4762/6314 5262/4761/6313
f 5268/4766/6318 5267/4764/6316 5261/4763/6315
f 5269/4769/6319 5289/4810/6358 5268/4767/6318
f 5270/4771/6321 5289/4810/6358 5269/4769/6319
f 5271/4773/6323 5270/4771/6321 5259/4770/6320
f 5272/4775/6325 5271/4773/6323 5258/4772/6322
f 5273/4777/6327 5272/4775/6325 5255/4774/6324
f 5253/4778/6328 5275/4780/6330 5273/4777/6327
f 5275/4780/6330 5253/4778/6328 5263/4756/6308
f 5274/4783/6333 5278/4785/6335 5276/4781/6331
f 5274/4783/6333 5264/4787/6337 5277/4784/6334
f 5264/4787/6337 5265/4797/6347 5279/4786/6336
f 5275/4782/6332 5276/4781/6331 5280/4788/6338
f 5273/4789/6339 5280/4788/6338 5281/4790/6340
f 5272/4791/6341 5281/4790/6340 5282/4792/6342
f 5271/4793/6343 5282/4792/6342 5283/4794/6344
f 5265/4797/6347 5266/4799/6349 5284/4796/6346
f 5266/4799/6349 5267/4802/6352 5285/4798/6348
f 5267/4802/6352 5268/4804/6354 5287/4801/6351
f 5268/4804/6354 5289/4805/6355 5288/4803/6353
f 5270/4795/6345 5283/4794/6344 5288/4803/6353
f 5290/4811/5775 5291/4812/5776 5292/4813/6359
f 5293/4814/6360 5290/4811/5775 5294/4815/5779
f 5293/4814/6360 5295/4816/6361 5296/4817/5781
f 5296/4817/5781 5295/4816/6361 5297/4818/5782
f 5297/4818/5782 5295/4816/6361 5294/4815/5779
f 5294/4815/5779 5290/4811/5775 5298/4819/5783
f 5299/4820/6362 5300/4821/5784 5294/4815/5779
f 5301/4822/5785 5302/4823/6363 5296/4817/5781
f 5303/4824/6364 5296/4817/5781 5304/4825/5788
f 5301/4822/5785 5303/4824/6364 5305/4826/6365
f 5303/4824/6364 5306/4827/6366 5307/4828/6367
f 5308/4829/6368 5305/4826/6365 5309/4830/6369
f 5309/4830/6369 5305/4826/6365 5307/4828/6367
f 5310/4831/6370 5311/4832/6371 5312/4833/5796
f 5313/4834/5797 5310/4831/6370 5314/4835/5798
f 5314/4835/5798 5310/4831/6370 5315/4836/5799
f 5298/4819/5783 5316/4837/5800 5314/4835/5798
f 5317/4838/5801 5299/4820/6362 5318/4839/6372
f 5315/4840/6373 5319/4841/6374 5320/4842/6375
f 5317/4843/6376 5320/4842/6375 5321/4844/5807
f 5299/4845/5808 5321/4844/5807 5322/4846/6377
f 5323/4847/6378 5304/4848/6379 5297/4849/6380
f 5304/4848/6379 5323/4847/6378 5324/4850/5813
f 5306/4851/5814 5324/4850/5813 5325/4852/6381
f 5326/4853/5816 5307/4854/6382 5325/4852/6381
f 5326/4855/5816 5327/4856/5818 5328/4857/6383
f 5329/4858/6384 5330/4859/6385 5328/4857/6383
f 5329/4858/6384 5331/4860/5822 5332/4861/5823
f 5319/4841/6374 5315/4840/6373 5312/4862/5824
f 5333/4863/6386 5325/4852/6381 5324/4850/5813
f 5324/4850/5813 5323/4847/6378 5334/4864/6387
f 5322/4846/6377 5321/4844/5807 5335/4865/6388
f 5335/4865/6388 5321/4844/5807 5320/4842/6375
f 5320/4842/6375 5319/4841/6374 5336/4866/5828
f 5319/4841/6374 5332/4861/5823 5337/4867/6389
f 5337/4867/6389 5332/4861/5823 5331/4860/5822
f 5331/4860/5822 5328/4857/6383 5338/4868/5830
f 5338/4868/5830 5328/4857/6383 5327/4856/5818
f 5325/4852/6381 5333/4863/6386 5339/4869/5831
f 5340/4870/6390 5297/4849/6380 5300/4871/6391
f 5341/4872/6392 5334/4864/6387 5323/4847/6378
f 5340/4870/6390 5322/4846/6377 5342/4873/6393
f 5341/4872/6392 5342/4873/6393 5343/4874/5836
f 5344/4875/5837 5334/4864/6387 5345/4876/6394
f 5346/4877/6395 5339/4869/5831 5333/4863/6386
f 5347/4878/5840 5348/4879/5841 5338/4868/5830
f 5336/4866/5828 5337/4867/6389 5349/4880/5842
f 5350/4881/5843 5335/4865/6388 5351/4882/5844
f 5343/4874/5836 5342/4873/6393 5335/4865/6388
f 5352/4883/5845 5351/4882/5844 5336/4866/5828
f 5337/4867/6389 5348/4879/5841 5347/4878/5840
f 5353/4884/6396 5338/4868/5830 5339/4885/5831
f 5354/4886/5847 5333/4863/6386 5344/4875/5837
f 5345/4876/6394 5334/4864/6387 5341/4872/6392
f 5350/4881/5843 5355/4887/5848 5356/4888/5849
f 5357/4889/5850 5343/4874/5836 5358/4890/6397
f 5357/4889/5850 5359/4891/6398 5360/4892/5853
f 5361/4893/6399 5362/4894/5855 5363/4895/5856
f 5346/4877/6395 5354/4886/5847 5364/4896/6400
f 5346/4897/6395 5365/4898/5858 5366/4899/5859
f 5347/4878/5840 5367/4900/5860 5368/4901/6401
f 5369/4902/5862 5370/4903/5863 5371/4904/5864
f 5343/4874/5836 5356/4888/5849 5358/4890/6397
f 5352/4883/5845 5371/4904/5864 5372/4905/6402
f 5372/4905/6402 5355/4887/5848 5350/4881/5843
f 5349/4880/5842 5368/4901/6401 5373/4906/6403
f 5373/4906/6403 5370/4903/5863 5369/4902/5862
f 5353/4884/6396 5366/4899/5859 5374/4907/5867
f 5374/4907/5867 5367/4900/5860 5347/4878/5840
f 5354/4886/5847 5363/4895/5856 5364/4896/6400
f 5345/4876/6394 5360/4892/5853 5375/4908/6404
f 5375/4908/6404 5362/4894/5855 5361/4893/6399
f 5376/4909/6405 5360/4910/6406 5359/4911/6407
f 5377/4912/5872 5378/4913/6408 5379/4914/5874
f 5380/4915/6409 5375/4916/6410 5360/4910/6406
f 5380/4915/6409 5376/4909/6405 5381/4917/6411
f 5382/4918/6412 5381/4917/6411 5379/4914/5874
f 5383/4919/6413 5362/4920/6414 5375/4916/6410
f 5383/4919/6413 5380/4915/6409 5382/4918/6412
f 5382/4918/6412 5384/4921/5881 5385/4922/5882
f 5386/4923/6415 5363/4924/6416 5362/4920/6414
f 5386/4923/6415 5383/4919/6413 5387/4925/6417
f 5388/4926/6418 5387/4925/6417 5385/4922/5882
f 5389/4927/5887 5364/4928/5888 5363/4929/6416
f 5389/4927/5887 5386/4930/6415 5388/4931/6418
f 5390/4932/5889 5388/4931/6418 5391/4933/5890
f 5392/4934/5891 5365/4935/6419 5364/4928/5888
f 5392/4934/5891 5389/4927/5887 5390/4932/5889
f 5393/4936/6420 5390/4932/5889 5394/4937/5894
f 5366/4938/6421 5365/4935/6419 5392/4934/5891
f 5395/4939/6422 5392/4934/5891 5393/4936/6420
f 5396/4940/5897 5393/4936/6420 5397/4941/5898
f 5374/4942/6423 5366/4938/6421 5395/4939/6422
f 5398/4943/6424 5395/4939/6422 5396/4940/5897
f 5399/4944/5901 5396/4940/5897 5400/4945/6425
f 5401/4946/5903 5367/4947/6426 5374/4942/6423
f 5401/4946/5903 5398/4943/6424 5399/4944/5901
f 5399/4944/5901 5402/4948/5905 5403/4949/5906
f 5404/4950/6427 5368/4951/5908 5367/4947/6426
f 5404/4950/6427 5401/4946/5903 5405/4952/5909
f 5405/4952/5909 5403/4949/5906 5406/4953/5910
f 5407/4954/6428 5373/4955/6429 5368/4951/5908
f 5407/4954/6428 5404/4950/6427 5408/4956/6430
f 5408/4956/6430 5406/4953/5910 5409/4957/6431
f 5370/4958/5915 5373/4955/6429 5407/4954/6428
f 5410/4959/6432 5407/4954/6428 5411/4960/6433
f 5412/4961/6434 5411/4960/6433 5409/4957/6431
f 5371/4962/6435 5370/4958/5915 5410/4959/6432
f 5413/4963/6436 5410/4959/6432 5412/4961/6434
f 5414/4964/5921 5412/4961/6434 5415/4965/5922
f 5372/4966/5923 5371/4962/6435 5413/4963/6436
f 5416/4967/5924 5413/4963/6436 5414/4964/5921
f 5417/4968/5925 5414/4964/5921 5418/4969/6437
f 5419/4970/6438 5355/4971/6439 5372/4966/5923
f 5419/4970/6438 5416/4967/5924 5417/4968/5925
f 5417/4968/5925 5420/4972/5929 5421/4973/6440
f 5422/4974/6441 5356/4975/6442 5355/4971/6439
f 5422/4974/6441 5419/4970/6438 5423/4976/6443
f 5424/4977/6444 5423/4976/6443 5421/4973/6440
f 5358/4978/5935 5356/4975/6442 5422/4974/6441
f 5425/4979/6445 5359/4911/6407 5358/4978/5935
f 5376/4909/6405 5425/4979/6445 5377/4912/5872
f 5425/4979/6445 5426/4980/5937 5427/4981/5938
f 5427/4981/5938 5428/4982/6446 5378/4913/6408
f 5426/4980/5937 5422/4974/6441 5424/4977/6444
f 5427/4981/5938 5424/4977/6444 5429/4983/6447
f 5430/4984/6448 5378/4985/6449 5428/4986/5943
f 5385/4987/6450 5384/4988/5945 5431/4989/5946
f 5415/4990/5947 5409/4991/6451 5432/4992/6452
f 5433/4993/5950 5421/4994/6453 5420/4995/6454
f 5434/4996/5953 5435/4997/6455 5403/4998/5955
f 5402/4999/5956 5400/5000/5957 5436/5001/5958
f 5437/5002/6456 5420/4995/6454 5418/5003/5960
f 5438/5004/6457 5437/5002/6456 5439/5005/6458
f 5418/5003/5960 5415/4990/5947 5440/5006/6459
f 5440/5006/6459 5441/5007/6460 5442/5008/6461
f 5442/5008/6461 5438/5004/6457 5439/5005/6458
f 5441/5007/6460 5443/5009/5966 5444/5010/5967
f 5442/5008/6461 5444/5010/5967 5445/5011/5968
f 5433/4993/5950 5437/5002/6456 5438/5004/6457
f 5446/5012/5969 5447/5013/5970 5438/5004/6457
f 5446/5014/5971 5445/5015/6462 5448/5016/5973
f 5449/5017/6463 5450/5018/5975 5451/5019/6464
f 5451/5019/6464 5452/5020/6465 5453/5021/6466
f 5450/5018/5975 5454/5022/5979 5455/5023/5980
f 5451/5019/6464 5455/5024/5980 5446/5014/5971
f 5456/5025/5981 5457/5026/6467 5450/5018/5975
f 5454/5022/5979 5450/5018/5975 5457/5026/6467
f 5458/5027/6468 5429/5028/6469 5421/4994/6453
f 5459/5029/6470 5428/4986/5943 5429/5028/6469
f 5460/5030/6471 5461/5031/6472 5462/5032/6473
f 5447/5013/5970 5446/5012/5969 5455/5033/6474
f 5461/5031/6472 5430/4984/6448 5459/5029/6470
f 5462/5032/6473 5459/5029/6470 5458/5027/6468
f 5463/5034/5990 5455/5033/6474 5454/5035/5991
f 5458/5027/6468 5433/4993/5950 5447/5013/5970
f 5379/5036/6475 5378/4985/6449 5430/4984/6448
f 5431/4989/5946 5384/4988/5945 5379/5036/6475
f 5464/5037/6476 5431/4989/5946 5465/5038/6477
f 5430/4984/6448 5461/5031/6472 5466/5039/5995
f 5457/5026/6467 5456/5025/5981 5467/5040/6478
f 5468/5041/6479 5469/5042/5998 5470/5043/6480
f 5471/5044/6000 5468/5041/6479 5472/5045/6481
f 5460/5046/6482 5457/5026/6467 5472/5045/6481
f 5469/5047/6003 5464/5037/6476 5466/5039/5995
f 5461/5031/6472 5460/5030/6471 5470/5048/6004
f 5473/5049/6005 5474/5050/6483 5475/5051/6484
f 5452/5020/6465 5448/5016/5973 5473/5049/6005
f 5476/5052/6008 5448/5016/5973 5445/5015/6462
f 5443/5053/6485 5477/5054/6010 5476/5052/6008
f 5476/5052/6008 5477/5054/6010 5478/5055/6011
f 5476/5052/6008 5478/5055/6011 5479/5056/6486
f 5479/5056/6486 5473/5049/6005 5448/5016/5973
f 5478/5055/6011 5477/5054/6010 5480/5057/6487
f 5481/5058/6488 5482/5059/6015 5483/5060/6489
f 5477/5054/6010 5443/5053/6485 5484/5061/6017
f 5480/5057/6487 5484/5061/6017 5485/5062/6490
f 5486/5063/6019 5481/5058/6488 5487/5064/6020
f 5441/5007/6460 5440/5006/6459 5432/4992/6452
f 5488/5065/6491 5435/4997/6455 5434/4996/5953
f 5484/5066/6022 5443/5009/5966 5441/5007/6460
f 5489/5067/6492 5432/4992/6452 5409/4991/6451
f 5490/5068/6024 5432/4992/6452 5489/5067/6492
f 5406/5069/6025 5403/4998/5955 5435/4997/6455
f 5435/4997/6455 5488/5065/6491 5491/5070/6026
f 5491/5070/6026 5490/5068/6024 5489/5067/6492
f 5491/5070/6026 5488/5065/6491 5486/5071/6493
f 5485/5072/6494 5484/5066/6022 5490/5068/6024
f 5492/5073/6495 5480/5057/6487 5487/5064/6020
f 5493/5074/6496 5482/5059/6015 5481/5058/6488
f 5494/5075/6031 5495/5076/6032 5496/5077/6497
f 5481/5058/6488 5486/5063/6019 5497/5078/6034
f 5498/5079/6498 5497/5078/6034 5499/5080/6036
f 5494/5075/6031 5500/5081/6499 5499/5082/6036
f 5497/5083/6500 5486/5071/6493 5488/5065/6491
f 5434/4996/5953 5436/5001/5958 5501/5084/6501
f 5502/5085/6040 5436/5001/5958 5400/5000/5957
f 5501/5084/6501 5436/5001/5958 5502/5085/6040
f 5502/5085/6040 5397/5086/6502 5394/5087/6503
f 5502/5085/6040 5503/5088/6043 5504/5089/6044
f 5502/5085/6040 5504/5089/6044 5505/5090/6504
f 5505/5090/6504 5504/5089/6044 5506/5091/6505
f 5505/5090/6504 5499/5092/6506 5497/5083/6500
f 5496/5077/6497 5493/5074/6496 5498/5079/6498
f 5507/5093/6507 5468/5041/6479 5471/5044/6000
f 5508/5094/6049 5495/5076/6032 5494/5075/6031
f 5507/5093/6507 5509/5095/6050 5510/5096/6051
f 5511/5097/6508 5469/5042/5998 5468/5041/6479
f 5494/5075/6031 5506/5098/6053 5512/5099/6054
f 5513/5100/6055 5512/5099/6054 5514/5101/6056
f 5507/5093/6507 5515/5102/6509 5514/5103/6056
f 5506/5091/6505 5504/5089/6044 5516/5104/6510
f 5431/4989/5946 5464/5037/6476 5517/5105/6059
f 5464/5037/6476 5469/5047/6003 5511/5106/6060
f 5518/5107/6061 5514/5108/6062 5512/5109/6511
f 5503/5088/6043 5394/5087/6503 5391/5110/6064
f 5516/5104/6510 5504/5089/6044 5503/5088/6043
f 5519/5111/6065 5391/5110/6064 5385/4987/6450
f 5520/5112/6512 5517/5105/6059 5518/5107/6061
f 5518/5107/6061 5516/5104/6510 5519/5111/6065
f 5518/5107/6061 5517/5105/6059 5511/5106/6060
f 5521/5113/6067 5495/5076/6032 5508/5094/6049
f 5522/5114/6068 5508/5094/6049 5510/5096/6051
f 5510/5096/6051 5508/5094/6049 5513/5100/6055
f 5467/5040/6478 5456/5025/5981 5523/5115/6513
f 5524/5116/6514 5492/5073/6495 5483/5060/6489
f 5467/5040/6478 5523/5115/6513 5525/5117/6071
f 5523/5115/6513 5524/5116/6514 5526/5118/6515
f 5526/5118/6515 5524/5116/6514 5483/5060/6489
f 5492/5073/6495 5524/5116/6514 5527/5119/6073
f 5528/5120/6074 5475/5051/6484 5474/5050/6483
f 5474/5050/6483 5473/5049/6005 5479/5056/6486
f 5527/5119/6073 5524/5116/6514 5523/5115/6513
f 5479/5056/6486 5478/5055/6011 5527/5119/6073
f 5449/5017/6463 5453/5021/6466 5475/5051/6484
f 5528/5120/6074 5523/5115/6513 5456/5025/5981
f 5529/5121/6075 5522/5114/6068 5510/5096/6051
f 5530/5122/6076 5493/5074/6496 5496/5077/6497
f 5509/5095/6050 5471/5044/6000 5525/5117/6071
f 5525/5117/6071 5526/5118/6515 5530/5122/6076
f 5521/5113/6067 5522/5114/6068 5529/5121/6075
f 5496/5077/6497 5495/5076/6032 5521/5113/6067
f 5530/5122/6076 5526/5118/6515 5482/5059/6015
f 5531/5123/6516 5532/5124/6517 5533/5125/6518
f 5290/4811/5775 5293/4814/6360 5534/5126/6080
f 5308/4829/6368 5533/5127/6518 5535/5128/6519
f 5536/5129/6520 5302/4823/6363 5301/4822/5785
f 5313/4834/5797 5316/4837/5800 5537/5130/6083
f 5316/4837/5800 5298/4819/5783 5292/4813/6359
f 5302/4823/6363 5536/5131/6520 5534/5126/6080
f 5533/5132/6084 5532/5133/6521 5538/5134/6522
f 5537/5135/6087 5292/5136/6088 5539/5137/6523
f 5534/5138/6524 5536/5139/6525 5540/5140/6526
f 5541/5141/6093 5542/5142/6527 5543/5143/6528
f 5544/5144/6529 5545/5145/6097 5542/5142/6527
f 5546/5146/6098 5291/5147/6099 5534/5138/6524
f 5545/5145/6097 5547/5148/6100 5548/5149/6530
f 5539/5137/6523 5292/5136/6088 5291/5147/6099
f 5549/5150/6102 5539/5137/6523 5546/5146/6098
f 5543/5143/6528 5542/5142/6527 5548/5149/6530
f 5547/5148/6100 5537/5135/6087 5549/5150/6102
f 5536/5139/6525 5535/5151/6531 5550/5152/6532
f 5551/5153/6533 5552/5154/6534 5544/5144/6529
f 5535/5151/6531 5533/5132/6084 5553/5155/6107
f 5553/5155/6107 5538/5134/6522 5551/5153/6533
f 5541/5141/6093 5540/5140/6526 5550/5152/6532
f 5538/5134/6522 5532/5133/6521 5552/5154/6534
f 5329/5156/6535 5312/4833/5796 5311/4832/6371
f 5554/5157/6536 5544/5158/6537 5552/5159/6111
f 5309/4830/6369 5326/5160/6538 5330/5161/6539
f 5555/5162/6114 5552/5163/6111 5532/5124/6517
f 5531/5123/6516 5309/4830/6369 5556/5164/6540
f 5556/5164/6540 5557/5165/6541 5555/5162/6114
f 5330/5161/6539 5329/5156/6535 5558/5166/6542
f 5545/5167/6543 5544/5168/6537 5554/5157/6536
f 5313/4834/5797 5547/5169/6544 5545/5167/6543
f 5559/5170/6120 5554/5157/6536 5560/5171/6545
f 5310/4831/6370 5313/4834/5797 5559/5170/6120
f 5558/5166/6542 5311/4832/6371 5559/5170/6120
f 5560/5171/6545 5554/5157/6536 5555/5162/6114
f 5557/5165/6541 5556/5164/6540 5558/5166/6542
f 5292/4813/6359 5298/4819/5783 5290/4811/5775
f 5294/4815/5779 5295/4816/6361 5293/4814/6360
f 5296/4817/5781 5302/4823/6363 5293/4814/6360
f 5297/4818/5782 5304/4825/5788 5296/4817/5781
f 5294/4815/5779 5300/4821/5784 5297/4818/5782
f 5298/4819/5783 5318/4839/6372 5294/4815/5779
f 5294/4815/5779 5318/4839/6372 5299/4820/6362
f 5296/4817/5781 5303/4824/6364 5301/4822/5785
f 5304/4825/5788 5306/4827/6366 5303/4824/6364
f 5305/4826/6365 5308/4829/6368 5301/4822/5785
f 5307/4828/6367 5305/4826/6365 5303/4824/6364
f 5309/4830/6369 5531/5123/6516 5308/4829/6368
f 5307/4828/6367 5326/5160/6538 5309/4830/6369
f 5312/4833/5796 5315/4836/5799 5310/4831/6370
f 5314/4835/5798 5316/4837/5800 5313/4834/5797
f 5315/4836/5799 5317/4838/5801 5314/4835/5798
f 5314/4835/5798 5318/4839/6372 5298/4819/5783
f 5318/4839/6372 5314/4835/5798 5317/4838/5801
f 5320/4842/6375 5317/4843/6376 5315/4840/6373
f 5321/4844/5807 5299/4845/5808 5317/4843/6376
f 5322/4846/6377 5300/4871/6391 5299/4845/5808
f 5297/4849/6380 5340/4870/6390 5323/4847/6378
f 5324/4850/5813 5306/4851/5814 5304/4848/6379
f 5325/4852/6381 5307/4854/6382 5306/4851/5814
f 5325/4852/6381 5327/5172/5818 5326/4853/5816
f 5328/4857/6383 5330/4859/6385 5326/4855/5816
f 5328/4857/6383 5331/4860/5822 5329/4858/6384
f 5332/4861/5823 5312/4862/5824 5329/4858/6384
f 5312/4862/5824 5332/4861/5823 5319/4841/6374
f 5324/4850/5813 5344/4875/5837 5333/4863/6386
f 5334/4864/6387 5344/4875/5837 5324/4850/5813
f 5335/4865/6388 5342/4873/6393 5322/4846/6377
f 5320/4842/6375 5351/4882/5844 5335/4865/6388
f 5336/4866/5828 5351/4882/5844 5320/4842/6375
f 5337/4867/6389 5336/4866/5828 5319/4841/6374
f 5331/4860/5822 5348/4879/5841 5337/4867/6389
f 5338/4868/5830 5348/4879/5841 5331/4860/5822
f 5327/4856/5818 5339/4885/5831 5338/4868/5830
f 5339/4869/5831 5327/5172/5818 5325/4852/6381
f 5300/4871/6391 5322/4846/6377 5340/4870/6390
f 5323/4847/6378 5340/4870/6390 5341/4872/6392
f 5342/4873/6393 5341/4872/6392 5340/4870/6390
f 5343/4874/5836 5357/4889/5850 5341/4872/6392
f 5345/4876/6394 5361/4893/6399 5344/4875/5837
f 5333/4863/6386 5354/4886/5847 5346/4877/6395
f 5338/4868/5830 5353/4884/6396 5347/4878/5840
f 5349/4880/5842 5369/4902/5862 5336/4866/5828
f 5351/4882/5844 5352/4883/5845 5350/4881/5843
f 5335/4865/6388 5350/4881/5843 5343/4874/5836
f 5336/4866/5828 5369/4902/5862 5352/4883/5845
f 5347/4878/5840 5349/4880/5842 5337/4867/6389
f 5339/4885/5831 5346/4897/6395 5353/4884/6396
f 5344/4875/5837 5361/4893/6399 5354/4886/5847
f 5341/4872/6392 5357/4889/5850 5345/4876/6394
f 5356/4888/5849 5343/4874/5836 5350/4881/5843
f 5358/4890/6397 5359/4891/6398 5357/4889/5850
f 5360/4892/5853 5345/4876/6394 5357/4889/5850
f 5363/4895/5856 5354/4886/5847 5361/4893/6399
f 5364/4896/6400 5365/5173/5858 5346/4877/6395
f 5366/4899/5859 5353/4884/6396 5346/4897/6395
f 5368/4901/6401 5349/4880/5842 5347/4878/5840
f 5371/4904/5864 5352/4883/5845 5369/4902/5862
f 5350/4881/5843 5352/4883/5845 5372/4905/6402
f 5369/4902/5862 5349/4880/5842 5373/4906/6403
f 5347/4878/5840 5353/4884/6396 5374/4907/5867
f 5361/4893/6399 5345/4876/6394 5375/4908/6404
f 5359/4911/6407 5425/4979/6445 5376/4909/6405
f 5379/4914/5874 5381/4917/6411 5377/4912/5872
f 5360/4910/6406 5376/4909/6405 5380/4915/6409
f 5381/4917/6411 5382/4918/6412 5380/4915/6409
f 5379/4914/5874 5384/4921/5881 5382/4918/6412
f 5375/4916/6410 5380/4915/6409 5383/4919/6413
f 5382/4918/6412 5387/4925/6417 5383/4919/6413
f 5385/4922/5882 5387/4925/6417 5382/4918/6412
f 5362/4920/6414 5383/4919/6413 5386/4923/6415
f 5387/4925/6417 5388/4926/6418 5386/4923/6415
f 5385/4922/5882 5391/5174/5890 5388/4926/6418
f 5363/4929/6416 5386/4930/6415 5389/4927/5887
f 5388/4931/6418 5390/4932/5889 5389/4927/5887
f 5391/4933/5890 5394/4937/5894 5390/4932/5889
f 5364/4928/5888 5389/4927/5887 5392/4934/5891
f 5390/4932/5889 5393/4936/6420 5392/4934/5891
f 5394/4937/5894 5397/4941/5898 5393/4936/6420
f 5392/4934/5891 5395/4939/6422 5366/4938/6421
f 5393/4936/6420 5396/4940/5897 5395/4939/6422
f 5397/4941/5898 5400/4945/6425 5396/4940/5897
f 5395/4939/6422 5398/4943/6424 5374/4942/6423
f 5396/4940/5897 5399/4944/5901 5398/4943/6424
f 5400/4945/6425 5402/4948/5905 5399/4944/5901
f 5374/4942/6423 5398/4943/6424 5401/4946/5903
f 5399/4944/5901 5405/4952/5909 5401/4946/5903
f 5403/4949/5906 5405/4952/5909 5399/4944/5901
f 5367/4947/6426 5401/4946/5903 5404/4950/6427
f 5405/4952/5909 5408/4956/6430 5404/4950/6427
f 5406/4953/5910 5408/4956/6430 5405/4952/5909
f 5368/4951/5908 5404/4950/6427 5407/4954/6428
f 5408/4956/6430 5411/4960/6433 5407/4954/6428
f 5409/4957/6431 5411/4960/6433 5408/4956/6430
f 5407/4954/6428 5410/4959/6432 5370/4958/5915
f 5411/4960/6433 5412/4961/6434 5410/4959/6432
f 5409/4957/6431 5415/4965/5922 5412/4961/6434
f 5410/4959/6432 5413/4963/6436 5371/4962/6435
f 5412/4961/6434 5414/4964/5921 5413/4963/6436
f 5415/4965/5922 5418/4969/6437 5414/4964/5921
f 5413/4963/6436 5416/4967/5924 5372/4966/5923
f 5414/4964/5921 5417/4968/5925 5416/4967/5924
f 5418/4969/6437 5420/4972/5929 5417/4968/5925
f 5372/4966/5923 5416/4967/5924 5419/4970/6438
f 5417/4968/5925 5423/4976/6443 5419/4970/6438
f 5421/4973/6440 5423/4976/6443 5417/4968/5925
f 5355/4971/6439 5419/4970/6438 5422/4974/6441
f 5423/4976/6443 5424/4977/6444 5422/4974/6441
f 5421/4973/6440 5429/4983/6447 5424/4977/6444
f 5422/4974/6441 5426/4980/5937 5358/4978/5935
f 5358/4978/5935 5426/4980/5937 5425/4979/6445
f 5377/4912/5872 5381/4917/6411 5376/4909/6405
f 5427/4981/5938 5377/4912/5872 5425/4979/6445
f 5378/4913/6408 5377/4912/5872 5427/4981/5938
f 5424/4977/6444 5427/4981/5938 5426/4980/5937
f 5429/4983/6447 5428/4982/6446 5427/4981/5938
f 5428/4986/5943 5459/5029/6470 5430/4984/6448
f 5431/4989/5946 5520/5112/6512 5385/4987/6450
f 5432/4992/6452 5440/5006/6459 5415/4990/5947
f 5420/4995/6454 5437/5002/6456 5433/4993/5950
f 5403/4998/5955 5402/4999/5956 5434/4996/5953
f 5436/5001/5958 5434/4996/5953 5402/4999/5956
f 5418/5003/5960 5439/5005/6458 5437/5002/6456
f 5440/5006/6459 5439/5005/6458 5418/5003/5960
f 5442/5008/6461 5439/5005/6458 5440/5006/6459
f 5444/5010/5967 5442/5008/6461 5441/5007/6460
f 5445/5011/5968 5438/5004/6457 5442/5008/6461
f 5438/5004/6457 5447/5013/5970 5433/4993/5950
f 5438/5004/6457 5445/5011/5968 5446/5012/5969
f 5448/5016/5973 5452/5020/6465 5446/5014/5971
f 5453/5021/6466 5449/5017/6463 5451/5019/6464
f 5455/5023/5980 5451/5019/6464 5450/5018/5975
f 5446/5014/5971 5452/5020/6465 5451/5019/6464
f 5450/5018/5975 5449/5017/6463 5456/5025/5981
f 5457/5026/6467 5460/5046/6482 5454/5022/5979
f 5421/4994/6453 5433/4993/5950 5458/5027/6468
f 5429/5028/6469 5458/5027/6468 5459/5029/6470
f 5462/5032/6473 5454/5035/5991 5460/5030/6471
f 5455/5033/6474 5463/5034/5990 5447/5013/5970
f 5459/5029/6470 5462/5032/6473 5461/5031/6472
f 5458/5027/6468 5463/5034/5990 5462/5032/6473
f 5454/5035/5991 5462/5032/6473 5463/5034/5990
f 5447/5013/5970 5463/5034/5990 5458/5027/6468
f 5430/4984/6448 5465/5038/6477 5379/5036/6475
f 5379/5036/6475 5465/5038/6477 5431/4989/5946
f 5465/5038/6477 5466/5039/5995 5464/5037/6476
f 5466/5039/5995 5465/5038/6477 5430/4984/6448
f 5467/5040/6478 5472/5045/6481 5457/5026/6467
f 5470/5043/6480 5472/5045/6481 5468/5041/6479
f 5472/5045/6481 5467/5040/6478 5471/5044/6000
f 5472/5045/6481 5470/5175/6480 5460/5046/6482
f 5466/5039/5995 5470/5048/6004 5469/5047/6003
f 5470/5048/6004 5466/5039/5995 5461/5031/6472
f 5475/5051/6484 5453/5021/6466 5473/5049/6005
f 5473/5049/6005 5453/5021/6466 5452/5020/6465
f 5445/5015/6462 5444/5176/6122 5476/5052/6008
f 5476/5052/6008 5444/5177/6122 5443/5053/6485
f 5448/5016/5973 5476/5052/6008 5479/5056/6486
f 5480/5057/6487 5492/5073/6495 5478/5055/6011
f 5483/5060/6489 5487/5064/6020 5481/5058/6488
f 5484/5061/6017 5480/5057/6487 5477/5054/6010
f 5485/5062/6490 5487/5064/6020 5480/5057/6487
f 5487/5064/6020 5485/5178/6490 5486/5063/6019
f 5432/4992/6452 5490/5068/6024 5441/5007/6460
f 5441/5007/6460 5490/5068/6024 5484/5066/6022
f 5409/4991/6451 5406/5069/6025 5489/5067/6492
f 5435/4997/6455 5489/5067/6492 5406/5069/6025
f 5491/5070/6026 5489/5067/6492 5435/4997/6455
f 5486/5071/6493 5485/5072/6494 5491/5070/6026
f 5490/5068/6024 5491/5070/6026 5485/5072/6494
f 5487/5064/6020 5483/5060/6489 5492/5073/6495
f 5481/5058/6488 5498/5079/6498 5493/5074/6496
f 5496/5077/6497 5500/5081/6499 5494/5075/6031
f 5497/5078/6034 5498/5079/6498 5481/5058/6488
f 5499/5080/6036 5500/5081/6499 5498/5079/6498
f 5499/5082/6036 5506/5098/6053 5494/5075/6031
f 5488/5065/6491 5501/5084/6501 5497/5083/6500
f 5501/5084/6501 5488/5065/6491 5434/4996/5953
f 5400/5000/5957 5397/5086/6502 5502/5085/6040
f 5502/5085/6040 5505/5090/6504 5501/5084/6501
f 5394/5087/6503 5503/5088/6043 5502/5085/6040
f 5506/5091/6505 5499/5092/6506 5505/5090/6504
f 5497/5083/6500 5501/5084/6501 5505/5090/6504
f 5498/5079/6498 5500/5081/6499 5496/5077/6497
f 5471/5044/6000 5509/5095/6050 5507/5093/6507
f 5494/5075/6031 5513/5100/6055 5508/5094/6049
f 5510/5096/6051 5515/5102/6509 5507/5093/6507
f 5468/5041/6479 5507/5093/6507 5511/5097/6508
f 5512/5099/6054 5513/5100/6055 5494/5075/6031
f 5514/5101/6056 5515/5102/6509 5513/5100/6055
f 5514/5103/6056 5511/5097/6508 5507/5093/6507
f 5516/5104/6510 5512/5109/6511 5506/5091/6505
f 5517/5105/6059 5520/5112/6512 5431/4989/5946
f 5511/5106/6060 5517/5105/6059 5464/5037/6476
f 5512/5109/6511 5516/5104/6510 5518/5107/6061
f 5391/5110/6064 5519/5111/6065 5503/5088/6043
f 5503/5088/6043 5519/5111/6065 5516/5104/6510
f 5385/4987/6450 5520/5112/6512 5519/5111/6065
f 5518/5107/6061 5519/5111/6065 5520/5112/6512
f 5511/5106/6060 5514/5108/6062 5518/5107/6061
f 5508/5094/6049 5522/5114/6068 5521/5113/6067
f 5513/5100/6055 5515/5102/6509 5510/5096/6051
f 5525/5117/6071 5471/5044/6000 5467/5040/6478
f 5526/5118/6515 5525/5117/6071 5523/5115/6513
f 5483/5060/6489 5482/5059/6015 5526/5118/6515
f 5527/5119/6073 5478/5055/6011 5492/5073/6495
f 5474/5050/6483 5527/5119/6073 5528/5120/6074
f 5479/5056/6486 5527/5119/6073 5474/5050/6483
f 5523/5115/6513 5528/5120/6074 5527/5119/6073
f 5475/5051/6484 5528/5120/6074 5449/5017/6463
f 5456/5025/5981 5449/5017/6463 5528/5120/6074
f 5510/5096/6051 5509/5095/6050 5529/5121/6075
f 5525/5117/6071 5529/5121/6075 5509/5095/6050
f 5530/5122/6076 5529/5121/6075 5525/5117/6071
f 5529/5121/6075 5530/5122/6076 5521/5113/6067
f 5521/5113/6067 5530/5122/6076 5496/5077/6497
f 5482/5059/6015 5493/5074/6496 5530/5122/6076
f 5533/5125/6518 5308/4829/6368 5531/5123/6516
f 5534/5126/6080 5291/5179/5776 5290/4811/5775
f 5535/5128/6519 5301/4822/5785 5308/4829/6368
f 5301/4822/5785 5535/5128/6519 5536/5129/6520
f 5537/5130/6083 5547/5180/6544 5313/4834/5797
f 5292/4813/6359 5537/5130/6083 5316/4837/5800
f 5534/5126/6080 5293/4814/6360 5302/4823/6363
f 5538/5134/6522 5553/5155/6107 5533/5132/6084
f 5539/5137/6523 5549/5150/6102 5537/5135/6087
f 5540/5140/6526 5543/5143/6528 5534/5138/6524
f 5543/5143/6528 5540/5140/6526 5541/5141/6093
f 5542/5142/6527 5541/5141/6093 5544/5144/6529
f 5534/5138/6524 5543/5143/6528 5546/5146/6098
f 5548/5149/6530 5542/5142/6527 5545/5145/6097
f 5291/5147/6099 5546/5146/6098 5539/5137/6523
f 5546/5146/6098 5548/5149/6530 5549/5150/6102
f 5548/5149/6530 5546/5146/6098 5543/5143/6528
f 5549/5150/6102 5548/5149/6530 5547/5148/6100
f 5550/5152/6532 5540/5140/6526 5536/5139/6525
f 5544/5144/6529 5541/5141/6093 5551/5153/6533
f 5553/5155/6107 5550/5152/6532 5535/5151/6531
f 5551/5153/6533 5550/5152/6532 5553/5155/6107
f 5550/5152/6532 5551/5153/6533 5541/5141/6093
f 5552/5154/6534 5551/5153/6533 5538/5134/6522
f 5311/4832/6371 5558/5166/6542 5329/5156/6535
f 5552/5159/6111 5555/5162/6114 5554/5157/6536
f 5330/5161/6539 5556/5164/6540 5309/4830/6369
f 5532/5124/6517 5531/5123/6516 5555/5162/6114
f 5556/5164/6540 5555/5162/6114 5531/5123/6516
f 5558/5166/6542 5556/5164/6540 5330/5161/6539
f 5554/5157/6536 5559/5170/6120 5545/5167/6543
f 5545/5167/6543 5559/5170/6120 5313/4834/5797
f 5559/5170/6120 5311/4832/6371 5310/4831/6370
f 5559/5170/6120 5560/5171/6545 5558/5166/6542
f 5555/5162/6114 5557/5165/6541 5560/5171/6545
f 5558/5166/6542 5560/5171/6545 5557/5165/6541
f 5585/5181/6546 5584/5182/6547 5571/5183/6548
f 5571/5184/6548 5584/5185/6547 5586/5186/6549
f 5574/5187/6550 5576/5188/6551 5589/5189/6552
f 5589/5189/6552 5576/5188/6551 5575/5190/6553
f 5582/5191/6554 5569/5192/6555 5572/5193/6556
f 5581/5194/6557 5582/5191/6554 5587/5195/6558
f 5585/5181/6546 5577/5196/6559 5569/5192/6555
f 5572/5193/6556 5574/5187/6550 5587/5195/6558
f 5573/5197/6560 5570/5198/6561 5583/5199/6562
f 5581/5194/6557 5584/5200/6547 5585/5201/6546
f 5586/5202/6549 5584/5200/6547 5581/5194/6557
f 5588/5203/6563 5583/5199/6562 5581/5194/6557
f 5570/5198/6561 5578/5204/6564 5586/5186/6549
f 5588/5203/6563 5575/5190/6553 5573/5197/6560
f 5572/5193/6556 5564/5205/6565 5562/5206/6566
f 5563/5207/6567 5565/5208/6568 5573/5197/6560
f 5561/5209/6569 5563/5207/6567 5575/5190/6553
f 5574/5187/6550 5562/5206/6566 5561/5209/6569
f 5564/5205/6565 5572/5193/6556 5569/5192/6555
f 5570/5198/6561 5573/5197/6560 5565/5208/6568
f 5579/5210/6570 5566/5211/6571 5569/5192/6555
f 5570/5198/6561 5567/5212/6572 5580/5213/6573
f 5568/5214/6574 5571/5184/6548 5578/5204/6564
f 5577/5196/6559 5571/5183/6548 5568/5215/6574
f 5600/5216/6575 5622/5217/6576 5620/5218/6577
f 5561/5209/6569 5562/5206/6566 5592/5219/6578
f 5622/5217/6576 5600/5216/6575 5594/5220/6579
f 5563/5207/6567 5561/5209/6569 5594/5220/6579
f 5594/5220/6579 5600/5216/6575 5623/5221/6580
f 5623/5221/6580 5600/5216/6575 5619/5222/6581
f 5622/5217/6576 5592/5219/6578 5601/5223/6582
f 5602/5224/6583 5593/5225/6584 5623/5221/6580
f 5622/5217/6576 5601/5223/6582 5617/5226/6585
f 5602/5224/6583 5623/5221/6580 5621/5227/6586
f 5562/5206/6566 5564/5205/6565 5590/5228/6587
f 5624/5229/6588 5601/5223/6582 5592/5219/6578
f 5565/5208/6568 5563/5207/6567 5593/5225/6584
f 5593/5225/6584 5602/5224/6583 5625/5230/6589
f 5601/5223/6582 5624/5229/6588 5626/5231/6590
f 5627/5232/6591 5625/5230/6589 5602/5224/6583
f 5603/5233/6592 5615/5234/6593 5626/5231/6590
f 5624/5229/6588 5590/5228/6587 5603/5233/6592
f 5626/5231/6590 5624/5229/6588 5603/5233/6592
f 5627/5232/6591 5616/5235/6594 5604/5236/6595
f 5604/5236/6595 5591/5237/6596 5625/5230/6589
f 5604/5236/6595 5625/5230/6589 5627/5232/6591
f 5564/5205/6565 5566/5211/6571 5595/5238/6597
f 5630/5239/6598 5603/5233/6592 5590/5228/6587
f 5615/5234/6593 5603/5233/6592 5630/5239/6598
f 5567/5212/6572 5565/5208/6568 5591/5237/6596
f 5591/5237/6596 5604/5236/6595 5631/5240/6599
f 5631/5240/6599 5604/5236/6595 5616/5235/6594
f 5630/5239/6598 5595/5238/6597 5605/5241/6600
f 5628/5242/6601 5630/5239/6598 5605/5241/6600
f 5606/5243/6602 5596/5244/6603 5631/5240/6599
f 5631/5240/6599 5629/5245/6604 5614/5246/6605
f 5595/5238/6597 5566/5211/6571 5579/5210/6570
f 5634/5247/6606 5605/5241/6600 5595/5238/6597
f 5613/5248/6607 5605/5241/6600 5634/5247/6606
f 5596/5244/6603 5606/5243/6602 5635/5249/6608
f 5606/5243/6602 5614/5246/6605 5633/5250/6609
f 5634/5247/6606 5597/5251/6610 5607/5252/6611
f 5610/5253/6612 5632/5254/6613 5634/5247/6606
f 5635/5249/6608 5633/5250/6609 5611/5255/6614
f 5639/5256/6615 5637/5257/6616 5612/5258/6617
f 5597/5251/6610 5579/5210/6570 5568/5215/6574
f 5638/5259/6618 5607/5252/6611 5597/5251/6610
f 5599/5260/6619 5609/5261/6620 5638/5259/6618
f 5610/5253/6612 5607/5252/6611 5638/5259/6618
f 5609/5261/6620 5612/5262/6617 5636/5263/6621
f 5567/5212/6572 5596/5244/6603 5598/5264/6622
f 5568/5214/6574 5580/5213/6573 5598/5264/6622
f 5639/5256/6615 5609/5265/6620 5599/5266/6619
f 5598/5264/6622 5608/5267/6623 5639/5256/6615
f 5635/5249/6608 5608/5267/6623 5598/5264/6622
f 5608/5267/6623 5611/5255/6614 5637/5257/6616
f 5571/5183/6548 5577/5196/6559 5585/5181/6546
f 5586/5186/6549 5578/5204/6564 5571/5184/6548
f 5589/5189/6552 5587/5195/6558 5574/5187/6550
f 5575/5190/6553 5588/5203/6563 5589/5189/6552
f 5587/5195/6558 5589/5189/6552 5581/5194/6557
f 5569/5192/6555 5582/5191/6554 5585/5181/6546
f 5587/5195/6558 5582/5191/6554 5572/5193/6556
f 5585/5201/6546 5582/5191/6554 5581/5194/6557
f 5581/5194/6557 5583/5199/6562 5586/5202/6549
f 5581/5194/6557 5589/5189/6552 5588/5203/6563
f 5586/5186/6549 5583/5199/6562 5570/5198/6561
f 5573/5197/6560 5583/5199/6562 5588/5203/6563
f 5562/5206/6566 5574/5187/6550 5572/5193/6556
f 5573/5197/6560 5575/5190/6553 5563/5207/6567
f 5575/5190/6553 5576/5188/6551 5561/5209/6569
f 5561/5209/6569 5576/5188/6551 5574/5187/6550
f 5569/5192/6555 5566/5211/6571 5564/5205/6565
f 5565/5208/6568 5567/5212/6572 5570/5198/6561
f 5569/5192/6555 5577/5196/6559 5579/5210/6570
f 5580/5213/6573 5578/5204/6564 5570/5198/6561
f 5578/5204/6564 5580/5213/6573 5568/5214/6574
f 5568/5215/6574 5579/5210/6570 5577/5196/6559
f 5620/5218/6577 5619/5222/6581 5600/5216/6575
f 5592/5219/6578 5594/5220/6579 5561/5209/6569
f 5594/5220/6579 5592/5219/6578 5622/5217/6576
f 5594/5220/6579 5593/5225/6584 5563/5207/6567
f 5623/5221/6580 5593/5225/6584 5594/5220/6579
f 5619/5222/6581 5621/5227/6586 5623/5221/6580
f 5617/5226/6585 5620/5218/6577 5622/5217/6576
f 5621/5227/6586 5618/5268/6624 5602/5224/6583
f 5590/5228/6587 5592/5219/6578 5562/5206/6566
f 5592/5219/6578 5590/5228/6587 5624/5229/6588
f 5593/5225/6584 5591/5237/6596 5565/5208/6568
f 5625/5230/6589 5591/5237/6596 5593/5225/6584
f 5626/5231/6590 5617/5226/6585 5601/5223/6582
f 5602/5224/6583 5618/5268/6624 5627/5232/6591
f 5595/5238/6597 5590/5228/6587 5564/5205/6565
f 5590/5228/6587 5595/5238/6597 5630/5239/6598
f 5630/5239/6598 5628/5242/6601 5615/5234/6593
f 5591/5237/6596 5596/5244/6603 5567/5212/6572
f 5631/5240/6599 5596/5244/6603 5591/5237/6596
f 5616/5235/6594 5629/5245/6604 5631/5240/6599
f 5605/5241/6600 5613/5248/6607 5628/5242/6601
f 5614/5246/6605 5606/5243/6602 5631/5240/6599
f 5579/5210/6570 5597/5251/6610 5595/5238/6597
f 5595/5238/6597 5597/5251/6610 5634/5247/6606
f 5634/5247/6606 5632/5254/6613 5613/5248/6607
f 5635/5249/6608 5598/5264/6622 5596/5244/6603
f 5633/5250/6609 5635/5249/6608 5606/5243/6602
f 5634/5247/6606 5607/5252/6611 5610/5253/6612
f 5611/5255/6614 5608/5267/6623 5635/5249/6608
f 5612/5258/6617 5609/5265/6620 5639/5256/6615
f 5568/5215/6574 5599/5260/6619 5597/5251/6610
f 5597/5251/6610 5599/5260/6619 5638/5259/6618
f 5638/5259/6618 5636/5263/6621 5610/5253/6612
f 5636/5263/6621 5638/5259/6618 5609/5261/6620
f 5598/5264/6622 5580/5213/6573 5567/5212/6572
f 5598/5264/6622 5599/5266/6619 5568/5214/6574
f 5599/5266/6619 5598/5264/6622 5639/5256/6615
f 5637/5257/6616 5639/5256/6615 5608/5267/6623
f 5664/5181/6625 5663/5182/6547 5650/5183/6626
f 5650/5184/6626 5663/5185/6547 5665/5186/6627
f 5653/5187/6550 5655/5188/6551 5668/5189/6552
f 5668/5189/6552 5655/5188/6551 5654/5190/6628
f 5661/5191/6554 5648/5192/6555 5651/5193/6629
f 5660/5194/6557 5661/5191/6554 5666/5195/6630
f 5664/5181/6625 5656/5196/6631 5648/5192/6555
f 5651/5193/6629 5653/5187/6550 5666/5195/6630
f 5652/5197/6560 5649/5198/6561 5662/5199/6632
f 5660/5194/6557 5663/5200/6547 5664/5201/6625
f 5665/5202/6627 5663/5200/6547 5660/5194/6557
f 5667/5203/6633 5662/5199/6632 5660/5194/6557
f 5649/5198/6561 5657/5204/6564 5665/5186/6627
f 5667/5203/6633 5654/5190/6628 5652/5197/6560
f 5651/5193/6629 5643/5205/6634 5641/5206/6635
f 5642/5207/6636 5644/5208/6637 5652/5197/6560
f 5640/5209/6638 5642/5207/6636 5654/5190/6628
f 5653/5187/6550 5641/5206/6635 5640/5209/6638
f 5643/5205/6634 5651/5193/6629 5648/5192/6555
f 5649/5198/6561 5652/5197/6560 5644/5208/6637
f 5658/5210/6570 5645/5211/6639 5648/5192/6555
f 5649/5198/6561 5646/5212/6640 5659/5213/6573
f 5647/5214/6574 5650/5184/6626 5657/5204/6564
f 5656/5196/6631 5650/5183/6626 5647/5215/6574
f 5679/5216/6575 5701/5217/6641 5699/5218/6642
f 5640/5209/6638 5641/5206/6635 5671/5219/6643
f 5701/5217/6641 5679/5216/6575 5673/5220/6579
f 5642/5207/6636 5640/5209/6638 5673/5220/6579
f 5673/5220/6579 5679/5216/6575 5702/5221/6580
f 5702/5221/6580 5679/5216/6575 5698/5222/6581
f 5701/5217/6641 5671/5219/6643 5680/5223/6644
f 5681/5224/6645 5672/5225/6584 5702/5221/6580
f 5701/5217/6641 5680/5223/6644 5696/5226/6646
f 5681/5224/6645 5702/5221/6580 5700/5227/6647
f 5641/5206/6635 5643/5205/6634 5669/5228/6587
f 5703/5229/6648 5680/5223/6644 5671/5219/6643
f 5644/5208/6637 5642/5207/6636 5672/5225/6584
f 5672/5225/6584 5681/5224/6645 5704/5230/6649
f 5680/5223/6644 5703/5229/6648 5705/5231/6590
f 5706/5232/6591 5704/5230/6649 5681/5224/6645
f 5682/5233/6592 5694/5234/6593 5705/5231/6590
f 5703/5229/6648 5669/5228/6587 5682/5233/6592
f 5705/5231/6590 5703/5229/6648 5682/5233/6592
f 5706/5232/6591 5695/5235/6650 5683/5236/6595
f 5683/5236/6595 5670/5237/6651 5704/5230/6649
f 5683/5236/6595 5704/5230/6649 5706/5232/6591
f 5643/5205/6634 5645/5211/6639 5674/5238/6652
f 5709/5239/6653 5682/5233/6592 5669/5228/6587
f 5694/5234/6593 5682/5233/6592 5709/5239/6653
f 5646/5212/6640 5644/5208/6637 5670/5237/6651
f 5670/5237/6651 5683/5236/6595 5710/5240/6654
f 5710/5240/6654 5683/5236/6595 5695/5235/6650
f 5709/5239/6653 5674/5238/6652 5684/5241/6655
f 5707/5242/6656 5709/5239/6653 5684/5241/6655
f 5685/5243/6657 5675/5244/6603 5710/5240/6654
f 5710/5240/6654 5708/5245/6658 5693/5246/6659
f 5674/5238/6652 5645/5211/6639 5658/5210/6570
f 5713/5247/6660 5684/5241/6655 5674/5238/6652
f 5692/5248/6661 5684/5241/6655 5713/5247/6660
f 5675/5244/6603 5685/5243/6657 5714/5249/6608
f 5685/5243/6657 5693/5246/6659 5712/5250/6662
f 5713/5247/6660 5676/5251/6610 5686/5252/6663
f 5689/5253/6664 5711/5254/6665 5713/5247/6660
f 5714/5249/6608 5712/5250/6662 5690/5255/6666
f 5718/5256/6667 5716/5257/6668 5691/5258/6617
f 5676/5251/6610 5658/5210/6570 5647/5215/6574
f 5717/5259/6669 5686/5252/6663 5676/5251/6610
f 5678/5260/6670 5688/5261/6620 5717/5259/6669
f 5689/5253/6664 5686/5252/6663 5717/5259/6669
f 5688/5261/6620 5691/5262/6617 5715/5263/6621
f 5646/5212/6640 5675/5244/6603 5677/5264/6671
f 5647/5214/6574 5659/5213/6573 5677/5264/6671
f 5718/5256/6667 5688/5265/6620 5678/5266/6670
f 5677/5264/6671 5687/5267/6672 5718/5256/6667
f 5714/5249/6608 5687/5267/6672 5677/5264/6671
f 5687/5267/6672 5690/5255/6666 5716/5257/6668
f 5650/5183/6626 5656/5196/6631 5664/5181/6625
f 5665/5186/6627 5657/5204/6564 5650/5184/6626
f 5668/5189/6552 5666/5195/6630 5653/5187/6550
f 5654/5190/6628 5667/5203/6633 5668/5189/6552
f 5666/5195/6630 5668/5189/6552 5660/5194/6557
f 5648/5192/6555 5661/5191/6554 5664/5181/6625
f 5666/5195/6630 5661/5191/6554 5651/5193/6629
f 5664/5201/6625 5661/5191/6554 5660/5194/6557
f 5660/5194/6557 5662/5199/6632 5665/5202/6627
f 5660/5194/6557 5668/5189/6552 5667/5203/6633
f 5665/5186/6627 5662/5199/6632 5649/5198/6561
f 5652/5197/6560 5662/5199/6632 5667/5203/6633
f 5641/5206/6635 5653/5187/6550 5651/5193/6629
f 5652/5197/6560 5654/5190/6628 5642/5207/6636
f 5654/5190/6628 5655/5188/6551 5640/5209/6638
f 5640/5209/6638 5655/5188/6551 5653/5187/6550
f 5648/5192/6555 5645/5211/6639 5643/5205/6634
f 5644/5208/6637 5646/5212/6640 5649/5198/6561
f 5648/5192/6555 5656/5196/6631 5658/5210/6570
f 5659/5213/6573 5657/5204/6564 5649/5198/6561
f 5657/5204/6564 5659/5213/6573 5647/5214/6574
f 5647/5215/6574 5658/5210/6570 5656/5196/6631
f 5699/5218/6642 5698/5222/6581 5679/5216/6575
f 5671/5219/6643 5673/5220/6579 5640/5209/6638
f 5673/5220/6579 5671/5219/6643 5701/5217/6641
f 5673/5220/6579 5672/5225/6584 5642/5207/6636
f 5702/5221/6580 5672/5225/6584 5673/5220/6579
f 5698/5222/6581 5700/5227/6647 5702/5221/6580
f 5696/5226/6646 5699/5218/6642 5701/5217/6641
f 5700/5227/6647 5697/5268/6673 5681/5224/6645
f 5669/5228/6587 5671/5219/6643 5641/5206/6635
f 5671/5219/6643 5669/5228/6587 5703/5229/6648
f 5672/5225/6584 5670/5237/6651 5644/5208/6637
f 5704/5230/6649 5670/5237/6651 5672/5225/6584
f 5705/5231/6590 5696/5226/6646 5680/5223/6644
f 5681/5224/6645 5697/5268/6673 5706/5232/6591
f 5674/5238/6652 5669/5228/6587 5643/5205/6634
f 5669/5228/6587 5674/5238/6652 5709/5239/6653
f 5709/5239/6653 5707/5242/6656 5694/5234/6593
f 5670/5237/6651 5675/5244/6603 5646/5212/6640
f 5710/5240/6654 5675/5244/6603 5670/5237/6651
f 5695/5235/6650 5708/5245/6658 5710/5240/6654
f 5684/5241/6655 5692/5248/6661 5707/5242/6656
f 5693/5246/6659 5685/5243/6657 5710/5240/6654
f 5658/5210/6570 5676/5251/6610 5674/5238/6652
f 5674/5238/6652 5676/5251/6610 5713/5247/6660
f 5713/5247/6660 5711/5254/6665 5692/5248/6661
f 5714/5249/6608 5677/5264/6671 5675/5244/6603
f 5712/5250/6662 5714/5249/6608 5685/5243/6657
f 5713/5247/6660 5686/5252/6663 5689/5253/6664
f 5690/5255/6666 5687/5267/6672 5714/5249/6608
f 5691/5258/6617 5688/5265/6620 5718/5256/6667
f 5647/5215/6574 5678/5260/6670 5676/5251/6610
f 5676/5251/6610 5678/5260/6670 5717/5259/6669
f 5717/5259/6669 5715/5263/6621 5689/5253/6664
f 5715/5263/6621 5717/5259/6669 5688/5261/6620
f 5677/5264/6671 5659/5213/6573 5646/5212/6640
f 5677/5264/6671 5678/5266/6670 5647/5214/6574
f 5678/5266/6670 5677/5264/6671 5718/5256/6667
f 5716/5257/6668 5718/5256/6667 5687/5267/6672
