g sawnoffshotgun_mesh
v -0.1952827 1.3969264 0.21173556
v -0.19621971 1.3992411 0.21209067
v -0.19659424 1.4018914 0.21185035
v -0.20333162 1.3532243 -0.091355264
v -0.20709749 1.3504298 -0.090080485
v -0.20537916 1.3503914 -0.09000816
v -0.20776346 1.3348204 -0.08993467
v -0.20709749 1.3504298 -0.090080485
v -0.20922987 1.3524668 -0.07059515
v -0.207861 1.3562357 -0.071021035
v -0.20507428 1.3535974 -0.09020706
v -0.20333162 1.3532243 -0.091355264
v -0.21109399 1.3354126 -0.07027146
v -0.20989542 1.3519398 -0.057101198
v -0.21060747 1.3355086 -0.05679965
v -0.20523557 1.3596907 -0.0711033
v -0.20840295 1.3558775 -0.05708152
v -0.19923341 1.3551952 -0.089756906
v -0.20090646 1.3570535 -0.09008043
v -0.19923341 1.3551952 -0.089756906
v -0.19599725 1.3585178 -0.089697264
v -0.20025972 1.3574616 -0.10023095
v -0.19601403 1.3588017 -0.100453556
v -0.20325899 1.3552717 -0.09960142
v -0.20537916 1.3503914 -0.09000816
v -0.20571835 1.3508993 -0.09783593
v -0.2066528 1.3348279 -0.09080925
v -0.19935605 1.3626245 -0.07062307
v -0.20595914 1.3588932 -0.05678421
v -0.19599806 1.3603582 -0.08924799
v -0.20465901 1.35602 -0.11478853
v -0.20662561 1.3513957 -0.11426684
v -0.207894 1.3438804 -0.11334281
v -0.20138165 1.3591502 -0.115191154
v -0.18809225 1.360039 -0.10007722
v -0.18755814 1.3598905 -0.08831946
v -0.19721662 1.3607696 -0.11515918
v -0.18692571 1.363302 -0.068492256
v -0.18736978 1.360963 -0.087678485
v -0.20006116 1.3620306 -0.055957455
v -0.20814571 1.3491005 -0.15781093
v -0.20697616 1.3543849 -0.15787452
v -0.20788589 1.3400152 -0.15666129
v -0.20916982 1.3196704 -0.10997919
v -0.20412765 1.3580188 -0.15814295
v -0.20034724 1.3592933 -0.15821916
v -0.20363685 1.3562417 -0.15802379
v -0.20034724 1.3592933 -0.15821916
v -0.2079943 1.3142592 -0.1528944
v -0.20867552 1.2947698 -0.106414236
v -0.20674938 1.3139623 -0.15363601
v -0.20786773 1.3070798 -0.15188643
v -0.20608352 1.3537823 -0.1582931
v -0.20619205 1.3488263 -0.15742193
v -0.20773795 1.2873363 -0.14893247
v -0.20640574 1.2871345 -0.14932363
v -0.20230304 1.3519785 -0.16625938
v -0.2071284 1.261102 -0.14649978
v -0.20533958 1.2610497 -0.14599766
v -0.20821199 1.2949696 -0.089890614
v -0.20721936 1.3207492 -0.090714425
v -0.20801984 1.3207922 -0.08978479
v -0.20537916 1.3503914 -0.09000816
v -0.21122976 1.3201857 -0.070223585
v -0.21067601 1.3194735 -0.057318237
v -0.20841329 1.2700149 -0.10355421
v -0.20658872 1.2705693 -0.08993087
v -0.2110587 1.2944177 -0.07032403
v -0.2070339 1.2608196 -0.102501
v -0.20510764 1.2440326 -0.14507824
v -0.20583783 1.2611487 -0.090054646
v -0.21025723 1.2937475 -0.05740365
v -0.20951197 1.2701855 -0.07041817
v -0.20882803 1.2697482 -0.05730521
v -0.2085633 1.3356533 -0.041054133
v -0.2084349 1.3190763 -0.041421548
v -0.20769416 1.292643 -0.041107588
v -0.20806041 1.3479681 -0.041431926
v -0.20686418 1.3523693 -0.04142305
v -0.20463529 1.3560823 -0.040843442
v -0.20037408 1.3586859 -0.039437857
v -0.20707582 1.2617021 -0.057309218
v -0.20677537 1.2697634 -0.041652612
v -0.20797335 1.260364 -0.07025587
v -0.2009649 1.253595 -0.09008088
v -0.20147207 1.2484627 -0.102469236
v -0.2033193 1.2571672 -0.057312038
v -0.20310445 1.2541854 -0.070316344
v -0.20534189 1.2644027 -0.042054795
v -0.19728567 1.2510782 -0.09016334
v -0.20540248 1.2920327 -0.041025694
v -0.20562501 1.2703102 -0.040318802
v -0.2060641 1.318309 -0.041117888
v -0.20663066 1.3349162 -0.040668614
v -0.2069225 1.3474287 -0.040472627
v -0.20586315 1.3518786 -0.040098704
v -0.20364292 1.3555665 -0.039795917
v -0.1995216 1.3577709 -0.03859166
v -0.20600593 1.3195345 -0.03561259
v -0.20687146 1.3356451 -0.03543785
v -0.2066775 1.3473339 -0.03558443
v -0.20567083 1.3519987 -0.035651717
v -0.20296523 1.3555061 -0.035682846
v -0.19742005 1.3571442 -0.03542155
v -0.20532084 1.2935824 -0.034781523
v -0.18696703 1.361199 -0.035003357
v -0.18786512 1.3632219 -0.052742157
v -0.17332868 1.3601547 -0.06416085
v -0.2065978 1.3526459 -0.035125952
v -0.20384651 1.3559512 -0.034837164
v -0.19872458 1.3585845 -0.035023246
v -0.18874905 1.3605516 -0.013993053
v -0.17552392 1.3587883 -0.033123825
v -0.2042777 1.3556507 -0.014132966
v -0.20810369 1.3481758 -0.034900192
v -0.17561391 1.3597096 -0.049052663
v -0.20024832 1.3579898 -0.013964181
v -0.206827 1.3522842 -0.013789844
v -0.20853819 1.3364574 -0.034781877
v -0.20811613 1.3483895 -0.014052715
v -0.20603237 1.3468945 -0.013423958
v -0.20515308 1.3511368 -0.013294754
v -0.20265566 1.3535246 -0.013644361
v -0.2078432 1.3203225 -0.035129912
v -0.20853397 1.3389883 -0.013873111
v -0.20592093 1.338573 -0.013557543
v -0.19929592 1.356482 -0.012079286
v -0.20214595 1.355167 0.00439126
v -0.19848034 1.3573112 0.0041609094
v -0.20736328 1.2941532 -0.03474031
v -0.20795338 1.3248547 -0.013710497
v -0.20594156 1.3239343 -0.013386655
v -0.20841506 1.2987002 -0.014210897
v -0.20604469 1.2983559 -0.014290371
v -0.20697317 1.2896678 -0.014497465
v -0.20534031 1.2810285 -0.034477443
v -0.20606846 1.2808434 -0.033510007
v -0.2027077 1.2744617 -0.037620246
v -0.20085502 1.2735708 -0.034202155
v -0.20208205 1.276761 -0.03348831
v -0.20385739 1.2762569 -0.033030853
v -0.20208205 1.276761 -0.03348831
v -0.20418644 1.2865857 -0.0146261165
v -0.2056199 1.2898632 -0.014300027
v -0.20149589 1.2738851 -0.032085713
v -0.20312507 1.2870657 -0.014302921
v -0.20323749 1.2888646 -0.008718252
v -0.19995815 1.2842925 -0.014437041
v -0.19953436 1.2854615 -0.014156918
v -0.195673 1.2874762 -0.009130683
v -0.19629419 1.283389 -0.014471688
v -0.19672374 1.2845273 -0.01386248
v -0.1981461 1.2721593 -0.031520393
v -0.19190457 1.2832237 -0.014161839
v -0.1976551 1.2720199 -0.03285119
v -0.19085057 1.2841427 -0.013265776
v -0.19320504 1.271031 -0.030679226
v -0.18395369 1.2833259 -0.014258313
v -0.18425986 1.2840941 -0.013287949
v -0.18430746 1.2706287 -0.03047553
v -0.18274921 1.2859036 -0.0084929755
v -0.19365562 1.2945164 0.0010611058
v -0.18220074 1.2934837 0.0009945822
v -0.18111238 1.2974223 0.0061255167
v -0.1929983 1.270147 -0.03181097
v -0.18461694 1.2637715 -0.04312717
v -0.19761038 1.290249 -0.00535552
v -0.20199819 1.2927808 -0.00263422
v -0.20218728 1.295572 0.00078390597
v -0.19043799 1.2986101 0.0066678235
v -0.18543063 1.3029002 0.011736505
v -0.20044601 1.2669028 -0.03573839
v -0.20358007 1.2702042 -0.037138376
v -0.20290068 1.2656807 -0.041977577
v -0.20109946 1.2626679 -0.04120697
v -0.2024437 1.2615077 -0.04206504
v -0.1962174 1.2617289 -0.04188857
v -0.19655168 1.260128 -0.042526606
v -0.19769739 1.2550796 -0.05696866
v -0.18633837 1.2553979 -0.056953363
v -0.18517439 1.2616836 -0.042299747
v -0.19837862 1.2521857 -0.07051251
v -0.18594114 1.2514371 -0.0714873
v -0.18767652 1.2492535 -0.09060047
v -0.19808424 1.2467152 -0.102479644
v -0.18734114 1.2458541 -0.10313157
v -0.20026684 1.2381378 -0.14496009
v -0.187365 1.236891 -0.14596438
v -0.19970097 1.2394276 -0.14599083
v -0.1871788 1.239015 -0.14669444
v -0.18772247 1.2363758 -0.16383873
v -0.20341468 1.2402756 -0.14530562
v -0.20480217 1.2449933 -0.14626053
v -0.1970948 1.2352048 -0.17207924
v -0.18738896 1.2353563 -0.17599483
v -0.19494556 1.2355319 -0.17612594
v -0.20259292 1.2424511 -0.1824022
v -0.20126796 1.238952 -0.1724852
v -0.204574 1.2448064 -0.18093021
v -0.20212685 1.2412888 -0.14620934
v -0.20417744 1.2413588 -0.17247856
v -0.20448555 1.2484232 -0.1840123
v -0.20555149 1.2622206 -0.17286341
v -0.2040753 1.2553023 -0.18637115
v -0.20481464 1.2589922 -0.18563424
v -0.20555206 1.2623158 -0.15905158
v -0.20550628 1.2842246 -0.16140024
v -0.20540634 1.2635536 -0.18483
v -0.20258686 1.2637479 -0.18885288
v -0.20568351 1.2683091 -0.192089
v -0.2058036 1.2804205 -0.17488305
v -0.20469223 1.283648 -0.17442234
v -0.20461361 1.2860249 -0.16186187
v -0.20584811 1.2790725 -0.18531105
v -0.2058218 1.2729375 -0.19282635
v -0.2068288 1.2888886 -0.16224398
v -0.20580928 1.2764846 -0.19263454
v -0.20266543 1.2726756 -0.19470726
v -0.2009607 1.2768633 -0.19603218
v -0.2054137 1.3066583 -0.15975063
v -0.20507732 1.3067127 -0.1514743
v -0.20519431 1.3079175 -0.15963799
v -0.2038544 1.2824817 -0.186487
v -0.20253776 1.2797055 -0.19505697
v -0.19804107 1.2814997 -0.19726734
v -0.2074852 1.2874581 -0.17399181
v -0.20568973 1.3059142 -0.17092903
v -0.20417649 1.2834381 -0.19590248
v -0.20542526 1.2857138 -0.18624553
v -0.2055007 1.2861149 -0.19751243
v -0.19673903 1.288503 -0.20402901
v -0.19893089 1.2912967 -0.20555873
v -0.20409602 1.3084038 -0.16907997
v -0.2080374 1.2908344 -0.195042
v -0.20760512 1.2915144 -0.18563592
v -0.20754512 1.2887268 -0.18441077
v -0.20626007 1.3066913 -0.18358669
v -0.20742889 1.2948222 -0.1967437
v -0.19904579 1.2984902 -0.20712325
v -0.20159003 1.3015504 -0.20524387
v -0.20700985 1.299863 -0.19420464
v -0.20623824 1.3059824 -0.18684271
v -0.20359115 1.3116517 -0.18147211
v -0.2058786 1.3075111 -0.18493576
v -0.2070153 1.3145018 -0.16774406
v -0.20498092 1.3061941 -0.18989448
v -0.20670795 1.3045155 -0.19263662
v -0.20455573 1.3040451 -0.19541271
v -0.20386185 1.309145 -0.19248235
v -0.2048803 1.3027952 -0.19751522
v -0.20260589 1.304516 -0.20110527
v -0.20128265 1.3043395 -0.20415804
v -0.19876464 1.305182 -0.20413756
v -0.20187828 1.305236 -0.19966292
v -0.19736542 1.3092331 -0.20377082
v -0.20269226 1.3069512 -0.19580276
v -0.20188354 1.3091302 -0.19678472
v -0.2030947 1.3115382 -0.1944095
v -0.20422561 1.3140517 -0.20188476
v -0.19764648 1.3111608 -0.2055026
v -0.20298499 1.3145422 -0.20463134
v -0.20793837 1.3189131 -0.18059134
v -0.2098278 1.3222259 -0.19596913
v -0.20497596 1.3244373 -0.20610131
v -0.2030725 1.3203511 -0.20756151
v -0.20957541 1.3248636 -0.19805597
v -0.20600872 1.3335992 -0.189502
v -0.20883301 1.3286167 -0.19823769
v -0.20619686 1.3274978 -0.17995279
v -0.20670329 1.3174793 -0.16798818
v -0.20864081 1.3279661 -0.201346
v -0.20498115 1.3279763 -0.20816037
v -0.20589805 1.339264 -0.15636818
v -0.20788589 1.3400152 -0.15666129
v -0.20710532 1.3332927 -0.195164
v -0.20589668 1.3294274 -0.20729081
v -0.20425017 1.3320465 -0.20777279
v -0.20397529 1.3332802 -0.20633462
v -0.20500694 1.3342502 -0.20062464
v -0.20561706 1.3343813 -0.19470632
v -0.20814571 1.3491005 -0.15781093
v -0.20697616 1.3543849 -0.15787452
v -0.20399867 1.3479681 -0.16531846
v -0.20561522 1.3370876 -0.1754291
v -0.20367095 1.3471506 -0.17878914
v -0.20375824 1.3468199 -0.1859922
v -0.20357208 1.3351383 -0.2007619
v -0.19270931 1.3523958 -0.18251202
v -0.19922233 1.3491942 -0.19448516
v -0.20484748 1.3424829 -0.19582397
v -0.20234603 1.343949 -0.19976181
v -0.20207953 1.3352983 -0.20236786
v -0.19831191 1.3357277 -0.20676397
v -0.20223999 1.3337584 -0.20762192
v -0.19719337 1.3363818 -0.20576426
v -0.19715095 1.3458761 -0.20316726
v -0.18223731 1.3467941 -0.20275588
v -0.18643638 1.3500317 -0.19176881
v -0.19503662 1.3437164 -0.20539108
v -0.20072228 1.3459834 -0.20020887
v -0.18643504 1.3521429 -0.183035
v -0.19889 1.355111 -0.16729644
v -0.20067367 1.3581287 -0.15863055
v -0.18586516 1.3550422 -0.16932726
v -0.17388275 1.3507701 -0.18465535
v -0.18908851 1.3595874 -0.15774168
v -0.1891431 1.3569031 -0.15683904
v -0.17425464 1.3577772 -0.15691032
v -0.18689458 1.362285 -0.114598274
v -0.17425464 1.3577772 -0.15691032
v -0.17299056 1.3543915 -0.16697755
v -0.17437904 1.3487681 -0.19188826
v -0.1741462 1.3580006 -0.09871885
v -0.17286862 1.359233 -0.113437295
v -0.17479134 1.3564458 -0.1572294
v -0.17458685 1.3569137 -0.08494486
v -0.17087516 1.3566008 -0.15629366
v -0.17049043 1.3569604 -0.098261334
v -0.17352705 1.3583423 -0.083979756
v -0.1717263 1.3546814 -0.15684387
v -0.16854973 1.353889 -0.155952
v -0.16949518 1.3578014 -0.112872995
v -0.16856946 1.353963 -0.09752292
v -0.17076384 1.356208 -0.08356223
v -0.16995539 1.3581777 -0.063057184
v -0.16999789 1.3574197 -0.083014525
v -0.16699846 1.3548425 -0.11226884
v -0.16437213 1.3421491 -0.11109571
v -0.1718533 1.3571147 -0.048067015
v -0.1684638 1.3536409 -0.08263339
v -0.16693239 1.3550572 -0.06257146
v -0.1689932 1.3543581 -0.047312606
v -0.17234708 1.3567001 -0.032812174
v -0.16733342 1.3545861 -0.08200636
v -0.16763182 1.3413403 -0.08147848
v -0.16754927 1.3416004 -0.09540201
v -0.17509428 1.3588496 -0.0143937105
v -0.16261107 1.3427681 -0.061444424
v -0.16669576 1.3419003 -0.080760226
v -0.16844785 1.3165792 -0.08056942
v -0.16446443 1.3432162 -0.045751624
v -0.16312471 1.3183706 -0.06026611
v -0.16700059 1.3159477 -0.090854965
v -0.16703233 1.3175051 -0.07982107
v -0.16603711 1.3454193 -0.031462584
v -0.163538 1.3196278 -0.045267325
v -0.16328165 1.2994949 -0.059825785
v -0.16478406 1.3016076 -0.04461766
v -0.16958825 1.3541331 -0.032570165
v -0.16586797 1.3226951 -0.02645504
v -0.16628963 1.3384837 -0.020482982
v -0.16777632 1.3534603 -0.015774373
v -0.17088337 1.3567259 -0.015193204
v -0.1685436 1.2991296 -0.079597
v -0.16626333 1.2990849 -0.07947881
v -0.16674615 1.298481 -0.0874233
v -0.16810536 1.2794219 -0.08002718
v -0.16810536 1.2794219 -0.08002718
v -0.16528341 1.2797121 -0.0788652
v -0.16579053 1.2681264 -0.07772163
v -0.16392866 1.2803476 -0.059592817
v -0.16390088 1.3151066 -0.10917419
v -0.16556653 1.279155 -0.08221116
v -0.16446951 1.2971317 -0.108127095
v -0.16470742 1.2771777 -0.10701243
v -0.16679958 1.2927924 -0.15094757
v -0.16652212 1.2831048 -0.04378887
v -0.16653289 1.3120605 -0.15182737
v -0.16878518 1.283529 -0.043738604
v -0.16933225 1.2734737 -0.04298462
v -0.16873384 1.2731438 -0.04366599
v -0.16495156 1.2699206 -0.05867174
v -0.16543898 1.2651457 -0.10598254
v -0.16632843 1.2714666 -0.14975725
v -0.16761176 1.2924106 -0.1520991
v -0.16685604 1.3084095 -0.15297759
v -0.16663237 1.2610723 -0.076158404
v -0.1705798 1.2690151 -0.04292756
v -0.17160735 1.2693323 -0.04248682
v -0.16723573 1.2639538 -0.058115825
v -0.16813956 1.3118335 -0.15227464
v -0.16645461 1.3262761 -0.15236074
v -0.16561203 1.3416789 -0.15411195
v -0.16814063 1.3278592 -0.15326014
v -0.16859092 1.3249329 -0.1522316
v -0.16619042 1.3412112 -0.155416
v -0.16830459 1.3256416 -0.16541518
v -0.16946514 1.3518107 -0.15589277
v -0.17041278 1.3517894 -0.16602632
v -0.17064278 1.3479033 -0.18383533
v -0.16592331 1.3415216 -0.16409262
v -0.16868271 1.3289883 -0.1673505
v -0.16665374 1.3382729 -0.18311754
v -0.17045029 1.3461511 -0.19170858
v -0.17015754 1.3271654 -0.16739522
v -0.17646652 1.3478073 -0.19806014
v -0.16759259 1.3267138 -0.18170589
v -0.16997059 1.3279475 -0.18181475
v -0.16804592 1.3089572 -0.16205189
v -0.17077087 1.3294777 -0.19520503
v -0.1681789 1.3306947 -0.18190803
v -0.1692789 1.3317561 -0.19471738
v -0.16766483 1.334756 -0.1914923
v -0.16808449 1.3361996 -0.19931781
v -0.1677008 1.3401238 -0.19021711
v -0.16802695 1.3398082 -0.19661736
v -0.17009278 1.343926 -0.19959582
v -0.17294045 1.3451154 -0.20268144
v -0.1774884 1.3441633 -0.20546056
v -0.17310058 1.3408476 -0.20629369
v -0.18497139 1.3436074 -0.2056716
v -0.19453338 1.3417941 -0.20617801
v -0.19719337 1.3363818 -0.20576426
v -0.18461768 1.340932 -0.20672691
v -0.19555542 1.3361484 -0.20705917
v -0.19694915 1.3348433 -0.20735744
v -0.19831191 1.3357277 -0.20676397
v -0.17755836 1.3401436 -0.20699699
v -0.1858358 1.3351345 -0.20674244
v -0.17780402 1.3336595 -0.20614713
v -0.17711845 1.3294477 -0.20626296
v -0.1709037 1.333349 -0.2057927
v -0.20198631 1.3322151 -0.20858437
v -0.20223999 1.3337584 -0.20762192
v -0.20425017 1.3320465 -0.20777279
v -0.20397529 1.3332802 -0.20633462
v -0.20290573 1.3275956 -0.20920035
v -0.20498115 1.3279763 -0.20816037
v -0.20074996 1.3242261 -0.20927313
v -0.20497596 1.3244373 -0.20610131
v -0.1866552 1.3289088 -0.2076133
v -0.18594368 1.3195275 -0.20818394
v -0.19298004 1.3200474 -0.20892318
v -0.19978057 1.3208467 -0.2092386
v -0.2030725 1.3203511 -0.20756151
v -0.20298499 1.3145422 -0.20463134
v -0.19587646 1.3139839 -0.20766918
v -0.19764648 1.3111608 -0.2055026
v -0.18836196 1.3086157 -0.20579529
v -0.19606048 1.3093823 -0.20498654
v -0.19736542 1.3092331 -0.20377082
v -0.19311294 1.3084654 -0.20461628
v -0.1934468 1.3075445 -0.20330288
v -0.19876464 1.305182 -0.20413756
v -0.18208557 1.3038269 -0.20257074
v -0.18028678 1.3036109 -0.20385881
v -0.19594315 1.2998528 -0.20627362
v -0.20159003 1.3015504 -0.20524387
v -0.19904579 1.2984902 -0.20712325
v -0.18140037 1.3065021 -0.20473005
v -0.17064972 1.315044 -0.20400737
v -0.16951889 1.3208978 -0.20464483
v -0.18106727 1.3029476 -0.20194504
v -0.19673903 1.288503 -0.20402901
v -0.19893089 1.2912967 -0.20555873
v -0.17785202 1.3053128 -0.2037345
v -0.18586868 1.2848661 -0.19955179
v -0.17867179 1.3038949 -0.20189641
v -0.172164 1.3258936 -0.2062242
v -0.16827187 1.3059976 -0.19429332
v -0.18835601 1.2818729 -0.1971144
v -0.19804107 1.2814997 -0.19726734
v -0.19504714 1.2789034 -0.19665581
v -0.2009607 1.2768633 -0.19603218
v -0.20266543 1.2726756 -0.19470726
v -0.17702995 1.3023384 -0.200307
v -0.2005138 1.267089 -0.19343793
v -0.2058218 1.2729375 -0.19282635
v -0.20568351 1.2683091 -0.192089
v -0.20258686 1.2637479 -0.18885288
v -0.19291489 1.26556 -0.19316173
v -0.19833244 1.2645682 -0.19261634
v -0.20481464 1.2589922 -0.18563424
v -0.19884163 1.2549702 -0.18941143
v -0.2040753 1.2553023 -0.18637115
v -0.20448555 1.2484232 -0.1840123
v -0.20133278 1.248312 -0.18606812
v -0.204574 1.2448064 -0.18093021
v -0.20259292 1.2424511 -0.1824022
v -0.19142506 1.2463863 -0.18660511
v -0.19285434 1.2414869 -0.18209949
v -0.19494556 1.2355319 -0.17612594
v -0.18738896 1.2353563 -0.17599483
v -0.18437473 1.2387433 -0.18258408
v -0.19001922 1.2525989 -0.18963493
v -0.18927196 1.2547982 -0.1896344
v -0.18151389 1.245571 -0.18751022
v -0.17969196 1.2512006 -0.19052976
v -0.17936431 1.2572079 -0.18970752
v -0.17271297 1.2555597 -0.18994693
v -0.17843875 1.2369989 -0.17931625
v -0.1789799 1.238639 -0.18351814
v -0.17532738 1.2448038 -0.18538399
v -0.18161984 1.235027 -0.17571783
v -0.17227203 1.2406436 -0.17685649
v -0.18772247 1.2363758 -0.16383873
v -0.17918423 1.2364057 -0.16358173
v -0.1871788 1.239015 -0.14669444
v -0.1759029 1.2380098 -0.18025257
v -0.17869373 1.2391062 -0.14684837
v -0.187365 1.236891 -0.14596438
v -0.16966316 1.245495 -0.18056957
v -0.16909446 1.2425451 -0.16531062
v -0.17322871 1.2398567 -0.16457014
v -0.16858788 1.253468 -0.18420556
v -0.17246814 1.2414079 -0.14742385
v -0.17711975 1.2373335 -0.1462831
v -0.17463972 1.2461706 -0.10386877
v -0.18734114 1.2458541 -0.10313157
v -0.18767652 1.2492535 -0.09060047
v -0.18594114 1.2514371 -0.0714873
v -0.17167847 1.2398924 -0.14649014
v -0.17325534 1.2621472 -0.1912265
v -0.17357822 1.2655035 -0.19304447
v -0.16934238 1.2429864 -0.14794783
v -0.16821994 1.2643033 -0.18703209
v -0.17318857 1.2540287 -0.0734278
v -0.17149362 1.2480875 -0.1044007
v -0.17363068 1.2579957 -0.05716343
v -0.18633837 1.2553979 -0.056953363
v -0.17545629 1.2632955 -0.042126942
v -0.18517439 1.2616836 -0.042299747
v -0.18461694 1.2637715 -0.04312717
v -0.17591295 1.2648494 -0.04251062
v -0.18430746 1.2706287 -0.03047553
v -0.17298456 1.2649488 -0.042531107
v -0.17064302 1.2597249 -0.057553574
v -0.17033903 1.2559433 -0.074377045
v -0.16845986 1.257977 -0.07524049
v -0.16990218 1.2511153 -0.10500503
v -0.17385775 1.2663195 -0.042592745
v -0.16892605 1.2428788 -0.14694437
v -0.1679125 1.2558105 -0.10565492
v -0.16698982 1.2473158 -0.14795856
v -0.16833717 1.2480867 -0.14866813
v -0.16594669 1.258177 -0.14876173
v -0.16660953 1.2575678 -0.14967638
v -0.16713092 1.253909 -0.1741927
v -0.16681404 1.2707988 -0.15081552
v -0.16748881 1.2740854 -0.17550288
v -0.16713092 1.2661114 -0.17566793
v -0.16805637 1.26775 -0.18880226
v -0.17010212 1.2691666 -0.19258384
v -0.16848293 1.2694482 -0.19066496
v -0.17320953 1.2686772 -0.19420044
v -0.17010677 1.2762753 -0.19319813
v -0.16872612 1.2767047 -0.19173095
v -0.18287872 1.2754694 -0.19580695
v -0.18283714 1.2802016 -0.19567116
v -0.18763794 1.27879 -0.1966288
v -0.18278778 1.2826505 -0.19655152
v -0.17346817 1.2815537 -0.19098467
v -0.16771747 1.2832987 -0.17658329
v -0.1751587 1.2922944 -0.19763559
v -0.17389339 1.2835336 -0.19140983
v -0.17284161 1.2823339 -0.18886077
v -0.17154163 1.2837363 -0.18992679
v -0.16855884 1.2863376 -0.17544395
v -0.16664352 1.303275 -0.17351252
v -0.16821209 1.2971156 -0.19559513
v -0.16792992 1.3006283 -0.19628546
v -0.1712815 1.3045645 -0.19292042
v -0.16643295 1.3065039 -0.16113435
v -0.16861182 1.3075528 -0.16121778
v -0.17015262 1.3048395 -0.17339855
v -0.16779563 1.3061471 -0.17514205
v -0.16564873 1.3096702 -0.19439672
v -0.16585113 1.3140618 -0.1979755
v -0.16728637 1.3165163 -0.20167698
v -0.16704017 1.318343 -0.2019287
v -0.16606583 1.3194389 -0.19944151
v -0.1665087 1.3256325 -0.19606683
v -0.16752464 1.3287054 -0.19505294
v -0.1674813 1.3271614 -0.19711058
v -0.17094085 1.3285275 -0.20221843
v -0.17080696 1.330704 -0.20301893
v -0.17266761 1.3286602 -0.20572384
v -0.17319137 1.3298945 -0.20509319
v -0.16986808 1.3331761 -0.20447448
v -0.19655168 1.260128 -0.042526606
v -0.18517439 1.2616836 -0.042299747
v -0.16645461 1.3262761 -0.15236074
v -0.16859092 1.3249329 -0.1522316
v -0.18826069 1.4110928 0.2120512
v -0.19299038 1.4088908 0.21180473
v -0.19085781 1.4104173 0.21194977
v -0.18636486 1.3919336 0.2120066
v -0.179722 1.3955457 0.21188746
v -0.18262161 1.3931124 0.21185474
v -0.19532657 1.4061699 0.21180572
v -0.19659424 1.4018914 0.21185035
v -0.19631706 1.4038715 0.2118771
v -0.17776586 1.4029073 0.21181819
v -0.18094848 1.4088966 0.21195884
v -0.17872405 1.4060323 0.21183227
v -0.179722 1.3955457 0.21188746
v -0.17776586 1.4029073 0.21181819
v -0.17788818 1.3994743 0.21189044
v -0.1952827 1.3969264 0.21173556
v -0.190884 1.392671 0.21195064
v -0.19369917 1.3945209 0.21203266
v -0.19228387 1.3287799 0.055382967
v -0.19386837 1.3261062 0.054273043
v -0.19398813 1.3287033 0.055292267
v -0.1922485 1.3262345 0.054319263
v -0.1938679 1.3218577 0.05430215
v -0.18231522 1.3262688 0.054349918
v -0.1821332 1.3287476 0.055385444
v -0.18059467 1.3287137 0.05536552
v -0.18075766 1.3261485 0.054329727
v -0.18229182 1.3219829 0.0543437
v -0.18090183 1.321871 0.054350913
v -0.19228217 1.3219491 0.054320984
v -0.19385399 1.316015 0.05525895
v -0.1821368 1.3160734 0.05540961
v -0.18033081 1.3160877 0.055356015
v -0.1922226 1.3160343 0.055385385
v -0.1937247 1.3116755 0.057090357
v -0.1822067 1.3116707 0.057571743
v -0.18029952 1.3117714 0.057431553
v -0.19197914 1.3117381 0.05743819
v -0.19392568 1.3079883 0.06050137
v -0.18205918 1.3083217 0.060551677
v -0.18020956 1.3081472 0.060653724
v -0.19224617 1.3081807 0.06065587
v -0.1939388 1.30448 0.06599943
v -0.1821202 1.3046129 0.06639447
v -0.18027478 1.3045782 0.06614027
v -0.19221438 1.3045576 0.06634095
v -0.1941353 1.3026038 0.0730831
v -0.18176109 1.3027068 0.073179975
v -0.18006061 1.3025601 0.07331273
v -0.19275346 1.3027198 0.07303009
v -0.19418155 1.3018204 0.0801691
v -0.18198474 1.3020728 0.08036693
v -0.18014267 1.3018749 0.08043173
v -0.19249272 1.3020729 0.08029765
v -0.19406947 1.3027133 0.08963103
v -0.181917 1.3028412 0.089284874
v -0.1803017 1.3025723 0.08959989
v -0.19275962 1.3029237 0.08965596
v -0.19390033 1.3059243 0.099239856
v -0.1817245 1.3060663 0.099451825
v -0.18002267 1.3059129 0.09957546
v -0.19264829 1.3060664 0.099451825
v -0.19399181 1.3100495 0.10618869
v -0.18169743 1.3100406 0.10607341
v -0.17996305 1.3099885 0.10628903
v -0.1925257 1.3100697 0.10608194
v -0.19393867 1.3155302 0.111926824
v -0.18193017 1.315583 0.11189874
v -0.18014567 1.3155873 0.11203602
v -0.19244261 1.3155829 0.11189874
v -0.19390307 1.3218045 0.11615428
v -0.18187307 1.3217106 0.11608843
v -0.1802928 1.321779 0.11637196
v -0.19249971 1.3217108 0.11608843
v -0.19379097 1.3289564 0.11886244
v -0.18234158 1.3290309 0.11889299
v -0.18084507 1.328863 0.118867874
v -0.1920312 1.3290309 0.11889299
v -0.19390818 1.3361233 0.12001386
v -0.1820132 1.3360683 0.119960666
v -0.18046461 1.3361233 0.12001386
v -0.19235958 1.3360683 0.119960666
v -0.19401751 1.3444295 0.11996689
v -0.18196651 1.3442792 0.11992967
v -0.18035527 1.3444293 0.11996689
v -0.19270094 1.3442897 0.11990318
v -0.19429262 1.346066 0.119260445
v -0.18205658 1.3459862 0.11912841
v -0.18065973 1.346129 0.11913916
v -0.18053855 1.346724 0.117671944
v -0.19279937 1.345845 0.11925386
v -0.18201637 1.346617 0.11793845
v -0.18032673 1.347318 0.10732195
v -0.19262445 1.3465791 0.1180652
v -0.1942499 1.3467162 0.11793413
v -0.18174805 1.3472705 0.107427366
v -0.19278194 1.3472781 0.10748615
v -0.19402035 1.3473325 0.107609116
v -0.19390316 1.347208 0.09788646
v -0.18221681 1.3471708 0.09796702
v -0.18056625 1.3471794 0.09772976
v -0.19273117 1.3471762 0.09789419
v -0.19388752 1.346711 0.08815473
v -0.18212982 1.3467028 0.08840654
v -0.18043417 1.3466734 0.08807465
v -0.1925592 1.3466923 0.08823131
v -0.19396484 1.345905 0.08488792
v -0.18240584 1.3459555 0.08522728
v -0.1806797 1.345772 0.08463045
v -0.19240801 1.3458744 0.08489369
v -0.19382292 1.3382736 0.069374874
v -0.18223573 1.3380954 0.06916502
v -0.1807056 1.3382193 0.069357134
v -0.19224045 1.3380682 0.069060765
v -0.19398692 1.3312563 0.058044672
v -0.18237288 1.3311397 0.05797693
v -0.18054909 1.3312519 0.058060657
v -0.19199112 1.3310361 0.05780197
v -0.19398813 1.3287033 0.055292267
v -0.19228387 1.3287799 0.055382967
v -0.1821332 1.3287476 0.055385444
v -0.18059467 1.3287137 0.05536552
v -0.19829912 1.398401 0.22706741
v -0.19865398 1.3972325 0.22653246
v -0.19832608 1.3971891 0.22677392
v -0.19865206 1.3984165 0.2267572
v -0.1981388 1.4030169 0.2269855
v -0.19842117 1.4030459 0.22661608
v -0.19766852 1.407194 0.22650455
v -0.19810401 1.4074028 0.22630623
v -0.19706987 1.4084263 0.22634618
v -0.1974351 1.4087363 0.22612274
v -0.19582973 1.4098723 0.22614864
v -0.20186697 1.3984677 0.22679996
v -0.20162874 1.4033557 0.22666226
v -0.20125529 1.4081976 0.22642043
v -0.20036317 1.4106599 0.22623731
v -0.20179506 1.3972224 0.22658287
v -0.19858328 1.3964359 0.2256741
v -0.19610214 1.4101765 0.22585732
v -0.19856583 1.4127232 0.22597605
v -0.19498123 1.4107361 0.22548978
v -0.19470783 1.4105502 0.22580564
v -0.19739175 1.4140248 0.22572902
v -0.19434373 1.4110708 0.22361705
v -0.1938581 1.4109932 0.22388971
v -0.19341236 1.411226 0.18512447
v -0.19401206 1.4112622 0.18516707
v -0.19348264 1.4110758 0.15826726
v -0.19405353 1.4110845 0.15824102
v -0.19349912 1.4109628 0.15585715
v -0.19417816 1.4108927 0.15595238
v -0.19393644 1.4106458 0.15340799
v -0.19655286 1.4145734 0.22370365
v -0.19620739 1.4145619 0.18546043
v -0.19641039 1.4146856 0.15820104
v -0.19677496 1.4143281 0.2250722
v -0.19657986 1.4146223 0.15603705
v -0.19470896 1.4105058 0.15365465
v -0.19717556 1.4142014 0.15390396
v -0.19558157 1.4096464 0.15195045
v -0.19507024 1.4098434 0.15153976
v -0.1961312 1.4085693 0.15004882
v -0.19817093 1.4134353 0.15233245
v -0.19666524 1.4084306 0.15043582
v -0.19746734 1.4067035 0.14935742
v -0.19785446 1.4069535 0.14971715
v -0.1981172 1.4045557 0.14917602
v -0.19985048 1.4118838 0.15054266
v -0.19860512 1.4048549 0.14938858
v -0.19831581 1.4019696 0.14930509
v -0.19879763 1.4021174 0.14969023
v -0.19843763 1.3990966 0.1507554
v -0.19811064 1.4139701 0.1518007
v -0.19968224 1.412472 0.14990251
v -0.19721271 1.4146386 0.15083292
v -0.19680853 1.414849 0.1535832
v -0.19617268 1.4152853 0.15591154
v -0.19602095 1.415372 0.15818183
v -0.19501777 1.4159608 0.15537901
v -0.19600661 1.4153748 0.18568265
v -0.19578248 1.4155244 0.15288553
v -0.19470502 1.4161211 0.15806949
v -0.19258825 1.4168973 0.15249667
v -0.19616649 1.4152375 0.22395974
v -0.19659138 1.4150048 0.22566502
v -0.19492051 1.4160078 0.2241509
v -0.19740139 1.414415 0.2262986
v -0.19252583 1.4169155 0.15806961
v -0.19467007 1.4161413 0.1857296
v -0.19557197 1.4156524 0.22645818
v -0.1988441 1.4131197 0.22661239
v -0.19251418 1.4169177 0.18551342
v -0.19266994 1.4168643 0.22516102
v -0.18851368 1.4176333 0.2255822
v -0.19236952 1.4165052 0.23543361
v -0.19709161 1.4147375 0.227506
v -0.20069844 1.411025 0.22684765
v -0.18836616 1.4176452 0.1856817
v -0.19563265 1.4155123 0.23579599
v -0.19883756 1.4133493 0.22791986
v -0.20163722 1.4082347 0.22691238
v -0.19876702 1.4133089 0.23565
v -0.20082305 1.4109747 0.2281085
v -0.2021136 1.4033887 0.2270613
v -0.20168218 1.4081553 0.22833382
v -0.20090955 1.4108223 0.23521881
v -0.19862457 1.4129431 0.23682122
v -0.19545592 1.4151028 0.2368868
v -0.1922071 1.416303 0.23666225
v -0.200642 1.410644 0.2364988
v -0.1878873 1.4169705 0.23707265
v -0.20196117 1.4079522 0.23548503
v -0.2017595 1.4077777 0.23662658
v -0.20216465 1.4026141 0.23660973
v -0.18791331 1.4176568 0.2358404
v -0.18346107 1.416813 0.23696253
v -0.18341777 1.4172294 0.23605834
v -0.17841865 1.4148 0.23691747
v -0.20226254 1.4027805 0.2355704
v -0.20224635 1.4033895 0.22839636
v -0.2023548 1.3955866 0.23540431
v -0.20210186 1.3952223 0.23686226
v -0.20209676 1.3929449 0.2362355
v -0.20229973 1.3983848 0.22733621
v -0.20234142 1.3982275 0.22839668
v -0.2023597 1.3934263 0.23511128
v -0.20230983 1.3913795 0.23365697
v -0.20217885 1.39075 0.23503534
v -0.20205478 1.3889515 0.23423645
v -0.20231482 1.3969171 0.22699417
v -0.2023391 1.3962185 0.2277087
v -0.20165032 1.3963621 0.22571586
v -0.2022317 1.3957675 0.2258073
v -0.20172408 1.3961358 0.22370818
v -0.19866776 1.3961167 0.22373317
v -0.20170341 1.396019 0.20314491
v -0.20223385 1.395628 0.22383986
v -0.20224346 1.3944186 0.22380154
v -0.20229572 1.3947461 0.22611958
v -0.1987445 1.3960164 0.20298919
v -0.1988559 1.395714 0.1593807
v -0.19839771 1.3958162 0.22373812
v -0.19843026 1.3956834 0.20342243
v -0.19841857 1.3953766 0.15949787
v -0.19844508 1.3957984 0.15568586
v -0.20231117 1.3953623 0.20318565
v -0.20229791 1.3895988 0.23288196
v -0.20203722 1.3692508 0.23419511
v -0.20235534 1.3693852 0.23239821
v -0.20199326 1.3679223 0.2340661
v -0.20255874 1.3697342 0.22131856
v -0.20226589 1.3678917 0.23209198
v -0.20145859 1.3670133 0.2334059
v -0.19890635 1.3961412 0.15559378
v -0.1984452 1.3970609 0.1528882
v -0.19894615 1.3973651 0.15302195
v -0.20178331 1.3959292 0.15599556
v -0.19887516 1.3992977 0.1509429
v -0.20182176 1.3970867 0.15319498
v -0.20185831 1.3989362 0.15078579
v -0.2016763 1.3956382 0.15978599
v -0.20234837 1.39484 0.15978707
v -0.20235556 1.3951719 0.15587327
v -0.20234333 1.3965032 0.1527511
v -0.20234741 1.3934301 0.1597742
v -0.20232102 1.3985476 0.15015359
v -0.20192699 1.4019032 0.14961167
v -0.2023433 1.3952928 0.1520228
v -0.20225734 1.4015961 0.14875671
v -0.20231384 1.3942202 0.20309901
v -0.20234513 1.3937804 0.1556564
v -0.20257838 1.3697116 0.21383192
v -0.20236284 1.3695035 0.15333217
v -0.20234543 1.3975508 0.14882608
v -0.20235226 1.3702343 0.1373823
v -0.2023797 1.3906453 0.13629045
v -0.20214227 1.4055226 0.14821815
v -0.20229888 1.4009919 0.14737524
v -0.20160034 1.4054862 0.14920919
v -0.20185944 1.4084412 0.14814506
v -0.20123293 1.4082004 0.1493455
v -0.20076121 1.4099357 0.14963016
v -0.20105302 1.4106463 0.14877686
v -0.1992037 1.413001 0.1487226
v -0.2021688 1.4053869 0.1467012
v -0.2008249 1.4111241 0.14755242
v -0.20183788 1.4085104 0.14696111
v -0.2016561 1.4084239 0.1378558
v -0.20208843 1.4055947 0.13799101
v -0.20229846 1.4009247 0.13739358
v -0.20234545 1.399218 0.135231
v -0.19889238 1.4130944 0.1376001
v -0.20061105 1.4110239 0.13775359
v -0.20052017 1.4108641 0.13648815
v -0.20157321 1.4082533 0.13663623
v -0.20206843 1.4057747 0.13663323
v -0.202265 1.4016402 0.1360229
v -0.19611067 1.4149684 0.1374044
v -0.20120704 1.4055725 0.13576537
v -0.20069744 1.4078534 0.1357757
v -0.2014851 1.4023906 0.13525209
v -0.20233169 1.401055 0.13480483
v -0.20154487 1.4020098 0.13458489
v -0.19855948 1.4051408 0.13576959
v -0.19786446 1.4069957 0.13578275
v -0.19662566 1.4087764 0.13578261
v -0.19977564 1.41008 0.13577013
v -0.19793335 1.4118742 0.13576084
v -0.1988319 1.4024315 0.13536085
v -0.19854458 1.4125837 0.13642427
v -0.19580044 1.4147905 0.13642167
v -0.19545372 1.4141102 0.13579722
v -0.19205178 1.41652 0.13614058
v -0.19238739 1.4168333 0.137082
v -0.19270591 1.416857 0.14819731
v -0.18792678 1.4176959 0.15238422
v -0.18796158 1.4177083 0.14791073
v -0.18812692 1.4176788 0.15808202
v -0.18741155 1.4172158 0.13590705
v -0.18740486 1.4175982 0.13722691
v -0.18285494 1.4171407 0.14783472
v -0.18281326 1.417122 0.15256771
v -0.18292959 1.4171433 0.15837283
v -0.19191505 1.4157411 0.13576363
v -0.18319541 1.4172004 0.1858538
v -0.18333934 1.4172361 0.22554952
v -0.1785779 1.4154235 0.22572085
v -0.17842798 1.4153069 0.23583725
v -0.17460571 1.4112518 0.23703562
v -0.17427158 1.4116067 0.23589966
v -0.17303559 1.4074883 0.2370549
v -0.17437454 1.4117714 0.22564179
v -0.17836897 1.4153057 0.18553443
v -0.1780606 1.4151243 0.15847607
v -0.1779495 1.4150506 0.15262167
v -0.17798705 1.4150714 0.14798313
v -0.17242798 1.4078097 0.23612303
v -0.17241214 1.4076704 0.22566791
v -0.17210327 1.4022479 0.2256963
v -0.17213951 1.4023167 0.23611179
v -0.17258014 1.4023584 0.23701201
v -0.17215854 1.3952327 0.23627004
v -0.17297533 1.39491 0.23688313
v -0.17282039 1.3934479 0.23675047
v -0.17405906 1.4116704 0.18560497
v -0.17362754 1.4109747 0.15860693
v -0.17353733 1.4107788 0.15259793
v -0.17360316 1.4107658 0.14777824
v -0.17223324 1.393768 0.23614886
v -0.17220013 1.3917025 0.23504047
v -0.17252877 1.3911684 0.23559757
v -0.17222276 1.3891754 0.2340447
v -0.17257285 1.3889675 0.23490798
v -0.17222618 1.3862562 0.23388822
v -0.17270237 1.3863348 0.23458737
v -0.17181404 1.3697343 0.22131856
v -0.17179438 1.3697116 0.21383192
v -0.17209046 1.369662 0.23176609
v -0.17219554 1.3703067 0.23338453
v -0.17307094 1.3682715 0.2327499
v -0.17269206 1.3682315 0.23125121
v -0.1721582 1.3681288 0.22143
v -0.17339462 1.367007 0.23126188
v -0.17393616 1.3669881 0.2323642
v -0.17662613 1.3669307 0.2317424
v -0.17208 1.4016963 0.18571438
v -0.17235051 1.4074643 0.1856847
v -0.17208079 1.4016986 0.15840802
v -0.17226039 1.4066077 0.15875444
v -0.17224477 1.4066101 0.1526018
v -0.1720757 1.4018006 0.15249835
v -0.17207156 1.4020584 0.14720607
v -0.17225952 1.4067663 0.14777584
v -0.17200992 1.3695035 0.15333217
v -0.17225572 1.4069133 0.13717978
v -0.17208198 1.4022294 0.13723592
v -0.1732757 1.410364 0.13759793
v -0.17736416 1.4143449 0.13763633
v -0.18215623 1.4167161 0.13712266
v -0.18225741 1.4163684 0.13602658
v -0.17734963 1.4141407 0.13642322
v -0.17363393 1.4102947 0.1363352
v -0.17259908 1.4068495 0.13607644
v -0.18248178 1.4155153 0.13577835
v -0.17764923 1.4136038 0.13579875
v -0.17444313 1.40992 0.13578439
v -0.1732908 1.4065542 0.1357952
v -0.18759108 1.416378 0.13577995
v -0.19093958 1.4126582 0.13578683
v -0.18774122 1.4133743 0.1357838
v -0.18332046 1.4126832 0.1357808
v -0.17949808 1.4106652 0.13578047
v -0.17743295 1.408388 0.13578196
v -0.1940936 1.4111534 0.1357826
v -0.18358336 1.4120824 0.13612019
v -0.18769653 1.4127134 0.13616194
v -0.17982206 1.4099927 0.13612853
v -0.19081765 1.4120642 0.13612631
v -0.17772116 1.4078492 0.13606098
v -0.19390355 1.4106634 0.13639608
v -0.19623493 1.4082737 0.13613924
v -0.19736488 1.4066485 0.13616809
v -0.1979249 1.4049791 0.13633165
v -0.1988319 1.4024315 0.13536085
v -0.17641231 1.4053571 0.13631621
v -0.17596716 1.4055415 0.13578402
v -0.17600162 1.4025911 0.1361836
v -0.17284584 1.403048 0.13573363
v -0.17564368 1.4028485 0.13571997
v -0.17591661 1.4019814 0.13574141
v -0.17228685 1.4027451 0.13613592
v -0.17284724 1.4023958 0.13546833
v -0.17566185 1.4023099 0.13547869
v -0.1755641 1.4020334 0.13477372
v -0.17590113 1.4017042 0.13480878
v -0.17548338 1.4020318 0.11968214
v -0.17227282 1.402092 0.13582589
v -0.17287256 1.4020152 0.13470677
v -0.1720308 1.4011111 0.13671553
v -0.17202507 1.373195 0.1332235
v -0.17229655 1.4016291 0.13501142
v -0.17305851 1.4020348 0.119465634
v -0.17202052 1.370234 0.1373823
v -0.17203777 1.4008527 0.13514116
v -0.17247216 1.4018971 0.11926761
v -0.17326103 1.4020483 0.11778852
v -0.17204021 1.4009062 0.11956791
v -0.17207883 1.3679096 0.13812308
v -0.17205204 1.3686743 0.13590324
v -0.17271239 1.3670923 0.13806333
v -0.17211552 1.3681569 0.15330163
v -0.17221323 1.3684943 0.21405196
v -0.17283463 1.3669986 0.22144519
v -0.1727314 1.3671011 0.21437325
v -0.17555095 1.3669237 0.23009636
v -0.17268507 1.367036 0.15346485
v -0.17516051 1.366922 0.22162555
v -0.17651238 1.3644879 0.23149426
v -0.1783805 1.3658321 0.23217244
v -0.17969428 1.3652982 0.2320764
v -0.17671166 1.3638014 0.23144963
v -0.1756297 1.3642393 0.230402
v -0.17614852 1.3638803 0.23034896
v -0.17537673 1.3636903 0.22171259
v -0.17607997 1.3637655 0.22149284
v -0.17496376 1.3669243 0.21428744
v -0.1754895 1.363769 0.21498737
v -0.17610142 1.3636534 0.21475536
v -0.1750079 1.3668041 0.15352899
v -0.17580055 1.3641893 0.15363203
v -0.17640373 1.3641179 0.15347892
v -0.17542887 1.3669447 0.13813592
v -0.17601387 1.3649648 0.13840842
v -0.1765573 1.3643212 0.13839094
v -0.17543997 1.3655556 0.13564886
v -0.17651185 1.3651371 0.1350038
v -0.17491259 1.3676159 0.13583112
v -0.17477535 1.3667117 0.1330126
v -0.17610635 1.3659588 0.13275239
v -0.17677662 1.3677516 0.12949896
v -0.17405 1.369265 0.12928699
v -0.17392373 1.3704888 0.13128059
v -0.17362987 1.3705932 0.12848264
v -0.17269869 1.3676869 0.13595177
v -0.17369272 1.3719827 0.13037322
v -0.17220348 1.3773153 0.123765245
v -0.17254013 1.3704017 0.13191089
v -0.1720322 1.3716437 0.13188058
v -0.1724382 1.3715479 0.13100941
v -0.17184754 1.3788153 0.12634169
v -0.17201596 1.3797771 0.1274008
v -0.17057468 1.3860785 0.12198591
v -0.17105736 1.385448 0.11997667
v -0.17202482 1.3807276 0.12848036
v -0.17112923 1.3925608 0.11914553
v -0.17173278 1.3919193 0.11714085
v -0.17207234 1.3863902 0.12341187
v -0.17202322 1.3869214 0.12493633
v -0.17204389 1.3936772 0.12178365
v -0.1718333 1.3968298 0.1176728
v -0.17229019 1.3957655 0.11556498
v -0.1721721 1.4005989 0.11605867
v -0.17350708 1.4006184 0.11507397
v -0.17382447 1.4016519 0.11511081
v -0.1720304 1.3929864 0.120311566
v -0.17201896 1.4008423 0.11768651
v -0.1727073 1.4019728 0.117514335
v -0.17281665 1.4019086 0.1160561
v -0.17448375 1.4020704 0.11613524
v -0.17577216 1.4020295 0.11616009
v -0.17590672 1.4015608 0.11975454
v -0.17619754 1.4014785 0.1162287
v -0.176265 1.3996317 0.11653298
v -0.17633247 1.3993951 0.120039955
v -0.17621015 1.3996222 0.13497254
v -0.17614529 1.4008749 0.10848537
v -0.17619754 1.4014785 0.1162287
v -0.176265 1.3996317 0.11653298
v -0.17608131 1.4025134 0.108355895
v -0.17606041 1.4015324 0.101760305
v -0.1757771 1.4030473 0.108292446
v -0.17577216 1.4020295 0.11616009
v -0.17599975 1.4032458 0.10172692
v -0.17595826 1.4013064 0.09446602
v -0.17566188 1.403739 0.10169084
v -0.17461793 1.4031361 0.10835264
v -0.17448375 1.4020704 0.11613524
v -0.17382963 1.4026318 0.10836951
v -0.17382447 1.4016519 0.11511081
v -0.17350708 1.4006184 0.11507397
v -0.17246948 1.3982795 0.10568916
v -0.17229019 1.3957655 0.11556498
v -0.17173278 1.3919193 0.11714085
v -0.1738549 1.4033351 0.10164888
v -0.17457348 1.4038025 0.10165404
v -0.17550777 1.403775 0.09407703
v -0.17378636 1.4029211 0.09424879
v -0.17589088 1.4033085 0.094167024
v -0.17456336 1.4037852 0.094112836
v -0.1760042 1.402272 0.08944421
v -0.17552477 1.40277 0.08936716
v -0.17223126 1.3924162 0.10654381
v -0.1721893 1.3857336 0.10701271
v -0.17105736 1.385448 0.11997667
v -0.17220348 1.3773153 0.123765245
v -0.17225885 1.3984473 0.09631882
v -0.17218871 1.39288 0.09666662
v -0.173694 1.401954 0.089834005
v -0.17220551 1.3971378 0.091336794
v -0.174397 1.4027107 0.08950765
v -0.17226452 1.3949451 0.08726259
v -0.17372447 1.4004674 0.08656893
v -0.17457101 1.4010377 0.086197324
v -0.17577907 1.4011915 0.08620873
v -0.17463467 1.3993914 0.08394684
v -0.17383912 1.3988876 0.08434178
v -0.17594066 1.3994327 0.08388524
v -0.17639811 1.4006897 0.086347744
v -0.17681484 1.3991579 0.08429931
v -0.1761242 1.4007326 0.0897453
v -0.17691936 1.3966541 0.091065854
v -0.176006 1.3985609 0.09442306
v -0.17710453 1.3982538 0.08551674
v -0.17847957 1.394835 0.089070745
v -0.17659824 1.399427 0.086984396
v -0.17866245 1.3953921 0.08349645
v -0.17830673 1.3957765 0.08175099
v -0.17693312 1.3959124 0.08086733
v -0.18049431 1.3931843 0.08270623
v -0.18066521 1.3929232 0.08851637
v -0.18048705 1.3930688 0.08090794
v -0.17500049 1.3961253 0.08099704
v -0.183273 1.3917141 0.08258119
v -0.18314892 1.3917264 0.08824231
v -0.18328968 1.3915046 0.08067564
v -0.18718639 1.3910692 0.08242174
v -0.18718639 1.391094 0.08811363
v -0.17835753 1.3927337 0.079007424
v -0.1738364 1.3959498 0.081439495
v -0.19109978 1.3917143 0.08258119
v -0.19122386 1.3917265 0.08824231
v -0.1806525 1.3911914 0.07865038
v -0.18718639 1.3910061 0.08088088
v -0.1750043 1.392572 0.07868533
v -0.17231105 1.3903953 0.083622776
v -0.17375839 1.3923031 0.079401426
v -0.17229518 1.3860929 0.08234513
v -0.19387847 1.3931843 0.08270623
v -0.1937076 1.3929231 0.08851637
v -0.1831934 1.3908211 0.078920685
v -0.17375165 1.387874 0.07775045
v -0.17218126 1.3862573 0.096908465
v -0.19571035 1.3953923 0.08349645
v -0.19589323 1.3948351 0.089070745
v -0.19745344 1.3966541 0.091065854
v -0.18718639 1.390642 0.07949808
v -0.18271725 1.3899792 0.07821948
v -0.1806562 1.389928 0.077916965
v -0.17844455 1.3891354 0.07739702
v -0.18718639 1.3901109 0.07865301
v -0.17491905 1.3884264 0.07719613
v -0.1771209 1.3825054 0.07599635
v -0.17579128 1.3803402 0.07574737
v -0.17449327 1.3803227 0.07581031
v -0.1755836 1.3595564 0.07505129
v -0.1910831 1.3915045 0.08067564
v -0.19117938 1.3908209 0.078920685
v -0.19165553 1.3899794 0.07821948
v -0.19371659 1.389928 0.077916965
v -0.19388573 1.3930687 0.08090794
v -0.19372028 1.3911912 0.07865038
v -0.19592823 1.3891354 0.07739702
v -0.17442107 1.3597461 0.0754029
v -0.1760722 1.3581684 0.075539604
v -0.19606607 1.3957764 0.08175099
v -0.19601524 1.3927337 0.079007424
v -0.19945373 1.3884267 0.07719613
v -0.1972519 1.3825054 0.07599635
v -0.17376417 1.3801672 0.07639705
v -0.17368087 1.35904 0.07673702
v -0.17234729 1.3800362 0.08111428
v -0.19987951 1.3803227 0.07581031
v -0.19858152 1.3803402 0.07574737
v -0.17441745 1.3582389 0.075988814
v -0.17444652 1.3577924 0.0775213
v -0.1758044 1.3574592 0.07804541
v -0.17668991 1.3576688 0.08734039
v -0.17457356 1.3577139 0.08735859
v -0.17466374 1.357705 0.09777336
v -0.17758735 1.3576688 0.097605206
v -0.17672475 1.3576678 0.108083725
v -0.17365368 1.3586591 0.087390326
v -0.1746521 1.3577052 0.10802948
v -0.17666158 1.3576658 0.119072475
v -0.19995171 1.3597459 0.0754029
v -0.20069191 1.3590401 0.07673702
v -0.19878918 1.3595562 0.07505129
v -0.19978993 1.3581674 0.075882845
v -0.19830059 1.3581684 0.075539604
v -0.1985684 1.3574592 0.07804541
v -0.19992626 1.3577925 0.0775213
v -0.19979922 1.3577137 0.08735859
v -0.19768287 1.3576688 0.08734039
v -0.19678542 1.3576688 0.097605206
v -0.17371425 1.3584758 0.09777025
v -0.20060863 1.3801672 0.07639705
v -0.2007191 1.3586591 0.087390326
v -0.19970904 1.357705 0.09777336
v -0.20065854 1.3584756 0.09777025
v -0.20210451 1.3632438 0.08747755
v -0.19972068 1.3577052 0.10802948
v -0.19764805 1.3576678 0.108083725
v -0.20202838 1.3633026 0.081010185
v -0.20202549 1.3800362 0.08111428
v -0.20062113 1.387874 0.07775045
v -0.20057896 1.3583906 0.10804048
v -0.19983095 1.3577212 0.11875187
v -0.1977112 1.357666 0.119072475
v -0.2021016 1.363234 0.09767151
v -0.20210017 1.3632238 0.10814713
v -0.20060357 1.358363 0.11867511
v -0.20051469 1.3587555 0.12809561
v -0.20208512 1.363355 0.12153593
v -0.19977178 1.3578885 0.12804304
v -0.19785434 1.3577348 0.12787525
v -0.19953635 1.3583003 0.12898135
v -0.19748035 1.358073 0.12911913
v -0.19757327 1.3594676 0.12958637
v -0.19996826 1.3594629 0.12941788
v -0.19759616 1.3677517 0.12949896
v -0.20032278 1.369265 0.12928699
v -0.2007429 1.3705932 0.12848264
v -0.2021693 1.3773155 0.123765245
v -0.20203605 1.3632387 0.12387836
v -0.20219451 1.3775814 0.10731252
v -0.20331544 1.3854481 0.11997667
v -0.2021926 1.3784835 0.09732254
v -0.2020776 1.3860929 0.08234513
v -0.20219152 1.3862574 0.096908465
v -0.20218351 1.3857335 0.10701271
v -0.20206173 1.3903953 0.083622776
v -0.20214152 1.3924162 0.10654381
v -0.20264 1.391919 0.11714085
v -0.2019033 1.3982797 0.10568916
v -0.20208259 1.3957655 0.11556498
v -0.20086572 1.4006184 0.11507397
v -0.2005483 1.4016517 0.11511081
v -0.20218408 1.39288 0.09666662
v -0.2006144 1.392303 0.079401426
v -0.20210826 1.3949451 0.08726259
v -0.19936848 1.392572 0.07868533
v -0.19743964 1.3959126 0.08086733
v -0.19937229 1.3961254 0.08099704
v -0.20053639 1.3959498 0.081439495
v -0.20053367 1.3988876 0.08434178
v -0.19755794 1.3991579 0.08429931
v -0.19843212 1.3994328 0.08388524
v -0.19726825 1.3982538 0.08551674
v -0.19796677 1.4006546 0.08625321
v -0.19973812 1.3993914 0.08394684
v -0.19784954 1.3996625 0.08728739
v -0.19850147 1.4011041 0.08598292
v -0.19978744 1.401035 0.086118765
v -0.19826679 1.4007777 0.09018739
v -0.19837059 1.3987471 0.09476156
v -0.19841452 1.4013066 0.09446602
v -0.19838177 1.4024174 0.08966951
v -0.1984819 1.4033085 0.094167024
v -0.19831237 1.4015324 0.101760305
v -0.19883032 1.4028409 0.08951219
v -0.20050801 1.4006671 0.08642807
v -0.19990392 1.4027842 0.089597255
v -0.20057338 1.4022715 0.08970746
v -0.19886501 1.4037751 0.09407703
v -0.19837303 1.4032457 0.10172692
v -0.1982275 1.4008747 0.10848537
v -0.19980943 1.4037852 0.094112836
v -0.19871089 1.4037389 0.10169084
v -0.19829147 1.4025134 0.108355895
v -0.19810778 1.3996317 0.11653298
v -0.19823973 1.401678 0.11651965
v -0.19871807 1.4019974 0.116657294
v -0.19859569 1.4030473 0.108292446
v -0.19984394 1.4020538 0.116389655
v -0.1997993 1.4038023 0.10165404
v -0.19975485 1.4031363 0.10835264
v -0.20054315 1.402632 0.10836951
v -0.20051788 1.4033351 0.10164888
v -0.20058642 1.4029211 0.09424879
v -0.20211394 1.3984473 0.09631882
v -0.20216727 1.3971378 0.091336794
v -0.1767995 1.3594677 0.12958637
v -0.17610635 1.3659588 0.13275239
v -0.17677662 1.3677516 0.12949896
v -0.17562445 1.3612841 0.13273461
v -0.17605273 1.3579981 0.13262838
v -0.17651185 1.3651371 0.1350038
v -0.1765573 1.3643212 0.13839094
v -0.17532799 1.3612733 0.13789853
v -0.17653227 1.3579911 0.13132371
v -0.17689243 1.3580728 0.12911913
v -0.17798644 1.3556854 0.13121627
v -0.17536516 1.3613653 0.15350473
v -0.17640373 1.3641179 0.15347892
v -0.17808343 1.3554918 0.12782459
v -0.17651844 1.3577349 0.12787525
v -0.17666158 1.3576658 0.119072475
v -0.17521438 1.3608912 0.2151827
v -0.17610142 1.3636534 0.21475536
v -0.17521115 1.3609021 0.22171225
v -0.17607997 1.3637655 0.22149284
v -0.17556487 1.357803 0.21555118
v -0.17569476 1.3579867 0.15355924
v -0.1752929 1.3609523 0.23022586
v -0.17614852 1.3638803 0.23034896
v -0.17850277 1.3553954 0.119330235
v -0.17672475 1.3576678 0.108083725
v -0.17566547 1.357786 0.13770042
v -0.17761314 1.3549315 0.13746762
v -0.17557839 1.3577566 0.22187673
v -0.17589973 1.3610605 0.23146603
v -0.17671166 1.3638014 0.23144963
v -0.17969428 1.3652982 0.2320764
v -0.17636955 1.3583279 0.23133197
v -0.17959781 1.3544192 0.23178309
v -0.17771587 1.3551041 0.1323847
v -0.17955284 1.3547398 0.13109042
v -0.17564708 1.3577383 0.23013961
v -0.17758818 1.3549019 0.23026323
v -0.17804645 1.3552612 0.23145734
v -0.17955203 1.3542892 0.13204466
v -0.17951927 1.3481265 0.12141453
v -0.17749684 1.3549724 0.22200966
v -0.17755051 1.3549324 0.21599433
v -0.17952266 1.3540274 0.22195898
v -0.17951876 1.3540202 0.21610555
v -0.17745113 1.3550519 0.15345445
v -0.17951614 1.3539702 0.23025317
v -0.17953788 1.3540211 0.1534201
v -0.17956223 1.3473059 0.21204741
v -0.17955196 1.3514341 0.22249088
v -0.17950974 1.3540779 0.13750097
v -0.17955127 1.3473717 0.15415621
v -0.17957456 1.3472062 0.16554984
v -0.17965595 1.3527374 0.23146014
v -0.17961022 1.3521888 0.2305981
v -0.18079959 1.3513833 0.23086303
v -0.18072559 1.3521832 0.23217987
v -0.18077402 1.3533461 0.2328601
v -0.18070202 1.3652937 0.2329282
v -0.18055883 1.3669286 0.23248886
v -0.1783805 1.3658321 0.23217244
v -0.17662613 1.3669307 0.2317424
v -0.18013163 1.350266 0.22278167
v -0.18118079 1.3501627 0.22276668
v -0.181289 1.3471315 0.2184148
v -0.1795549 1.3479872 0.21804261
v -0.18061161 1.3472906 0.21845321
v -0.17961898 1.3472878 0.21662201
v -0.18038599 1.346668 0.21664551
v -0.18125774 1.346439 0.21660559
v -0.18010502 1.3463951 0.21243171
v -0.18099876 1.3463771 0.21244964
v -0.1800608 1.3464115 0.21170741
v -0.18088092 1.3463944 0.21162403
v -0.18157811 1.346405 0.21170603
v -0.18090911 1.346444 0.16590431
v -0.18009126 1.3465157 0.16606435
v -0.18014042 1.3465413 0.16485019
v -0.1809891 1.3464258 0.16490449
v -0.18148501 1.3464603 0.16580626
v -0.19342805 1.3464324 0.16485679
v -0.19272086 1.3464535 0.16580158
v -0.18117553 1.34619 0.15446097
v -0.19342576 1.346208 0.15455577
v -0.18027823 1.3462889 0.15440965
v -0.1814566 1.3446813 0.15257065
v -0.19298954 1.345042 0.1529001
v -0.19370626 1.3323332 0.14114818
v -0.17960395 1.345502 0.15232685
v -0.18031941 1.3448516 0.1526759
v -0.18066652 1.3323332 0.14114818
v -0.18053892 1.3221915 0.13147919
v -0.19383386 1.3221915 0.13147919
v -0.17956045 1.3330324 0.13972366
v -0.17952265 1.3452482 0.122636326
v -0.17955196 1.3447666 0.12102632
v -0.17951757 1.3360243 0.12321367
v -0.18068549 1.3156803 0.1248215
v -0.19368728 1.3156803 0.1248215
v -0.17952758 1.322997 0.13086069
v -0.18055 1.3098465 0.11872525
v -0.19382279 1.3098465 0.11872525
v -0.17951816 1.3280563 0.12205063
v -0.17950876 1.3166659 0.12415823
v -0.1807316 1.3030196 0.11024433
v -0.19364119 1.3030196 0.11024433
v -0.17952044 1.3201596 0.11890355
v -0.17950508 1.310643 0.11796302
v -0.18062802 1.2983816 0.101910494
v -0.19374476 1.2983816 0.101910494
v -0.17951748 1.3134512 0.11417009
v -0.17957775 1.303825 0.11005558
v -0.18090421 1.2949874 0.09097215
v -0.19346857 1.2949874 0.09097215
v -0.17951842 1.3073175 0.107553214
v -0.17956634 1.2989569 0.101632625
v -0.1806021 1.2937237 0.08008763
v -0.19377068 1.2937236 0.08008763
v -0.17951581 1.3028942 0.10040167
v -0.17951457 1.295933 0.09070905
v -0.18066187 1.2946346 0.07054871
v -0.19371091 1.2946346 0.07054871
v -0.17952129 1.2992735 0.09026674
v -0.1806288 1.2967945 0.06318464
v -0.19374397 1.2967947 0.06318464
v -0.18072131 1.3015038 0.05481548
v -0.19365147 1.3015035 0.05481548
v -0.180674 1.3063835 0.049820773
v -0.19369881 1.3063835 0.049820773
v -0.18033588 1.3093446 0.045848623
v -0.19403692 1.3093446 0.045848623
v -0.1805779 1.310684 0.040626943
v -0.19379488 1.310684 0.040626943
v -0.18074481 1.3116827 0.03285669
v -0.19362797 1.3116826 0.03285669
v -0.18075268 1.3123223 0.027329154
v -0.17961498 1.313061 0.027422592
v -0.1936201 1.3123223 0.027329154
v -0.18050836 1.3119005 0.025341919
v -0.19386442 1.3119003 0.025341919
v -0.17959635 1.3124676 0.03260851
v -0.17952469 1.3303723 0.053392284
v -0.17955673 1.3115346 0.04102497
v -0.17953758 1.3103099 0.046772845
v -0.18089686 1.303833 0.00974108
v -0.19347592 1.303833 0.00974108
v -0.17966735 1.30456 0.009348664
v -0.17960793 1.3128244 0.0250541
v -0.17955515 1.3121209 0.006110403
v -0.17953692 1.3215375 0.022358162
v -0.17722082 1.3126566 0.0028600167
v -0.17953773 1.3070834 0.050941877
v -0.17726362 1.3234558 0.021315595
v -0.17731969 1.3323469 -0.0075873244
v -0.17713529 1.3423965 0.010108775
v -0.17978284 1.3372818 -0.0038236212
v -0.17715569 1.3390712 0.049012892
v -0.17953363 1.3364668 0.048225835
v -0.1795394 1.3020607 0.055937394
v -0.17953525 1.3390682 0.052628305
v -0.17720844 1.3470987 0.06263015
v -0.17710951 1.3570867 0.03518847
v -0.17953399 1.3443286 0.008717994
v -0.1795357 1.2979629 0.063689485
v -0.17958213 1.3484966 0.0060724495
v -0.17979127 1.3422064 -0.0055812453
v -0.18027082 1.3491011 0.00559216
v -0.18046468 1.3430729 -0.0059314156
v -0.17954107 1.3619441 0.030683827
v -0.17953221 1.3587773 0.033662286
v -0.1824403 1.3491976 0.0056591127
v -0.18243384 1.3432951 -0.00573678
v -0.18065225 1.3630377 0.029740777
v -0.17951322 1.2957596 0.07089762
v -0.17719135 1.3661771 0.05076189
v -0.17956182 1.371843 0.045711193
v -0.18718639 1.3493047 0.005871215
v -0.18718639 1.3433185 -0.0057082367
v -0.17956588 1.2948109 0.07993349
v -0.17951682 1.2990648 0.07989117
v -0.17951973 1.2998893 0.07221221
v -0.17953227 1.3675442 0.049116172
v -0.17949073 1.3822659 0.074747644
v -0.17962705 1.3864585 0.07074405
v -0.19193248 1.3491976 0.0056591127
v -0.19193894 1.3432951 -0.00573678
v -0.19410196 1.3491012 0.00559216
v -0.1939081 1.3430729 -0.0059314156
v -0.19176663 1.3631346 0.029868918
v -0.19478576 1.3482919 0.0061581037
v -0.19458151 1.3422064 -0.0055812453
v -0.18055074 1.3728672 0.045491446
v -0.18718639 1.3630875 0.02979466
v -0.18260615 1.3631347 0.029868918
v -0.18263265 1.3729912 0.04565302
v -0.18718639 1.3729821 0.04563754
v -0.19174013 1.3729913 0.04565302
v -0.19372055 1.3630377 0.029740777
v -0.18718639 1.3872757 0.07050453
v -0.18261652 1.3873074 0.07057152
v -0.19382204 1.3728671 0.045491446
v -0.19381212 1.3872198 0.07044546
v -0.19478413 1.3619415 0.030594524
v -0.18056066 1.3872198 0.07044546
v -0.18067232 1.3890753 0.07496672
v -0.18237515 1.389153 0.075147025
v -0.19175626 1.3873074 0.07057152
v -0.1795976 1.388315 0.07535876
v -0.18718639 1.3891561 0.075149655
v -0.1806562 1.389928 0.077916965
v -0.17844455 1.3891354 0.07739702
v -0.18271725 1.3899792 0.07821948
v -0.1771209 1.3825054 0.07599635
v -0.18718639 1.3901109 0.07865301
v -0.17579128 1.3803402 0.07574737
v -0.19199763 1.3891531 0.075147025
v -0.19165553 1.3899794 0.07821948
v -0.19370046 1.3890753 0.07496672
v -0.19371659 1.389928 0.077916965
v -0.19592823 1.3891354 0.07739702
v -0.1947752 1.3883151 0.07535876
v -0.1972519 1.3825054 0.07599635
v -0.17720039 1.380108 0.07432784
v -0.17706162 1.3594377 0.07307551
v -0.1755836 1.3595564 0.07505129
v -0.17689368 1.3564324 0.07450051
v -0.1760722 1.3581684 0.075539604
v -0.1758044 1.3574592 0.07804541
v -0.17695796 1.3559049 0.07848351
v -0.17796129 1.3556294 0.087362275
v -0.17668991 1.3576688 0.08734039
v -0.17758735 1.3576688 0.097605206
v -0.17953902 1.3457186 0.06415375
v -0.17952566 1.3545772 0.07938605
v -0.17952853 1.3335928 0.05695504
v -0.17953168 1.3403692 0.06845874
v -0.17952462 1.3485899 0.08434282
v -0.17816849 1.3555161 0.09756317
v -0.1795266 1.349363 0.08810976
v -0.17960048 1.3467987 0.084702164
v -0.17769626 1.3556267 0.10810775
v -0.17952347 1.3490071 0.11943502
v -0.17952572 1.3502345 0.10820573
v -0.17957595 1.3469881 0.12006219
v -0.17958185 1.347481 0.118309096
v -0.17952763 1.3500155 0.09831493
v -0.17957267 1.3484843 0.10766995
v -0.18065973 1.346129 0.11913916
v -0.18053855 1.346724 0.117671944
v -0.18035527 1.3444293 0.11996689
v -0.18032673 1.347318 0.10732195
v -0.18046461 1.3361233 0.12001386
v -0.17959878 1.3478924 0.09784876
v -0.18056625 1.3471794 0.09772976
v -0.17953916 1.3359709 0.12138985
v -0.18084507 1.328863 0.118867874
v -0.1795847 1.3475232 0.08780694
v -0.18043417 1.3466734 0.08807465
v -0.1806797 1.345772 0.08463045
v -0.1795048 1.3283802 0.12038006
v -0.1802928 1.321779 0.11637196
v -0.17959918 1.3388757 0.06898185
v -0.1807056 1.3382193 0.069357134
v -0.17950019 1.320928 0.117613964
v -0.18014567 1.3155873 0.11203602
v -0.17960954 1.3319579 0.057605293
v -0.18054909 1.3312519 0.058060657
v -0.1794983 1.3146946 0.11310589
v -0.17996305 1.3099885 0.10628903
v -0.17958257 1.3293563 0.054672327
v -0.18059467 1.3287137 0.05536552
v -0.17950268 1.3089483 0.10673245
v -0.18002267 1.3059129 0.09957546
v -0.17948684 1.304457 0.099841565
v -0.1803017 1.3025723 0.08959989
v -0.17969528 1.3009388 0.08997757
v -0.18014267 1.3018749 0.08043173
v -0.1795019 1.300642 0.08005869
v -0.18006061 1.3025601 0.07331273
v -0.17953391 1.3014477 0.0727513
v -0.18027478 1.3045782 0.06614027
v -0.17952614 1.303477 0.06545206
v -0.18020956 1.3081472 0.060653724
v -0.17951709 1.3021954 0.064835966
v -0.17953481 1.307522 0.05952164
v -0.18029952 1.3117714 0.057431553
v -0.17951694 1.3063774 0.05859827
v -0.17952459 1.3112605 0.05611386
v -0.18033081 1.3160877 0.055356015
v -0.17951828 1.3102512 0.054864053
v -0.17953835 1.3158338 0.054333977
v -0.18090183 1.321871 0.054350913
v -0.17951854 1.3153858 0.052661523
v -0.17958288 1.3218274 0.053505372
v -0.18075766 1.3261485 0.054329727
v -0.179523 1.3215816 0.052002396
v -0.17959584 1.3263708 0.05338324
v -0.17952137 1.3263444 0.051851
v -0.19272086 1.3464535 0.16580158
v -0.19342805 1.3464324 0.16485679
v -0.19345613 1.3464456 0.16596916
v -0.19427092 1.3464936 0.16620967
v -0.19334313 1.3464497 0.21178299
v -0.19438621 1.3465123 0.16480175
v -0.19342576 1.346208 0.15455577
v -0.19408166 1.3463275 0.15450871
v -0.19298954 1.345042 0.1529001
v -0.19416189 1.3451976 0.15281816
v -0.19480044 1.3457179 0.15222134
v -0.19370626 1.3323332 0.14114818
v -0.19482279 1.3473659 0.15420045
v -0.19486304 1.3540777 0.13750097
v -0.19482778 1.3452286 0.122768745
v -0.19483235 1.3474963 0.16452743
v -0.19483459 1.3539256 0.15362303
v -0.19478957 1.3471757 0.16615823
v -0.19485402 1.3540202 0.21610555
v -0.19479153 1.3471767 0.21167885
v -0.19425999 1.346429 0.2116958
v -0.19481659 1.3471556 0.21242833
v -0.19336303 1.3463954 0.21254274
v -0.1926519 1.3463974 0.21179569
v -0.19421975 1.3464296 0.21240059
v -0.19418024 1.3464497 0.2165917
v -0.19319461 1.3463792 0.21654068
v -0.19320022 1.3471141 0.21843736
v -0.19478348 1.3473265 0.21645786
v -0.1940723 1.3472514 0.21836433
v -0.19349077 1.3501527 0.22273786
v -0.19481789 1.347987 0.21804261
v -0.19424115 1.3502661 0.22278167
v -0.19357319 1.3513833 0.23086303
v -0.19482082 1.351434 0.22249088
v -0.19476254 1.352189 0.2305981
v -0.19364719 1.3521832 0.23217987
v -0.19485012 1.3540274 0.22195898
v -0.19471683 1.3527372 0.23146014
v -0.19477497 1.3544194 0.23178309
v -0.1935988 1.3533461 0.2328601
v -0.1948566 1.3539703 0.23025317
v -0.19687594 1.3549722 0.22200966
v -0.19467844 1.3652982 0.23207653
v -0.19367072 1.3652937 0.2329282
v -0.19599228 1.3658319 0.23217244
v -0.19381395 1.3669286 0.23248886
v -0.19774665 1.3669307 0.2317424
v -0.19682227 1.3549324 0.21599433
v -0.19847308 1.3610605 0.23146603
v -0.19766112 1.3638014 0.23144963
v -0.19689171 1.354984 0.1535383
v -0.19907986 1.3609521 0.23022586
v -0.19872572 1.3577383 0.23013961
v -0.19822426 1.3638804 0.23034896
v -0.19916163 1.360902 0.22171225
v -0.1982928 1.3637655 0.22149284
v -0.19800323 1.3583279 0.23133197
v -0.19632636 1.3552612 0.23145734
v -0.1967846 1.354902 0.23026323
v -0.19879444 1.3577566 0.22187673
v -0.19880791 1.3578031 0.21555118
v -0.1991584 1.3608911 0.2151827
v -0.19827133 1.3636534 0.21475536
v -0.19882381 1.3579848 0.15346713
v -0.19870731 1.357786 0.13770042
v -0.19911888 1.361163 0.1533205
v -0.19796905 1.3641179 0.15347892
v -0.1990448 1.3612733 0.13789853
v -0.19781548 1.3643212 0.13839094
v -0.19874834 1.3612841 0.13273461
v -0.19786093 1.3651371 0.1350038
v -0.19826643 1.3659587 0.13275239
v -0.19759616 1.3677517 0.12949896
v -0.19757327 1.3594676 0.12958637
v -0.19784051 1.3579911 0.13132371
v -0.19748035 1.358073 0.12911913
v -0.19675966 1.3549315 0.13746762
v -0.19665691 1.3551041 0.1323847
v -0.19832005 1.3579984 0.13262838
v -0.19638635 1.3556854 0.13121627
v -0.19785434 1.3577348 0.12787525
v -0.19482075 1.3542894 0.13204466
v -0.19481994 1.3547397 0.13109042
v -0.19628936 1.3554919 0.12782459
v -0.19482969 1.3480946 0.12146171
v -0.19482894 1.3468504 0.11996313
v -0.19587001 1.3553954 0.119330235
v -0.1977112 1.357666 0.119072475
v -0.19483703 1.3494592 0.119227715
v -0.19667652 1.3556268 0.10810775
v -0.19764805 1.3576678 0.108083725
v -0.19483711 1.3503091 0.107909866
v -0.19620429 1.3555158 0.09756317
v -0.19678542 1.3576688 0.097605206
v -0.19768287 1.3576688 0.08734039
v -0.19483446 1.3500334 0.09791362
v -0.1964115 1.3556292 0.087362275
v -0.19770399 1.3557631 0.07838088
v -0.1985684 1.3574592 0.07804541
v -0.19830059 1.3581684 0.075539604
v -0.19479294 1.3483027 0.10760498
v -0.19461206 1.3480821 0.09792076
v -0.19483021 1.3477347 0.118500605
v -0.19402035 1.3473325 0.107609116
v -0.1942499 1.3467162 0.11793413
v -0.19390316 1.347208 0.09788646
v -0.19429262 1.346066 0.119260445
v -0.19388752 1.346711 0.08815473
v -0.19401751 1.3444295 0.11996689
v -0.19470647 1.3476315 0.08804485
v -0.19396484 1.345905 0.08488792
v -0.19482082 1.3447666 0.12102632
v -0.19483362 1.3359709 0.12138985
v -0.19390818 1.3361233 0.12001386
v -0.19483824 1.349472 0.08770055
v -0.19479068 1.34666 0.0846148
v -0.19382292 1.3382736 0.069374874
v -0.19494596 1.3546743 0.07939427
v -0.19484645 1.3485962 0.084259525
v -0.19476886 1.3390026 0.06886751
v -0.19398692 1.3312563 0.058044672
v -0.19483413 1.3285431 0.120234385
v -0.19379097 1.3289564 0.11886244
v -0.19484968 1.3319954 0.057591017
v -0.19398813 1.3287033 0.055292267
v -0.1948339 1.3211567 0.11726715
v -0.19390307 1.3218045 0.11615428
v -0.19475555 1.3293296 0.05447073
v -0.19386837 1.3261062 0.054273043
v -0.19482075 1.3263836 0.05330191
v -0.1938679 1.3218577 0.05430215
v -0.19484916 1.3302172 0.053304866
v -0.19486216 1.3334041 0.056749687
v -0.19476427 1.3217387 0.053327527
v -0.19385399 1.316015 0.05525895
v -0.1948309 1.3148667 0.11273144
v -0.19393867 1.3155302 0.111926824
v -0.19484325 1.3402191 0.06818034
v -0.19483376 1.3457186 0.06415375
v -0.19483753 1.3390683 0.052628305
v -0.19716434 1.3470987 0.06263015
v -0.19483915 1.3364668 0.048225835
v -0.19718523 1.3391052 0.04898703
v -0.19732456 1.3565526 0.074862204
v -0.19718143 1.3661771 0.05076189
v -0.19739997 1.359987 0.0734314
v -0.19878918 1.3595562 0.07505129
v -0.19717239 1.3801081 0.07432784
v -0.19858152 1.3803402 0.07574737
v -0.19488207 1.3822659 0.074747644
v -0.1948405 1.3675442 0.049116172
v -0.19726327 1.3570868 0.03518847
v -0.1947311 1.3867259 0.07063393
v -0.19476151 1.3720841 0.045668736
v -0.19484058 1.3587773 0.033662286
v -0.19710918 1.3234558 0.021315595
v -0.19483879 1.3443288 0.008717994
v -0.19458993 1.3372816 -0.0038236212
v -0.19705309 1.332347 -0.0075873244
v -0.19723749 1.3423964 0.010108775
v -0.19715196 1.3126566 0.0028600167
v -0.19481763 1.3121209 0.006110403
v -0.19483583 1.3215375 0.022358162
v -0.1947578 1.3130609 0.027422592
v -0.19476485 1.3128244 0.0250541
v -0.19470543 1.30456 0.009348664
v -0.19347592 1.303833 0.00974108
v -0.19386442 1.3119003 0.025341919
v -0.1936201 1.3123223 0.027329154
v -0.19485283 1.326687 0.051772483
v -0.19477643 1.3124676 0.03260851
v -0.19362797 1.3116826 0.03285669
v -0.19485874 1.3215296 0.051877897
v -0.19481605 1.3115346 0.04102497
v -0.19379488 1.310684 0.040626943
v -0.19483514 1.3158004 0.054499753
v -0.1937247 1.3116755 0.057090357
v -0.19486107 1.3152589 0.052883513
v -0.1948352 1.3103099 0.046772845
v -0.19403692 1.3093446 0.045848623
v -0.19485733 1.3111833 0.05628128
v -0.19392568 1.3079883 0.06050137
v -0.19486083 1.3103312 0.054818343
v -0.19483505 1.3070834 0.050941877
v -0.19369881 1.3063835 0.049820773
v -0.19486076 1.3074471 0.059767425
v -0.1939388 1.30448 0.06599943
v -0.19487388 1.3061054 0.05865436
v -0.19483341 1.3020605 0.055937394
v -0.19365147 1.3015035 0.05481548
v -0.19486141 1.3034698 0.065551214
v -0.1941353 1.3026038 0.0730831
v -0.19487078 1.3023334 0.06494682
v -0.19483706 1.2979629 0.063689485
v -0.19374397 1.2967947 0.06318464
v -0.19485728 1.3015796 0.072661474
v -0.19418155 1.3018204 0.0801691
v -0.19487235 1.3000548 0.072392665
v -0.19485958 1.2957596 0.07089762
v -0.19371091 1.2946346 0.07054871
v -0.19485019 1.3009813 0.07999604
v -0.19406947 1.3027133 0.08963103
v -0.19487253 1.2993046 0.0799176
v -0.19480689 1.294811 0.07993349
v -0.19377068 1.2937236 0.08008763
v -0.19346857 1.2949874 0.09097215
v -0.19487034 1.301195 0.089931734
v -0.19390033 1.3059243 0.099239856
v -0.19485822 1.2959329 0.09070905
v -0.19374476 1.2983816 0.101910494
v -0.19487269 1.2994806 0.09009141
v -0.19484466 1.3044348 0.09973452
v -0.19399181 1.3100495 0.10618869
v -0.19480644 1.2989569 0.101632625
v -0.19364119 1.3030196 0.11024433
v -0.19484966 1.3030837 0.1002825
v -0.19482471 1.309172 0.10676008
v -0.1948544 1.3073175 0.107553214
v -0.19479503 1.303825 0.11005558
v -0.19382279 1.3098465 0.11872525
v -0.19484746 1.3136178 0.11384501
v -0.1948677 1.310643 0.11796302
v -0.19368728 1.3156803 0.1248215
v -0.19484943 1.3203447 0.118798494
v -0.19486403 1.3166659 0.12415823
v -0.19383386 1.3221915 0.13147919
v -0.19485007 1.327591 0.12206752
v -0.1948452 1.322997 0.13086069
v -0.19482873 1.3359246 0.12315256
v -0.19481236 1.3330324 0.13972366
v -0.18166621 1.3471273 0.21148777
v -0.18131618 1.3560925 0.21137778
v -0.18175708 1.3560917 0.21148144
v -0.18113254 1.3469135 0.21131776
v -0.18157811 1.346405 0.21170603
v -0.18088092 1.3463944 0.21162403
v -0.18090911 1.346444 0.16590431
v -0.18122199 1.3563832 0.16657346
v -0.1811616 1.3471681 0.16615653
v -0.18148501 1.3464603 0.16580626
v -0.18163432 1.3471012 0.16608103
v -0.18172191 1.3566289 0.1663435
v -0.19259623 1.3564851 0.16635571
v -0.19268332 1.3469025 0.16605118
v -0.19272086 1.3464535 0.16580158
v -0.19331008 1.3469998 0.1661747
v -0.19315068 1.3563724 0.16651604
v -0.19345613 1.3464456 0.16596916
v -0.19323377 1.3472388 0.2115739
v -0.19310763 1.3561261 0.21131232
v -0.19334313 1.3464497 0.21178299
v -0.1926519 1.3463974 0.21179569
v -0.19323377 1.3472388 0.2115739
v -0.19257934 1.3471928 0.21149862
v -0.19251037 1.3562737 0.21149307
v -0.18175708 1.3560917 0.21148144
v -0.18166621 1.3471273 0.21148777
v -0.18157811 1.346405 0.21170603
v -0.19323377 1.3472388 0.2115739
v -0.19310763 1.3561261 0.21131232
v -0.1926519 1.3463974 0.21179569
v -0.18099876 1.3463771 0.21244964
v -0.18157811 1.346405 0.21170603
v -0.19336303 1.3463954 0.21254274
v -0.19319461 1.3463792 0.21654068
v -0.18125774 1.346439 0.21660559
v -0.19320022 1.3471141 0.21843736
v -0.181289 1.3471315 0.2184148
v -0.19349077 1.3501527 0.22273786
v -0.18118079 1.3501627 0.22276668
v -0.18079959 1.3513833 0.23086303
v -0.19357319 1.3513833 0.23086303
v -0.19364719 1.3521832 0.23217987
v -0.18072559 1.3521832 0.23217987
v -0.1935988 1.3533461 0.2328601
v -0.18077402 1.3533461 0.2328601
v -0.19367072 1.3652937 0.2329282
v -0.18070202 1.3652937 0.2329282
v -0.19381395 1.3669286 0.23248886
v -0.18055883 1.3669286 0.23248886
v -0.19866776 1.3961167 0.22373317
v -0.19839771 1.3958162 0.22373812
v -0.19831 1.3961346 0.22570857
v -0.19858328 1.3964359 0.2256741
v -0.19831 1.3961346 0.22570857
v -0.19832608 1.3971891 0.22677392
v -0.19858328 1.3964359 0.2256741
v -0.19865398 1.3972325 0.22653246
v -0.20533958 1.2610497 -0.14599766
v -0.20773795 1.2873363 -0.14893247
v -0.2071284 1.261102 -0.14649978
v -0.20510764 1.2440326 -0.14507824
v -0.20066108 1.3859222 0.4176099
v -0.20225601 1.39082 0.41759253
v -0.20067753 1.3898969 0.4176116
v -0.20221442 1.3859828 0.417608
v -0.2025306 1.3859669 0.41712272
v -0.20254146 1.3909751 0.41712603
v -0.20254005 1.39092 0.41073748
v -0.20216945 1.3806051 0.41762215
v -0.20060962 1.3805879 0.41760474
v -0.20207562 1.3764677 0.41761377
v -0.200709 1.3765277 0.41762462
v -0.20250335 1.3805522 0.4173098
v -0.20137142 1.3728482 0.41760838
v -0.19985615 1.3730882 0.41759893
v -0.20004803 1.3697146 0.41762972
v -0.19872837 1.3704163 0.41758537
v -0.19818915 1.3671644 0.4176098
v -0.19703281 1.3681802 0.41758296
v -0.19577003 1.3650758 0.41761556
v -0.19494781 1.3662565 0.41759476
v -0.19847222 1.3669904 0.41715723
v -0.20038593 1.3695275 0.417227
v -0.20164192 1.3727156 0.4172579
v -0.1923854 1.3632638 0.41758892
v -0.19191562 1.3645163 0.41761687
v -0.19599289 1.3648103 0.4172215
v -0.19840255 1.3669044 0.410771
v -0.19012038 1.3625766 0.41757858
v -0.18869232 1.3637787 0.41761443
v -0.2023794 1.3764776 0.41730818
v -0.2003302 1.3694024 0.4106388
v -0.20166263 1.3726966 0.41071478
v -0.20238791 1.376582 0.41058514
v -0.19251095 1.3630368 0.4173655
v -0.18778351 1.3623532 0.41761425
v -0.18515716 1.3637576 0.4176244
v -0.20131297 1.3728201 0.41027367
v -0.20251533 1.3807447 0.41062504
v -0.20251876 1.3861606 0.4106377
v -0.20213218 1.3807218 0.4102717
v -0.20215061 1.3861723 0.4102769
v -0.20221207 1.3907645 0.41029447
v -0.20067714 1.38989 0.41027632
v -0.20067672 1.3861167 0.4102546
v -0.2006768 1.3806856 0.4102532
v -0.20195717 1.3765962 0.4102598
v -0.20050861 1.3764813 0.4102522
v -0.19965053 1.3730885 0.41031185
v -0.20006806 1.3695501 0.41028875
v -0.19832 1.3698567 0.41031554
v -0.19825104 1.3671532 0.41029516
v -0.19625495 1.3653569 0.4102856
v -0.19518887 1.3664775 0.41018015
v -0.19164844 1.3645248 0.41026965
v -0.19634269 1.3650414 0.41075096
v -0.1926321 1.3633102 0.41030344
v -0.19270213 1.3630458 0.4107711
v -0.19015071 1.3625497 0.41032404
v -0.19032173 1.3623282 0.41071227
v -0.18785545 1.3622407 0.410321
v -0.18777172 1.363714 0.410212
v -0.18242256 1.364558 0.41020095
v -0.19020557 1.3623248 0.41727805
v -0.18788116 1.3619691 0.4107512
v -0.18789108 1.3619887 0.4172346
v -0.18488654 1.362413 0.4103128
v -0.18486336 1.362521 0.41761371
v -0.18490897 1.3621175 0.41074732
v -0.18103446 1.3636798 0.41762412
v -0.1816743 1.3647764 0.41761732
v -0.1849065 1.3621387 0.4172268
v -0.18090889 1.3632721 0.4107722
v -0.18105891 1.3635386 0.41030368
v -0.17775851 1.3655945 0.41762424
v -0.17869575 1.3663429 0.41762802
v -0.1808752 1.3633199 0.4172375
v -0.17782398 1.3653932 0.41030774
v -0.17863682 1.366645 0.4103015
v -0.1775951 1.365178 0.4110815
v -0.17564754 1.3676025 0.4176186
v -0.17658417 1.3683265 0.4176274
v -0.17748126 1.3653499 0.41727993
v -0.17574885 1.3672851 0.4103271
v -0.17605278 1.3698567 0.41031554
v -0.17556739 1.3671128 0.4108477
v -0.17542106 1.3673321 0.41716963
v -0.17432475 1.3697146 0.41762972
v -0.17564441 1.3704164 0.41758537
v -0.17404258 1.3694024 0.4106388
v -0.17398685 1.3695272 0.417227
v -0.17430472 1.36955 0.41028875
v -0.1730598 1.3728201 0.41027367
v -0.17472225 1.3730885 0.41031185
v -0.17386417 1.3764812 0.4102522
v -0.17300136 1.3728482 0.41760838
v -0.17451663 1.3730882 0.41759893
v -0.17271015 1.3726965 0.41071478
v -0.17273086 1.3727156 0.4172579
v -0.17241561 1.3765962 0.4102598
v -0.17229716 1.3764678 0.41761377
v -0.17366378 1.3765275 0.41762462
v -0.17198487 1.3765821 0.41058514
v -0.17199336 1.3764778 0.41730818
v -0.17220333 1.3806053 0.41762215
v -0.17361751 1.3806477 0.41762027
v -0.17215835 1.3859826 0.417608
v -0.1737117 1.3859221 0.4176099
v -0.17369525 1.3898969 0.4176116
v -0.17211677 1.39082 0.41759253
v -0.17183132 1.3909751 0.41712603
v -0.17185745 1.3807447 0.41062504
v -0.17186943 1.3805522 0.4173098
v -0.17184219 1.3859669 0.41712272
v -0.17185402 1.3861606 0.4106377
v -0.17183273 1.39092 0.41073748
v -0.17216071 1.3907646 0.41029447
v -0.1722406 1.3807218 0.4102717
v -0.17369598 1.3806854 0.4102532
v -0.17369606 1.3861167 0.4102546
v -0.17369564 1.3898898 0.41027632
v -0.17222217 1.3861723 0.4102769
v -0.17365691 1.3835365 0.25610754
v -0.17378782 1.3900373 0.25679144
v -0.17378712 1.3900381 0.2560546
v -0.17363904 1.3834286 0.25683528
v -0.17244294 1.3794155 0.25650612
v -0.17370643 1.3838786 0.26733878
v -0.17370006 1.3902866 0.267225
v -0.17384245 1.3902762 0.26897565
v -0.17246723 1.3794092 0.2571674
v -0.17389403 1.3761525 0.2560851
v -0.1737081 1.3794395 0.26897028
v -0.17382719 1.3765706 0.2712271
v -0.17391464 1.384062 0.26914558
v -0.1747556 1.3902798 0.26978663
v -0.17390737 1.3760638 0.25681302
v -0.1743723 1.3724558 0.2560787
v -0.17417379 1.3805959 0.2704374
v -0.17491668 1.3842158 0.27001446
v -0.17648971 1.3903724 0.2698185
v -0.17650354 1.3841968 0.2700321
v -0.1881894 1.390371 0.26980135
v -0.17495018 1.3810076 0.27128285
v -0.18733875 1.3837411 0.27009267
v -0.1978383 1.3902891 0.26980025
v -0.17378275 1.3780408 0.27236778
v -0.17380096 1.3772659 0.27485037
v -0.17649627 1.3809195 0.271361
v -0.17483231 1.3790262 0.2731232
v -0.19749501 1.384058 0.27003872
v -0.18700452 1.380738 0.27147055
v -0.17658857 1.3792504 0.273035
v -0.1994561 1.3842157 0.27001446
v -0.1996172 1.3902798 0.26978663
v -0.1994226 1.3810076 0.27128285
v -0.1974922 1.3809805 0.27129784
v -0.19954045 1.379026 0.2731232
v -0.18651325 1.379212 0.27305454
v -0.17466791 1.3783792 0.27522922
v -0.17480735 1.3780844 0.34165207
v -0.17651685 1.3784553 0.27513978
v -0.19748028 1.37917 0.27316302
v -0.18619832 1.3784143 0.27530414
v -0.19755371 1.3784447 0.27522337
v -0.19970492 1.378379 0.27522922
v -0.19956543 1.3780845 0.34165207
v -0.1765575 1.3780953 0.34193188
v -0.185844 1.3780906 0.34199515
v -0.19737095 1.3780946 0.34130588
v -0.19777294 1.3784628 0.39926016
v -0.20007838 1.3783267 0.39919066
v -0.19999641 1.3789346 0.4017738
v -0.18567264 1.3784409 0.39910167
v -0.19812472 1.3790863 0.4017812
v -0.19977134 1.380843 0.40377888
v -0.17583889 1.3784556 0.39914107
v -0.18569832 1.3790108 0.4016606
v -0.19825393 1.3808193 0.40366325
v -0.19949341 1.383412 0.40494263
v -0.18591976 1.3807161 0.4035901
v -0.17597443 1.3790873 0.4018047
v -0.19788978 1.3831996 0.40484715
v -0.19953415 1.3863655 0.40527317
v -0.18606208 1.3831165 0.4048289
v -0.19773762 1.3860815 0.4052156
v -0.19958237 1.3898236 0.40532973
v -0.19766986 1.3898454 0.40528086
v -0.18623035 1.3897876 0.4052837
v -0.18619102 1.3859746 0.40521285
v -0.17633465 1.3808956 0.40374243
v -0.1742944 1.3783265 0.39919066
v -0.17652942 1.3864168 0.40525496
v -0.1764989 1.3898042 0.40530303
v -0.17654732 1.3833636 0.40491316
v -0.17437644 1.3789346 0.4017738
v -0.17483863 1.3863655 0.40527317
v -0.17479041 1.3898236 0.40532973
v -0.17388943 1.3898971 0.4059616
v -0.17460144 1.3808429 0.40377888
v -0.17487937 1.383412 0.40494263
v -0.1738972 1.3863374 0.40591064
v -0.17369041 1.3899168 0.4073484
v -0.17399341 1.3833487 0.40559092
v -0.17384811 1.3804367 0.40455958
v -0.17390166 1.3783984 0.4024988
v -0.17379051 1.3772486 0.40343687
v -0.17379741 1.3776035 0.39959022
v -0.1737007 1.3795536 0.4059677
v -0.17379104 1.3829601 0.40689555
v -0.17370674 1.3862991 0.4073526
v -0.17369598 1.3806854 0.4102532
v -0.17369606 1.3861167 0.4102546
v -0.17369564 1.3898898 0.41027632
v -0.17386417 1.3764812 0.4102522
v -0.17472225 1.3730885 0.41031185
v -0.17378731 1.3773239 0.34164444
v -0.17382243 1.3760414 0.34169638
v -0.17458305 1.3733575 0.40330824
v -0.17605278 1.3698567 0.41031554
v -0.17383644 1.3763798 0.39952433
v -0.17392072 1.3757783 0.2746133
v -0.17589787 1.3701042 0.4032537
v -0.17863682 1.366645 0.4103015
v -0.17448097 1.3734114 0.39937872
v -0.17449467 1.3732378 0.34170783
v -0.17483231 1.3725582 0.2712251
v -0.1758081 1.37015 0.39897645
v -0.17846614 1.3668984 0.40322563
v -0.1747291 1.3727248 0.27474305
v -0.18246128 1.3645431 0.40343305
v -0.18242256 1.364558 0.41020095
v -0.18777172 1.363714 0.410212
v -0.17423582 1.3725244 0.25683853
v -0.1750227 1.3695984 0.25685304
v -0.17516685 1.3695315 0.25610805
v -0.17906006 1.3663707 0.25605303
v -0.17579196 1.3701687 0.3415139
v -0.17840335 1.3669698 0.39897463
v -0.18712085 1.3636992 0.4030841
v -0.19164844 1.3645248 0.41026965
v -0.17910856 1.366443 0.25658402
v -0.18285337 1.3644165 0.25604364
v -0.17909363 1.3663926 0.34153286
v -0.18234894 1.364586 0.39901876
v -0.18280788 1.3644128 0.3414834
v -0.17921945 1.3663756 0.2746205
v -0.18288295 1.3644705 0.2566653
v -0.18789493 1.3636851 0.25605813
v -0.1762024 1.3696401 0.27452385
v -0.17620786 1.3696319 0.2706814
v -0.1791852 1.3664038 0.27050513
v -0.18315244 1.364477 0.27458325
v -0.18325512 1.3644199 0.27062246
v -0.1879772 1.3637223 0.2568028
v -0.19227955 1.363985 0.25624916
v -0.1872681 1.3636888 0.34160137
v -0.18822594 1.363761 0.27466676
v -0.18807392 1.363733 0.2707894
v -0.192519 1.3635867 0.2575431
v -0.1954431 1.3663089 0.25620323
v -0.1870328 1.3637035 0.39904276
v -0.19227119 1.3647616 0.3410899
v -0.19224624 1.3649597 0.27477244
v -0.19240798 1.3647605 0.27091047
v -0.19531026 1.3667762 0.27089238
v -0.1955008 1.3660073 0.2571674
v -0.19894536 1.3692929 0.2575873
v -0.19879957 1.3693681 0.2560858
v -0.19976333 1.372925 0.25603217
v -0.1949476 1.3666166 0.274704
v -0.19949432 1.3730844 0.25703156
v -0.20047873 1.3761526 0.2560851
v -0.20035172 1.3761625 0.25705627
v -0.20061085 1.3796299 0.2560404
v -0.19557235 1.3667896 0.3413134
v -0.19817033 1.3696401 0.27452385
v -0.19816491 1.3696319 0.2706814
v -0.19954042 1.3725581 0.2712251
v -0.20054555 1.3765706 0.2712271
v -0.19964369 1.3727249 0.27474305
v -0.19160415 1.364496 0.39892563
v -0.19145073 1.3644469 0.4028438
v -0.19535236 1.3666105 0.39883444
v -0.19532318 1.3665884 0.40292174
v -0.19518887 1.3664775 0.41018015
v -0.19832 1.3698567 0.41031554
v -0.19847491 1.3701041 0.4032537
v -0.19965053 1.3730885 0.41031185
v -0.19858082 1.3701687 0.3415139
v -0.19856468 1.3701501 0.39897645
v -0.19978973 1.3733575 0.40330824
v -0.20050861 1.3764813 0.4102522
v -0.19987811 1.3732378 0.34170783
v -0.1998918 1.3734115 0.39937872
v -0.20055035 1.3760415 0.34169638
v -0.20053634 1.3763798 0.39952433
v -0.20058227 1.3772488 0.40343687
v -0.20045209 1.3757784 0.2746133
v -0.20067208 1.3795536 0.4059677
v -0.2006768 1.3806856 0.4102532
v -0.2004711 1.3783983 0.4024988
v -0.20058547 1.3773239 0.34164444
v -0.20058173 1.3829602 0.40689555
v -0.20067672 1.3861167 0.4102546
v -0.20052475 1.3804368 0.40455958
v -0.20066604 1.3862991 0.4073526
v -0.20067714 1.38989 0.41027632
v -0.20068237 1.3899168 0.4073484
v -0.20048335 1.3898972 0.4059616
v -0.20037937 1.3833488 0.40559092
v -0.20047557 1.3863373 0.40591064
v -0.19953415 1.3863655 0.40527317
v -0.19958237 1.3898236 0.40532973
v -0.19949341 1.383412 0.40494263
v -0.19977134 1.380843 0.40377888
v -0.19999641 1.3789346 0.4017738
v -0.20007838 1.3783267 0.39919066
v -0.20057537 1.3776035 0.39959022
v -0.19956543 1.3780845 0.34165207
v -0.19970492 1.378379 0.27522922
v -0.20057182 1.3772659 0.27485037
v -0.19954045 1.379026 0.2731232
v -0.20059 1.3780408 0.27236778
v -0.1994226 1.3810076 0.27128285
v -0.20019902 1.3805959 0.2704374
v -0.1994561 1.3842157 0.27001446
v -0.20066468 1.3794397 0.26897028
v -0.20045814 1.384062 0.26914558
v -0.1996172 1.3902798 0.26978663
v -0.20053034 1.3902762 0.26897565
v -0.20066635 1.3838786 0.26733878
v -0.20067272 1.3902867 0.267225
v -0.20048362 1.3795592 0.25684518
v -0.20049018 1.3836229 0.2568152
v -0.20042814 1.3899755 0.2569381
v -0.20071585 1.3835365 0.25610754
v -0.20058571 1.3900381 0.2560546
v -0.18016644 1.3679782 0.23612581
v -0.18727557 1.365961 0.23608463
v -0.18289524 1.3663436 0.23616695
v -0.18749213 1.3717401 0.23517868
v -0.19094165 1.3663931 0.2361264
v -0.19328766 1.367817 0.23605947
v -0.19590725 1.3700392 0.23609798
v -0.19734436 1.3730116 0.23606507
v -0.18718638 1.3809063 0.23506019
v -0.19831978 1.3757625 0.23613074
v -0.19849738 1.3792497 0.23610538
v -0.19853553 1.382558 0.23608078
v -0.17693305 1.3731024 0.23603489
v -0.17854847 1.3700324 0.23603743
v -0.1762329 1.3759878 0.23603053
v -0.17599857 1.3791827 0.23600934
v -0.17587784 1.3825885 0.2360038
v -0.18718643 1.3899076 0.23509625
v -0.19857511 1.3897864 0.23611207
v -0.17593649 1.3897703 0.23602398
v -0.18713729 1.3904185 0.23556702
v -0.19853565 1.3903553 0.23639914
v -0.17597546 1.390382 0.23640415
v -0.19869529 1.389893 0.42289665
v -0.19969288 1.3858186 0.422782
v -0.19979957 1.3899113 0.42275214
v -0.19868423 1.3858715 0.42288893
v -0.19847587 1.3808411 0.42289397
v -0.19944923 1.3804902 0.42281768
v -0.18817618 1.381036 0.42290404
v -0.18786739 1.3858666 0.42290404
v -0.18778053 1.3899323 0.4229035
v -0.1970163 1.3765147 0.42290103
v -0.19777232 1.3765117 0.42284638
v -0.17523514 1.3854269 0.42288154
v -0.17538883 1.3899858 0.4228891
v -0.17458007 1.3899657 0.42281592
v -0.17452171 1.3856966 0.42275625
v -0.17434238 1.3804327 0.4227453
v -0.17523365 1.3803033 0.42288077
v -0.1745726 1.3768344 0.42279983
v -0.17570068 1.3766404 0.42289028
v -0.17611232 1.3737956 0.4228814
v -0.1751287 1.3735352 0.42270565
v -0.17645061 1.3708817 0.42228952
v -0.1772034 1.3717934 0.42285872
v -0.1884568 1.3717384 0.42290488
v -0.17851219 1.3694803 0.42289293
v -0.19628131 1.3712406 0.42289674
v -0.17781779 1.3691173 0.4228209
v -0.17975727 1.3672148 0.42279807
v -0.18001594 1.367744 0.42289162
v -0.18245342 1.3670709 0.42289722
v -0.18246993 1.3664907 0.42284903
v -0.18524872 1.36538 0.42282093
v -0.18543202 1.3662432 0.42289373
v -0.18833736 1.3662018 0.4228964
v -0.18865909 1.3653102 0.42284626
v -0.19135615 1.3661456 0.42284647
v -0.19694962 1.3711774 0.42285666
v -0.19924408 1.3735353 0.42270565
v -0.19792217 1.3708814 0.42228952
v -0.19577843 1.3683373 0.42280173
v -0.19534099 1.3690951 0.42289534
v -0.19355941 1.3678312 0.42289564
v -0.19399238 1.367103 0.42282566
v -0.19119304 1.3669739 0.42289528
v -0.17412822 1.3903561 0.24767417
v -0.17371456 1.3897455 0.24868427
v -0.17421609 1.3903831 0.24884537
v -0.17369454 1.3896751 0.24781032
v -0.17369096 1.3836662 0.24867219
v -0.17417568 1.39035 0.23761712
v -0.17368495 1.3835939 0.24751529
v -0.17369236 1.3794371 0.2487253
v -0.1736919 1.3794175 0.24768196
v -0.17388906 1.3761299 0.24856678
v -0.17389768 1.3761224 0.24754058
v -0.17467546 1.3727125 0.24874969
v -0.17474188 1.3726295 0.24773967
v -0.17652406 1.3690132 0.2486338
v -0.17650442 1.3691106 0.24775001
v -0.17905208 1.3664197 0.24863839
v -0.17903872 1.3664153 0.24776718
v -0.18265595 1.3644791 0.24864383
v -0.18269403 1.3644638 0.24762325
v -0.18747556 1.3637257 0.2487212
v -0.17404197 1.3827659 0.23805995
v -0.17399694 1.379176 0.23836702
v -0.17481975 1.3792217 0.23652479
v -0.17405197 1.3757129 0.23785965
v -0.17491446 1.3723395 0.23770703
v -0.17669931 1.3689075 0.23773047
v -0.17937724 1.3662759 0.2381348
v -0.17604078 1.3725375 0.23636779
v -0.17378323 1.3897936 0.23790534
v -0.17459723 1.3897716 0.23647916
v -0.17470188 1.3903352 0.23672053
v -0.17597546 1.390382 0.23640415
v -0.17593649 1.3897703 0.23602398
v -0.1746532 1.382626 0.23646732
v -0.17587784 1.3825885 0.2360038
v -0.17599857 1.3791827 0.23600934
v -0.1762329 1.3759878 0.23603053
v -0.1748613 1.3756833 0.23649627
v -0.17693305 1.3731024 0.23603489
v -0.17772372 1.3693365 0.23637508
v -0.17854847 1.3700324 0.23603743
v -0.18016644 1.3679782 0.23612581
v -0.17964885 1.3668287 0.2366734
v -0.18274136 1.3652463 0.23658606
v -0.18289524 1.3663436 0.23616695
v -0.18727557 1.365961 0.23608463
v -0.1825629 1.3645512 0.23812945
v -0.18709023 1.3637875 0.23783772
v -0.18730763 1.3646524 0.23649772
v -0.19110824 1.3652912 0.23649772
v -0.19094165 1.3663931 0.2361264
v -0.19328766 1.367817 0.23605947
v -0.18724157 1.3637534 0.24765983
v -0.19176216 1.364593 0.2475353
v -0.19196919 1.364609 0.24871914
v -0.19154716 1.3643262 0.23751064
v -0.19559577 1.3669376 0.2476411
v -0.19559753 1.3669103 0.24874987
v -0.19774362 1.3691406 0.24761142
v -0.19784868 1.3690132 0.2486338
v -0.19969736 1.3727125 0.24874969
v -0.19410679 1.3669189 0.23643468
v -0.19491965 1.365916 0.23742633
v -0.19664904 1.3693367 0.23637508
v -0.19590725 1.3700392 0.23609798
v -0.19767347 1.3689073 0.23773047
v -0.19833204 1.3725375 0.23636779
v -0.19734436 1.3730116 0.23606507
v -0.19831978 1.3757625 0.23613074
v -0.19944437 1.3727422 0.2478151
v -0.20048375 1.3761297 0.24856678
v -0.19945832 1.3723396 0.23770703
v -0.19951153 1.3756834 0.23649627
v -0.20041476 1.3761784 0.2476938
v -0.20068046 1.3794372 0.2487253
v -0.20032081 1.3757129 0.23785965
v -0.19955307 1.3792218 0.23652479
v -0.19849738 1.3792497 0.23610538
v -0.2003758 1.379176 0.23836702
v -0.20053336 1.3794141 0.24788615
v -0.20068182 1.3836662 0.24867219
v -0.19971953 1.3826262 0.23646732
v -0.19853553 1.382558 0.23608078
v -0.19857511 1.3897864 0.23611207
v -0.20051959 1.3836803 0.24775253
v -0.20065822 1.3897455 0.24868427
v -0.20042749 1.3897967 0.2479211
v -0.20033081 1.3827659 0.23805995
v -0.19977553 1.3897713 0.23647916
v -0.19853565 1.3903553 0.23639914
v -0.19946945 1.3903677 0.23690234
v -0.19997081 1.390369 0.23806109
v -0.20003897 1.3903493 0.24764438
v -0.20058955 1.3897936 0.23790534
v -0.17412822 1.3903561 0.24767417
v -0.17470188 1.3903352 0.23672053
v -0.17417568 1.39035 0.23761712
v -0.17597546 1.390382 0.23640415
v -0.18685041 1.3905116 0.24844608
v -0.17421609 1.3903831 0.24884537
v -0.18713729 1.3904185 0.23556702
v -0.19853565 1.3903553 0.23639914
v -0.19946945 1.3903677 0.23690234
v -0.19997081 1.390369 0.23806109
v -0.20003897 1.3903493 0.24764438
v -0.1716977 1.3863462 0.3006516
v -0.17070378 1.3856138 0.30042636
v -0.17081411 1.3861862 0.30104485
v -0.1717066 1.3857096 0.30029914
v -0.17036584 1.3788266 0.3003129
v -0.17157951 1.378758 0.300296
v -0.17065403 1.3734142 0.3003006
v -0.17169987 1.3735629 0.30029652
v -0.1714987 1.3696177 0.30029362
v -0.17247707 1.3701264 0.30029705
v -0.17394233 1.3655456 0.30034038
v -0.17447342 1.3664025 0.30030346
v -0.1772232 1.3626412 0.30034477
v -0.17772102 1.3635627 0.30030712
v -0.18157043 1.3602469 0.30035275
v -0.17351082 1.3738829 0.30031633
v -0.17437385 1.3708885 0.30030626
v -0.17644571 1.3681133 0.30032995
v -0.17898093 1.3657502 0.30031207
v -0.1819817 1.3613675 0.3003152
v -0.17483938 1.3710929 0.30075797
v -0.18718638 1.3603523 0.30031547
v -0.1871864 1.3593158 0.30037144
v -0.17334831 1.3785936 0.30030766
v -0.17666988 1.3683653 0.30082694
v -0.18265925 1.3637549 0.30030516
v -0.19239108 1.3613673 0.3003152
v -0.19280238 1.360247 0.30035275
v -0.19714957 1.3626412 0.30034477
v -0.17919488 1.366126 0.30096915
v -0.18718639 1.3626491 0.30031428
v -0.19665176 1.3635627 0.30030712
v -0.20043045 1.3655455 0.30034038
v -0.18295015 1.3641438 0.30083054
v -0.19171353 1.3637547 0.30030516
v -0.19989936 1.3664027 0.30030346
v -0.20287408 1.3696179 0.30029362
v -0.18718639 1.3632563 0.30090734
v -0.20189571 1.3701264 0.30029705
v -0.2037188 1.3734139 0.3003006
v -0.20267291 1.373563 0.30029652
v -0.20400694 1.3788266 0.3003129
v -0.20279327 1.3787577 0.300296
v -0.203669 1.3856138 0.30042636
v -0.20266618 1.3857096 0.30029914
v -0.20355867 1.3861862 0.30104485
v -0.20267503 1.3863462 0.3006516
v -0.19930843 1.3863721 0.30075687
v -0.2028639 1.3864441 0.30169594
v -0.19933456 1.3864459 0.30174246
v -0.20271052 1.3864564 0.30268645
v -0.19933905 1.3864558 0.30272156
v -0.18718639 1.3864446 0.30175644
v -0.18718638 1.3864533 0.30289027
v -0.18718639 1.3863798 0.30079132
v -0.17503822 1.3864459 0.30174246
v -0.17503378 1.3864557 0.30272156
v -0.17150892 1.3864441 0.30169594
v -0.17166226 1.3864566 0.30268645
v -0.17506436 1.3863721 0.30075687
v -0.17496718 1.3858334 0.30030426
v -0.17491458 1.3790958 0.30031443
v -0.18718639 1.3858143 0.30030388
v -0.1994056 1.3858334 0.30030426
v -0.1740609 1.379054 0.30031627
v -0.17379366 1.378258 0.3007427
v -0.1871864 1.3789668 0.3003217
v -0.20031188 1.3790538 0.30031627
v -0.17426763 1.3785021 0.30063927
v -0.17403404 1.3738887 0.30078703
v -0.1994582 1.3790958 0.30031443
v -0.19939058 1.3784817 0.30069107
v -0.20102447 1.3785937 0.30030766
v -0.18718639 1.3784235 0.3009366
v -0.17498216 1.3784819 0.30069107
v -0.20010519 1.3785021 0.30063927
v -0.20086196 1.3738829 0.30031633
v -0.19999893 1.3708884 0.30030626
v -0.20033874 1.3738887 0.30078703
v -0.20057917 1.378258 0.3007427
v -0.19792703 1.3681134 0.30032995
v -0.19539185 1.3657502 0.30031207
v -0.1914226 1.364144 0.30083054
v -0.19517793 1.3661258 0.30096915
v -0.1977029 1.3683653 0.30082694
v -0.19953336 1.3710928 0.30075797
v -0.20022641 1.3783112 0.30161858
v -0.20055032 1.3780065 0.30154407
v -0.19960587 1.378329 0.30157775
v -0.20025793 1.3739431 0.3015315
v -0.1994711 1.3711145 0.30142462
v -0.18718638 1.3783008 0.30176952
v -0.1977428 1.3684753 0.30152598
v -0.19523731 1.3662006 0.30170816
v -0.17476691 1.3783292 0.30157775
v -0.19141017 1.3642062 0.30164844
v -0.1741464 1.3783112 0.30161858
v -0.18718639 1.3633273 0.30175364
v -0.17382249 1.3780066 0.30154407
v -0.18296261 1.3642061 0.30164844
v -0.1741149 1.373943 0.3015315
v -0.17913547 1.3662006 0.30170816
v -0.17490171 1.3711144 0.30142462
v -0.17662998 1.3684754 0.30152598
v -0.17382875 1.3768568 0.30768788
v -0.1741149 1.373943 0.3015315
v -0.17382249 1.3780066 0.30154407
v -0.17411233 1.3736308 0.30751467
v -0.17490171 1.3711144 0.30142462
v -0.17435783 1.3764074 0.3184725
v -0.17492287 1.3710513 0.30733782
v -0.17662998 1.3684754 0.30152598
v -0.17527616 1.371168 0.31851855
v -0.17677294 1.3682804 0.30648747
v -0.17453393 1.3735998 0.3184455
v -0.18718638 1.3723474 0.31856537
v -0.17699729 1.3684105 0.31842107
v -0.17953154 1.3659524 0.30708107
v -0.17913547 1.3662006 0.30170816
v -0.18326017 1.3641 0.30717692
v -0.18296261 1.3642061 0.30164844
v -0.18021381 1.3659577 0.31831142
v -0.18718639 1.3661761 0.3186515
v -0.18718638 1.3633289 0.30823067
v -0.18718639 1.3633273 0.30175364
v -0.19111258 1.3641 0.30717692
v -0.19141017 1.3642062 0.30164844
v -0.19484122 1.3659524 0.30708107
v -0.19523731 1.3662006 0.30170816
v -0.19073394 1.364387 0.31832176
v -0.18718639 1.3640395 0.31857178
v -0.18363884 1.3643872 0.31832176
v -0.19415897 1.3659577 0.31831142
v -0.19759984 1.3682804 0.30648747
v -0.1977428 1.3684753 0.30152598
v -0.1994711 1.3711145 0.30142462
v -0.19737549 1.3684105 0.31842107
v -0.19944991 1.3710514 0.30733782
v -0.20025793 1.3739431 0.3015315
v -0.19909665 1.371168 0.31851855
v -0.20026045 1.3736308 0.30751467
v -0.20055032 1.3780065 0.30154407
v -0.20054406 1.3768569 0.30768788
v -0.1998388 1.3735998 0.3184455
v -0.2000149 1.3764074 0.3184725
v -0.18718643 1.3763217 0.31848434
v -0.19957402 1.3767189 0.31811875
v -0.20054406 1.3768569 0.30768788
v -0.18718643 1.3767747 0.31804514
v -0.17479879 1.3767189 0.31811875
v -0.17417923 1.3771967 0.30759737
v -0.17435783 1.3764074 0.3184725
v -0.17382875 1.3768568 0.30768788
v -0.20019355 1.3771967 0.30759737
v -0.20055032 1.3780065 0.30154407
v -0.20022641 1.3783112 0.30161858
v -0.19960587 1.378329 0.30157775
v -0.1871864 1.377192 0.3075795
v -0.18718638 1.3783008 0.30176952
v -0.17476691 1.3783292 0.30157775
v -0.1741464 1.3783112 0.30161858
v -0.17382249 1.3780066 0.30154407
v -0.20060855 1.3858308 0.37599868
v -0.20061992 1.3768557 0.39934024
v -0.20065849 1.3857498 0.39947382
v -0.2004657 1.3747396 0.3749729
v -0.20012596 1.3728857 0.3993808
v -0.19948311 1.3711708 0.39956397
v -0.20045719 1.374669 0.35826045
v -0.20062535 1.3859913 0.36071846
v -0.20062171 1.3859637 0.34301752
v -0.19757672 1.368332 0.3747702
v -0.1975008 1.3680971 0.39947653
v -0.1930289 1.3651482 0.37484017
v -0.19499226 1.3659912 0.3992772
v -0.19069621 1.3639073 0.39934015
v -0.18718643 1.3632734 0.39938837
v -0.20045719 1.374669 0.34414962
v -0.20045719 1.374669 0.32522136
v -0.20061763 1.3859067 0.32410923
v -0.19777629 1.3685768 0.3577679
v -0.1931931 1.3650796 0.3584601
v -0.18718639 1.3641765 0.3591616
v -0.18718643 1.3641487 0.37504297
v -0.18367656 1.3639075 0.39934015
v -0.18117946 1.3650793 0.35846114
v -0.181342 1.3651494 0.37484068
v -0.17938052 1.3659914 0.3992772
v -0.17659648 1.3685769 0.3577679
v -0.17679606 1.368332 0.3747702
v -0.17390479 1.3747582 0.37497294
v -0.17687199 1.3680971 0.39947653
v -0.17488967 1.3711709 0.39956397
v -0.17424682 1.3728857 0.3993808
v -0.17375286 1.3768559 0.39934024
v -0.1737143 1.3857499 0.39947382
v -0.17376423 1.385831 0.37599868
v -0.17374744 1.3859912 0.36071846
v -0.1739186 1.3746482 0.35826048
v -0.17375107 1.3859637 0.34301752
v -0.1739186 1.3746482 0.34365252
v -0.17375928 1.3858497 0.32412913
v -0.1739186 1.3746482 0.32480252
v -0.18141219 1.3881357 0.45494393
v -0.18676059 1.3866857 0.45334253
v -0.18715218 1.3882242 0.45503402
v -0.18102302 1.3868746 0.4534703
v -0.18694755 1.3864928 0.45121345
v -0.17375721 1.3881209 0.45503935
v -0.18091747 1.386495 0.4509014
v -0.18716168 1.3864895 0.24068624
v -0.17303035 1.386671 0.45347628
v -0.17922293 1.3864785 0.24088216
v -0.1871514 1.386705 0.23811756
v -0.17875136 1.3867292 0.23810084
v -0.18733612 1.3883779 0.2373503
v -0.17215714 1.386516 0.24091874
v -0.1781391 1.3886578 0.23735864
v -0.18727905 1.3899331 0.23733316
v -0.17448933 1.3922099 0.23733051
v -0.17246178 1.3865962 0.23846076
v -0.17037918 1.3874228 0.4533057
v -0.17022681 1.3889445 0.45499495
v -0.17264618 1.3864926 0.45014974
v -0.16967006 1.3871439 0.4494862
v -0.16888663 1.3885156 0.45357984
v -0.16994968 1.3927596 0.45506087
v -0.16938066 1.3869684 0.24156547
v -0.1684261 1.3883582 0.45082685
v -0.16815929 1.392862 0.4537358
v -0.16984391 1.3872743 0.23848885
v -0.16824125 1.3886566 0.2415421
v -0.16824535 1.4068879 0.4538661
v -0.16978881 1.4069958 0.45501974
v -0.16785766 1.3929011 0.45078033
v -0.167858 1.3926091 0.24112552
v -0.16863503 1.3893305 0.23937492
v -0.16998813 1.3887784 0.23761219
v -0.17258045 1.3884878 0.23736002
v -0.16971391 1.3924818 0.23737942
v -0.16793148 1.3925275 0.23876525
v -0.1694936 1.4081706 0.23737814
v -0.17367747 1.4094299 0.23732758
v -0.16787864 1.4071565 0.4505571
v -0.16785024 1.4074856 0.24169958
v -0.16825695 1.4077411 0.238522
v -0.16785975 1.4104142 0.24142197
v -0.16808361 1.4107481 0.45047057
v -0.16941342 1.4105916 0.23741052
v -0.16820236 1.4103988 0.23890825
v -0.17069489 1.4120529 0.23733522
v -0.17222877 1.4133847 0.23743796
v -0.1870992 1.414159 0.23733287
v -0.16991998 1.412647 0.23926286
v -0.16940916 1.4129764 0.24219528
v -0.17194565 1.4143434 0.23898302
v -0.16870007 1.4105891 0.4535185
v -0.1700161 1.4106741 0.45499846
v -0.17065051 1.4129313 0.4531996
v -0.1737474 1.4132589 0.45556867
v -0.16986316 1.4132935 0.4502462
v -0.17299178 1.4143658 0.45378932
v -0.17290775 1.4148027 0.45034307
v -0.18374896 1.416806 0.45441145
v -0.18377559 1.4151956 0.45737392
v -0.18685126 1.4157345 0.4578171
v -0.1714849 1.414477 0.24148005
v -0.18347628 1.4171984 0.45125923
v -0.18709934 1.4172647 0.45543358
v -0.1900693 1.4171399 0.45511457
v -0.18995182 1.4159027 0.45744246
v -0.18724643 1.417572 0.45141882
v -0.2007912 1.4148668 0.45390877
v -0.20068954 1.4137385 0.45547697
v -0.19010475 1.4173927 0.45137507
v -0.18674013 1.4178349 0.24263385
v -0.18345474 1.4172186 0.24222818
v -0.18396558 1.4171417 0.23880246
v -0.20546916 1.4129548 0.4526212
v -0.20476031 1.4122479 0.45448446
v -0.2049565 1.409975 0.45496657
v -0.20614688 1.4097831 0.45352408
v -0.20509887 1.3923804 0.45493168
v -0.20608753 1.4129039 0.44861138
v -0.20117354 1.4148805 0.44974953
v -0.19010475 1.4173679 0.24265558
v -0.18380684 1.4159023 0.23740676
v -0.1871051 1.4175199 0.23956342
v -0.18708743 1.416509 0.23742683
v -0.19065437 1.4157307 0.23739216
v -0.20069358 1.4093211 0.23732765
v -0.20335232 1.4142973 0.24127956
v -0.19086532 1.4171609 0.23917036
v -0.20375162 1.4137689 0.23869367
v -0.20612405 1.4125434 0.24121019
v -0.20295238 1.4126093 0.23736867
v -0.20580941 1.411986 0.23872225
v -0.20656452 1.409855 0.45054412
v -0.20487934 1.4113709 0.2373521
v -0.20649107 1.4091601 0.24122742
v -0.20618735 1.3923129 0.45362768
v -0.2063225 1.4093213 0.2387747
v -0.20506133 1.4090185 0.23736948
v -0.20540005 1.3922536 0.23745294
v -0.20021449 1.391201 0.23732784
v -0.20597397 1.3922851 0.23916201
v -0.20655464 1.3924531 0.4516944
v -0.20570384 1.3884913 0.453593
v -0.20476413 1.3888813 0.45456368
v -0.20641528 1.3923291 0.2411656
v -0.20424743 1.3868736 0.45370314
v -0.20299476 1.387841 0.45497358
v -0.19393077 1.3879157 0.45499545
v -0.20630176 1.3886421 0.45153585
v -0.20585898 1.3883842 0.23884845
v -0.19381352 1.3865861 0.45358932
v -0.18715218 1.3882242 0.45503402
v -0.18676059 1.3866857 0.45334253
v -0.2061096 1.3879701 0.24105948
v -0.20484702 1.3867192 0.45128694
v -0.19376159 1.386504 0.45161232
v -0.18694755 1.3864928 0.45121345
v -0.18716168 1.3864895 0.24068624
v -0.20409471 1.3865484 0.24129574
v -0.19959119 1.3864775 0.24152847
v -0.1999768 1.386551 0.23862867
v -0.1871514 1.386705 0.23811756
v -0.20405501 1.3866107 0.23880836
v -0.20037033 1.3878125 0.23738803
v -0.18733612 1.3883779 0.2373503
v -0.20503505 1.3886817 0.23749995
v -0.20367719 1.3879106 0.23736137
v -0.18727905 1.3899331 0.23733316
v -0.19026057 1.3811536 0.3021464
v -0.18896145 1.3813568 0.30268466
v -0.18817037 1.3802514 0.3021389
v -0.18908644 1.379501 0.30133155
v -0.19029556 1.3816607 0.3007607
v -0.18673457 1.3797728 0.30153576
v -0.18921061 1.3801212 0.3000038
v -0.18901801 1.3821776 0.30044258
v -0.18711016 1.3788342 0.30049956
v -0.18514776 1.3802742 0.30087742
v -0.18837129 1.3812551 0.29999056
v -0.18819351 1.3819897 0.30163163
v -0.1875254 1.3795457 0.2992937
v -0.18509261 1.3794634 0.29966298
v -0.1840743 1.3817251 0.30016863
v -0.18772836 1.3813356 0.30131012
v -0.18896145 1.3813568 0.30268466
v -0.18817037 1.3802514 0.3021389
v -0.18740648 1.3809242 0.2995846
v -0.1869177 1.3810645 0.30097026
v -0.18673457 1.3797728 0.30153576
v -0.18593654 1.3800352 0.29863596
v -0.18383129 1.3811553 0.29883397
v -0.18405652 1.3836547 0.2994164
v -0.18651326 1.3811991 0.29921558
v -0.18602572 1.3813471 0.3006009
v -0.18514776 1.3802742 0.30087742
v -0.18501475 1.3812628 0.2980333
v -0.18380454 1.3832321 0.29802412
v -0.18523565 1.3853114 0.2986295
v -0.18598917 1.3818992 0.29887307
v -0.18540794 1.382185 0.30019274
v -0.1840743 1.3817251 0.30016863
v -0.18499239 1.3826678 0.29748595
v -0.184968 1.3848792 0.29724368
v -0.18723795 1.3859848 0.29781792
v -0.18597843 1.3827418 0.29854557
v -0.18540007 1.3833517 0.29973868
v -0.18405652 1.3836547 0.2994164
v -0.18572779 1.383715 0.2969914
v -0.18679768 1.385502 0.2965013
v -0.18930312 1.3853384 0.2969927
v -0.18646502 1.3834274 0.2982213
v -0.18616086 1.3844141 0.29923365
v -0.18523565 1.3853114 0.2986295
v -0.18682893 1.3840921 0.29654506
v -0.18854591 1.3849615 0.29580373
v -0.19060838 1.3835841 0.2961648
v -0.1872885 1.3837035 0.2978887
v -0.18754123 1.3848733 0.2986754
v -0.18723795 1.3859848 0.29781792
v -0.18784599 1.3837788 0.29614013
v -0.18957329 1.3835901 0.29515538
v -0.19063422 1.3814039 0.2953453
v -0.18817066 1.3834248 0.29753697
v -0.1890712 1.3843887 0.29806387
v -0.18930312 1.3853384 0.2969927
v -0.18843651 1.3829904 0.2957682
v -0.18959706 1.382001 0.29455844
v -0.18939407 1.379652 0.29454443
v -0.18876906 1.3826138 0.29715636
v -0.19011132 1.3829808 0.29740146
v -0.19060838 1.3835841 0.2961648
v -0.18844897 1.3820606 0.2954197
v -0.1887548 1.380804 0.29401293
v -0.18741748 1.3789816 0.29377127
v -0.1887766 1.3815005 0.29673883
v -0.19012713 1.3810947 0.29669288
v -0.19063422 1.3814039 0.2953453
v -0.18792796 1.381325 0.2950844
v -0.1874851 1.38037 0.29351643
v -0.18550174 1.3795762 0.2930335
v -0.1880562 1.380495 0.29627803
v -0.18896228 1.379461 0.2959444
v -0.18939407 1.379652 0.29454443
v -0.18707421 1.3810376 0.2947516
v -0.18630978 1.3807325 0.2930647
v -0.18435998 1.3811038 0.29233718
v -0.18675266 1.3800619 0.29576984
v -0.18696482 1.3787913 0.29516396
v -0.18741748 1.3789816 0.29377127
v -0.18618876 1.3813165 0.29441112
v -0.18563074 1.3816391 0.29265177
v -0.18433498 1.3828986 0.29168636
v -0.18530594 1.3805209 0.29521206
v -0.18488134 1.3794454 0.2943606
v -0.18550174 1.3795762 0.2930335
v -0.18560492 1.3821065 0.2940532
v -0.18561609 1.3826933 0.29227018
v -0.18530044 1.3842677 0.29108325
v -0.1843182 1.38186 0.29460472
v -0.18354882 1.3812402 0.29354414
v -0.18435998 1.3811038 0.29233718
v -0.18559721 1.3831679 0.29366907
v -0.18619245 1.3835086 0.29191145
v -0.18677074 1.384769 0.29052806
v -0.1843045 1.3836664 0.29394984
v -0.18352437 1.3834999 0.2927244
v -0.18433498 1.3828986 0.29168636
v -0.18627377 1.3841124 0.29325143
v -0.18710858 1.3838181 0.2915665
v -0.18814118 1.3843454 0.290019
v -0.18543199 1.3852447 0.29325137
v -0.18483043 1.3853408 0.2919113
v -0.18530044 1.3842677 0.29108325
v -0.18748824 1.3845158 0.29279438
v -0.18802616 1.3835305 0.29122582
v -0.18893428 1.3832858 0.2895526
v -0.18738508 1.3858976 0.2925148
v -0.1869416 1.3860542 0.29111412
v -0.18677074 1.384769 0.29052806
v -0.18883273 1.3840885 0.29229376
v -0.18861087 1.3827411 0.29088008
v -0.18895137 1.3820606 0.28912395
v -0.18944626 1.3852481 0.29174706
v -0.18901883 1.385407 0.2903411
v -0.18814118 1.3843454 0.290019
v -0.18975204 1.3828409 0.29174742
v -0.18861921 1.3817127 0.29052046
v -0.1882917 1.3811266 0.28872666
v -0.19078077 1.383447 0.290956
v -0.19027536 1.3837222 0.28959957
v -0.18893428 1.3832858 0.2895526
v -0.18976375 1.3811488 0.29115477
v -0.18798007 1.3808192 0.29013893
v -0.1872672 1.3807797 0.2883534
v -0.19080329 1.3811485 0.29015025
v -0.19030122 1.3817122 0.2888951
v -0.18895137 1.3820606 0.28912395
v -0.18869756 1.3796586 0.29051724
v -0.18685143 1.3804442 0.28972843
v -0.1862722 1.3810902 0.2879962
v -0.1894526 1.379249 0.28933868
v -0.18920176 1.3801563 0.28823206
v -0.1882917 1.3811266 0.28872666
v -0.18683288 1.3790371 0.2898377
v -0.18561426 1.3808372 0.2892832
v -0.18566002 1.3819144 0.2876467
v -0.18723716 1.378503 0.2885302
v -0.18750562 1.3795799 0.28761283
v -0.1872672 1.3807797 0.2883534
v -0.18484241 1.3796662 0.28912058
v -0.18477184 1.3819815 0.2887989
v -0.18565029 1.38295 0.28729644
v -0.18502337 1.3791956 0.2877332
v -0.18590698 1.3800753 0.28703827
v -0.1862722 1.3810902 0.2879962
v -0.18353778 1.3814306 0.28837177
v -0.18476188 1.3835346 0.28827286
v -0.18627119 1.3838197 0.28693733
v -0.18366325 1.3810232 0.28695557
v -0.18497483 1.3813221 0.28650746
v -0.18566002 1.3819144 0.2876467
v -0.18351772 1.383713 0.2875978
v -0.18574648 1.3849086 0.2877038
v -0.18733822 1.3841752 0.28656176
v -0.18363717 1.3832389 0.28620422
v -0.1849552 1.3827673 0.28601798
v -0.18565029 1.38295 0.28729644
v -0.18488131 1.3856267 0.28680617
v -0.1874814 1.3854855 0.28709218
v -0.18848372 1.3838117 0.28616285
v -0.18487135 1.3849815 0.2854849
v -0.18573034 1.3838649 0.28556597
v -0.18627119 1.3838197 0.28693733
v -0.18715124 1.3863884 0.28600466
v -0.18935199 1.3848926 0.2864398
v -0.18925315 1.382767 0.28573486
v -0.18680395 1.3856361 0.28480214
v -0.18691945 1.3842683 0.28514642
v -0.18733822 1.3841752 0.28656176
v -0.18945561 1.3856648 0.28520128
v -0.190592 1.3832122 0.28574997
v -0.18926199 1.3813586 0.28527302
v -0.18865137 1.3850615 0.28415892
v -0.18805072 1.3839163 0.28475323
v -0.18848372 1.3838117 0.28616285
v -0.19089387 1.3837276 0.28440386
v -0.1906092 1.3810104 0.28502697
v -0.18836984 1.3801144 0.28477404
v -0.18974161 1.383601 0.2835569
v -0.18872759 1.383007 0.28437948
v -0.18925315 1.382767 0.28573486
v -0.19091932 1.3813401 0.2836198
v -0.18927234 1.3791384 0.28427628
v -0.18679307 1.3795912 0.2842358
v -0.18976374 1.3818922 0.2829962
v -0.18873943 1.3819036 0.28401798
v -0.18926199 1.3813586 0.28527302
v -0.1895641 1.379431 0.28285578
v -0.1870142 1.3783833 0.28350413
v -0.18508212 1.380135 0.28365764
v -0.18884192 1.3805882 0.28247565
v -0.18810381 1.3810108 0.2836612
v -0.18836984 1.3801144 0.28477404
v -0.1874076 1.3787032 0.28211772
v -0.1846857 1.3791171 0.28271723
v -0.18393792 1.3816878 0.2830401
v -0.18742959 1.3801092 0.2819926
v -0.18704979 1.3806579 0.28330162
v -0.18679307 1.3795912 0.2842358
v -0.18531263 1.3793572 0.28141055
v -0.18320929 1.3811101 0.28192267
v -0.18392362 1.3837457 0.2823852
v -0.18609646 1.3805238 0.2815433
v -0.18595397 1.3810045 0.28293213
v -0.18508212 1.380135 0.28365764
v -0.18405788 1.381042 0.28073788
v -0.18318531 1.3836076 0.2811275
v -0.18519157 1.3855178 0.28169593
v -0.18531099 1.3815776 0.28112313
v -0.18523687 1.3819766 0.28254595
v -0.18393792 1.3816878 0.2830401
v -0.18403377 1.3830392 0.28010225
v -0.1846305 1.3856387 0.28033867
v -0.18736273 1.3862416 0.28097627
v -0.18529642 1.3828261 0.2807264
v -0.18522832 1.3832628 0.28213733
v -0.18392362 1.3837457 0.2823852
v -0.18512519 1.3845809 0.27950498
v -0.18696886 1.386425 0.2795628
v -0.18963541 1.3855228 0.28023118
v -0.18599203 1.3838061 0.280347
v -0.18603301 1.3843853 0.2817011
v -0.18519157 1.3855178 0.28169593
v -0.18680994 1.3851511 0.27894604
v -0.18927966 1.385701 0.27880573
v -0.1910987 1.383543 0.27946615
v -0.18710555 1.3841804 0.27997836
v -0.18744722 1.3848542 0.28123316
v -0.18736273 1.3862416 0.28097627
v -0.18840528 1.3846544 0.27842417
v -0.19068663 1.3838077 0.27807277
v -0.1911202 1.3810217 0.2786871
v -0.18822064 1.3838296 0.27961382
v -0.18898082 1.3843663 0.28073058
v -0.18963541 1.3855228 0.28023118
v -0.18934305 1.3833963 0.27793714
v -0.19071181 1.3815272 0.2773683
v -0.18963324 1.3789365 0.2779004
v -0.18892476 1.3828775 0.27924672
v -0.19000983 1.3829681 0.28019163
v -0.1910987 1.383543 0.27946615
v -0.18936081 1.3819199 0.2774818
v -0.18944415 1.3797402 0.27669564
v -0.18718654 1.3781167 0.2771124
v -0.18893415 1.3816569 0.27887064
v -0.19002154 1.3811018 0.27961555
v -0.1911202 1.3810217 0.2786871
v -0.18855295 1.3807801 0.27705368
v -0.18746212 1.3790711 0.2760572
v -0.18472621 1.3788906 0.27632934
v -0.18819122 1.380619 0.2784797
v -0.18885885 1.3794795 0.27900293
v -0.18963324 1.3789365 0.2779004
v -0.18729095 1.3803544 0.276648
v -0.18556476 1.3796633 0.27545425
v -0.1832025 1.3809456 0.27555722
v -0.1869096 1.3801931 0.27806833
v -0.18684506 1.3788104 0.27835533
v -0.18718654 1.3781167 0.2771124
v -0.18606575 1.3807381 0.27625933
v -0.18444124 1.3811724 0.274887
v -0.18317734 1.3834642 0.27480137
v -0.18553683 1.3806299 0.27763203
v -0.18470895 1.379488 0.27767524
v -0.18472621 1.3788906 0.27632934
v -0.18531844 1.3817459 0.27588183
v -0.18442042 1.3829488 0.27435458
v -0.1846043 1.3854711 0.27406672
v -0.18462183 1.3818735 0.2771669
v -0.18331409 1.3813789 0.2769662
v -0.1832025 1.3809456 0.27555722
v -0.18530709 1.3829904 0.27550957
v -0.18538997 1.3843163 0.27385518
v -0.18687084 1.3862338 0.27335742
v -0.18461196 1.3835315 0.27667016
v -0.18329573 1.3838245 0.27623248
v -0.18317734 1.3834642 0.27480137
v -0.18603587 1.3840111 0.27513644
v -0.18689103 1.3848233 0.27338597
v -0.18907373 1.3855441 0.27267674
v -0.18564934 1.3849773 0.27613991
v -0.1847646 1.3858796 0.2754788
v -0.1846043 1.3854711 0.27406672
v -0.1872537 1.3844173 0.27475673
v -0.1883255 1.3843749 0.27294362
v -0.19039558 1.3837656 0.27202708
v -0.18745765 1.3855771 0.27557534
v -0.18722102 1.3866998 0.2747105
v -0.18687084 1.3862338 0.27335742
v -0.18852323 1.3840147 0.27436495
v -0.18918127 1.3832234 0.2725238
v -0.19041885 1.3816485 0.27140996
v -0.18939373 1.3849612 0.27497652
v -0.18973391 1.3859065 0.2739331
v -0.18907373 1.3855441 0.27267674
v -0.18935207 1.3828894 0.27395606
v -0.18919547 1.3818419 0.27212188
v -0.18925257 1.3800051 0.27082598
v -0.190672 1.3832252 0.27434456
v -0.19131692 1.3837668 0.27315235
v -0.19039558 1.3837656 0.27202708
v -0.18936126 1.3814106 0.27352569
v -0.18841547 1.380746 0.27173278
v -0.18743992 1.3793939 0.27027482
v -0.19068706 1.3809507 0.27368143
v -0.19134071 1.3810978 0.2723738
v -0.19041885 1.3816485 0.27140996
v -0.18844385 1.380132 0.2730702
v -0.18715763 1.3803247 0.27135128
v -0.18570887 1.3799351 0.2697552
v -0.1892985 1.3790116 0.27298993
v -0.18979828 1.3789334 0.27160293
v -0.18925257 1.3800051 0.27082598
v -0.1868494 1.3796037 0.27258646
v -0.18589292 1.3807237 0.27097195
v -0.1846825 1.3813157 0.26926523
v -0.18694118 1.3782274 0.2722734
v -0.18730617 1.3780977 0.27084473
v -0.18743992 1.3793939 0.27027482
v -0.18513988 1.3801482 0.27207255
v -0.18509433 1.3818052 0.2705896
v -0.18466483 1.3829509 0.26880214
v -0.18449047 1.3790038 0.27153602
v -0.18484208 1.3788722 0.27010384
v -0.18570887 1.3799351 0.2697552
v -0.18400577 1.38169 0.27152714
v -0.18508445 1.3831855 0.270199
v -0.18556915 1.3842235 0.26836252
v -0.18292116 1.3811294 0.27078226
v -0.18333943 1.3808981 0.26938435
v -0.1846825 1.3813157 0.26926523
v -0.18399365 1.3837268 0.2709498
v -0.18591918 1.3843507 0.2697956
v -0.18706602 1.384708 0.2679216
v -0.18741123 1.3848295 0.2693565
v -0.18525203 1.3854811 0.27034104
v -0.18738 1.3861955 0.26971152
v -0.18289997 1.3838266 0.27001694
v -0.18331474 1.3833472 0.26868957
v -0.18466483 1.3829509 0.26880214
v -0.18448967 1.3860524 0.26924503
v -0.18701549 1.3869182 0.268496
v -0.18468566 1.3852752 0.26802224
v -0.18556915 1.3842235 0.26836252
v -0.18682143 1.385999 0.26738974
v -0.18706602 1.384708 0.2679216
v -0.18893833 1.4222581 0.48797724
v -0.18816325 1.424345 0.4824631
v -0.18821509 1.4244004 0.4874226
v -0.18881404 1.422002 0.4824127
v -0.18896812 1.4182703 0.4828611
v -0.18886559 1.4182317 0.48237905
v -0.18899512 1.4182409 0.49605045
v -0.18885684 1.4187628 0.4958765
v -0.18881404 1.422002 0.4824127
v -0.18620951 1.424345 0.4824631
v -0.18816325 1.424345 0.4824631
v -0.18555874 1.422002 0.4824127
v -0.18886559 1.4182317 0.48237905
v -0.18717483 1.4183524 0.48233503
v -0.1855072 1.4182317 0.48237905
v -0.18540466 1.4182703 0.4828611
v -0.18543445 1.4222583 0.48797724
v -0.18615767 1.4244004 0.4874226
v -0.18816325 1.424345 0.4824631
v -0.18821509 1.4244004 0.4874226
v -0.18893833 1.4222581 0.48797724
v -0.18885684 1.4187628 0.4958765
v -0.18551585 1.4187628 0.4958765
v -0.18537766 1.4182408 0.49605045
v -0.18718639 1.4183378 0.4960562
v -0.18718639 1.4188207 0.49590376
v -0.18899512 1.4182409 0.49605045
v -0.18718643 1.3904843 0.46636447
v -0.18718639 1.3904843 0.45464557
v -0.19119143 1.3912437 0.45468897
v -0.19119148 1.3912437 0.46640787
v -0.18718639 1.3904817 0.47749
v -0.19507179 1.3937645 0.45475677
v -0.19137512 1.3913027 0.47808853
v -0.19507176 1.3937645 0.46647567
v -0.19719596 1.3968002 0.45487952
v -0.19540927 1.3941214 0.47787657
v -0.197196 1.3968002 0.46659845
v -0.19826072 1.4016961 0.45505634
v -0.19736733 1.3969967 0.47785705
v -0.19826075 1.4016961 0.4667753
v -0.19746162 1.405659 0.4552362
v -0.19825596 1.4019972 0.47809654
v -0.19746166 1.405659 0.4669551
v -0.19759338 1.4058062 0.47799003
v -0.19496135 1.4094012 0.45520723
v -0.19506824 1.4093157 0.47752607
v -0.19496138 1.4094012 0.4669262
v -0.19146712 1.411752 0.4552333
v -0.19148429 1.4117385 0.47747597
v -0.19146717 1.411752 0.46695223
v -0.18718639 1.4126021 0.45520055
v -0.18718643 1.4126115 0.4780703
v -0.18718643 1.4126021 0.46691948
v -0.18290564 1.411752 0.4552333
v -0.18288848 1.4117388 0.47747597
v -0.18290561 1.411752 0.46695223
v -0.17941143 1.4094012 0.45520723
v -0.17930454 1.4093157 0.47752607
v -0.17941138 1.4094012 0.4669262
v -0.17691116 1.405659 0.4552362
v -0.1767794 1.4058064 0.47799003
v -0.17691112 1.405659 0.4669551
v -0.17611206 1.4016961 0.45505634
v -0.17611201 1.4016961 0.4667753
v -0.17611682 1.4019973 0.47809654
v -0.17717682 1.3968004 0.45487952
v -0.17717677 1.3968004 0.46659845
v -0.17700545 1.3969969 0.47785705
v -0.179301 1.3937645 0.45475677
v -0.17930102 1.3937645 0.46647567
v -0.1789635 1.3941214 0.47787657
v -0.18318135 1.3912437 0.45468897
v -0.1831813 1.3912437 0.46640787
v -0.18718639 1.3904843 0.45464557
v -0.18299766 1.3913027 0.47808853
v -0.18718643 1.3904843 0.46636447
v -0.18718639 1.3904817 0.47749
v -0.19356105 1.4105642 0.22519904
v -0.19415954 1.4101404 0.22439651
v -0.19357452 1.4105856 0.22444972
v -0.19351524 1.410636 0.22345942
v -0.19414695 1.4101685 0.22346932
v -0.19145438 1.4116164 0.11943609
v -0.19383495 1.4093535 0.28610945
v -0.193987 1.4099556 0.2858213
v -0.19413227 1.4098536 0.28609294
v -0.19595 1.407769 0.2861719
v -0.19383495 1.4093535 0.28610945
v -0.19552122 1.4073783 0.28612873
v -0.19525795 1.4071139 0.28663895
v -0.1969489 1.4044336 0.2861368
v -0.19664624 1.404304 0.2866866
v -0.19736221 1.4017909 0.2861372
v -0.19702016 1.4017019 0.28680477
v -0.19742806 1.4046026 0.28613913
v -0.19691232 1.3986065 0.28613144
v -0.19649312 1.3986639 0.28698096
v -0.19548617 1.3962011 0.2866003
v -0.1975021 1.3983192 0.28621292
v -0.196217 1.3964599 0.28607085
v -0.19606808 1.3963372 0.28565425
v -0.19519512 1.3957171 0.28620353
v -0.19660635 1.3959805 0.28617898
v -0.1962874 1.3952415 0.2866499
v -0.19791092 1.401772 0.28616717
v -0.1976916 1.3982415 0.28669995
v -0.19819915 1.4016749 0.2867179
v -0.19772168 1.4047346 0.286676
v -0.19612312 1.4079531 0.28659642
v -0.19413227 1.4098536 0.28609294
v -0.19780244 1.4046743 0.28752917
v -0.19824336 1.4016194 0.28763342
v -0.19610228 1.4080964 0.28748557
v -0.1982446 1.4016026 0.31462944
v -0.19781747 1.4045944 0.31453174
v -0.19763368 1.3979052 0.31460437
v -0.19631058 1.4078145 0.31462348
v -0.19770174 1.3981106 0.28766146
v -0.19600715 1.3948809 0.31462708
v -0.19390692 1.4103531 0.28739676
v -0.19410557 1.4101789 0.31454262
v -0.19357662 1.4105781 0.31450564
v -0.19627595 1.3952391 0.28770137
v -0.19537048 1.3941064 0.31459865
v -0.19404106 1.4102277 0.28652218
v -0.19413227 1.4098536 0.28609294
v -0.19349654 1.4106479 0.2873954
v -0.19573122 1.3945237 0.28769812
v -0.19115518 1.4118524 0.28730202
v -0.19111726 1.4118778 0.28653282
v -0.1910323 1.4119301 0.31452537
v -0.1871864 1.4126017 0.28723663
v -0.18718638 1.4126121 0.31457824
v -0.19345127 1.4106721 0.28653407
v -0.19344755 1.4106541 0.2857976
v -0.19391145 1.3927832 0.28780583
v -0.19397491 1.3928432 0.28686404
v -0.19355933 1.3925205 0.31460652
v -0.19066575 1.3910525 0.3146071
v -0.19095035 1.3911427 0.2879985
v -0.18718639 1.3904828 0.3146354
v -0.18718638 1.3904862 0.28789714
v -0.19092992 1.391137 0.2868952
v -0.18718638 1.3904794 0.28694555
v -0.18725388 1.3904825 0.2859467
v -0.19094335 1.3911433 0.28607544
v -0.19568118 1.3944694 0.28668043
v -0.19566354 1.3944393 0.28570578
v -0.190834 1.3911042 0.22521259
v -0.18728946 1.3904748 0.22537696
v -0.18718639 1.3904814 0.22409534
v -0.19401084 1.3928539 0.2858694
v -0.19583507 1.3946508 0.2253976
v -0.1962517 1.3952497 0.28573254
v -0.19397797 1.3928348 0.22553593
v -0.19401307 1.3928713 0.22434105
v -0.19081062 1.39109 0.22419064
v -0.19080417 1.391092 0.22318622
v -0.18718639 1.3904784 0.22322768
v -0.18718639 1.3905433 0.11955899
v -0.19645752 1.395889 0.28567564
v -0.19626945 1.3953207 0.22542286
v -0.19606808 1.3963372 0.28565425
v -0.196217 1.3964599 0.28607085
v -0.19575924 1.3945547 0.22448584
v -0.19393718 1.3928056 0.22330615
v -0.19370075 1.3927212 0.119482145
v -0.19578873 1.3945907 0.2234993
v -0.1913577 1.3913603 0.119579904
v -0.19143322 1.3911798 0.11898379
v -0.18718639 1.3903303 0.11895504
v -0.19143277 1.3911809 0.11835858
v -0.18718639 1.3903321 0.11833045
v -0.19385645 1.3925179 0.11892711
v -0.19141582 1.3912239 0.09429653
v -0.18718639 1.3903986 0.09429251
v -0.19141538 1.3912251 0.09367132
v -0.18718639 1.3904004 0.09366792
v -0.19099306 1.3912022 0.09287492
v -0.18718639 1.3905252 0.0928785
v -0.19089076 1.3911527 0.08710069
v -0.18718639 1.3905294 0.08703387
v -0.19079328 1.3915837 0.08654463
v -0.18718639 1.3910309 0.08651895
v -0.19044992 1.3921946 0.08634463
v -0.18718639 1.3918339 0.08633557
v -0.1933705 1.3939114 0.08633897
v -0.19368976 1.3933024 0.08646762
v -0.19400951 1.3928654 0.08713311
v -0.19589843 1.3958356 0.086542174
v -0.195308 1.3962219 0.08639169
v -0.19645095 1.3987168 0.086357296
v -0.19402705 1.3928975 0.09283977
v -0.19715476 1.3985399 0.086465545
v -0.19697288 1.40159 0.08633797
v -0.19643833 1.3955394 0.087103814
v -0.19400859 1.3926792 0.09369092
v -0.19763133 1.4015777 0.08645623
v -0.19664018 1.404563 0.0863453
v -0.1977555 1.3983839 0.087075345
v -0.19648944 1.3956262 0.092860796
v -0.19400482 1.3926754 0.09431425
v -0.19776958 1.3984486 0.092865296
v -0.19660972 1.3955426 0.09367899
v -0.1982174 1.4015816 0.087078616
v -0.19728918 1.4047816 0.086503275
v -0.1938602 1.392522 0.11830378
v -0.19660774 1.395537 0.09430327
v -0.19795357 1.398381 0.09371772
v -0.19612356 1.4075947 0.08669465
v -0.19559185 1.407144 0.086364016
v -0.1934402 1.4093477 0.086349666
v -0.1965316 1.3953296 0.11832937
v -0.19769908 1.4048795 0.08736617
v -0.1982195 1.4017619 0.092805296
v -0.19795367 1.3983809 0.094342574
v -0.19652961 1.3953242 0.11895365
v -0.19767989 1.4049078 0.092905045
v -0.19838654 1.4020355 0.093724735
v -0.1979576 1.3983701 0.118390836
v -0.19636536 1.3955522 0.119472
v -0.19786116 1.4048973 0.09369661
v -0.19838722 1.4020354 0.09434763
v -0.19795772 1.3983699 0.11901569
v -0.19639845 1.3953797 0.2235677
v -0.19575924 1.3945547 0.22448584
v -0.19638327 1.3953745 0.2245853
v -0.19780524 1.3984445 0.22351173
v -0.19638327 1.3953745 0.2245853
v -0.19770077 1.398422 0.11948274
v -0.19841413 1.4020345 0.11894342
v -0.19841345 1.4020344 0.11832052
v -0.19786236 1.404896 0.0943196
v -0.19644025 1.3960217 0.2254158
v -0.19596605 1.3963386 0.2253688
v -0.19649935 1.3960949 0.22493972
v -0.19557503 1.3961712 0.22499835
v -0.19519512 1.3957171 0.28620353
v -0.19572663 1.3965751 0.22447449
v -0.19613078 1.3964678 0.22487296
v -0.19774379 1.3984767 0.22442219
v -0.19735679 1.3986878 0.22486083
v -0.19823964 1.4018213 0.22354579
v -0.19817336 1.4017805 0.22446758
v -0.1981475 1.4018968 0.119477496
v -0.19781645 1.4043287 0.22441055
v -0.19783153 1.4017705 0.2248453
v -0.19788457 1.4043336 0.22350867
v -0.1979087 1.404846 0.11891874
v -0.19765876 1.4046974 0.11943627
v -0.19639407 1.4076589 0.22355244
v -0.19790752 1.4048473 0.11829575
v -0.19636746 1.4080274 0.11901009
v -0.19636716 1.4080281 0.11838571
v -0.19396946 1.4104998 0.11895187
v -0.19617732 1.4078305 0.11948044
v -0.19635649 1.4080523 0.09435606
v -0.19635622 1.4080528 0.09373168
v -0.1962473 1.4078202 0.09292042
v -0.19632933 1.4077832 0.0876659
v -0.19404577 1.4100714 0.09302615
v -0.1939931 1.4104576 0.09370368
v -0.19399254 1.4104587 0.094327316
v -0.19397268 1.409971 0.08664377
v -0.19413635 1.4101292 0.0877987
v -0.19093643 1.4114273 0.08689478
v -0.19078118 1.4107238 0.08639446
v -0.19112606 1.4118284 0.0929474
v -0.19397002 1.4104987 0.118328236
v -0.19147463 1.4119115 0.093718015
v -0.19147521 1.4119116 0.09434114
v -0.19094844 1.4118922 0.08785674
v -0.18718639 1.4122287 0.08677259
v -0.18718639 1.4111983 0.08633188
v -0.1835916 1.4107237 0.08639446
v -0.18718639 1.412545 0.08758793
v -0.18342434 1.4118924 0.08785674
v -0.18343635 1.4114274 0.08689478
v -0.18093258 1.4093478 0.086349666
v -0.18718639 1.4125538 0.09296046
v -0.18040012 1.409971 0.08664377
v -0.17878093 1.407144 0.086364016
v -0.18718639 1.4127156 0.09367351
v -0.18324672 1.4118284 0.0929474
v -0.17824923 1.4075947 0.08669465
v -0.18023644 1.4101293 0.0877987
v -0.18032701 1.4100715 0.09302615
v -0.18289815 1.4119115 0.093718015
v -0.18718639 1.412717 0.094298474
v -0.1770836 1.4047815 0.086503275
v -0.17773262 1.4045628 0.0863453
v -0.1773999 1.4015898 0.08633797
v -0.17804347 1.4077833 0.0876659
v -0.17812549 1.4078201 0.09292042
v -0.18037967 1.4104574 0.09370368
v -0.191498 1.411918 0.118322514
v -0.18289757 1.4119116 0.09434114
v -0.18718639 1.4127698 0.118350625
v -0.19149858 1.4119182 0.118945636
v -0.1766737 1.4048792 0.08736617
v -0.17669289 1.4049078 0.092905045
v -0.17674144 1.4015776 0.08645623
v -0.17721802 1.3985397 0.086465545
v -0.17792183 1.3987168 0.086357296
v -0.17906478 1.3962219 0.08639169
v -0.17615537 1.4015816 0.087078616
v -0.17615329 1.4017619 0.092805296
v -0.17661728 1.3983839 0.087075345
v -0.17847435 1.3958355 0.086542174
v -0.18068302 1.3933024 0.08646762
v -0.18100227 1.3939114 0.08633897
v -0.18392287 1.3921946 0.08634463
v -0.17793445 1.3955394 0.087103814
v -0.1835795 1.3915836 0.08654463
v -0.18718639 1.3918339 0.08633557
v -0.18718639 1.3910309 0.08651895
v -0.18036327 1.3928655 0.08713311
v -0.183482 1.3911527 0.08710069
v -0.18718639 1.3905294 0.08703387
v -0.17788334 1.3956263 0.092860796
v -0.18034573 1.3928972 0.09283977
v -0.18337972 1.3912022 0.09287492
v -0.18718639 1.3905252 0.0928785
v -0.1829574 1.3912251 0.09367132
v -0.18718639 1.3904004 0.09366792
v -0.1803642 1.3926795 0.09369092
v -0.18295696 1.391224 0.09429653
v -0.18718639 1.3903986 0.09429251
v -0.1766032 1.3984486 0.092865296
v -0.17776306 1.3955424 0.09367899
v -0.18036796 1.3926753 0.09431425
v -0.18294 1.3911809 0.11835858
v -0.18718639 1.3903321 0.11833045
v -0.17598625 1.4020355 0.093724735
v -0.17641921 1.3983811 0.09371772
v -0.17776504 1.3955373 0.09430327
v -0.18051258 1.392522 0.11830378
v -0.18293956 1.3911797 0.11898379
v -0.18718639 1.3903303 0.11895504
v -0.17641912 1.3983809 0.094342574
v -0.17784119 1.3953296 0.11832937
v -0.18051633 1.3925179 0.11892711
v -0.18301508 1.3913604 0.119579904
v -0.18718639 1.3905433 0.11955899
v -0.18718639 1.3904784 0.22322768
v -0.18067203 1.392721 0.119482145
v -0.17784317 1.3953242 0.11895365
v -0.17641518 1.3983701 0.118390836
v -0.18356861 1.3910921 0.22318622
v -0.17800742 1.3955522 0.119472
v -0.17641507 1.3983699 0.11901569
v -0.18356216 1.39109 0.22419064
v -0.18718639 1.3904814 0.22409534
v -0.18728946 1.3904748 0.22537696
v -0.1804356 1.3928056 0.22330615
v -0.17667201 1.3984219 0.11948274
v -0.1803597 1.3928713 0.22434105
v -0.18371774 1.3910348 0.22540995
v -0.17797433 1.3953798 0.2235677
v -0.17798948 1.3953745 0.2245853
v -0.1833601 1.3911673 0.28605613
v -0.18725388 1.3904825 0.2859467
v -0.18718638 1.3904794 0.28694555
v -0.18038204 1.3928224 0.225761
v -0.18039295 1.3928163 0.28581432
v -0.18344289 1.3911369 0.2868952
v -0.18342243 1.3911428 0.2879985
v -0.18718638 1.3904862 0.28789714
v -0.18370706 1.3910525 0.3146071
v -0.18718639 1.3904828 0.3146354
v -0.18081345 1.3925207 0.31460652
v -0.18046129 1.3927833 0.28780583
v -0.17836563 1.3948809 0.31462708
v -0.18039787 1.3928435 0.28686404
v -0.17809679 1.3952389 0.28770137
v -0.17673905 1.3979051 0.31460437
v -0.17809734 1.3952391 0.28585166
v -0.176671 1.3981106 0.28766146
v -0.17612813 1.4016026 0.31462944
v -0.17808542 1.3952416 0.2866499
v -0.17797585 1.3953918 0.22547466
v -0.17612942 1.4016194 0.28763342
v -0.17655526 1.4045944 0.31453174
v -0.17668118 1.3982415 0.28669995
v -0.17662999 1.3982244 0.28573716
v -0.17662902 1.3984767 0.22442219
v -0.1765703 1.4046742 0.28752917
v -0.1780622 1.4078145 0.31462348
v -0.17657991 1.3983495 0.2255025
v -0.17617363 1.4016749 0.2867179
v -0.17612195 1.4016975 0.28574622
v -0.17656752 1.3984445 0.22351173
v -0.17827055 1.4080963 0.28748557
v -0.18026721 1.4101788 0.31454262
v -0.17612733 1.401904 0.22424728
v -0.17611878 1.4019183 0.22526428
v -0.1766511 1.4047345 0.286676
v -0.17661437 1.4048129 0.28581512
v -0.17622527 1.401897 0.119477496
v -0.18046583 1.4103531 0.28739676
v -0.18334043 1.4119302 0.31452537
v -0.17613316 1.4018213 0.22354579
v -0.17662868 1.4048498 0.22421855
v -0.17662655 1.404873 0.22522213
v -0.17824966 1.4079533 0.28659642
v -0.17816173 1.407947 0.28556755
v -0.18321756 1.4118524 0.28730202
v -0.18043545 1.4103248 0.28653678
v -0.18042533 1.4103025 0.28580734
v -0.17805995 1.407801 0.22518337
v -0.17803676 1.4076669 0.22438338
v -0.18325548 1.4118779 0.28653282
v -0.18327437 1.4118998 0.28566864
v -0.18032451 1.4102194 0.22522785
v -0.1871864 1.4126028 0.28653237
v -0.18713585 1.4126103 0.28570548
v -0.17664653 1.4048797 0.22339126
v -0.18023483 1.4101459 0.22438964
v -0.1830514 1.4118071 0.2253717
v -0.19110161 1.4118837 0.2856733
v -0.18725586 1.4126127 0.22539283
v -0.1830249 1.4117701 0.22433741
v -0.17797871 1.4076588 0.22355244
v -0.17671402 1.4046974 0.11943627
v -0.19141568 1.41176 0.22528781
v -0.18718639 1.412605 0.22442698
v -0.18022582 1.4101685 0.22346932
v -0.17819548 1.4078305 0.11948044
v -0.17595865 1.4020345 0.11894342
v -0.19134788 1.4117703 0.22433741
v -0.18292399 1.411741 0.22323738
v -0.18044643 1.4101008 0.119460195
v -0.17646408 1.404846 0.11891874
v -0.17595933 1.4020345 0.11832052
v -0.17598557 1.4020355 0.09434763
v -0.17646526 1.4048473 0.11829575
v -0.17800532 1.4080274 0.11901009
v -0.17651042 1.404896 0.0943196
v -0.17800562 1.4080282 0.11838571
v -0.1765116 1.4048973 0.09369661
v -0.17801629 1.4080522 0.09435606
v -0.17801659 1.4080529 0.09373168
v -0.18038024 1.4104584 0.094327316
v -0.18040332 1.4104997 0.11895187
v -0.18040276 1.4104986 0.118328236
v -0.18287478 1.4119182 0.118322514
v -0.1828742 1.4119182 0.118945636
v -0.18718639 1.4127711 0.11897559
v -0.18291838 1.4116163 0.11943609
v -0.19145438 1.4116164 0.11943609
v -0.18718639 1.4124807 0.11943354
v -0.18718639 1.4126059 0.22313793
v -0.19144882 1.411741 0.22323738
v -0.19351524 1.410636 0.22345942
v -0.19357452 1.4105856 0.22444972
v -0.19356105 1.4105642 0.22519904
v -0.19392635 1.4101008 0.119460195
v -0.19414695 1.4101685 0.22346932
v -0.19633602 1.407667 0.22438338
v -0.19415954 1.4101404 0.22439651
v -0.19390218 1.4102056 0.22510155
v -0.19751672 1.4042131 0.22483288
v -0.1959934 1.4074948 0.22484474
v -0.19709508 1.403936 0.22482055
v -0.1938438 1.410277 0.2858654
v -0.19424011 1.409784 0.22484946
v -0.193987 1.4099556 0.2858213
v -0.19399697 1.4098881 0.22519748
v -0.1937801 1.4093726 0.22485787
v -0.19370873 1.4094788 0.2858132
v -0.1936647 1.4094584 0.22518249
v -0.19340435 1.4092996 0.22456779
v -0.19556499 1.4071755 0.22478046
v -0.19340435 1.4092996 0.22456779
v -0.19323012 1.409479 0.22494926
v -0.19323352 1.4094963 0.2859181
v -0.19340028 1.4093173 0.28639907
v -0.19370873 1.4094788 0.2858132
v -0.19680831 1.4038168 0.224415
v -0.1953831 1.4069458 0.22433509
v -0.19340435 1.4092996 0.22456779
v -0.19723335 1.4017427 0.22472526
v -0.19702083 1.4017407 0.22406605
v -0.19686672 1.3987699 0.2247752
v -0.19658765 1.3988872 0.22415543
v -0.19613078 1.3964678 0.22487296
v -0.19613078 1.3964678 0.22487296
v -0.19649935 1.3960949 0.22493972
v -0.19383495 1.4093535 0.28610945
v -0.19680831 1.4038168 0.224415
v -0.19700801 1.4018906 0.21184745
v -0.19702083 1.4017407 0.22406605
v -0.19671741 1.4039667 0.21187545
v -0.1953831 1.4069458 0.22433509
v -0.19567901 1.4063761 0.21180065
v -0.19340435 1.4092996 0.22456779
v -0.19322984 1.4092287 0.21179962
v -0.19261251 1.4096751 0.304213
v -0.19072877 1.4108412 0.30422646
v -0.19340028 1.4093173 0.28639907
v -0.191173 1.4107251 0.28593484
v -0.19323352 1.4094963 0.2859181
v -0.19323012 1.409479 0.22494926
v -0.188435 1.4115257 0.28593895
v -0.18685699 1.4115876 0.30337042
v -0.18312803 1.4107721 0.30370483
v -0.19109292 1.4107728 0.22306477
v -0.18458068 1.4112887 0.28594446
v -0.18025285 1.4089228 0.30333662
v -0.18834291 1.411539 0.22306892
v -0.18098274 1.4095596 0.28595018
v -0.17836681 1.4063852 0.303942
v -0.18449105 1.4112659 0.22307445
v -0.17848752 1.4066589 0.28595564
v -0.17736909 1.4031533 0.30422163
v -0.1810392 1.4095821 0.22327194
v -0.17727834 1.4031277 0.28596103
v -0.177383 1.3996601 0.3041092
v -0.17840558 1.4064779 0.22336128
v -0.17735648 1.3995317 0.2859664
v -0.17927845 1.3954468 0.3042565
v -0.17730899 1.4032453 0.2235247
v -0.18408343 1.4111351 0.21199222
v -0.18060538 1.4092349 0.21196117
v -0.18827133 1.4115373 0.21205802
v -0.17827335 1.4062321 0.2118285
v -0.17726882 1.4029557 0.21181373
v -0.19099407 1.4108292 0.21195167
v -0.19322984 1.4092287 0.21179962
v -0.19340435 1.4092996 0.22456779
v -0.17739704 1.3993566 0.21188949
v -0.17736359 1.399537 0.22354087
v -0.17931958 1.395238 0.21188633
v -0.17909911 1.3955157 0.22359832
v -0.18235946 1.3926872 0.21185207
v -0.17919092 1.3953902 0.28597307
v -0.18197286 1.3929069 0.28597873
v -0.18229349 1.392788 0.30415562
v -0.1869616 1.3914678 0.3041416
v -0.18202408 1.3928738 0.2237017
v -0.18628375 1.3914511 0.2120113
v -0.18671389 1.3914235 0.28598627
v -0.1863221 1.3914424 0.22390696
v -0.19102153 1.3922242 0.21195258
v -0.1913174 1.3923612 0.28599355
v -0.19111964 1.3923657 0.30421856
v -0.19134858 1.392352 0.22450195
v -0.1939729 1.3941635 0.21203858
v -0.19361484 1.393842 0.28926948
v -0.1935733 1.3938631 0.30404538
v -0.19397286 1.3941799 0.22503437
v -0.19557503 1.3961712 0.22499835
v -0.19563302 1.3966855 0.21172714
v -0.19519512 1.3957171 0.28620353
v -0.19572663 1.3965751 0.22447449
v -0.19658765 1.3988872 0.22415543
v -0.19661537 1.3991123 0.21209942
v -0.19548617 1.3962011 0.2866003
v -0.19517496 1.3960034 0.30423182
v -0.19649312 1.3986639 0.28698096
v -0.19625534 1.3985018 0.30452034
v -0.19702016 1.4017019 0.28680477
v -0.19689028 1.4017713 0.30463424
v -0.19664624 1.404304 0.2866866
v -0.19635841 1.4048595 0.3045214
v -0.19525795 1.4071139 0.28663895
v -0.19493634 1.4073124 0.3043761
v -0.19340028 1.4093173 0.28639907
v -0.19261251 1.4096751 0.304213
v -0.18100227 1.3939114 0.08633897
v -0.18718639 1.3918339 0.08633557
v -0.18392287 1.3921946 0.08634463
v -0.18657322 1.4008507 0.08631872
v -0.17906478 1.3962219 0.08639169
v -0.17792183 1.3987168 0.086357296
v -0.19044992 1.3921946 0.08634463
v -0.1773999 1.4015898 0.08633797
v -0.195308 1.3962219 0.08639169
v -0.1933705 1.3939114 0.08633897
v -0.19645095 1.3987168 0.086357296
v -0.19697288 1.40159 0.08633797
v -0.19664018 1.404563 0.0863453
v -0.19559185 1.407144 0.086364016
v -0.17878093 1.407144 0.086364016
v -0.17773262 1.4045628 0.0863453
v -0.18093258 1.4093478 0.086349666
v -0.1835916 1.4107237 0.08639446
v -0.18718639 1.4111983 0.08633188
v -0.19078118 1.4107238 0.08639446
v -0.1934402 1.4093477 0.086349666
v -0.19700801 1.4018906 0.21184745
v -0.19661537 1.3991123 0.21209942
v -0.19702083 1.4017407 0.22406605
v -0.19658765 1.3988872 0.22415543
v -0.19661537 1.3991123 0.21209942
v -0.19621971 1.3992411 0.21209067
v -0.1952827 1.3969264 0.21173556
v -0.19563302 1.3966855 0.21172714
v -0.19563302 1.3966855 0.21172714
v -0.1952827 1.3969264 0.21173556
v -0.19369917 1.3945209 0.21203266
v -0.1939729 1.3941635 0.21203858
v -0.1939729 1.3941635 0.21203858
v -0.19369917 1.3945209 0.21203266
v -0.190884 1.392671 0.21195064
v -0.19102153 1.3922242 0.21195258
v -0.18636486 1.3919336 0.2120066
v -0.18628375 1.3914511 0.2120113
v -0.18262161 1.3931124 0.21185474
v -0.18235946 1.3926872 0.21185207
v -0.179722 1.3955457 0.21188746
v -0.17931958 1.395238 0.21188633
v -0.18741117 1.4023868 0.21183467
v -0.190884 1.392671 0.21195064
v -0.1952827 1.3969264 0.21173556
v -0.17788818 1.3994743 0.21189044
v -0.17739704 1.3993566 0.21188949
v -0.17776586 1.4029073 0.21181819
v -0.17726882 1.4029557 0.21181373
v -0.17872405 1.4060323 0.21183227
v -0.17827335 1.4062321 0.2118285
v -0.18094848 1.4088966 0.21195884
v -0.18060538 1.4092349 0.21196117
v -0.18426605 1.4107091 0.21198845
v -0.18408343 1.4111351 0.21199222
v -0.18826069 1.4110928 0.2120512
v -0.18827133 1.4115373 0.21205802
v -0.1952827 1.3969264 0.21173556
v -0.19659424 1.4018914 0.21185035
v -0.19532657 1.4061699 0.21180572
v -0.19299038 1.4088908 0.21180473
v -0.19322984 1.4092287 0.21179962
v -0.19567901 1.4063761 0.21180065
v -0.19631706 1.4038715 0.2118771
v -0.19671741 1.4039667 0.21187545
v -0.19700801 1.4018906 0.21184745
v -0.19700801 1.4018906 0.21184745
v -0.19659424 1.4018914 0.21185035
v -0.19621971 1.3992411 0.21209067
v -0.19661537 1.3991123 0.21209942
v -0.18826069 1.4110928 0.2120512
v -0.18741117 1.4023868 0.21183467
v -0.19299038 1.4088908 0.21180473
v -0.18827133 1.4115373 0.21205802
v -0.19085781 1.4104173 0.21194977
v -0.19099407 1.4108292 0.21195167
v -0.19322984 1.4092287 0.21179962
v -0.20032278 1.369265 0.12928699
v -0.19826643 1.3659587 0.13275239
v -0.19759616 1.3677517 0.12949896
v -0.19959743 1.3667119 0.1330126
v -0.19893281 1.3655556 0.13564886
v -0.19786093 1.3651371 0.1350038
v -0.1994602 1.3676159 0.13583112
v -0.1983589 1.3649647 0.13840842
v -0.19781548 1.3643212 0.13839094
v -0.19894391 1.3669447 0.13813592
v -0.19843766 1.3646051 0.15350583
v -0.19796905 1.3641179 0.15347892
v -0.19883157 1.3668976 0.15360972
v -0.19864467 1.364088 0.21476611
v -0.19827133 1.3636534 0.21475536
v -0.19874065 1.3668964 0.21428764
v -0.19834614 1.364258 0.22159177
v -0.1982928 1.3637655 0.22149284
v -0.19902036 1.3668994 0.22170502
v -0.19831555 1.3642975 0.23030142
v -0.19822426 1.3638804 0.23034896
v -0.19830452 1.366897 0.22970659
v -0.19780467 1.3644254 0.2317634
v -0.19766112 1.3638014 0.23144963
v -0.19599228 1.3658319 0.23217244
v -0.19467844 1.3652982 0.23207653
v -0.19774665 1.3669307 0.2317424
v -0.20167361 1.3670163 0.23166972
v -0.2017357 1.3670393 0.22161812
v -0.20239864 1.3682082 0.22145252
v -0.20169164 1.3670205 0.21440454
v -0.20241539 1.3681428 0.21437556
v -0.20163038 1.3670247 0.15351366
v -0.20227446 1.3678999 0.15344718
v -0.20229395 1.3679096 0.13812308
v -0.2016604 1.3670924 0.13806333
v -0.20167409 1.3676869 0.13595177
v -0.20232074 1.3686742 0.13590324
v -0.20044906 1.3704888 0.13128059
v -0.20234771 1.3731948 0.1332235
v -0.20183265 1.3704017 0.13191089
v -0.20068005 1.3719826 0.13037322
v -0.2007429 1.3705932 0.12848264
v -0.20252524 1.3788153 0.12634169
v -0.2021693 1.3773155 0.123765245
v -0.20331544 1.3854481 0.11997667
v -0.20193458 1.3715479 0.13100941
v -0.2023406 1.3716437 0.13188058
v -0.20235682 1.3797771 0.1274008
v -0.20234796 1.3807275 0.12848036
v -0.20234956 1.3869214 0.12493633
v -0.2037981 1.3860786 0.12198591
v -0.20264 1.391919 0.11714085
v -0.20230044 1.3863903 0.12341187
v -0.20233491 1.3968071 0.12060298
v -0.20233795 1.3961446 0.11871571
v -0.20324355 1.392561 0.11914553
v -0.20253947 1.3968296 0.1176728
v -0.20208259 1.3957655 0.11556498
v -0.20233257 1.4009063 0.11956791
v -0.20220068 1.400599 0.11605867
v -0.20086572 1.4006184 0.11507397
v -0.20235382 1.4008424 0.11768651
v -0.20155613 1.4019086 0.1160561
v -0.2005483 1.4016517 0.11511081
v -0.19984394 1.4020538 0.116389655
v -0.20166548 1.4019728 0.117514335
v -0.20170958 1.4019511 0.119524926
v -0.19881338 1.4020115 0.11966986
v -0.19871807 1.4019974 0.116657294
v -0.19885017 1.4020381 0.13459024
v -0.19840866 1.4020884 0.13575782
v -0.19844402 1.4014497 0.13487913
v -0.19844513 1.4015317 0.11971101
v -0.19816263 1.3996222 0.13497254
v -0.19823973 1.401678 0.11651965
v -0.1980403 1.399395 0.120039955
v -0.19810778 1.3996317 0.11653298
v -0.17405 1.369265 0.12928699
v -0.1767995 1.3594677 0.12958637
v -0.17677662 1.3677516 0.12949896
v -0.17440455 1.3594627 0.12941788
v -0.17689243 1.3580728 0.12911913
v -0.17362987 1.3705932 0.12848264
v -0.17483643 1.3583004 0.12898135
v -0.17385809 1.3587556 0.12809561
v -0.174601 1.3578886 0.12804304
v -0.17651844 1.3577349 0.12787525
v -0.17233673 1.3632385 0.12387836
v -0.17454185 1.3577212 0.11875187
v -0.1737692 1.3583629 0.11867511
v -0.17379382 1.3583906 0.10804048
v -0.17228767 1.3633549 0.12153593
v -0.17227118 1.363234 0.09767151
v -0.17227261 1.363224 0.10814713
v -0.17217827 1.3775811 0.10731252
v -0.17218018 1.3784834 0.09732254
v -0.17226829 1.3632438 0.08747755
v -0.17231037 1.3636644 0.081240766
v -0.1895912 1.3465463 0.09512885
v -0.18989113 1.348994 0.10466988
v -0.18966097 1.3485866 0.104861416
v -0.18983929 1.346755 0.09498927
v -0.1898962 1.354811 0.103074275
v -0.18960132 1.3458 0.093619004
v -0.1898936 1.3520116 0.092609204
v -0.18956508 1.3551648 0.1030206
v -0.18951358 1.3523408 0.09243565
v -0.189847 1.3459507 0.093355894
v -0.1895454 1.3348144 0.07872595
v -0.1898739 1.3510333 0.089833036
v -0.18943189 1.3512676 0.08957694
v -0.18990497 1.3352613 0.078266844
v -0.18942584 1.3319393 0.07537985
v -0.18990293 1.3385518 0.07338397
v -0.18951218 1.3389186 0.07312381
v -0.18991001 1.3320568 0.07495347
v -0.18941581 1.3255152 0.075172216
v -0.18990661 1.3345884 0.06888228
v -0.18910237 1.3348756 0.06837771
v -0.18990748 1.3327137 0.06765561
v -0.1891661 1.3329388 0.06693349
v -0.18989825 1.3303397 0.067449026
v -0.18929932 1.3301508 0.066873156
v -0.18989757 1.3253831 0.074873365
v -0.18991134 1.3246609 0.069675185
v -0.18925929 1.3243697 0.06909422
v -0.18989308 1.3144796 0.07949064
v -0.18944103 1.3146391 0.079797365
v -0.18935506 1.3118064 0.08099713
v -0.18964484 1.3099134 0.07703177
v -0.189182 1.30973 0.07670409
v -0.18990485 1.311729 0.08063946
v -0.18981178 1.3089114 0.07858382
v -0.18928625 1.3084801 0.07849125
v -0.18958706 1.3080529 0.07996262
v -0.18989475 1.3098482 0.081060156
v -0.189563 1.3099686 0.08132921
v -0.18827304 1.308172 0.08129416
v -0.18952228 1.3083861 0.08092427
v -0.18872982 1.3078761 0.080801845
v -0.18951358 1.3523408 0.09243565
v -0.1848077 1.3551646 0.1030206
v -0.18956508 1.3551648 0.1030206
v -0.1848592 1.3523408 0.09243565
v -0.1844766 1.3548111 0.103074275
v -0.18943189 1.3512676 0.08957694
v -0.18447918 1.3520117 0.092609204
v -0.18451346 1.3489082 0.10486682
v -0.18494089 1.3512676 0.08957694
v -0.18951218 1.3389186 0.07312381
v -0.1848606 1.3389186 0.07312381
v -0.18910237 1.3348756 0.06837771
v -0.18448973 1.3469996 0.09505071
v -0.18485461 1.3485817 0.10499398
v -0.18449889 1.3510331 0.089833036
v -0.18527041 1.3348756 0.06837771
v -0.1891661 1.3329388 0.06693349
v -0.18480739 1.3465762 0.09525441
v -0.18966097 1.3485866 0.104861416
v -0.1895912 1.3465463 0.09512885
v -0.18449828 1.346442 0.09367566
v -0.18446986 1.3385518 0.07338397
v -0.18486194 1.34592 0.09388699
v -0.18960132 1.3458 0.093619004
v -0.18520668 1.3329388 0.06693349
v -0.18929932 1.3301508 0.066873156
v -0.18446857 1.3354508 0.0780712
v -0.1844662 1.3321618 0.07443379
v -0.18477087 1.3348039 0.07879165
v -0.1895454 1.3348144 0.07872595
v -0.18446617 1.3345883 0.06888228
v -0.1850862 1.3318673 0.07551929
v -0.18942584 1.3319393 0.07537985
v -0.18507347 1.3301511 0.066873156
v -0.18925929 1.3243697 0.06909422
v -0.1844653 1.3327138 0.06765561
v -0.18508106 1.3253981 0.07539569
v -0.18941581 1.3255152 0.075172216
v -0.18511349 1.3243698 0.06909422
v -0.189182 1.30973 0.07670409
v -0.18447453 1.3303398 0.067449026
v -0.18447208 1.3252139 0.07427685
v -0.18493176 1.3146391 0.079797365
v -0.18944103 1.3146391 0.079797365
v -0.18519081 1.30973 0.07670409
v -0.18928625 1.3084801 0.07849125
v -0.18446143 1.3246608 0.069675185
v -0.1844744 1.3142334 0.079343826
v -0.1850411 1.311658 0.08106916
v -0.18935506 1.3118064 0.08099713
v -0.1846287 1.3101159 0.07719198
v -0.18450852 1.3115815 0.08081519
v -0.18524286 1.3085198 0.07840294
v -0.1848131 1.3099422 0.08135801
v -0.189563 1.3099686 0.08132921
v -0.18461114 1.3092479 0.07845007
v -0.18561013 1.3081138 0.07946883
v -0.18958706 1.3080529 0.07996262
v -0.18872982 1.3078761 0.080801845
v -0.18447776 1.3098963 0.08080953
v -0.18609975 1.3081721 0.08129416
v -0.18827304 1.308172 0.08129416
v -0.1858902 1.3078871 0.08057418
v -0.20786773 1.3070798 -0.15188643
v -0.20640574 1.2871345 -0.14932363
v -0.20507732 1.3067127 -0.1514743
v -0.19078024 1.3059793 0.009567079
v -0.18492562 1.3067926 0.009685824
v -0.19057481 1.3019177 0.010279381
v -0.19293806 1.3023815 0.0103928065
v -0.19359604 1.3068867 0.009495873
v -0.19642267 1.3064157 0.008371463
v -0.19816981 1.3132608 0.008414805
v -0.19575575 1.3021568 0.007905063
v -0.20149286 1.3054956 0.0048435973
v -0.19523098 1.2989515 0.0064687203
v -0.19885324 1.2980044 0.004760313
v -0.20039585 1.3014605 0.0051566125
v -0.20495942 1.3086423 -0.0008579874
v -0.20288925 1.313658 0.006711688
v -0.20538674 1.314352 0.0042981207
v -0.20548263 1.3221686 0.009806344
v -0.20643327 1.3276192 0.006359905
v -0.19969527 1.3174316 0.009474034
v -0.1974843 1.3189607 0.00914078
v -0.19724399 1.3229226 0.010492275
v -0.19550903 1.32274 0.008792975
v -0.19893989 1.3290423 0.0106532555
v -0.19539142 1.3277436 0.008364017
v -0.20270573 1.3250436 0.010367505
v -0.20254615 1.328493 0.009508483
v -0.20358936 1.3317945 0.0059038256
v -0.1982437 1.3318498 0.0087815365
v -0.20037873 1.3331578 0.0065651867
v -0.19614236 1.3308438 0.007853235
v -0.19867529 1.3332167 0.007113185
v -0.20165548 1.3323522 0.007151992
v -0.20542805 1.3316847 -0.0051863515
v -0.20227095 1.3331276 0.0041895555
v -0.20024149 1.3350666 0.0056798863
v -0.19795765 1.3347905 0.0069713136
v -0.20366849 1.3349792 -0.0022143887
v -0.20278776 1.335723 0.0030833697
v -0.20165356 1.3410829 0.0045821546
v -0.1966273 1.3391217 0.007949097
v -0.20344068 1.3401886 0.0017881799
v -0.19961755 1.3455838 0.008341975
v -0.1940196 1.345699 0.0070766304
v -0.203698 1.3459541 0.0055086752
v -0.20285156 1.3508351 0.005581727
v -0.19970597 1.3550317 0.007584743
v -0.19608326 1.3553132 0.006713385
v -0.18911773 1.358216 0.0013980245
v -0.1935279 1.3538992 0.006269669
v -0.18181562 1.3454176 0.00622787
v -0.18875901 1.3591349 -0.011634383
v -0.17548522 1.3569903 -0.013652048
v -0.17157653 1.3552072 -0.013620705
v -0.17570744 1.3571675 0.00024588106
v -0.16937202 1.3526083 -0.014900322
v -0.17072067 1.3558986 -0.003759241
v -0.16956453 1.3398616 -0.0120125385
v -0.17891005 1.354642 0.0049419543
v -0.18752511 1.3553097 0.004789047
v -0.17431863 1.3507237 0.005547366
v -0.18046646 1.352966 0.0054953336
v -0.17644718 1.3479475 0.005986943
v -0.17884417 1.34162 0.006465368
v -0.16937333 1.3493813 0.0013493109
v -0.16864179 1.3426342 -0.0027649521
v -0.17300174 1.3474685 0.004421339
v -0.17339756 1.3424091 0.0015871143
v -0.17031556 1.3400836 -0.0026181317
v -0.17458184 1.3412684 0.004508483
v -0.17315295 1.3379089 0.0076278304
v -0.17489058 1.3283415 0.007929361
v -0.1716156 1.3346386 0.008032096
v -0.16878605 1.335101 -0.008581967
v -0.16891304 1.3325386 0.0057609426
v -0.1693911 1.3224657 0.00055081217
v -0.16758199 1.3220454 -0.025139391
v -0.16934612 1.305129 -0.0214746
v -0.16602567 1.3049141 -0.022189502
v -0.17138307 1.3299011 0.008103754
v -0.168645 1.3299481 0.0056142234
v -0.17744215 1.3170357 0.008691619
v -0.16601184 1.297351 -0.02092648
v -0.1700379 1.3145466 0.0019200647
v -0.16669402 1.2861148 -0.036961354
v -0.16878518 1.283529 -0.043738604
v -0.16783689 1.2777753 -0.03325977
v -0.16794136 1.2882845 -0.016296629
v -0.16904397 1.2747838 -0.03183193
v -0.16701913 1.2987248 -0.018927002
v -0.17012821 1.2861826 -0.015239143
v -0.1715402 1.2725735 -0.030590829
v -0.16875567 1.2890315 -0.014509978
v -0.1739235 1.2846768 -0.014415669
v -0.17516619 1.2714174 -0.030232934
v -0.18395369 1.2833259 -0.014258313
v -0.17737065 1.2839247 -0.014253383
v -0.177719 1.2848643 -0.013939219
v -0.18425986 1.2840941 -0.013287949
v -0.18274921 1.2859036 -0.0084929755
v -0.18220074 1.2934837 0.0009945822
v -0.17001352 1.2871467 -0.014289618
v -0.17421117 1.2855923 -0.0141777415
v -0.17546177 1.2927674 0.00017861843
v -0.18111238 1.2974223 0.0061255167
v -0.17199612 1.2943289 0.0013806104
v -0.1737005 1.2962036 0.005982413
v -0.1761994 1.294863 0.003523879
v -0.16882297 1.2951084 -0.0015533447
v -0.1677337 1.307424 0.0003695893
v -0.17903243 1.301302 0.0101524275
v -0.18543063 1.3029002 0.011736505
v -0.17838219 1.303486 0.009476647
v -0.18492562 1.3067926 0.009685824
v -0.17415015 1.301232 0.008932967
v -0.17368156 1.3068451 0.010060298
v -0.16848436 1.310865 0.0045506526
v -0.17134088 1.3128368 0.008748692
v -0.20071585 1.3835365 0.25610754
v -0.20226055 1.3907901 0.256038
v -0.20058571 1.3900381 0.2560546
v -0.20225652 1.3839092 0.25603175
v -0.20061085 1.3796299 0.2560404
v -0.20253539 1.3840209 0.25558951
v -0.20253736 1.3909706 0.2555676
v -0.20254108 1.3909571 0.24922039
v -0.20227425 1.3795378 0.2560228
v -0.20047873 1.3761526 0.2560851
v -0.20252495 1.3795525 0.2556179
v -0.20252454 1.3839065 0.24912749
v -0.20220797 1.3838375 0.24872988
v -0.2021921 1.3907434 0.24872394
v -0.20065822 1.3897455 0.24868427
v -0.20068182 1.3836662 0.24867219
v -0.20222947 1.37953 0.24873638
v -0.20068046 1.3794372 0.2487253
v -0.2025153 1.3795961 0.24910785
v -0.20238799 1.3763142 0.25558457
v -0.202103 1.3764257 0.2560419
v -0.20129259 1.3724452 0.25603178
v -0.19976333 1.372925 0.25603217
v -0.20201005 1.3760536 0.24872105
v -0.20048375 1.3761297 0.24856678
v -0.20234707 1.3760403 0.24913436
v -0.19981278 1.3691577 0.25605685
v -0.19879957 1.3693681 0.2560858
v -0.20141417 1.372497 0.2554936
v -0.20113482 1.3721926 0.2487165
v -0.19969736 1.3727125 0.24874969
v -0.201453 1.3720776 0.24911742
v -0.19935247 1.3685147 0.24875392
v -0.19784868 1.3690132 0.2486338
v -0.19990642 1.3689439 0.25545973
v -0.19952026 1.3683293 0.24930778
v -0.19656107 1.3656093 0.24872333
v -0.19559753 1.3669103 0.24874987
v -0.19683702 1.3654051 0.25559893
v -0.19247927 1.3631898 0.24878486
v -0.19196919 1.364609 0.24871914
v -0.19673178 1.365348 0.24917114
v -0.19676584 1.3656746 0.2560044
v -0.1954431 1.3663089 0.25620323
v -0.19227955 1.363985 0.25624916
v -0.1875109 1.3622938 0.24873452
v -0.18747556 1.3637257 0.2487212
v -0.1928179 1.3630651 0.25544247
v -0.19265798 1.3631734 0.25591773
v -0.18789493 1.3636851 0.25605813
v -0.19248275 1.3629498 0.24929832
v -0.18199784 1.3631446 0.24875657
v -0.18265595 1.3644791 0.24864383
v -0.17905208 1.3664197 0.24863839
v -0.18803331 1.3622906 0.25603142
v -0.18285337 1.3644165 0.25604364
v -0.18801582 1.3619571 0.2554261
v -0.1876219 1.3619477 0.24924259
v -0.18224059 1.3630165 0.25599375
v -0.18207286 1.3628167 0.25550395
v -0.18185496 1.3628869 0.24930423
v -0.17751856 1.3656923 0.24873035
v -0.17765611 1.3656672 0.25607374
v -0.17906006 1.3663707 0.25605303
v -0.1774524 1.3653158 0.2554375
v -0.17455995 1.3691578 0.25605685
v -0.17516685 1.3695315 0.25610805
v -0.17435046 1.3688153 0.25540686
v -0.17308019 1.372445 0.25603178
v -0.1743723 1.3724558 0.2560787
v -0.17389403 1.3761525 0.2560851
v -0.17739508 1.3653543 0.2492875
v -0.17458282 1.3684447 0.24917023
v -0.17226978 1.3764259 0.2560419
v -0.17244294 1.3794155 0.25650612
v -0.17287907 1.3722992 0.25575125
v -0.17490959 1.3685371 0.24873325
v -0.17652406 1.3690132 0.2486338
v -0.17467546 1.3727125 0.24874969
v -0.17291978 1.3720776 0.24911742
v -0.17323793 1.3721926 0.2487165
v -0.17388906 1.3761299 0.24856678
v -0.17198478 1.3763142 0.25558457
v -0.17209853 1.3795378 0.2560228
v -0.17365691 1.3835365 0.25610754
v -0.17236269 1.3760536 0.24872105
v -0.17369236 1.3794371 0.2487253
v -0.17202571 1.3760403 0.24913436
v -0.17184784 1.3795526 0.2556179
v -0.17211625 1.3839091 0.25603175
v -0.17378712 1.3900381 0.2560546
v -0.17211223 1.3907901 0.256038
v -0.17183538 1.3909705 0.2555676
v -0.17183739 1.3840209 0.25558951
v -0.17185746 1.3795962 0.24910785
v -0.1718482 1.3839065 0.24912749
v -0.17183174 1.3909571 0.24922039
v -0.17218065 1.3907434 0.24872394
v -0.17216481 1.3838375 0.24872988
v -0.17371456 1.3897455 0.24868427
v -0.17369096 1.3836662 0.24867219
v -0.17214334 1.3795298 0.24873638
v -0.17081411 1.3861862 0.30104485
v -0.17150892 1.3864441 0.30169594
v -0.1716977 1.3863462 0.3006516
v -0.17019689 1.386429 0.301716
v -0.17052379 1.3864359 0.30265495
v -0.17166226 1.3864566 0.30268645
v -0.17108741 1.3864511 0.32372692
v -0.16972673 1.3855827 0.30155113
v -0.17070378 1.3856138 0.30042636
v -0.17036584 1.3788266 0.3003129
v -0.16969207 1.3855348 0.30271092
v -0.16966432 1.3857062 0.32369795
v -0.17003022 1.3864144 0.3236471
v -0.17013782 1.3864324 0.34189728
v -0.16973817 1.3787754 0.30112487
v -0.17065403 1.3734142 0.3003006
v -0.16986911 1.373038 0.30092737
v -0.1714987 1.3696177 0.30029362
v -0.1696994 1.3788403 0.30254948
v -0.17120712 1.3864503 0.34186313
v -0.17315751 1.3864383 0.3241928
v -0.16968367 1.3787136 0.3204854
v -0.17081098 1.369169 0.30081958
v -0.17394233 1.3655456 0.30034038
v -0.17320718 1.3652835 0.301355
v -0.1772232 1.3626412 0.30034477
v -0.17670237 1.3621284 0.3009172
v -0.17679073 1.3619839 0.3023762
v -0.18157043 1.3602469 0.30035275
v -0.18133241 1.3597008 0.30116126
v -0.1871864 1.3593158 0.30037144
v -0.17319465 1.3651834 0.3027115
v -0.17057201 1.3689758 0.30219898
v -0.16980429 1.3731897 0.30217665
v -0.16980542 1.3726308 0.31757805
v -0.17062742 1.3689299 0.3174303
v -0.1871864 1.3583677 0.30116802
v -0.19280238 1.360247 0.30035275
v -0.17339748 1.3649359 0.3174102
v -0.16968642 1.3765385 0.31852606
v -0.19304037 1.3597009 0.30116126
v -0.19313085 1.3596946 0.30244622
v -0.19714957 1.3626412 0.30034477
v -0.19767042 1.3621284 0.3009172
v -0.20043045 1.3655455 0.30034038
v -0.18718639 1.358325 0.302422
v -0.20116563 1.3652834 0.301355
v -0.20287408 1.3696179 0.30029362
v -0.18124196 1.3596946 0.30244622
v -0.18151839 1.3595856 0.317341
v -0.18718639 1.3583364 0.31730616
v -0.2035618 1.369169 0.30081958
v -0.2037188 1.3734139 0.3003006
v -0.17726895 1.3616867 0.31736746
v -0.20450367 1.373038 0.30092737
v -0.20456849 1.3731897 0.30217665
v -0.20400694 1.3788266 0.3003129
v -0.2046346 1.3787754 0.30112487
v -0.203669 1.3856138 0.30042636
v -0.20380077 1.3689756 0.30219898
v -0.17339171 1.3649869 0.31871188
v -0.20117816 1.3651834 0.3027115
v -0.19758205 1.3619838 0.3023762
v -0.19710381 1.3616865 0.31736746
v -0.20097534 1.364936 0.3174102
v -0.19285437 1.3595855 0.317341
v -0.1971037 1.3617088 0.3187148
v -0.19288465 1.3596247 0.31872043
v -0.2037454 1.36893 0.3174303
v -0.20362584 1.3689837 0.3185925
v -0.18718639 1.3583823 0.31887326
v -0.20098107 1.364987 0.31871188
v -0.20456736 1.3726308 0.31757805
v -0.18148817 1.3596246 0.31872043
v -0.17726909 1.361709 0.3187148
v -0.19280119 1.3602049 0.31963566
v -0.19685426 1.3621783 0.31964892
v -0.18718639 1.3590187 0.31960437
v -0.18157163 1.3602049 0.31963566
v -0.17751852 1.3621783 0.31964892
v -0.20049745 1.3653662 0.31965786
v -0.17387533 1.3653662 0.31965786
v -0.19162752 1.3631049 0.32079142
v -0.1871864 1.3629059 0.32084805
v -0.1827453 1.3631052 0.32079142
v -0.17889188 1.364314 0.32080433
v -0.19548085 1.3643141 0.32080433
v -0.17604715 1.3669096 0.32080975
v -0.17097883 1.3690879 0.31950736
v -0.17418331 1.3704268 0.3207394
v -0.17074697 1.3689837 0.3185925
v -0.1698028 1.3724223 0.31875467
v -0.17003675 1.3721914 0.3198518
v -0.16968124 1.3760548 0.3196796
v -0.17015806 1.3750528 0.32065082
v -0.16969605 1.3776311 0.32102242
v -0.17023416 1.3763559 0.3216731
v -0.1724098 1.3748622 0.32124695
v -0.17319152 1.3730115 0.32084912
v -0.16968688 1.3794961 0.32367426
v -0.17385083 1.3732749 0.32377735
v -0.17279407 1.3751876 0.32375157
v -0.17486295 1.3706479 0.32373402
v -0.17646551 1.367234 0.3238027
v -0.17926858 1.3647782 0.32399994
v -0.18309212 1.3638147 0.32409108
v -0.1871864 1.3636692 0.32407245
v -0.19128066 1.3638147 0.32409108
v -0.17302261 1.3726795 0.3267216
v -0.17394944 1.3702556 0.32682726
v -0.17599979 1.3666627 0.3267519
v -0.1788108 1.3641423 0.32677644
v -0.18277958 1.3630888 0.3266456
v -0.18718643 1.3628954 0.3266008
v -0.17222339 1.3748114 0.32629576
v -0.17054221 1.3714926 0.3276264
v -0.17107452 1.3690972 0.32791674
v -0.17419979 1.364876 0.3278699
v -0.17773925 1.362388 0.3277322
v -0.182219 1.3603811 0.3277201
v -0.17031333 1.3747804 0.32685694
v -0.17175119 1.3758332 0.32553637
v -0.1716842 1.3762119 0.3237011
v -0.17029865 1.3761792 0.32597628
v -0.17183253 1.3757943 0.3219008
v -0.17025709 1.3769467 0.32388824
v -0.16970463 1.3782337 0.32370797
v -0.1696767 1.3774757 0.32667094
v -0.16969387 1.3753567 0.3277504
v -0.169687 1.3786899 0.3275291
v -0.16967854 1.3784219 0.33910745
v -0.16968887 1.3760291 0.32891902
v -0.16989581 1.3713224 0.32855484
v -0.16987438 1.3713138 0.3296269
v -0.17063586 1.368758 0.32885048
v -0.16966598 1.3858547 0.34206805
v -0.16966781 1.3858459 0.3603495
v -0.16967162 1.3761523 0.33749735
v -0.17056201 1.3688825 0.3299531
v -0.1737088 1.3646107 0.32886958
v -0.16985656 1.3713284 0.3363326
v -0.17361045 1.3647099 0.3301235
v -0.1771532 1.3617818 0.3287377
v -0.17043324 1.3690732 0.33627802
v -0.17722633 1.3617237 0.33011687
v -0.17347148 1.3648714 0.3360725
v -0.16984871 1.3714082 0.3377495
v -0.17041478 1.369149 0.3375736
v -0.17337878 1.3649523 0.33731273
v -0.16968006 1.3759247 0.33875182
v -0.18179962 1.3595017 0.32879397
v -0.18195575 1.3594227 0.33003756
v -0.17703052 1.3618438 0.33589634
v -0.18718639 1.3594929 0.3276871
v -0.1769651 1.3618786 0.33712855
v -0.18718639 1.3585228 0.3286799
v -0.1915932 1.3630888 0.3266456
v -0.19215377 1.3603812 0.3277201
v -0.19510415 1.3647783 0.32399994
v -0.19556198 1.3641423 0.32677644
v -0.19832559 1.3669097 0.32080975
v -0.19790731 1.3672339 0.3238027
v -0.203394 1.3690879 0.31950736
v -0.20018947 1.3704268 0.3207394
v -0.19257316 1.3595017 0.32879397
v -0.19663353 1.362388 0.3277322
v -0.19837306 1.3666626 0.3267519
v -0.19950978 1.3706479 0.32373402
v -0.20118129 1.3730116 0.32084912
v -0.20433606 1.3721913 0.3198518
v -0.18718639 1.3584583 0.33006427
v -0.20457003 1.3724221 0.31875467
v -0.20468634 1.3765385 0.31852606
v -0.20469154 1.3760546 0.3196796
v -0.20421475 1.3750529 0.32065082
v -0.18187115 1.3594521 0.33596447
v -0.18182132 1.359478 0.33705226
v -0.18718643 1.3583417 0.33600765
v -0.20467338 1.3788403 0.30254948
v -0.20469478 1.3855183 0.3027107
v -0.204646 1.3855827 0.30155113
v -0.20468916 1.3787136 0.3204854
v -0.20417589 1.3864291 0.301716
v -0.20355867 1.3861862 0.30104485
v -0.20267503 1.3863462 0.3006516
v -0.2028639 1.3864441 0.30169594
v -0.20271052 1.3864564 0.30268645
v -0.20384899 1.3864356 0.30265495
v -0.20434251 1.3864144 0.3236471
v -0.20328537 1.3864512 0.32372692
v -0.20467673 1.3776311 0.32102242
v -0.2046859 1.3794961 0.32367426
v -0.20466815 1.3782334 0.32370797
v -0.20468578 1.37869 0.3275291
v -0.2047085 1.3857062 0.32369795
v -0.20470688 1.385855 0.34206805
v -0.20423496 1.3864323 0.34189728
v -0.20316567 1.3864503 0.34186313
v -0.20343769 1.3864568 0.3601178
v -0.20106915 1.3864286 0.34301075
v -0.20121522 1.3864381 0.3241928
v -0.20061763 1.3859067 0.32410923
v -0.20062171 1.3859637 0.34301752
v -0.20106567 1.3864295 0.36071086
v -0.20062535 1.3859913 0.36071846
v -0.20060855 1.3858308 0.37599868
v -0.20106238 1.3864305 0.37616533
v -0.2010042 1.3863636 0.39952633
v -0.20065849 1.3857498 0.39947382
v -0.20106044 1.3858387 0.39990813
v -0.20352435 1.3864588 0.37552813
v -0.20345023 1.3863994 0.39945197
v -0.20322426 1.3858551 0.39992428
v -0.20410235 1.3858743 0.39988804
v -0.20404334 1.3864053 0.3993461
v -0.20467937 1.3860008 0.39899603
v -0.20436248 1.3864079 0.37567028
v -0.20436153 1.3864105 0.3602209
v -0.20470497 1.385846 0.3603495
v -0.20470402 1.3859223 0.3758096
v -0.20470984 1.379437 0.37643516
v -0.20470974 1.3787773 0.3732461
v -0.20470214 1.3786426 0.3638168
v -0.20469345 1.3789607 0.35745707
v -0.20469554 1.3786163 0.34541774
v -0.20469238 1.3795505 0.36053002
v -0.2046968 1.3790176 0.34248495
v -0.20469424 1.3784218 0.33910745
v -0.20455077 1.3774899 0.3424842
v -0.20469935 1.3780735 0.36057982
v -0.20469142 1.3774971 0.35833523
v -0.20470116 1.3761525 0.33749735
v -0.20456004 1.3770694 0.34014484
v -0.20454693 1.3769504 0.34472427
v -0.2040422 1.3768948 0.34250918
v -0.20468098 1.377151 0.36309558
v -0.20421775 1.3770417 0.36057758
v -0.2047016 1.376191 0.35679674
v -0.20469402 1.376731 0.35553116
v -0.20419574 1.3765804 0.35883847
v -0.20463702 1.3758401 0.34561476
v -0.20405743 1.3764032 0.34424183
v -0.2046939 1.3768225 0.34708744
v -0.2045185 1.3715122 0.35572273
v -0.20416695 1.3754005 0.35786954
v -0.20452651 1.3716072 0.35427868
v -0.20417346 1.3753833 0.3449981
v -0.20440875 1.3715302 0.3466036
v -0.20210117 1.3754873 0.34400374
v -0.20451656 1.3716666 0.34813398
v -0.20245616 1.3760154 0.34249324
v -0.20179062 1.374586 0.34463972
v -0.2006866 1.3722719 0.34483516
v -0.20370227 1.3714437 0.3458797
v -0.20386021 1.3693693 0.34695223
v -0.20415832 1.3764071 0.34054926
v -0.20153958 1.3750569 0.3425327
v -0.20318176 1.3694415 0.3460952
v -0.20237094 1.3757145 0.34098572
v -0.2018339 1.3748264 0.340366
v -0.2042688 1.3752203 0.339615
v -0.20469272 1.3759245 0.33875182
v -0.20028232 1.3725358 0.3424244
v -0.20421806 1.3713977 0.33874577
v -0.20088665 1.3724049 0.33986327
v -0.19939396 1.3702198 0.34231642
v -0.19977362 1.3699533 0.34488145
v -0.20451622 1.3713284 0.3363326
v -0.20452407 1.3714082 0.3377495
v -0.20351227 1.3693379 0.33850634
v -0.19991875 1.3701222 0.33984408
v -0.19781174 1.3670688 0.3422797
v -0.20468391 1.376029 0.32891902
v -0.20087382 1.365473 0.34622377
v -0.19806682 1.3668711 0.3447679
v -0.20090793 1.3650273 0.34734985
v -0.20400551 1.3693253 0.34839457
v -0.20407479 1.3695247 0.3540627
v -0.20396644 1.3694645 0.35572916
v -0.20090331 1.3648565 0.35421124
v -0.20097491 1.3649315 0.34859306
v -0.20084445 1.3648103 0.35565934
v -0.1975542 1.3619872 0.3469873
v -0.19747986 1.3619357 0.3485189
v -0.19726238 1.3617784 0.35437453
v -0.19724734 1.3617953 0.35581425
v -0.19731392 1.3624009 0.34616265
v -0.20340629 1.3691864 0.35662577
v -0.20040397 1.3651392 0.35670787
v -0.19704925 1.3622261 0.3567175
v -0.20415016 1.371051 0.35680705
v -0.20189755 1.3747047 0.35830647
v -0.2009349 1.3725003 0.35799456
v -0.19790325 1.3667943 0.35820028
v -0.195257 1.364525 0.35816792
v -0.19965866 1.3699052 0.35815006
v -0.19191982 1.3598422 0.35670307
v -0.19110534 1.3634148 0.35814586
v -0.1921027 1.3593303 0.35584414
v -0.19214302 1.3593196 0.35441974
v -0.1921509 1.3593261 0.34860447
v -0.1923373 1.3594002 0.3471433
v -0.19767268 1.3668454 0.36054292
v -0.19508865 1.3647624 0.3605964
v -0.19109657 1.3637995 0.36062217
v -0.19932067 1.3698938 0.36055827
v -0.20034228 1.3724612 0.36063784
v -0.1955877 1.3646128 0.36287963
v -0.1978345 1.3665932 0.36280036
v -0.19138168 1.3634431 0.36281338
v -0.1996027 1.3699435 0.36271158
v -0.18718639 1.3636786 0.36067575
v -0.18718643 1.3632745 0.3627878
v -0.18718643 1.3631932 0.3580936
v -0.18718639 1.358952 0.3566678
v -0.18718643 1.3583553 0.35578626
v -0.18718643 1.3583362 0.3545813
v -0.18718643 1.3583406 0.34860528
v -0.1832762 1.3637992 0.36062217
v -0.18326743 1.3634145 0.35814586
v -0.18245296 1.3598422 0.35670307
v -0.18227008 1.3593303 0.35584414
v -0.18222976 1.3593196 0.35441974
v -0.1829911 1.3634433 0.36281338
v -0.18718643 1.3583459 0.34708348
v -0.18222186 1.3593261 0.34860447
v -0.19223084 1.3597445 0.34625903
v -0.19551075 1.3644913 0.34484583
v -0.195373 1.3649065 0.3423579
v -0.19805676 1.3668563 0.33998924
v -0.2005458 1.3652252 0.33857498
v -0.203958 1.3691491 0.3375736
v -0.20393954 1.3690733 0.33627802
v -0.2044984 1.3713136 0.3296269
v -0.19153179 1.3633332 0.34482005
v -0.19135116 1.3638202 0.34228542
v -0.19562763 1.3645818 0.3398961
v -0.19709267 1.3620085 0.33842984
v -0.20099398 1.3649526 0.33731273
v -0.2009013 1.3648711 0.3360725
v -0.20381077 1.3688824 0.3299531
v -0.18718643 1.3587599 0.34627566
v -0.18203548 1.3594 0.3471433
v -0.19263537 1.3597984 0.33836436
v -0.19740768 1.3618785 0.33712855
v -0.19734226 1.3618437 0.33589634
v -0.20076233 1.3647099 0.3301235
v -0.1918846 1.3635728 0.34009865
v -0.18718643 1.3636655 0.34228557
v -0.18718639 1.3630356 0.3448739
v -0.18214194 1.3597447 0.34625903
v -0.19250163 1.3594524 0.33596447
v -0.19255145 1.3594781 0.33705226
v -0.18718643 1.3586657 0.33835468
v -0.18718639 1.3633463 0.34012863
v -0.18302162 1.3638202 0.34228542
v -0.18718639 1.3583401 0.33708552
v -0.1817374 1.3597982 0.33836436
v -0.18284099 1.3633332 0.34482005
v -0.18248817 1.3635728 0.34009865
v -0.19714645 1.3617238 0.33011687
v -0.17899978 1.3649065 0.3423579
v -0.17728011 1.3620083 0.33842984
v -0.19241703 1.3594229 0.33003756
v -0.19721958 1.3617821 0.3287377
v -0.17874515 1.3645817 0.3398961
v -0.17382698 1.3652253 0.33857498
v -0.20066398 1.3646106 0.32886958
v -0.20017299 1.364876 0.3278699
v -0.17086051 1.3693379 0.33850634
v -0.17631602 1.3668563 0.33998924
v -0.17656104 1.3670688 0.3422797
v -0.20373692 1.368758 0.32885048
v -0.20042334 1.3702557 0.32682726
v -0.20329826 1.3690972 0.32791674
v -0.17015472 1.3713977 0.33874577
v -0.17445403 1.3701223 0.33984408
v -0.20447697 1.3713224 0.32855484
v -0.20052198 1.3732752 0.32377735
v -0.20383056 1.3714926 0.3276264
v -0.20135017 1.3726792 0.3267216
v -0.17010398 1.3752203 0.339615
v -0.20467891 1.3753567 0.3277504
v -0.20196302 1.3748623 0.32124695
v -0.20157868 1.3751876 0.32375157
v -0.20405944 1.3747804 0.32685694
v -0.20214939 1.3748114 0.32629576
v -0.20469607 1.3774757 0.32667094
v -0.20254023 1.3757943 0.3219008
v -0.20268853 1.3762116 0.3237011
v -0.20407413 1.376179 0.32597628
v -0.20262162 1.3758332 0.32553637
v -0.20411569 1.3769468 0.32388824
v -0.20413865 1.3763558 0.3216731
v -0.17331234 1.3858387 0.39990813
v -0.17375286 1.3768559 0.39934024
v -0.1737143 1.3857499 0.39947382
v -0.1733585 1.3768929 0.39990357
v -0.1708897 1.3767947 0.39993238
v -0.17114852 1.385855 0.39992428
v -0.17424682 1.3728857 0.3993808
v -0.17027041 1.3858742 0.39988804
v -0.17369914 1.3727142 0.3999203
v -0.17488967 1.3711709 0.39956397
v -0.17441936 1.3709362 0.39991125
v -0.1711829 1.3721068 0.3999283
v -0.17626609 1.3677772 0.3999239
v -0.17687199 1.3680971 0.39947653
v -0.17938052 1.3659914 0.3992772
v -0.17180297 1.3699405 0.39993587
v -0.17871165 1.3654553 0.39993367
v -0.18367656 1.3639075 0.39934015
v -0.1740224 1.366168 0.39993212
v -0.17102252 1.3694588 0.39986968
v -0.17039913 1.3719491 0.39985996
v -0.18340725 1.3631425 0.39993134
v -0.18718643 1.3632734 0.39938837
v -0.17746963 1.3631331 0.39992625
v -0.17016864 1.3768567 0.39987373
v -0.1696894 1.376902 0.39905646
v -0.16969341 1.386001 0.39899603
v -0.16993587 1.3718476 0.39881182
v -0.17041866 1.3692923 0.39891168
v -0.1736037 1.365618 0.39989567
v -0.18718643 1.3624355 0.3999348
v -0.19069621 1.3639073 0.39934015
v -0.17711101 1.3624485 0.3998832
v -0.19096553 1.3631424 0.39993134
v -0.19499226 1.3659912 0.3992772
v -0.19566113 1.3654553 0.39993367
v -0.1975008 1.3680971 0.39947653
v -0.19169201 1.3607873 0.39992633
v -0.18718643 1.3596176 0.39992937
v -0.18268077 1.3607873 0.39992633
v -0.18233532 1.3600018 0.3998896
v -0.19810669 1.3677772 0.3999239
v -0.19948311 1.3711708 0.39956397
v -0.19690315 1.3631331 0.39992625
v -0.19995342 1.3709359 0.39991125
v -0.20012596 1.3728857 0.3993808
v -0.20035037 1.3661681 0.39993212
v -0.20067364 1.3727142 0.3999203
v -0.20061992 1.3768557 0.39934024
v -0.2025698 1.3699406 0.39993587
v -0.20076908 1.3656181 0.39989567
v -0.19726177 1.3624486 0.3998832
v -0.19203746 1.3600018 0.3998896
v -0.20101428 1.3768929 0.39990357
v -0.20065849 1.3857498 0.39947382
v -0.20106044 1.3858387 0.39990813
v -0.20322426 1.3858551 0.39992428
v -0.20318988 1.3721069 0.3999283
v -0.20348307 1.3767946 0.39993238
v -0.20410235 1.3858743 0.39988804
v -0.20420414 1.3768567 0.39987373
v -0.20397365 1.3719491 0.39985996
v -0.20468338 1.3769021 0.39905646
v -0.20335025 1.3694589 0.39986968
v -0.20443691 1.3718476 0.39881182
v -0.20470504 1.3763452 0.38122717
v -0.20125678 1.3653486 0.3989698
v -0.20395412 1.3692923 0.39891168
v -0.20453246 1.3718297 0.38203374
v -0.20471157 1.3783473 0.37937096
v -0.19758163 1.3620309 0.39921558
v -0.20389667 1.3692862 0.3823346
v -0.20122501 1.365242 0.38226563
v -0.20469928 1.3772829 0.37863603
v -0.20469756 1.3780318 0.3763692
v -0.20470913 1.3759695 0.37975284
v -0.20444888 1.371792 0.3806327
v -0.20382018 1.3693864 0.38094723
v -0.2046847 1.3774438 0.3743007
v -0.19782622 1.3621811 0.3822384
v -0.20117858 1.3652946 0.38097155
v -0.19241196 1.3594617 0.39924678
v -0.18718639 1.3588257 0.39985088
v -0.18718639 1.3583934 0.39929783
v -0.19248322 1.3594396 0.3822214
v -0.1819609 1.3594617 0.39924678
v -0.19781803 1.3621877 0.3809286
v -0.18718643 1.3583331 0.38215762
v -0.17679115 1.3620311 0.39921558
v -0.19239196 1.3594365 0.38077864
v -0.18188956 1.3594398 0.3822214
v -0.173116 1.3653486 0.3989698
v -0.17654654 1.362181 0.3822384
v -0.18718639 1.3583604 0.38073054
v -0.17314777 1.3652418 0.38226563
v -0.18198082 1.3594365 0.38077864
v -0.17047611 1.3692863 0.3823346
v -0.17655475 1.3621876 0.3809286
v -0.1698404 1.3718297 0.38203374
v -0.1731942 1.3652946 0.38097155
v -0.1705526 1.3693864 0.38094723
v -0.19206657 1.3598875 0.37982342
v -0.18718643 1.3590573 0.37980333
v -0.18230629 1.3598874 0.37982342
v -0.17678131 1.3625718 0.3798544
v -0.17372249 1.3654758 0.37978926
v -0.19759147 1.3625718 0.3798544
v -0.20065029 1.3654758 0.37978926
v -0.20338035 1.3695157 0.37981403
v -0.2040134 1.3718258 0.37952784
v -0.20429558 1.3753512 0.3791159
v -0.20398346 1.3762197 0.37823159
v -0.20416617 1.3769932 0.37659958
v -0.20211394 1.375586 0.3776057
v -0.20180118 1.3747084 0.37862518
v -0.20092358 1.3725209 0.3789627
v -0.20015308 1.370382 0.3790416
v -0.20242672 1.3760257 0.37638283
v -0.20396057 1.3763816 0.37478146
v -0.20143554 1.375018 0.37629825
v -0.2023547 1.3757374 0.37487972
v -0.20413753 1.375496 0.3737214
v -0.20035927 1.3729028 0.37630484
v -0.20205425 1.3747509 0.37381193
v -0.19799908 1.3665472 0.37903336
v -0.1995425 1.3707027 0.3763882
v -0.2007206 1.3723582 0.37373573
v -0.19536765 1.3644471 0.37903494
v -0.20399624 1.3711697 0.3731007
v -0.19990268 1.3705833 0.37375703
v -0.19804695 1.3674344 0.3765341
v -0.19120681 1.3634224 0.37896544
v -0.1955466 1.3650012 0.3765555
v -0.19834858 1.3673395 0.3737383
v -0.20354506 1.3695565 0.3729043
v -0.20450817 1.3712356 0.3720673
v -0.18718643 1.3632481 0.3789519
v -0.19182357 1.3638725 0.37637982
v -0.19598171 1.3646966 0.3736709
v -0.20065464 1.3652828 0.37288013
v -0.18316604 1.3634222 0.37896544
v -0.18718639 1.3636656 0.37633502
v -0.1918917 1.3635894 0.37382916
v -0.17900512 1.3644471 0.37903494
v -0.18254921 1.3638723 0.37637982
v -0.20396873 1.3692514 0.37195507
v -0.19697826 1.3620394 0.37288603
v -0.18718639 1.3631902 0.3737034
v -0.20078708 1.3647702 0.37210363
v -0.19232117 1.3598022 0.37283543
v -0.19704533 1.3617108 0.37215224
v -0.17882617 1.3650012 0.3765555
v -0.18248108 1.3635894 0.37382916
v -0.18718643 1.3587807 0.37279922
v -0.19237232 1.3594149 0.37194818
v -0.1763737 1.3665472 0.37903336
v -0.17099243 1.3695157 0.37981403
v -0.16992389 1.371792 0.3806327
v -0.16966774 1.3763454 0.38122717
v -0.16966121 1.3783474 0.37937096
v -0.16966876 1.3859222 0.3758096
v -0.17032944 1.3864053 0.3993461
v -0.17027041 1.3858742 0.39988804
v -0.17114852 1.385855 0.39992428
v -0.16966365 1.3759695 0.37975284
v -0.17035937 1.3718258 0.37952784
v -0.1742197 1.3703821 0.3790416
v -0.17632583 1.3674343 0.3765341
v -0.17839107 1.3646966 0.3736709
v -0.18205161 1.3598024 0.37283543
v -0.18718643 1.3583418 0.37188143
v -0.16967358 1.3772829 0.37863603
v -0.1700772 1.3753511 0.3791159
v -0.1734492 1.3725207 0.3789627
v -0.17483027 1.3707027 0.3763882
v -0.1760242 1.3673395 0.3737383
v -0.17739452 1.3620394 0.37288603
v -0.18200046 1.3594149 0.37194818
v -0.16966292 1.379437 0.37643516
v -0.17038932 1.3762199 0.37823159
v -0.1725716 1.3747082 0.37862518
v -0.17401351 1.3729028 0.37630484
v -0.1744701 1.3705833 0.37375703
v -0.17371814 1.3652825 0.37288013
v -0.17732745 1.3617109 0.37215224
v -0.16967522 1.3780321 0.3763692
v -0.17293724 1.3750179 0.37629825
v -0.17365219 1.3723581 0.37373573
v -0.17082772 1.3695565 0.3729043
v -0.1735857 1.3647702 0.37210363
v -0.17225882 1.375586 0.3776057
v -0.17194606 1.3760256 0.37638283
v -0.1702066 1.3769934 0.37659958
v -0.16968808 1.3774438 0.3743007
v -0.17231853 1.3747506 0.37381193
v -0.17041229 1.3763816 0.37478146
v -0.17201808 1.3757374 0.37487972
v -0.17023525 1.3754959 0.3737214
v -0.17037654 1.3711696 0.3731007
v -0.1696693 1.3760185 0.37275866
v -0.16966304 1.3787773 0.3732461
v -0.17040405 1.3692513 0.37195507
v -0.16967487 1.3764473 0.37137672
v -0.16986461 1.3712357 0.3720673
v -0.16984157 1.3714463 0.37082303
v -0.17042007 1.3691725 0.37086716
v -0.17367336 1.3646891 0.3708127
v -0.1774414 1.3615968 0.3708244
v -0.18209071 1.3593727 0.3709381
v -0.18718639 1.3583364 0.37069497
v -0.19228207 1.3593725 0.3709381
v -0.19693138 1.3615968 0.3708244
v -0.20069942 1.364689 0.3708127
v -0.20395271 1.3691725 0.37086716
v -0.20453121 1.3714464 0.37082303
v -0.1823513 1.3592798 0.36634684
v -0.18718643 1.3583337 0.3662911
v -0.19202147 1.3592798 0.36634684
v -0.19718082 1.3617806 0.36642593
v -0.20066455 1.3647921 0.3666584
v -0.20387623 1.369168 0.36662188
v -0.20450996 1.3713084 0.36644053
v -0.17719196 1.3617805 0.36642593
v -0.17370823 1.3647921 0.3666584
v -0.17049655 1.369168 0.36662188
v -0.16986282 1.3713084 0.36644053
v -0.16968341 1.3764542 0.36523017
v -0.16967064 1.3786424 0.3638168
v -0.18220146 1.3593386 0.3651638
v -0.17725696 1.3618294 0.36514917
v -0.17364857 1.3649228 0.3652645
v -0.1704964 1.3691953 0.36527354
v -0.16987133 1.3712642 0.3651629
v -0.18718643 1.3583435 0.3651078
v -0.19217132 1.3593388 0.3651638
v -0.19711582 1.3618294 0.36514917
v -0.20072429 1.3649228 0.3652645
v -0.20387638 1.3691953 0.36527354
v -0.20450145 1.3712643 0.3651629
v -0.18718643 1.358896 0.36423004
v -0.19194317 1.3597904 0.3642048
v -0.19699146 1.3622235 0.36418635
v -0.20084484 1.3651805 0.3642742
v -0.20356685 1.3692414 0.36436206
v -0.20419772 1.3711517 0.36420187
v -0.18242961 1.3597904 0.3642048
v -0.17738132 1.3622234 0.36418635
v -0.17352794 1.3651805 0.3642742
v -0.17080593 1.3692415 0.36436206
v -0.17878509 1.3646127 0.36287963
v -0.20075248 1.3722236 0.3629
v -0.17928413 1.3647625 0.3605964
v -0.17653827 1.3665931 0.36280036
v -0.17911579 1.3645248 0.35816792
v -0.17670017 1.3668454 0.36054292
v -0.17477009 1.3699434 0.36271158
v -0.17732354 1.3622259 0.3567175
v -0.17646953 1.3667943 0.35820028
v -0.17712542 1.3617953 0.35581425
v -0.17017505 1.3711516 0.36420187
v -0.1750521 1.3698938 0.36055827
v -0.1739688 1.3651392 0.35670787
v -0.1771104 1.3617783 0.35437453
v -0.16968676 1.37584 0.36395863
v -0.1696918 1.377151 0.36309558
v -0.1736203 1.3722236 0.3629
v -0.17471412 1.3699054 0.35815006
v -0.17352833 1.3648105 0.35565934
v -0.17005463 1.3750453 0.3633381
v -0.1740305 1.3724612 0.36063784
v -0.17259678 1.3744545 0.36270487
v -0.17096649 1.3691865 0.35662577
v -0.17015773 1.3763571 0.3624237
v -0.17346947 1.3648565 0.35421124
v -0.17040634 1.3694645 0.35572916
v -0.17022263 1.3710508 0.35680705
v -0.17343788 1.3725003 0.35799456
v -0.1729338 1.3747529 0.36058867
v -0.17189564 1.3755754 0.36224535
v -0.17181759 1.3760226 0.3606454
v -0.17247523 1.3747046 0.35830647
v -0.17020592 1.3754005 0.35786954
v -0.17186794 1.3757997 0.35911986
v -0.17015502 1.3770419 0.36057758
v -0.1696735 1.3780735 0.36057982
v -0.17017712 1.3765804 0.35883847
v -0.16968136 1.377497 0.35833523
v -0.16967116 1.376191 0.35679674
v -0.1696804 1.3795505 0.36053002
v -0.16967933 1.3789607 0.35745707
v -0.16985427 1.3715123 0.35572273
v -0.16967876 1.3767313 0.35553116
v -0.170298 1.3695247 0.3540627
v -0.16984627 1.3716072 0.35427868
v -0.16967896 1.3768225 0.34708744
v -0.16985622 1.3716667 0.34813398
v -0.17036727 1.3693253 0.34839457
v -0.17339785 1.3649313 0.34859306
v -0.16967723 1.3786161 0.34541774
v -0.17689292 1.3619357 0.3485189
v -0.17681858 1.3619872 0.3469873
v -0.17705886 1.3624009 0.34616265
v -0.17346485 1.3650274 0.34734985
v -0.17051257 1.3693695 0.34695223
v -0.17886204 1.3644913 0.34484583
v -0.17349894 1.3654732 0.34622377
v -0.16996403 1.3715302 0.3466036
v -0.17630596 1.3668711 0.3447679
v -0.17119102 1.3694415 0.3460952
v -0.16973576 1.3758401 0.34561476
v -0.17497882 1.3702197 0.34231642
v -0.17067051 1.3714437 0.3458797
v -0.17459914 1.3699533 0.34488145
v -0.16982585 1.3769504 0.34472427
v -0.17409046 1.372536 0.3424244
v -0.17019932 1.3753833 0.3449981
v -0.17368625 1.3722717 0.34483516
v -0.17258216 1.374586 0.34463972
v -0.17348613 1.3724048 0.33986327
v -0.1728332 1.375057 0.3425327
v -0.17031536 1.3764032 0.34424183
v -0.17253895 1.3748264 0.340366
v -0.17227161 1.3754872 0.34400374
v -0.17191662 1.3760154 0.34249324
v -0.17200184 1.3757145 0.34098572
v -0.17033058 1.3768947 0.34250918
v -0.17021446 1.376407 0.34054926
v -0.169822 1.3774899 0.3424842
v -0.16981274 1.3770694 0.34014484
v -0.16967598 1.3790176 0.34248495
v -0.17001125 1.3864106 0.3602209
v -0.1700103 1.3864077 0.37567028
v -0.1709351 1.3864567 0.3601178
v -0.17092255 1.3863994 0.39945197
v -0.17084843 1.3864589 0.37552813
v -0.1733071 1.3864295 0.36071086
v -0.17336856 1.3863636 0.39952633
v -0.17331234 1.3858387 0.39990813
v -0.1737143 1.3857499 0.39947382
v -0.17331038 1.3864304 0.37616533
v -0.17376423 1.385831 0.37599868
v -0.17374744 1.3859912 0.36071846
v -0.17330363 1.3864288 0.34301075
v -0.17375107 1.3859637 0.34301752
v -0.17375928 1.3858497 0.32412913
v -0.20509887 1.3923804 0.45493168
v -0.20299476 1.387841 0.45497358
v -0.20476413 1.3888813 0.45456368
v -0.20272057 1.3924156 0.45508403
v -0.19393077 1.3879157 0.45499545
v -0.2049565 1.409975 0.45496657
v -0.1937823 1.3927772 0.45526755
v -0.18715218 1.3882242 0.45503402
v -0.2015668 1.4104201 0.45543158
v -0.20476031 1.4122479 0.45448446
v -0.20068954 1.4137385 0.45547697
v -0.19084522 1.4117154 0.45714682
v -0.18995182 1.4159027 0.45744246
v -0.18685126 1.4157345 0.4578171
v -0.18731254 1.3924999 0.45538932
v -0.18141219 1.3881357 0.45494393
v -0.18727218 1.4113853 0.45752335
v -0.18377559 1.4151956 0.45737392
v -0.18161304 1.3924589 0.45525798
v -0.17375721 1.3881209 0.45503935
v -0.18378757 1.4109908 0.4571282
v -0.1737474 1.4132589 0.45556867
v -0.17414856 1.3924354 0.45516485
v -0.17022681 1.3889445 0.45499495
v -0.16994968 1.3927596 0.45506087
v -0.17325416 1.4084741 0.45547616
v -0.1700161 1.4106741 0.45499846
v -0.16978881 1.4069958 0.45501974
v -0.18325217 1.3912022 0.51526624
v -0.18718635 1.3897543 0.51505804
v -0.18718635 1.3904822 0.51520795
v -0.1829386 1.3906698 0.515358
v -0.17999114 1.3931335 0.51519203
v -0.18232727 1.3887212 0.5130408
v -0.18718635 1.3878468 0.51308775
v -0.18718635 1.3862807 0.5118878
v -0.17941147 1.3927125 0.5148689
v -0.17702971 1.397141 0.51515156
v -0.17823829 1.3919536 0.5122644
v -0.18190712 1.3870873 0.5118833
v -0.17642082 1.3968563 0.5146215
v -0.17611457 1.4014001 0.51498467
v -0.17460486 1.3962299 0.51271254
v -0.17548461 1.4012789 0.51452297
v -0.17658325 1.4051346 0.51472116
v -0.18152328 1.3864088 0.51160467
v -0.18718635 1.385441 0.511405
v -0.18718635 1.3848622 0.51012397
v -0.17629555 1.3902378 0.5118537
v -0.17562546 1.3899323 0.51117116
v -0.17554298 1.3897029 0.5104031
v -0.1812429 1.3859152 0.5106174
v -0.18718639 1.3848277 0.4975353
v -0.17254196 1.3956354 0.51183903
v -0.18139125 1.3858812 0.49773502
v -0.17198196 1.3954364 0.5114677
v -0.18144889 1.3859091 0.48351875
v -0.18718639 1.3849096 0.48374504
v -0.18718643 1.3849629 0.48245177
v -0.1812603 1.3859658 0.48236936
v -0.18718639 1.3856779 0.48108676
v -0.18143551 1.3866678 0.4812312
v -0.18718643 1.3875653 0.47995117
v -0.17513953 1.3900387 0.4821644
v -0.17523201 1.3899904 0.4833987
v -0.1754359 1.3895842 0.4976345
v -0.17162284 1.3954371 0.49767283
v -0.171697 1.3953494 0.51074356
v -0.17049064 1.4015831 0.51045716
v -0.17170177 1.3953227 0.48296118
v -0.17097092 1.401794 0.5113231
v -0.17039761 1.4020425 0.4974985
v -0.1715789 1.4016612 0.51186407
v -0.1735501 1.4016731 0.51255673
v -0.17282929 1.407935 0.51185936
v -0.17456551 1.4067448 0.5122855
v -0.17627174 1.4055725 0.51443195
v -0.17908843 1.4090949 0.51523054
v -0.17865242 1.4097829 0.5150544
v -0.18188156 1.4112536 0.5151006
v -0.1774617 1.4114234 0.5124723
v -0.17671143 1.4128876 0.5118882
v -0.17239311 1.4083039 0.5114921
v -0.18158302 1.4118081 0.5150266
v -0.18497802 1.4124129 0.51502687
v -0.1812204 1.4139898 0.5125518
v -0.18466659 1.4131083 0.5150863
v -0.18718635 1.4126042 0.51510125
v -0.18444473 1.414989 0.5130037
v -0.18051979 1.4158322 0.51184905
v -0.18718635 1.4134512 0.51523274
v -0.18939468 1.4124129 0.51502687
v -0.18718635 1.4152504 0.5127245
v -0.18970619 1.4131083 0.5150863
v -0.19249122 1.4112538 0.5151006
v -0.17624398 1.4135221 0.5113889
v -0.18442154 1.4167343 0.51188606
v -0.18992805 1.414989 0.5130037
v -0.19278976 1.411808 0.5150266
v -0.19528426 1.4090949 0.51523054
v -0.18024352 1.4164121 0.51150924
v -0.18718635 1.4168127 0.51189554
v -0.19315231 1.4139898 0.5125518
v -0.19572036 1.4097829 0.5150544
v -0.19778946 1.4051346 0.51472116
v -0.18419753 1.4175867 0.5116171
v -0.18995124 1.4167341 0.51188606
v -0.19691108 1.4114234 0.5124723
v -0.19810104 1.4055727 0.51443195
v -0.19825813 1.4014001 0.51498467
v -0.18718635 1.417693 0.5113476
v -0.18464416 1.4179504 0.5103853
v -0.19385292 1.415832 0.51184905
v -0.19017525 1.4175864 0.5116171
v -0.19980727 1.4067448 0.5122855
v -0.19888817 1.4012789 0.51452297
v -0.19734307 1.397141 0.51515156
v -0.1803379 1.4167448 0.51021
v -0.18469463 1.4181576 0.49657685
v -0.18718635 1.4183015 0.51028377
v -0.17594215 1.4138309 0.5102494
v -0.20082267 1.401673 0.51255673
v -0.19795188 1.3968563 0.5146215
v -0.19438164 1.3931335 0.51519203
v -0.18066333 1.4169816 0.49686772
v -0.17199592 1.4084175 0.5106339
v -0.1720829 1.4087749 0.49720222
v -0.19976783 1.3962299 0.51271254
v -0.19496123 1.3927125 0.5148689
v -0.1911206 1.3912022 0.51526624
v -0.1961344 1.3919536 0.5122644
v -0.20183074 1.3956354 0.51183903
v -0.19143417 1.3906697 0.515358
v -0.18718635 1.3904822 0.51520795
v -0.18718635 1.3897543 0.51505804
v -0.18718635 1.3878468 0.51308775
v -0.19204551 1.3887212 0.5130408
v -0.19807716 1.3902378 0.5118537
v -0.19246566 1.3870875 0.5118833
v -0.18718635 1.3862807 0.5118878
v -0.18718635 1.385441 0.511405
v -0.2027938 1.4016612 0.51186407
v -0.1928495 1.3864088 0.51160467
v -0.20239082 1.3954365 0.5114677
v -0.19312988 1.3859152 0.5106174
v -0.18718635 1.3848622 0.51012397
v -0.19874725 1.3899324 0.51117116
v -0.20267577 1.3953494 0.51074356
v -0.20154342 1.407935 0.51185936
v -0.20340186 1.4017941 0.5113231
v -0.20197959 1.4083036 0.5114921
v -0.19766128 1.4128876 0.5118882
v -0.1981288 1.4135221 0.5113889
v -0.19412926 1.4164121 0.51150924
v -0.20388214 1.4015831 0.51045716
v -0.20237678 1.4084176 0.5106339
v -0.19843063 1.4138309 0.5102494
v -0.19403487 1.416745 0.51021
v -0.20397517 1.4020426 0.4974985
v -0.19854724 1.4139074 0.49706152
v -0.18972854 1.4179503 0.5103853
v -0.20228988 1.4087749 0.49720222
v -0.19370945 1.4169818 0.49686772
v -0.18718639 1.4183415 0.49703756
v -0.18967807 1.4181576 0.49657685
v -0.19353488 1.4169972 0.48289046
v -0.1982756 1.4139568 0.4830226
v -0.20222336 1.4085433 0.48298025
v -0.18718639 1.4183378 0.4960562
v -0.18537766 1.4182408 0.49605045
v -0.18899512 1.4182409 0.49605045
v -0.18540466 1.4182703 0.4828611
v -0.18987174 1.4180965 0.48276746
v -0.18896812 1.4182703 0.4828611
v -0.18450104 1.4180965 0.48276746
v -0.1855072 1.4182317 0.48237905
v -0.18495396 1.4180158 0.48177794
v -0.18717483 1.4183524 0.48233503
v -0.19352683 1.4169395 0.4818945
v -0.18941882 1.4180157 0.48177794
v -0.18886559 1.4182317 0.48237905
v -0.18718643 1.418134 0.48169222
v -0.1808379 1.4169972 0.48289046
v -0.18718639 1.4173467 0.48104438
v -0.18948318 1.4171224 0.48103103
v -0.1848896 1.4171225 0.48103103
v -0.198232 1.4139421 0.48200133
v -0.19312519 1.4158832 0.4809948
v -0.20211944 1.4084785 0.48186466
v -0.19774567 1.4132864 0.48103583
v -0.2039479 1.4018115 0.48268113
v -0.20274994 1.395437 0.49767283
v -0.19893688 1.3895842 0.4976345
v -0.202671 1.3953227 0.48296118
v -0.1988298 1.3897029 0.5104031
v -0.19298153 1.3858811 0.49773502
v -0.18718639 1.3848277 0.4975353
v -0.18718639 1.3849096 0.48374504
v -0.19292389 1.3859091 0.48351875
v -0.19914077 1.3899903 0.4833987
v -0.19311248 1.3859657 0.48236936
v -0.18718643 1.3849629 0.48245177
v -0.20255096 1.395316 0.4820625
v -0.19293727 1.3866678 0.4812312
v -0.18718639 1.3856779 0.48108676
v -0.19923325 1.3900386 0.4821644
v -0.1922911 1.3892623 0.48044863
v -0.18718643 1.3875653 0.47995117
v -0.18718639 1.3901672 0.4777573
v -0.19880214 1.3906369 0.48116878
v -0.20179798 1.3956956 0.48107845
v -0.20375644 1.4017817 0.48168394
v -0.19742863 1.3923656 0.48088455
v -0.19134891 1.3911242 0.47858298
v -0.2030199 1.4016342 0.4810651
v -0.2011626 1.4081804 0.48122752
v -0.19137512 1.3913027 0.47808853
v -0.18718639 1.3904817 0.47749
v -0.19540927 1.3941214 0.47787657
v -0.19569324 1.3939607 0.47813654
v -0.19736733 1.3969967 0.47785705
v -0.1999063 1.3963178 0.48037016
v -0.19826877 1.39671 0.47775024
v -0.19825596 1.4019972 0.47809654
v -0.20103844 1.4017744 0.48020235
v -0.19945556 1.4019728 0.47813007
v -0.19759338 1.4058062 0.47799003
v -0.19959511 1.4069728 0.48094383
v -0.19799381 1.4060465 0.47802657
v -0.19506824 1.4093157 0.47752607
v -0.19704986 1.4117569 0.4806227
v -0.19537029 1.4096545 0.47786146
v -0.19157924 1.4122331 0.47798964
v -0.19148429 1.4117385 0.47747597
v -0.18718643 1.4126115 0.4780703
v -0.18718639 1.4133973 0.4777725
v -0.18288848 1.4117388 0.47747597
v -0.19264358 1.4146478 0.4801384
v -0.18924163 1.4155782 0.48074397
v -0.18718639 1.4157099 0.48094976
v -0.18513115 1.4155782 0.48074397
v -0.18279354 1.4122331 0.47798964
v -0.1790025 1.4096545 0.47786146
v -0.17930454 1.4093157 0.47752607
v -0.1767794 1.4058064 0.47799003
v -0.18124759 1.415883 0.4809948
v -0.1817292 1.4146479 0.4801384
v -0.18084595 1.4169394 0.4818945
v -0.17662719 1.4132864 0.48103583
v -0.17614079 1.4139421 0.48200133
v -0.17732292 1.4117569 0.4806227
v -0.17637897 1.4060465 0.47802657
v -0.17611682 1.4019973 0.47809654
v -0.17321017 1.4081805 0.48122752
v -0.17477767 1.4069726 0.48094383
v -0.17491722 1.4019727 0.47813007
v -0.17700545 1.3969969 0.47785705
v -0.17333435 1.4017744 0.48020235
v -0.17135288 1.401634 0.4810651
v -0.17610401 1.39671 0.47775024
v -0.1789635 1.3941214 0.47787657
v -0.17446648 1.3963178 0.48037016
v -0.17867954 1.3939606 0.47813654
v -0.18299766 1.3913027 0.47808853
v -0.17225334 1.4084784 0.48186466
v -0.1725748 1.3956956 0.48107845
v -0.17694415 1.3923656 0.48088455
v -0.18302387 1.3911244 0.47858298
v -0.18718639 1.3904817 0.47749
v -0.18718639 1.3901672 0.4777573
v -0.18208167 1.3892623 0.48044863
v -0.17557064 1.3906369 0.48116878
v -0.17182182 1.3953158 0.4820625
v -0.17061634 1.4017817 0.48168394
v -0.17042488 1.4018114 0.48268113
v -0.17214942 1.4085433 0.48298025
v -0.17582554 1.4139076 0.49706152
v -0.17609718 1.4139568 0.4830226
v -0.1911206 1.3912022 0.51526624
v -0.18718635 1.3905392 0.5196272
v -0.18718635 1.3904822 0.51520795
v -0.1914408 1.3914039 0.5197486
v -0.18718635 1.3909923 0.5204864
v -0.19438164 1.3931335 0.51519203
v -0.19152808 1.391854 0.52047175
v -0.18718635 1.3934125 0.520522
v -0.1947045 1.3935626 0.5199728
v -0.1974849 1.3977101 0.5198715
v -0.19734307 1.397141 0.51515156
v -0.19825813 1.4014001 0.51498467
v -0.19077644 1.3942262 0.52052253
v -0.18718635 1.3939193 0.52010584
v -0.19459167 1.3938884 0.520461
v -0.19051582 1.3946769 0.5201303
v -0.18718635 1.3939548 0.5121564
v -0.19040512 1.3946643 0.51229477
v -0.19319305 1.3959155 0.52052784
v -0.19273712 1.3962903 0.5201659
v -0.19255722 1.3961688 0.51222557
v -0.19719528 1.397837 0.52045083
v -0.19471481 1.3986872 0.5205113
v -0.19434531 1.3988279 0.520231
v -0.19418342 1.3985907 0.51195645
v -0.19475433 1.4009199 0.5121046
v -0.19541161 1.4013094 0.5205272
v -0.19484176 1.4013133 0.5202033
v -0.19464996 1.402976 0.5120455
v -0.19457702 1.4035356 0.52019906
v -0.1937117 1.4054285 0.51204556
v -0.19778252 1.4013008 0.52047783
v -0.19500664 1.4037973 0.5205278
v -0.1981694 1.4012797 0.5198845
v -0.19738068 1.4047428 0.520442
v -0.19762093 1.4050043 0.519849
v -0.19778946 1.4051346 0.51472116
v -0.19528426 1.4090949 0.51523054
v -0.19539604 1.4088196 0.5200012
v -0.19249122 1.4112538 0.5151006
v -0.1951448 1.4083954 0.520501
v -0.1927356 1.4110197 0.51991475
v -0.18939468 1.4124129 0.51502687
v -0.19368453 1.406388 0.5205263
v -0.18951233 1.4122734 0.51988816
v -0.18718635 1.4126042 0.51510125
v -0.19257629 1.410553 0.5205072
v -0.1933944 1.4060417 0.52024597
v -0.18718635 1.4125465 0.51960343
v -0.18497802 1.4124129 0.51502687
v -0.18936332 1.4117745 0.5205185
v -0.19176398 1.4082345 0.52052516
v -0.19158897 1.4078007 0.5201945
v -0.19195175 1.4074501 0.5122154
v -0.18486038 1.4122732 0.51988816
v -0.18188156 1.4112536 0.5151006
v -0.18718635 1.4121293 0.52049375
v -0.1889785 1.409443 0.52052563
v -0.18874939 1.4090105 0.5200947
v -0.1892099 1.4088572 0.51192445
v -0.18163711 1.4110196 0.51991475
v -0.17908843 1.4090949 0.51523054
v -0.18500938 1.4117745 0.5205185
v -0.18718635 1.4096693 0.52052903
v -0.18718635 1.4091846 0.520176
v -0.18718635 1.4091265 0.5118968
v -0.17897667 1.4088197 0.5200012
v -0.17658325 1.4051346 0.51472116
v -0.18179642 1.4105531 0.5205072
v -0.18539421 1.4094431 0.52052563
v -0.18562339 1.4090105 0.5200947
v -0.18516281 1.4088572 0.51192445
v -0.1826088 1.4082347 0.52052516
v -0.18278374 1.4078007 0.5201945
v -0.18242103 1.4074501 0.5122154
v -0.17922798 1.4083954 0.520501
v -0.17675185 1.4050043 0.519849
v -0.18068817 1.4063879 0.5205263
v -0.18097831 1.4060417 0.52024597
v -0.18066101 1.4054285 0.51204556
v -0.17972282 1.4029762 0.5120455
v -0.17699203 1.4047428 0.520442
v -0.17620331 1.4012796 0.5198845
v -0.17611457 1.4014001 0.51498467
v -0.17702971 1.397141 0.51515156
v -0.17979568 1.4035357 0.52019906
v -0.17961845 1.4009199 0.5121046
v -0.17936614 1.4037971 0.5205278
v -0.17953102 1.4013133 0.5202033
v -0.18018936 1.3985907 0.51195645
v -0.17659019 1.4013008 0.52047783
v -0.1789611 1.4013094 0.5205272
v -0.17688781 1.39771 0.5198715
v -0.17999114 1.3931335 0.51519203
v -0.17965797 1.3986872 0.5205113
v -0.1771775 1.397837 0.52045083
v -0.17966819 1.3935624 0.5199728
v -0.18325217 1.3912022 0.51526624
v -0.18002746 1.3988279 0.520231
v -0.17978111 1.3938885 0.520461
v -0.1829319 1.3914039 0.5197486
v -0.18718635 1.3904822 0.51520795
v -0.18718635 1.3905392 0.5196272
v -0.1828447 1.3918542 0.52047175
v -0.18718635 1.3909923 0.5204864
v -0.18117973 1.3959156 0.52052784
v -0.18163566 1.3962901 0.5201659
v -0.18181549 1.3961688 0.51222557
v -0.18359634 1.3942261 0.52052253
v -0.18718635 1.3934125 0.520522
v -0.18385689 1.394677 0.5201303
v -0.18396766 1.3946644 0.51229477
v -0.18718635 1.3939193 0.52010584
v -0.18718635 1.3939548 0.5121564
v -0.20143898 1.3747529 0.36058867
v -0.20250484 1.3757997 0.35911986
v -0.2025552 1.3760226 0.3606454
v -0.201776 1.3744546 0.36270487
v -0.20247714 1.3755754 0.36224535
v -0.20431815 1.3750454 0.3633381
v -0.20421505 1.376357 0.3624237
v -0.204686 1.3758401 0.36395863
v -0.20468937 1.3764542 0.36523017
v -0.2046979 1.3764473 0.37137672
v -0.20470348 1.3760183 0.37275866
v -0.19985615 1.3730882 0.41759893
v -0.19837455 1.370504 0.42126405
v -0.19872837 1.3704163 0.41758537
v -0.19703281 1.3681802 0.41758296
v -0.19981976 1.3733528 0.42132124
v -0.20021102 1.376346 0.4207714
v -0.200709 1.3765277 0.41762462
v -0.20060962 1.3805879 0.41760474
v -0.20037994 1.3796905 0.42200443
v -0.20066108 1.3859222 0.4176099
v -0.19777232 1.3765117 0.42284638
v -0.19924408 1.3735353 0.42270565
v -0.19944923 1.3804902 0.42281768
v -0.19792217 1.3708814 0.42228952
v -0.20047714 1.3858218 0.42197016
v -0.20067753 1.3898969 0.4176116
v -0.19969288 1.3858186 0.422782
v -0.2005355 1.3899221 0.42219698
v -0.19979957 1.3899113 0.42275214
v -0.19660728 1.367909 0.4220889
v -0.19577843 1.3683373 0.42280173
v -0.19399238 1.367103 0.42282566
v -0.19473064 1.3662311 0.42190635
v -0.19494781 1.3662565 0.41759476
v -0.19135615 1.3661456 0.42284647
v -0.19191562 1.3645163 0.41761687
v -0.19180518 1.3647408 0.42219725
v -0.18865909 1.3653102 0.42284626
v -0.18869232 1.3637787 0.41761443
v -0.18900238 1.3639717 0.4221053
v -0.18524872 1.36538 0.42282093
v -0.18515716 1.3637576 0.4176244
v -0.18520893 1.3640062 0.42156732
v -0.18246993 1.3664907 0.42284903
v -0.1816743 1.3647764 0.41761732
v -0.1820351 1.3651959 0.4216503
v -0.17975727 1.3672148 0.42279807
v -0.17869575 1.3663429 0.41762802
v -0.17936976 1.3662559 0.42192084
v -0.17658417 1.3683265 0.4176274
v -0.17781779 1.3691173 0.4228209
v -0.17699829 1.3684025 0.42181554
v -0.17564441 1.3704164 0.41758537
v -0.17599823 1.370504 0.42126405
v -0.17645061 1.3708817 0.42228952
v -0.17451663 1.3730882 0.41759893
v -0.17455302 1.3733529 0.42132124
v -0.1751287 1.3735352 0.42270565
v -0.17366378 1.3765275 0.41762462
v -0.17384887 1.3765978 0.42062563
v -0.1745726 1.3768344 0.42279983
v -0.17434238 1.3804327 0.4227453
v -0.1739273 1.380549 0.42200446
v -0.17361751 1.3806477 0.41762027
v -0.17452171 1.3856966 0.42275625
v -0.1737117 1.3859221 0.4176099
v -0.17389564 1.3858217 0.42197016
v -0.17458007 1.3899657 0.42281592
v -0.17369525 1.3898969 0.4176116
v -0.17383727 1.3899221 0.42219698
v -0.19625534 1.3985018 0.30452034
v -0.19605012 1.4017472 0.30475673
v -0.19689028 1.4017713 0.30463424
v -0.19635841 1.4048595 0.3045214
v -0.19534148 1.3990852 0.30464715
v -0.18706866 1.4010977 0.30445984
v -0.19460668 1.3966655 0.30447045
v -0.19517496 1.3960034 0.30423182
v -0.1935733 1.3938631 0.30404538
v -0.19536556 1.4046147 0.30474988
v -0.19279772 1.3944861 0.30440727
v -0.19073153 1.3932421 0.30440786
v -0.19111964 1.3923657 0.30421856
v -0.1869616 1.3914678 0.3041416
v -0.1870701 1.3923607 0.30440617
v -0.18229349 1.392788 0.30415562
v -0.18279718 1.393509 0.30440623
v -0.17997871 1.395937 0.30439812
v -0.1923164 1.4087945 0.30446142
v -0.17927845 1.3954468 0.3042565
v -0.177383 1.3996601 0.3041092
v -0.178122 1.3996971 0.30439425
v -0.17736909 1.4031533 0.30422163
v -0.17843193 1.4029806 0.3044016
v -0.17901771 1.4059165 0.30439243
v -0.17836681 1.4063852 0.303942
v -0.18025285 1.4089228 0.30333662
v -0.18063234 1.408376 0.30438754
v -0.18343472 1.4100777 0.30439717
v -0.18312803 1.4107721 0.30370483
v -0.18685699 1.4115876 0.30337042
v -0.18682674 1.4108905 0.30439705
v -0.19042699 1.4102887 0.30440173
v -0.19072877 1.4108412 0.30422646
v -0.19261251 1.4096751 0.304213
v -0.19413358 1.4068387 0.30464476
v -0.19493634 1.4073124 0.3043761
v -0.1939006 1.3670295 0.2340417
v -0.18055883 1.3669286 0.23248886
v -0.19381395 1.3669286 0.23248886
v -0.19774665 1.3669307 0.2317424
v -0.18047221 1.3670297 0.2340417
v -0.17610006 1.3670062 0.23399936
v -0.17662613 1.3669307 0.2317424
v -0.17499039 1.3669347 0.23325093
v -0.17393616 1.3669881 0.2323642
v -0.17307094 1.3682715 0.2327499
v -0.17424047 1.3684366 0.23420013
v -0.17597194 1.3682582 0.23453893
v -0.17351134 1.3693188 0.23430194
v -0.17219554 1.3703067 0.23338453
v -0.17270237 1.3863348 0.23458737
v -0.17580211 1.3694346 0.23458733
v -0.17547031 1.3887113 0.23486118
v -0.1804008 1.367498 0.23448136
v -0.19335313 1.3674984 0.2344812
v -0.17378822 1.3860332 0.23467006
v -0.17378606 1.3887416 0.23494516
v -0.17257285 1.3889675 0.23490798
v -0.17252877 1.3911684 0.23559757
v -0.17378166 1.391023 0.2357032
v -0.17282039 1.3934479 0.23675047
v -0.18059655 1.3694956 0.2345758
v -0.19827272 1.3670063 0.23399936
v -0.19202262 1.3696078 0.2345755
v -0.200343 1.3670355 0.23392391
v -0.20145859 1.3670133 0.2334059
v -0.19841897 1.3675302 0.23450315
v -0.20090412 1.3675754 0.23449294
v -0.20199326 1.3679223 0.2340661
v -0.20203722 1.3692508 0.23419511
v -0.20103198 1.3692261 0.23455559
v -0.19859315 1.3692962 0.23458096
v -0.20119062 1.3888891 0.23494461
v -0.20205478 1.3889515 0.23423645
v -0.19239627 1.3889204 0.23470458
v -0.18197651 1.3889203 0.23470458
v -0.19890243 1.3887113 0.23486118
v -0.19260566 1.3906016 0.23521686
v -0.17557643 1.3905593 0.23538856
v -0.18176715 1.3906015 0.23521686
v -0.19879635 1.3905596 0.23538856
v -0.19540031 1.3930849 0.23691641
v -0.20126694 1.3905014 0.23542683
v -0.20217885 1.39075 0.23503534
v -0.17535125 1.3928317 0.23676643
v -0.17897247 1.393085 0.23691641
v -0.17744534 1.3953543 0.23719707
v -0.20117168 1.3928785 0.2367396
v -0.20209676 1.3929449 0.2362355
v -0.20210186 1.3952223 0.23686226
v -0.19902153 1.3928317 0.23676643
v -0.17389353 1.3932765 0.2369468
v -0.17297533 1.39491 0.23688313
v -0.17505561 1.39501 0.23720473
v -0.17634079 1.3987315 0.23715694
v -0.1760604 1.4020677 0.23714368
v -0.17396282 1.3948252 0.23721722
v -0.17258014 1.4023584 0.23701201
v -0.1993172 1.3950102 0.23720473
v -0.19692744 1.3953544 0.23719707
v -0.19803199 1.3987314 0.23715694
v -0.19962299 1.4020617 0.23713692
v -0.19831243 1.4020677 0.23714368
v -0.19734627 1.4064696 0.23714176
v -0.20118627 1.3951255 0.23718365
v -0.20140545 1.4024146 0.23708776
v -0.20216465 1.4026141 0.23660973
v -0.20088865 1.4074963 0.23711151
v -0.2017595 1.4077777 0.23662658
v -0.19882083 1.4076878 0.23713745
v -0.19982569 1.4098518 0.23712468
v -0.200642 1.410644 0.2364988
v -0.19807537 1.4120119 0.23713975
v -0.19862457 1.4129431 0.23682122
v -0.19694343 1.4101949 0.23713599
v -0.1957997 1.4090037 0.23713952
v -0.19497825 1.4142281 0.23714736
v -0.19545592 1.4151028 0.2368868
v -0.1922071 1.416303 0.23666225
v -0.19403945 1.4123898 0.23713829
v -0.19310306 1.4110695 0.23710689
v -0.19181098 1.41554 0.2371426
v -0.1878873 1.4169705 0.23707265
v -0.19108497 1.4136201 0.23714368
v -0.19040985 1.4124614 0.23712909
v -0.18767881 1.4159106 0.23714407
v -0.18741229 1.4139777 0.23714572
v -0.18718639 1.4129957 0.23712012
v -0.18359505 1.4156651 0.23715904
v -0.18346107 1.416813 0.23696253
v -0.18350887 1.413677 0.2371411
v -0.18396293 1.4124614 0.23712909
v -0.1787273 1.4138148 0.23715545
v -0.17841865 1.4148 0.23691747
v -0.17977855 1.4122663 0.23715547
v -0.18126972 1.4110696 0.23710689
v -0.17528467 1.4105947 0.23715363
v -0.17460571 1.4112518 0.23703562
v -0.17687362 1.4096342 0.23715095
v -0.17857309 1.4090039 0.23713952
v -0.17407241 1.4071558 0.23715879
v -0.17303559 1.4074883 0.2370549
v -0.17544428 1.4067922 0.2371531
v -0.17702648 1.4064693 0.23714176
v -0.17336334 1.4024063 0.23715155
v -0.17474982 1.4020617 0.23713692
v -0.22574323 1.2479634 0.1168728
v -0.23199637 1.2474473 0.11750967
v -0.23199698 1.2474504 0.11679779
v -0.22562593 1.247934 0.117446974
v -0.21930027 1.2437265 0.116769485
v -0.22594759 1.2465459 0.118987806
v -0.23170316 1.2460511 0.118993126
v -0.23139061 1.2461196 0.1557426
v -0.21932666 1.2436981 0.117628455
v -0.21718079 1.2373387 0.11678384
v -0.21720023 1.2373387 0.11757656
v -0.21930027 1.2309507 0.116769485
v -0.22034219 1.2427553 0.119022116
v -0.22591151 1.2464975 0.15561004
v -0.21932666 1.2309791 0.117628455
v -0.2254702 1.2267928 0.11684513
v -0.22591506 1.2465054 0.15887877
v -0.22058536 1.2430832 0.15894338
v -0.23140989 1.2461239 0.15892464
v -0.23134494 1.2459537 0.15984859
v -0.22581853 1.2463212 0.15982522
v -0.22085702 1.2429792 0.1599459
v -0.21896556 1.2373387 0.15999159
v -0.22059233 1.2430848 0.15536928
v -0.21868266 1.2373387 0.119126454
v -0.21862356 1.2373387 0.15579198
v -0.21863481 1.2373387 0.15896603
v -0.22058536 1.231594 0.15894338
v -0.22085702 1.2316979 0.1599459
v -0.22581853 1.2283562 0.15982522
v -0.22034219 1.231922 0.119022116
v -0.22059233 1.2315924 0.15536928
v -0.22591506 1.2281721 0.15887877
v -0.23134494 1.2287236 0.15984859
v -0.22594759 1.2281313 0.118987806
v -0.22591151 1.2281799 0.15561004
v -0.23140989 1.2285532 0.15892464
v -0.2353582 1.2317108 0.15987304
v -0.23139061 1.2285578 0.1557426
v -0.2356489 1.2318152 0.15893216
v -0.237172 1.2373387 0.15996958
v -0.23566923 1.2318518 0.15596999
v -0.23170316 1.2286261 0.118993126
v -0.22562593 1.2267433 0.117446974
v -0.23199698 1.2272271 0.11679779
v -0.23199637 1.22723 0.11750967
v -0.23672576 1.2308692 0.11759767
v -0.23679435 1.2308979 0.116832905
v -0.23889938 1.2373387 0.11756364
v -0.2389141 1.2373387 0.11677786
v -0.23679435 1.2437795 0.116832905
v -0.23565976 1.2318343 0.11905245
v -0.23672576 1.2438082 0.11759767
v -0.23199698 1.2474504 0.11679779
v -0.23199637 1.2474473 0.11750967
v -0.23170316 1.2460511 0.118993126
v -0.23742355 1.2373387 0.11913938
v -0.23565976 1.2428429 0.11905245
v -0.23746525 1.2373387 0.15577902
v -0.23566923 1.2428255 0.15596999
v -0.23139061 1.2461196 0.1557426
v -0.23140989 1.2461239 0.15892464
v -0.23745722 1.2373387 0.15896274
v -0.2356489 1.242862 0.15893216
v -0.2353582 1.2429664 0.15987304
v -0.23134494 1.2459537 0.15984859
v -0.237172 1.2373387 0.15996958
v -0.2353582 1.2429664 0.15987304
v -0.2353582 1.2317108 0.15987304
v -0.23134494 1.2287236 0.15984859
v -0.23134494 1.2459537 0.15984859
v -0.22581853 1.2283562 0.15982522
v -0.22581853 1.2463212 0.15982522
v -0.22085702 1.2316979 0.1599459
v -0.22085702 1.2429792 0.1599459
v -0.21896556 1.2373387 0.15999159
v -0.2389141 1.2373387 0.11677786
v -0.23679435 1.2308979 0.116832905
v -0.23679435 1.2437795 0.116832905
v -0.23199698 1.2474504 0.11679779
v -0.23199698 1.2272271 0.11679779
v -0.22574323 1.2479634 0.1168728
v -0.2254702 1.2267928 0.11684513
v -0.21930027 1.2437265 0.116769485
v -0.21930027 1.2309507 0.116769485
v -0.21718079 1.2373387 0.11678384
vt 0.20324707 0.40795898
vt 0.20031738 0.41503906
vt 0.19934082 0.42285156
vt 0.43725586 0.6542969
vt 0.44091797 0.6464844
vt 0.43847656 0.64746094
vt 0.43676758 0.62109375
vt 0.44091797 0.6464844
vt 0.47216797 0.64404297
vt 0.47216797 0.64990234
vt 0.4411621 0.65283203
vt 0.43725586 0.6542969
vt 0.46899414 0.6166992
vt 0.49316406 0.6411133
vt 0.49121094 0.6142578
vt 0.47265625 0.65625
vt 0.49365234 0.64746094
vt 0.43969727 0.6621094
vt 0.4428711 0.6611328
vt 0.43969727 0.6621094
vt 0.44091797 0.6694336
vt 0.42260742 0.6635742
vt 0.4230957 0.67089844
vt 0.42333984 0.65771484
vt 0.43847656 0.64746094
vt 0.42578125 0.6489258
vt 0.43432617 0.62158203
vt 0.4736328 0.6660156
vt 0.49438477 0.6533203
vt 0.4440918 0.67041016
vt 0.39990234 0.6591797
vt 0.40039062 0.65185547
vt 0.40063477 0.6401367
vt 0.39990234 0.66552734
vt 0.4243164 0.68359375
vt 0.44384766 0.68408203
vt 0.40014648 0.671875
vt 0.47705078 0.6850586
vt 0.44604492 0.68408203
vt 0.49609375 0.6635742
vt 0.33764648 0.6591797
vt 0.3388672 0.66552734
vt 0.33569336 0.64697266
vt 0.40014648 0.6020508
vt 0.33984375 0.67041016
vt 0.3400879 0.6748047
vt 0.33813477 0.6699219
vt 0.3400879 0.6748047
vt 0.33129883 0.6064453
vt 0.39916992 0.56152344
vt 0.32763672 0.6064453
vt 0.3310547 0.5942383
vt 0.33740234 0.6660156
vt 0.33544922 0.65966797
vt 0.3293457 0.56152344
vt 0.32641602 0.56152344
vt 0.32543945 0.6699219
vt 0.32788086 0.5185547
vt 0.32543945 0.5180664
vt 0.42578125 0.5571289
vt 0.43139648 0.5991211
vt 0.4333496 0.5986328
vt 0.43847656 0.64746094
vt 0.46533203 0.59228516
vt 0.48657227 0.58740234
vt 0.39697266 0.5214844
vt 0.41870117 0.5180664
vt 0.4572754 0.55029297
vt 0.39624023 0.50683594
vt 0.32617188 0.49121094
vt 0.41577148 0.5029297
vt 0.47802734 0.5444336
vt 0.44921875 0.51220703
vt 0.46875 0.50634766
vt 0.5185547 0.6118164
vt 0.51416016 0.58203125
vt 0.5048828 0.53564453
vt 0.52001953 0.63378906
vt 0.52001953 0.6425781
vt 0.5214844 0.6503906
vt 0.52441406 0.65966797
vt 0.46533203 0.4946289
vt 0.49267578 0.4987793
vt 0.44628906 0.4975586
vt 0.41333008 0.4885254
vt 0.39257812 0.48608398
vt 0.4638672 0.48608398
vt 0.4440918 0.48632812
vt 0.48876953 0.49145508
vt 0.41259766 0.48120117
vt 0.5083008 0.5332031
vt 0.49560547 0.49731445
vt 0.5180664 0.5800781
vt 0.52246094 0.6098633
vt 0.5229492 0.6333008
vt 0.5234375 0.64208984
vt 0.52441406 0.6508789
vt 0.52685547 0.65966797
vt 0.5288086 0.5805664
vt 0.53222656 0.61083984
vt 0.53222656 0.6333008
vt 0.53271484 0.6425781
vt 0.53271484 0.65185547
vt 0.53222656 0.66308594
vt 0.51953125 0.5332031
vt 0.5341797 0.68359375
vt 0.5024414 0.68310547
vt 0.48388672 0.70703125
vt 0.53466797 0.6430664
vt 0.53515625 0.6508789
vt 0.53515625 0.6616211
vt 0.57373047 0.68066406
vt 0.53759766 0.7050781
vt 0.57373047 0.6503906
vt 0.53564453 0.63427734
vt 0.50878906 0.70458984
vt 0.57421875 0.6586914
vt 0.5751953 0.6430664
vt 0.53564453 0.6123047
vt 0.5756836 0.6352539
vt 0.5805664 0.63378906
vt 0.57910156 0.6430664
vt 0.578125 0.6503906
vt 0.53222656 0.58203125
vt 0.57714844 0.61621094
vt 0.5830078 0.61572266
vt 0.57910156 0.65966797
vt 0.6098633 0.65771484
vt 0.6088867 0.6640625
vt 0.5229492 0.5332031
vt 0.57666016 0.58496094
vt 0.58203125 0.58251953
vt 0.56347656 0.53125
vt 0.56689453 0.5283203
vt 0.5576172 0.51416016
vt 0.5151367 0.5102539
vt 0.5180664 0.50927734
vt 0.5053711 0.5
vt 0.5107422 0.49414062
vt 0.5131836 0.5004883
vt 0.5161133 0.5004883
vt 0.5131836 0.5004883
vt 0.55566406 0.50634766
vt 0.5595703 0.5126953
vt 0.515625 0.49414062
vt 0.5576172 0.5048828
vt 0.5698242 0.5053711
vt 0.5551758 0.49682617
vt 0.5576172 0.49682617
vt 0.5698242 0.49023438
vt 0.55566406 0.4892578
vt 0.55810547 0.49072266
vt 0.515625 0.48706055
vt 0.5571289 0.48046875
vt 0.5126953 0.48632812
vt 0.5600586 0.47875977
vt 0.51708984 0.47705078
vt 0.5595703 0.4645996
vt 0.56152344 0.46533203
vt 0.51953125 0.46044922
vt 0.57177734 0.46289062
vt 0.59716797 0.48950195
vt 0.59716797 0.46362305
vt 0.6113281 0.46020508
vt 0.51416016 0.47607422
vt 0.49389648 0.45654297
vt 0.5786133 0.49536133
vt 0.58496094 0.5058594
vt 0.5942383 0.5083008
vt 0.6152344 0.48364258
vt 0.63134766 0.46801758
vt 0.50146484 0.48632812
vt 0.50097656 0.49389648
vt 0.49169922 0.4897461
vt 0.49047852 0.48461914
vt 0.48779297 0.48583984
vt 0.49023438 0.4765625
vt 0.4873047 0.4765625
vt 0.4633789 0.47729492
vt 0.4633789 0.45947266
vt 0.48950195 0.45776367
vt 0.4428711 0.4790039
vt 0.43969727 0.46020508
vt 0.4111328 0.46606445
vt 0.39233398 0.48046875
vt 0.39208984 0.46435547
vt 0.32666016 0.4790039
vt 0.32714844 0.45874023
vt 0.32373047 0.4790039
vt 0.3232422 0.45825195
vt 0.29370117 0.45825195
vt 0.32592773 0.48461914
vt 0.32373047 0.4921875
vt 0.27954102 0.4741211
vt 0.27270508 0.45776367
vt 0.2722168 0.4711914
vt 0.2626953 0.49023438
vt 0.27929688 0.48339844
vt 0.265625 0.4958496
vt 0.3232422 0.484375
vt 0.27978516 0.48950195
vt 0.26098633 0.5024414
vt 0.28173828 0.52441406
vt 0.2578125 0.51464844
vt 0.25952148 0.5209961
vt 0.3046875 0.52246094
vt 0.30541992 0.55908203
vt 0.26123047 0.5292969
vt 0.25268555 0.5288086
vt 0.24987793 0.5390625
vt 0.28198242 0.55566406
vt 0.28344727 0.56152344
vt 0.30493164 0.5625
vt 0.26391602 0.55615234
vt 0.24963379 0.5473633
vt 0.30517578 0.5683594
vt 0.25097656 0.5527344
vt 0.24353027 0.54833984
vt 0.24194336 0.55615234
vt 0.31445312 0.5966797
vt 0.32739258 0.59375
vt 0.31518555 0.5986328
vt 0.26245117 0.5629883
vt 0.24584961 0.56103516
vt 0.2364502 0.56347656
vt 0.2854004 0.56933594
vt 0.29589844 0.5991211
vt 0.24658203 0.5683594
vt 0.26416016 0.56933594
vt 0.24597168 0.57421875
vt 0.22790527 0.5776367
vt 0.22949219 0.5839844
vt 0.30004883 0.6035156
vt 0.25195312 0.58154297
vt 0.26708984 0.57958984
vt 0.2685547 0.57470703
vt 0.27490234 0.6044922
vt 0.25 0.5878906
vt 0.22888184 0.5966797
vt 0.23474121 0.6015625
vt 0.25512695 0.5957031
vt 0.26904297 0.6040039
vt 0.28051758 0.61328125
vt 0.27294922 0.6064453
vt 0.30517578 0.61376953
vt 0.26367188 0.6069336
vt 0.2590332 0.60302734
vt 0.25317383 0.6044922
vt 0.26000977 0.61328125
vt 0.24938965 0.6020508
vt 0.24255371 0.60595703
vt 0.23693848 0.60595703
vt 0.23461914 0.6098633
vt 0.2446289 0.60839844
vt 0.23449707 0.6176758
vt 0.2524414 0.6113281
vt 0.25073242 0.61621094
vt 0.25756836 0.6191406
vt 0.24560547 0.6298828
vt 0.23217773 0.6225586
vt 0.2401123 0.63183594
vt 0.2861328 0.6269531
vt 0.26293945 0.64160156
vt 0.2442627 0.65185547
vt 0.23803711 0.64453125
vt 0.26123047 0.64746094
vt 0.28125 0.65625
vt 0.2631836 0.6538086
vt 0.29223633 0.6401367
vt 0.30615234 0.61865234
vt 0.25756836 0.65478516
vt 0.24353027 0.66064453
vt 0.3330078 0.6464844
vt 0.33569336 0.64697266
vt 0.27172852 0.65966797
vt 0.24731445 0.66259766
vt 0.24768066 0.6694336
vt 0.25170898 0.6713867
vt 0.26367188 0.66748047
vt 0.27392578 0.66259766
vt 0.33764648 0.6591797
vt 0.3388672 0.66552734
vt 0.32470703 0.6635742
vt 0.30419922 0.6533203
vt 0.30566406 0.67041016
vt 0.29541016 0.6738281
vt 0.26464844 0.67089844
vt 0.30615234 0.68847656
vt 0.28710938 0.6855469
vt 0.27978516 0.6748047
vt 0.27661133 0.6816406
vt 0.26171875 0.6748047
vt 0.2541504 0.6850586
vt 0.24987793 0.67578125
vt 0.25732422 0.6870117
vt 0.27539062 0.6928711
vt 0.28515625 0.7109375
vt 0.29638672 0.7001953
vt 0.27075195 0.6977539
vt 0.27783203 0.6855469
vt 0.3071289 0.6972656
vt 0.32592773 0.6767578
vt 0.33813477 0.6743164
vt 0.32470703 0.6948242
vt 0.3083496 0.7128906
vt 0.3425293 0.68847656
vt 0.33984375 0.68896484
vt 0.34326172 0.70703125
vt 0.4020996 0.68652344
vt 0.34326172 0.70703125
vt 0.32958984 0.7104492
vt 0.30029297 0.71435547
vt 0.42651367 0.7060547
vt 0.40429688 0.70654297
vt 0.3413086 0.70703125
vt 0.44873047 0.7060547
vt 0.34326172 0.7109375
vt 0.4267578 0.71191406
vt 0.4519043 0.70703125
vt 0.34106445 0.7114258
vt 0.34228516 0.7138672
vt 0.4050293 0.7114258
vt 0.42797852 0.71777344
vt 0.45092773 0.7128906
vt 0.48535156 0.7133789
vt 0.45336914 0.7128906
vt 0.40576172 0.7167969
vt 0.40649414 0.73535156
vt 0.5107422 0.7128906
vt 0.45214844 0.7192383
vt 0.48583984 0.71972656
vt 0.51171875 0.71972656
vt 0.5385742 0.7128906
vt 0.45458984 0.71875
vt 0.45263672 0.7397461
vt 0.43041992 0.7373047
vt 0.5722656 0.7060547
vt 0.4868164 0.74072266
vt 0.45458984 0.73876953
vt 0.4489746 0.7788086
vt 0.5136719 0.74121094
vt 0.48388672 0.78125
vt 0.43286133 0.77734375
vt 0.4519043 0.77783203
vt 0.54052734 0.73779297
vt 0.5102539 0.7836914
vt 0.47851562 0.8120117
vt 0.50439453 0.81591797
vt 0.5390625 0.72021484
vt 0.546875 0.7832031
vt 0.5625 0.75146484
vt 0.5708008 0.72216797
vt 0.57128906 0.71435547
vt 0.44506836 0.8051758
vt 0.4482422 0.80615234
vt 0.4333496 0.80371094
vt 0.43920898 0.8330078
vt 0.43920898 0.8330078
vt 0.4428711 0.8334961
vt 0.4387207 0.8496094
vt 0.47021484 0.8408203
vt 0.4050293 0.77441406
vt 0.43481445 0.8330078
vt 0.40307617 0.80078125
vt 0.40014648 0.8286133
vt 0.34204102 0.79785156
vt 0.4951172 0.8457031
vt 0.34399414 0.7709961
vt 0.49804688 0.8466797
vt 0.4921875 0.8623047
vt 0.49023438 0.8618164
vt 0.46606445 0.85595703
vt 0.39868164 0.8457031
vt 0.3400879 0.82714844
vt 0.3400879 0.79833984
vt 0.3413086 0.7753906
vt 0.43823242 0.86035156
vt 0.48828125 0.8691406
vt 0.49023438 0.87060547
vt 0.4638672 0.8647461
vt 0.34179688 0.7705078
vt 0.34594727 0.75146484
vt 0.3449707 0.73046875
vt 0.34326172 0.74902344
vt 0.34350586 0.7529297
vt 0.34301758 0.73046875
vt 0.32739258 0.75
vt 0.34179688 0.7158203
vt 0.33032227 0.71484375
vt 0.30932617 0.71777344
vt 0.33203125 0.7290039
vt 0.32592773 0.7441406
vt 0.30932617 0.72998047
vt 0.30078125 0.7192383
vt 0.3251953 0.74658203
vt 0.29296875 0.71435547
vt 0.30859375 0.74560547
vt 0.3088379 0.7421875
vt 0.32836914 0.77197266
vt 0.29467773 0.73779297
vt 0.3095703 0.73876953
vt 0.2956543 0.7348633
vt 0.2998047 0.7319336
vt 0.29223633 0.7290039
vt 0.30200195 0.7265625
vt 0.29541016 0.7260742
vt 0.29296875 0.7216797
vt 0.28979492 0.71972656
vt 0.28515625 0.71728516
vt 0.28588867 0.72265625
vt 0.27905273 0.7109375
vt 0.26757812 0.70166016
vt 0.25585938 0.7055664
vt 0.27661133 0.71435547
vt 0.25854492 0.7089844
vt 0.25439453 0.7104492
vt 0.25268555 0.70703125
vt 0.28222656 0.7207031
vt 0.27026367 0.71972656
vt 0.27807617 0.7270508
vt 0.2770996 0.7324219
vt 0.2849121 0.72998047
vt 0.24377441 0.7109375
vt 0.24450684 0.7080078
vt 0.2397461 0.70947266
vt 0.2409668 0.7055664
vt 0.2388916 0.71777344
vt 0.23535156 0.7158203
vt 0.2401123 0.72509766
vt 0.23083496 0.7216797
vt 0.26464844 0.72753906
vt 0.2602539 0.74121094
vt 0.24975586 0.7368164
vt 0.23937988 0.7314453
vt 0.23266602 0.73095703
vt 0.2286377 0.7426758
vt 0.24243164 0.74560547
vt 0.23730469 0.75097656
vt 0.25317383 0.7573242
vt 0.23999023 0.7548828
vt 0.2368164 0.75634766
vt 0.24499512 0.7573242
vt 0.24377441 0.7602539
vt 0.23400879 0.76416016
vt 0.26245117 0.7685547
vt 0.26538086 0.76708984
vt 0.23803711 0.77490234
vt 0.22814941 0.7705078
vt 0.23217773 0.77734375
vt 0.26367188 0.76171875
vt 0.27954102 0.7519531
vt 0.28198242 0.74560547
vt 0.26464844 0.7705078
vt 0.23779297 0.79541016
vt 0.23327637 0.79003906
vt 0.26953125 0.76464844
vt 0.2578125 0.80126953
vt 0.2692871 0.76904297
vt 0.28076172 0.73876953
vt 0.28759766 0.76708984
vt 0.2553711 0.80859375
vt 0.23950195 0.8125
vt 0.24560547 0.81591797
vt 0.2368164 0.82177734
vt 0.23608398 0.82958984
vt 0.27124023 0.7729492
vt 0.24206543 0.8378906
vt 0.23034668 0.83154297
vt 0.23303223 0.8388672
vt 0.23962402 0.84765625
vt 0.25439453 0.8364258
vt 0.2467041 0.8413086
vt 0.23901367 0.85791016
vt 0.2524414 0.8569336
vt 0.24401855 0.8623047
vt 0.24938965 0.87353516
vt 0.25439453 0.8696289
vt 0.2524414 0.8808594
vt 0.25830078 0.8803711
vt 0.2692871 0.8642578
vt 0.27246094 0.87402344
vt 0.27734375 0.88671875
vt 0.2878418 0.8798828
vt 0.28393555 0.86865234
vt 0.26635742 0.8540039
vt 0.26586914 0.85058594
vt 0.28100586 0.8574219
vt 0.27929688 0.8496094
vt 0.27685547 0.84277344
vt 0.28515625 0.8417969
vt 0.29248047 0.8666992
vt 0.28833008 0.86376953
vt 0.28833008 0.85546875
vt 0.29345703 0.8730469
vt 0.29858398 0.86035156
vt 0.30517578 0.8886719
vt 0.3100586 0.8769531
vt 0.3310547 0.8955078
vt 0.2932129 0.86376953
vt 0.33544922 0.8828125
vt 0.34326172 0.8979492
vt 0.29638672 0.8535156
vt 0.31347656 0.8613281
vt 0.31225586 0.8676758
vt 0.29345703 0.84375
vt 0.33666992 0.8725586
vt 0.3395996 0.88183594
vt 0.39746094 0.8754883
vt 0.39916992 0.89160156
vt 0.41503906 0.8925781
vt 0.43969727 0.89208984
vt 0.33935547 0.8730469
vt 0.28271484 0.8339844
vt 0.28076172 0.82910156
vt 0.33691406 0.8671875
vt 0.29077148 0.8305664
vt 0.43896484 0.8745117
vt 0.39697266 0.8701172
vt 0.46191406 0.8769531
vt 0.4597168 0.89501953
vt 0.48486328 0.8808594
vt 0.48242188 0.8955078
vt 0.4855957 0.8955078
vt 0.4873047 0.8808594
vt 0.5102539 0.8959961
vt 0.4855957 0.87646484
vt 0.46240234 0.8725586
vt 0.4387207 0.8696289
vt 0.43823242 0.8652344
vt 0.39672852 0.86572266
vt 0.48828125 0.87646484
vt 0.3388672 0.8671875
vt 0.39697266 0.8588867
vt 0.33862305 0.86035156
vt 0.33666992 0.859375
vt 0.33935547 0.8457031
vt 0.33764648 0.8461914
vt 0.30517578 0.84521484
vt 0.33862305 0.828125
vt 0.30615234 0.81933594
vt 0.30517578 0.82958984
vt 0.2890625 0.8261719
vt 0.2841797 0.82421875
vt 0.28710938 0.82421875
vt 0.28027344 0.8251953
vt 0.28393555 0.8154297
vt 0.28564453 0.8154297
vt 0.26586914 0.8173828
vt 0.265625 0.8100586
vt 0.25756836 0.81347656
vt 0.26464844 0.80566406
vt 0.28222656 0.8071289
vt 0.30517578 0.8066406
vt 0.27416992 0.7885742
vt 0.28100586 0.80371094
vt 0.2866211 0.80566406
vt 0.28564453 0.8027344
vt 0.30688477 0.8022461
vt 0.31298828 0.77978516
vt 0.28344727 0.78271484
vt 0.2836914 0.7783203
vt 0.28686523 0.7714844
vt 0.32958984 0.77734375
vt 0.3293457 0.7739258
vt 0.31298828 0.77490234
vt 0.31152344 0.7714844
vt 0.28955078 0.76171875
vt 0.28759766 0.7558594
vt 0.2841797 0.75146484
vt 0.2849121 0.7495117
vt 0.28759766 0.7495117
vt 0.2927246 0.74365234
vt 0.2944336 0.74072266
vt 0.2919922 0.7416992
vt 0.28637695 0.7373047
vt 0.28637695 0.734375
vt 0.28173828 0.73535156
vt 0.28222656 0.7338867
vt 0.28637695 0.73095703
vt 0.4873047 0.4765625
vt 0.48950195 0.45776367
vt 0.34594727 0.75146484
vt 0.34350586 0.7529297
vt 0.2244873 0.4506836
vt 0.21020508 0.4440918
vt 0.2166748 0.44873047
vt 0.23022461 0.39282227
vt 0.25024414 0.4038086
vt 0.24157715 0.39648438
vt 0.203125 0.43579102
vt 0.19934082 0.42285156
vt 0.20019531 0.42895508
vt 0.25610352 0.4260254
vt 0.24658203 0.4440918
vt 0.25317383 0.43554688
vt 0.25024414 0.4038086
vt 0.25610352 0.4260254
vt 0.25585938 0.41577148
vt 0.20324707 0.40795898
vt 0.2166748 0.39501953
vt 0.20812988 0.40063477
vt 0.71972656 0.3112793
vt 0.71191406 0.31445312
vt 0.71972656 0.31445312
vt 0.71191406 0.3112793
vt 0.69970703 0.31445312
vt 0.71191406 0.28930664
vt 0.71972656 0.28930664
vt 0.71972656 0.28564453
vt 0.71191406 0.28564453
vt 0.69970703 0.28930664
vt 0.69970703 0.28564453
vt 0.69970703 0.3112793
vt 0.68652344 0.31445312
vt 0.68652344 0.28930664
vt 0.68652344 0.28564453
vt 0.68652344 0.3112793
vt 0.67529297 0.31445312
vt 0.67529297 0.28930664
vt 0.67529297 0.28564453
vt 0.67529297 0.3112793
vt 0.6611328 0.31445312
vt 0.6611328 0.28930664
vt 0.6611328 0.28564453
vt 0.6611328 0.3112793
vt 0.64404297 0.31445312
vt 0.64404297 0.28930664
vt 0.64404297 0.28564453
vt 0.64404297 0.3112793
vt 0.6269531 0.31445312
vt 0.6269531 0.28930664
vt 0.6269531 0.28564453
vt 0.6269531 0.3112793
vt 0.6069336 0.31445312
vt 0.6069336 0.28930664
vt 0.6069336 0.28564453
vt 0.6069336 0.3112793
vt 0.58251953 0.31445312
vt 0.58251953 0.28930664
vt 0.58251953 0.28564453
vt 0.58251953 0.3112793
vt 0.56103516 0.31445312
vt 0.56103516 0.28930664
vt 0.56103516 0.28564453
vt 0.56103516 0.3112793
vt 0.5415039 0.31445312
vt 0.5415039 0.28930664
vt 0.5415039 0.28564453
vt 0.5415039 0.3112793
vt 0.5229492 0.31445312
vt 0.5229492 0.28930664
vt 0.5229492 0.28564453
vt 0.5229492 0.3112793
vt 0.50439453 0.31445312
vt 0.50439453 0.28930664
vt 0.50439453 0.28564453
vt 0.50439453 0.3112793
vt 0.48632812 0.31445312
vt 0.48632812 0.28930664
vt 0.48632812 0.28564453
vt 0.48632812 0.3112793
vt 0.4716797 0.31445312
vt 0.4716797 0.28930664
vt 0.4716797 0.28564453
vt 0.4716797 0.3112793
vt 0.45507812 0.31445312
vt 0.45507812 0.28930664
vt 0.45507812 0.28564453
vt 0.45507812 0.3112793
vt 0.4506836 0.31445312
vt 0.4506836 0.28930664
vt 0.4506836 0.28564453
vt 0.4387207 0.28564453
vt 0.4506836 0.3112793
vt 0.4387207 0.28930664
vt 0.41210938 0.28564453
vt 0.4387207 0.3112793
vt 0.4387207 0.31445312
vt 0.41210938 0.28930664
vt 0.41210938 0.3112793
vt 0.41210938 0.31445312
vt 0.38867188 0.31445312
vt 0.38867188 0.28930664
vt 0.38867188 0.28564453
vt 0.38867188 0.3112793
vt 0.3605957 0.31445312
vt 0.3605957 0.28930664
vt 0.3605957 0.28564453
vt 0.3605957 0.3112793
vt 0.35180664 0.31445312
vt 0.35180664 0.28930664
vt 0.35180664 0.28564453
vt 0.35180664 0.3112793
vt 0.3137207 0.31445312
vt 0.3137207 0.28930664
vt 0.3137207 0.28564453
vt 0.3137207 0.3112793
vt 0.2849121 0.31445312
vt 0.2849121 0.28930664
vt 0.2849121 0.28564453
vt 0.2849121 0.3112793
vt 0.28051758 0.31445312
vt 0.28051758 0.3112793
vt 0.28051758 0.28930664
vt 0.28051758 0.28564453
vt 0.9472656 0.4099121
vt 0.9482422 0.40844727
vt 0.94677734 0.40942383
vt 0.9482422 0.40942383
vt 0.94873047 0.4152832
vt 0.94970703 0.4152832
vt 0.94921875 0.42089844
vt 0.9506836 0.42114258
vt 0.94873047 0.42260742
vt 0.9501953 0.4230957
vt 0.9477539 0.4243164
vt 0.9536133 0.40771484
vt 0.9550781 0.41455078
vt 0.9560547 0.42114258
vt 0.9555664 0.42456055
vt 0.95166016 0.40576172
vt 0.94677734 0.40820312
vt 0.94873047 0.42504883
vt 0.953125 0.42797852
vt 0.9472656 0.4255371
vt 0.94677734 0.4248047
vt 0.9511719 0.43066406
vt 0.94433594 0.42578125
vt 0.94433594 0.42529297
vt 0.8588867 0.4260254
vt 0.859375 0.42700195
vt 0.80029297 0.42578125
vt 0.80029297 0.42651367
vt 0.7963867 0.42529297
vt 0.79589844 0.42626953
vt 0.79248047 0.42456055
vt 0.9453125 0.4326172
vt 0.8598633 0.4338379
vt 0.7998047 0.4338379
vt 0.94873047 0.43164062
vt 0.7944336 0.4333496
vt 0.7919922 0.42529297
vt 0.7895508 0.4321289
vt 0.7885742 0.42407227
vt 0.7890625 0.42333984
vt 0.7866211 0.421875
vt 0.78515625 0.43066406
vt 0.78564453 0.42211914
vt 0.7841797 0.41967773
vt 0.7832031 0.42016602
vt 0.7832031 0.41723633
vt 0.7807617 0.42773438
vt 0.78222656 0.41748047
vt 0.7836914 0.4140625
vt 0.78271484 0.4140625
vt 0.78515625 0.41064453
vt 0.7841797 0.43164062
vt 0.7792969 0.42871094
vt 0.78271484 0.4338379
vt 0.7885742 0.43359375
vt 0.7944336 0.43481445
vt 0.7998047 0.4350586
vt 0.79345703 0.43725586
vt 0.86035156 0.4350586
vt 0.78759766 0.43603516
vt 0.7993164 0.43774414
vt 0.7871094 0.44189453
vt 0.94628906 0.43408203
vt 0.9506836 0.43310547
vt 0.94677734 0.43676758
vt 0.9526367 0.43139648
vt 0.7993164 0.4416504
vt 0.86035156 0.43774414
vt 0.95214844 0.43554688
vt 0.95458984 0.42871094
vt 0.8598633 0.4416504
vt 0.94873047 0.4411621
vt 0.94970703 0.44848633
vt 0.9716797 0.44213867
vt 0.9550781 0.43286133
vt 0.95654297 0.42504883
vt 0.86035156 0.4489746
vt 0.97265625 0.4362793
vt 0.95703125 0.42944336
vt 0.95654297 0.42114258
vt 0.97265625 0.43017578
vt 0.9584961 0.42504883
vt 0.9560547 0.41455078
vt 0.9589844 0.42114258
vt 0.97216797 0.42504883
vt 0.97509766 0.43017578
vt 0.97509766 0.4362793
vt 0.9746094 0.44213867
vt 0.9746094 0.42504883
vt 0.97558594 0.44970703
vt 0.97265625 0.42041016
vt 0.97509766 0.42016602
vt 0.9746094 0.41235352
vt 0.97216797 0.44995117
vt 0.97509766 0.45776367
vt 0.97314453 0.45751953
vt 0.97509766 0.46728516
vt 0.97265625 0.41259766
vt 0.9584961 0.41430664
vt 0.9711914 0.40161133
vt 0.9741211 0.4008789
vt 0.97314453 0.3972168
vt 0.95458984 0.40722656
vt 0.95703125 0.40649414
vt 0.9707031 0.39794922
vt 0.96728516 0.39453125
vt 0.9707031 0.3935547
vt 0.9692383 0.39038086
vt 0.953125 0.40478516
vt 0.95458984 0.4033203
vt 0.94921875 0.40429688
vt 0.9501953 0.4025879
vt 0.9448242 0.40307617
vt 0.94433594 0.40795898
vt 0.8984375 0.4025879
vt 0.9453125 0.40185547
vt 0.9453125 0.39990234
vt 0.9506836 0.40063477
vt 0.8984375 0.40771484
vt 0.7998047 0.40625
vt 0.94433594 0.40893555
vt 0.8984375 0.4086914
vt 0.7993164 0.40698242
vt 0.79296875 0.4074707
vt 0.8989258 0.40112305
vt 0.9658203 0.39160156
vt 0.96972656 0.3557129
vt 0.96533203 0.35595703
vt 0.9692383 0.35327148
vt 0.9404297 0.35620117
vt 0.96484375 0.35327148
vt 0.96777344 0.35131836
vt 0.79248047 0.40673828
vt 0.7885742 0.4086914
vt 0.78808594 0.40820312
vt 0.7919922 0.40234375
vt 0.78466797 0.4104004
vt 0.78564453 0.40429688
vt 0.78027344 0.4074707
vt 0.80029297 0.40161133
vt 0.80029297 0.39990234
vt 0.7915039 0.40063477
vt 0.7841797 0.40307617
vt 0.80029297 0.39746094
vt 0.7788086 0.40673828
vt 0.77734375 0.41235352
vt 0.78271484 0.4008789
vt 0.7753906 0.4116211
vt 0.8989258 0.39916992
vt 0.7910156 0.39819336
vt 0.92333984 0.35620117
vt 0.78564453 0.35498047
vt 0.7758789 0.4050293
vt 0.74902344 0.35668945
vt 0.74658203 0.3930664
vt 0.77441406 0.41796875
vt 0.77246094 0.41064453
vt 0.77685547 0.41796875
vt 0.77490234 0.42236328
vt 0.77734375 0.421875
vt 0.7783203 0.42456055
vt 0.7763672 0.4255371
vt 0.77734375 0.43017578
vt 0.7714844 0.41796875
vt 0.77441406 0.4267578
vt 0.77246094 0.42260742
vt 0.75439453 0.4243164
vt 0.7529297 0.41967773
vt 0.75 0.41186523
vt 0.7446289 0.4086914
vt 0.7553711 0.43237305
vt 0.7548828 0.4284668
vt 0.7529297 0.4284668
vt 0.7519531 0.42456055
vt 0.7504883 0.4206543
vt 0.74658203 0.41357422
vt 0.7553711 0.4375
vt 0.7480469 0.42114258
vt 0.7495117 0.4248047
vt 0.7441406 0.41601562
vt 0.74316406 0.41235352
vt 0.7421875 0.41479492
vt 0.7426758 0.42285156
vt 0.74316406 0.42651367
vt 0.74365234 0.43066406
vt 0.7504883 0.4284668
vt 0.7504883 0.43237305
vt 0.74121094 0.4194336
vt 0.7529297 0.43237305
vt 0.75341797 0.43774414
vt 0.75146484 0.43798828
vt 0.75341797 0.44433594
vt 0.7553711 0.44384766
vt 0.77783203 0.4423828
vt 0.7871094 0.44995117
vt 0.77783203 0.4501953
vt 0.7998047 0.44921875
vt 0.75341797 0.45166016
vt 0.75634766 0.45166016
vt 0.77783203 0.4584961
vt 0.78808594 0.4584961
vt 0.80029297 0.45825195
vt 0.7519531 0.44433594
vt 0.86083984 0.45776367
vt 0.94970703 0.45751953
vt 0.94970703 0.46655273
vt 0.97265625 0.46679688
vt 0.97558594 0.4765625
vt 0.97265625 0.4765625
vt 0.97558594 0.48413086
vt 0.94970703 0.47607422
vt 0.86035156 0.46655273
vt 0.80078125 0.46704102
vt 0.78808594 0.46704102
vt 0.7783203 0.46704102
vt 0.97314453 0.48388672
vt 0.94970703 0.48413086
vt 0.94970703 0.49365234
vt 0.97314453 0.4934082
vt 0.97558594 0.4934082
vt 0.9736328 0.5058594
vt 0.97558594 0.50634766
vt 0.97509766 0.50927734
vt 0.86035156 0.47631836
vt 0.80078125 0.47729492
vt 0.78759766 0.47729492
vt 0.77734375 0.47705078
vt 0.97314453 0.5083008
vt 0.9707031 0.51220703
vt 0.97216797 0.5131836
vt 0.9682617 0.51660156
vt 0.97021484 0.51660156
vt 0.96777344 0.5214844
vt 0.96972656 0.5214844
vt 0.9394531 0.5498047
vt 0.92285156 0.5498047
vt 0.9628906 0.55029297
vt 0.9663086 0.5493164
vt 0.96484375 0.55322266
vt 0.9614258 0.55322266
vt 0.9394531 0.5527344
vt 0.9614258 0.5551758
vt 0.96435547 0.55615234
vt 0.9638672 0.5605469
vt 0.86035156 0.49414062
vt 0.86035156 0.48413086
vt 0.7993164 0.4934082
vt 0.80078125 0.48486328
vt 0.7871094 0.48461914
vt 0.7866211 0.49267578
vt 0.77490234 0.49169922
vt 0.77685547 0.48388672
vt 0.7871094 0.5493164
vt 0.75439453 0.48217773
vt 0.7524414 0.49023438
vt 0.75634766 0.47680664
vt 0.7573242 0.46801758
vt 0.75634766 0.4597168
vt 0.75390625 0.4597168
vt 0.7548828 0.46826172
vt 0.75390625 0.47631836
vt 0.7519531 0.48168945
vt 0.7519531 0.45996094
vt 0.75341797 0.46826172
vt 0.7524414 0.47607422
vt 0.7504883 0.48168945
vt 0.7519531 0.45141602
vt 0.7446289 0.44458008
vt 0.7451172 0.45117188
vt 0.7451172 0.46020508
vt 0.74560547 0.46875
vt 0.7451172 0.47485352
vt 0.7441406 0.4375
vt 0.74316406 0.46020508
vt 0.74316406 0.45141602
vt 0.74365234 0.46923828
vt 0.7426758 0.44433594
vt 0.74365234 0.4753418
vt 0.7421875 0.43725586
vt 0.74121094 0.43066406
vt 0.74121094 0.42651367
vt 0.74072266 0.42333984
vt 0.74121094 0.4194336
vt 0.74316406 0.48095703
vt 0.7446289 0.48095703
vt 0.74316406 0.484375
vt 0.7480469 0.4873047
vt 0.7441406 0.48486328
vt 0.7426758 0.48486328
vt 0.7495117 0.48876953
vt 0.74658203 0.48876953
vt 0.74365234 0.48535156
vt 0.7426758 0.48583984
vt 0.7421875 0.48510742
vt 0.7109375 0.4868164
vt 0.74853516 0.48999023
vt 0.7451172 0.48999023
vt 0.75097656 0.49243164
vt 0.7416992 0.5419922
vt 0.74560547 0.49121094
vt 0.7109375 0.49072266
vt 0.75097656 0.5473633
vt 0.74658203 0.49291992
vt 0.7104492 0.49169922
vt 0.70751953 0.49072266
vt 0.7114258 0.4934082
vt 0.7524414 0.55126953
vt 0.7480469 0.5498047
vt 0.7519531 0.5527344
vt 0.7871094 0.5517578
vt 0.92333984 0.5522461
vt 0.9399414 0.5551758
vt 0.9238281 0.5546875
vt 0.95947266 0.5595703
vt 0.7871094 0.5541992
vt 0.9404297 0.55908203
vt 0.96240234 0.56396484
vt 0.9667969 0.5625
vt 0.9692383 0.56396484
vt 0.96240234 0.5654297
vt 0.95947266 0.56396484
vt 0.95947266 0.5649414
vt 0.9404297 0.5644531
vt 0.9394531 0.56591797
vt 0.9238281 0.55859375
vt 0.92529297 0.5644531
vt 0.9248047 0.56591797
vt 0.7871094 0.55859375
vt 0.7871094 0.56347656
vt 0.7871094 0.5644531
vt 0.75146484 0.5571289
vt 0.75146484 0.56103516
vt 0.75146484 0.5629883
vt 0.7451172 0.55908203
vt 0.7426758 0.56152344
vt 0.74609375 0.5551758
vt 0.73876953 0.55615234
vt 0.7373047 0.55908203
vt 0.7285156 0.5566406
vt 0.73046875 0.55078125
vt 0.73535156 0.5488281
vt 0.7285156 0.54785156
vt 0.7480469 0.5517578
vt 0.73339844 0.54589844
vt 0.7192383 0.53466797
vt 0.73876953 0.5473633
vt 0.73876953 0.5449219
vt 0.7368164 0.54541016
vt 0.72558594 0.53222656
vt 0.72802734 0.53027344
vt 0.71533203 0.51904297
vt 0.7109375 0.5205078
vt 0.73095703 0.5288086
vt 0.70996094 0.5078125
vt 0.7050781 0.50878906
vt 0.71972656 0.5180664
vt 0.72314453 0.5175781
vt 0.7163086 0.5058594
vt 0.70703125 0.5004883
vt 0.70214844 0.5019531
vt 0.70410156 0.49389648
vt 0.7011719 0.49316406
vt 0.70166016 0.4909668
vt 0.7128906 0.50683594
vt 0.70751953 0.4934082
vt 0.70703125 0.49145508
vt 0.70410156 0.49169922
vt 0.7036133 0.48901367
vt 0.703125 0.4868164
vt 0.7109375 0.4855957
vt 0.703125 0.4855957
vt 0.70410156 0.48242188
vt 0.7114258 0.4819336
vt 0.7402344 0.48266602
vt 0.20153809 0.2775879
vt 0.17529297 0.26904297
vt 0.17163086 0.27539062
vt 0.20288086 0.2722168
vt 0.2232666 0.27661133
vt 0.20336914 0.27026367
vt 0.17700195 0.26660156
vt 0.22302246 0.27148438
vt 0.2454834 0.2722168
vt 0.22290039 0.26953125
vt 0.20349121 0.26660156
vt 0.17858887 0.26220703
vt 0.20349121 0.26367188
vt 0.18310547 0.26000977
vt 0.18444824 0.25708008
vt 0.21057129 0.25097656
vt 0.18444824 0.2434082
vt 0.18164062 0.23352051
vt 0.22229004 0.26416016
vt 0.22265625 0.26635742
vt 0.24291992 0.26464844
vt 0.2409668 0.2602539
vt 0.24353027 0.26660156
vt 0.24206543 0.2626953
vt 0.2541504 0.26123047
vt 0.25341797 0.2602539
vt 0.20825195 0.23583984
vt 0.20739746 0.21936035
vt 0.17590332 0.21728516
vt 0.16845703 0.19750977
vt 0.234375 0.24951172
vt 0.23278809 0.23620605
vt 0.25073242 0.25634766
vt 0.24597168 0.24536133
vt 0.25195312 0.25830078
vt 0.25512695 0.23999023
vt 0.25756836 0.2524414
vt 0.25878906 0.2541504
vt 0.2602539 0.25634766
vt 0.26367188 0.25073242
vt 0.26220703 0.24890137
vt 0.265625 0.25268555
vt 0.2614746 0.25756836
vt 0.2668457 0.25463867
vt 0.25634766 0.26416016
vt 0.26391602 0.2746582
vt 0.25170898 0.2783203
vt 0.26831055 0.25830078
vt 0.2746582 0.27246094
vt 0.26342773 0.2602539
vt 0.27856445 0.2548828
vt 0.27783203 0.24975586
vt 0.27539062 0.24633789
vt 0.28808594 0.25341797
vt 0.28564453 0.2734375
vt 0.28833008 0.24743652
vt 0.27124023 0.24389648
vt 0.29882812 0.25390625
vt 0.29638672 0.27416992
vt 0.2993164 0.24731445
vt 0.31274414 0.25439453
vt 0.31225586 0.27441406
vt 0.28393555 0.23999023
vt 0.26879883 0.24230957
vt 0.32592773 0.25463867
vt 0.32763672 0.27416992
vt 0.29223633 0.2388916
vt 0.31274414 0.24914551
vt 0.27661133 0.23535156
vt 0.2631836 0.22949219
vt 0.2734375 0.23400879
vt 0.26586914 0.21960449
vt 0.3359375 0.25439453
vt 0.33789062 0.2734375
vt 0.30029297 0.24108887
vt 0.2770996 0.22363281
vt 0.23181152 0.22058105
vt 0.34472656 0.25585938
vt 0.34814453 0.27270508
vt 0.35766602 0.27539062
vt 0.31298828 0.24450684
vt 0.29956055 0.23718262
vt 0.29345703 0.23461914
vt 0.28833008 0.22973633
vt 0.31323242 0.24145508
vt 0.2800293 0.22546387
vt 0.28833008 0.21191406
vt 0.28564453 0.20617676
vt 0.2824707 0.20593262
vt 0.28393555 0.15710449
vt 0.32543945 0.24841309
vt 0.3251953 0.24267578
vt 0.32592773 0.23925781
vt 0.3310547 0.23693848
vt 0.33569336 0.2487793
vt 0.3322754 0.24072266
vt 0.33544922 0.23242188
vt 0.28125 0.1583252
vt 0.2824707 0.1529541
vt 0.34545898 0.25097656
vt 0.33984375 0.24169922
vt 0.34301758 0.22790527
vt 0.33422852 0.21520996
vt 0.2800293 0.2055664
vt 0.27783203 0.15722656
vt 0.2685547 0.2055664
vt 0.3395996 0.2088623
vt 0.33642578 0.20910645
vt 0.27954102 0.15539551
vt 0.27661133 0.1541748
vt 0.27612305 0.15075684
vt 0.25390625 0.1484375
vt 0.25390625 0.15319824
vt 0.23022461 0.15319824
vt 0.23083496 0.14685059
vt 0.20703125 0.14746094
vt 0.2536621 0.15625
vt 0.20690918 0.15222168
vt 0.18103027 0.14660645
vt 0.3395996 0.16113281
vt 0.34277344 0.16003418
vt 0.33691406 0.15991211
vt 0.3408203 0.15808105
vt 0.33813477 0.15588379
vt 0.34423828 0.15344238
vt 0.34399414 0.15686035
vt 0.36669922 0.15515137
vt 0.36645508 0.15014648
vt 0.39086914 0.14709473
vt 0.23022461 0.15588379
vt 0.34179688 0.20837402
vt 0.36694336 0.15820312
vt 0.39135742 0.15405273
vt 0.39135742 0.15698242
vt 0.36767578 0.16918945
vt 0.41577148 0.15393066
vt 0.41577148 0.14892578
vt 0.3527832 0.16967773
vt 0.35327148 0.20788574
vt 0.34545898 0.22607422
vt 0.41577148 0.15649414
vt 0.44140625 0.15454102
vt 0.4423828 0.14953613
vt 0.39135742 0.16870117
vt 0.41601562 0.16845703
vt 0.44091797 0.15686035
vt 0.4621582 0.15905762
vt 0.44702148 0.16894531
vt 0.46264648 0.15710449
vt 0.46411133 0.15307617
vt 0.46435547 0.15795898
vt 0.46777344 0.15466309
vt 0.46972656 0.1586914
vt 0.46484375 0.16027832
vt 0.47192383 0.17895508
vt 0.46557617 0.18273926
vt 0.4633789 0.18566895
vt 0.45239258 0.2006836
vt 0.45214844 0.16894531
vt 0.41430664 0.2019043
vt 0.4440918 0.21948242
vt 0.39086914 0.20410156
vt 0.3564453 0.22167969
vt 0.38989258 0.22216797
vt 0.41381836 0.22094727
vt 0.359375 0.23132324
vt 0.4128418 0.23693848
vt 0.43847656 0.23449707
vt 0.41088867 0.25146484
vt 0.43579102 0.24353027
vt 0.43652344 0.25610352
vt 0.43823242 0.25878906
vt 0.38891602 0.23754883
vt 0.34960938 0.23596191
vt 0.3671875 0.24145508
vt 0.3466797 0.23730469
vt 0.3479004 0.24768066
vt 0.35180664 0.24536133
vt 0.3540039 0.24377441
vt 0.36035156 0.25024414
vt 0.3557129 0.25561523
vt 0.3569336 0.25390625
vt 0.3544922 0.2590332
vt 0.3605957 0.25854492
vt 0.35888672 0.25195312
vt 0.35961914 0.26171875
vt 0.36157227 0.25732422
vt 0.36328125 0.2553711
vt 0.36621094 0.26611328
vt 0.37036133 0.2800293
vt 0.37597656 0.2734375
vt 0.36816406 0.2626953
vt 0.3779297 0.2680664
vt 0.39746094 0.2775879
vt 0.36889648 0.2614746
vt 0.3642578 0.2541504
vt 0.3701172 0.25976562
vt 0.3708496 0.25830078
vt 0.37841797 0.26660156
vt 0.39770508 0.2722168
vt 0.42138672 0.2788086
vt 0.37939453 0.26416016
vt 0.39746094 0.27026367
vt 0.41967773 0.27319336
vt 0.45361328 0.27124023
vt 0.4489746 0.26416016
vt 0.44750977 0.2626953
vt 0.4189453 0.2709961
vt 0.4440918 0.25976562
vt 0.39819336 0.26733398
vt 0.41845703 0.26733398
vt 0.41845703 0.26416016
vt 0.39892578 0.26513672
vt 0.38061523 0.2614746
vt 0.3869629 0.25073242
vt 0.37597656 0.24682617
vt 0.89453125 0.7788086
vt 0.88427734 0.7739258
vt 0.88183594 0.7788086
vt 0.89160156 0.7739258
vt 0.89697266 0.7739258
vt 0.8857422 0.77001953
vt 0.88720703 0.76464844
vt 0.89208984 0.765625
vt 0.89697266 0.7763672
vt 0.89697266 0.77978516
vt 0.9013672 0.77685547
vt 0.8930664 0.7402344
vt 0.8876953 0.74072266
vt 0.9008789 0.78222656
vt 0.89697266 0.7817383
vt 0.89501953 0.7944336
vt 0.89404297 0.62109375
vt 0.8886719 0.62158203
vt 0.89501953 0.609375
vt 0.88964844 0.6088867
vt 0.89990234 0.62060547
vt 0.89941406 0.7402344
vt 0.8959961 0.59521484
vt 0.8911133 0.59375
vt 0.8989258 0.7949219
vt 0.8930664 0.80810547
vt 0.8979492 0.7661133
vt 0.9033203 0.76708984
vt 0.9003906 0.609375
vt 0.8964844 0.59277344
vt 0.89208984 0.5908203
vt 0.89208984 0.5859375
vt 0.9008789 0.59375
vt 0.9086914 0.5913086
vt 0.90185547 0.77490234
vt 0.9038086 0.77734375
vt 0.9008789 0.5957031
vt 0.90625 0.59521484
vt 0.90625 0.5932617
vt 0.9042969 0.7758789
vt 0.90966797 0.7944336
vt 0.90625 0.6088867
vt 0.90625 0.6201172
vt 0.91064453 0.609375
vt 0.91015625 0.6201172
vt 0.9057617 0.74072266
vt 0.90966797 0.5942383
vt 0.91064453 0.74072266
vt 0.92333984 0.6279297
vt 0.91552734 0.60791016
vt 0.9067383 0.7675781
vt 0.92333984 0.7402344
vt 0.92285156 0.71777344
vt 0.9121094 0.59228516
vt 0.91308594 0.59375
vt 0.91503906 0.59277344
vt 0.9135742 0.59033203
vt 0.9116211 0.5888672
vt 0.89208984 0.58251953
vt 0.88916016 0.58251953
vt 0.88964844 0.5859375
vt 0.8857422 0.58691406
vt 0.91796875 0.6074219
vt 0.9194336 0.6064453
vt 0.92529297 0.6147461
vt 0.921875 0.6166992
vt 0.9238281 0.6152344
vt 0.92333984 0.6191406
vt 0.9248047 0.61865234
vt 0.9267578 0.61865234
vt 0.92529297 0.6269531
vt 0.9267578 0.6269531
vt 0.92529297 0.62841797
vt 0.9267578 0.62890625
vt 0.92871094 0.62841797
vt 0.92529297 0.71728516
vt 0.9243164 0.71728516
vt 0.9243164 0.7192383
vt 0.92529297 0.7192383
vt 0.92626953 0.71728516
vt 0.94628906 0.7138672
vt 0.9448242 0.71191406
vt 0.9291992 0.73828125
vt 0.9506836 0.7314453
vt 0.9267578 0.7392578
vt 0.9321289 0.74316406
vt 0.9506836 0.7338867
vt 0.96533203 0.7602539
vt 0.9272461 0.7451172
vt 0.9296875 0.7441406
vt 0.9448242 0.7705078
vt 0.9555664 0.79248047
vt 0.9770508 0.78271484
vt 0.9423828 0.77246094
vt 0.9145508 0.7944336
vt 0.9140625 0.796875
vt 0.9291992 0.79785156
vt 0.96240234 0.8066406
vt 0.9838867 0.7988281
vt 0.9536133 0.79296875
vt 0.9667969 0.8203125
vt 0.9892578 0.81396484
vt 0.94091797 0.8041992
vt 0.95947266 0.8076172
vt 0.9711914 0.83740234
vt 0.99316406 0.8339844
vt 0.9506836 0.81347656
vt 0.96435547 0.8208008
vt 0.97265625 0.8520508
vt 0.9941406 0.8515625
vt 0.9580078 0.82470703
vt 0.9692383 0.83740234
vt 0.97265625 0.86865234
vt 0.9921875 0.87158203
vt 0.96240234 0.8388672
vt 0.9711914 0.8520508
vt 0.9692383 0.88378906
vt 0.98828125 0.88964844
vt 0.96484375 0.8515625
vt 0.97021484 0.86865234
vt 0.96435547 0.8955078
vt 0.9819336 0.9042969
vt 0.96533203 0.8676758
vt 0.9589844 0.9038086
vt 0.97509766 0.91552734
vt 0.94970703 0.9145508
vt 0.96484375 0.92822266
vt 0.9404297 0.921875
vt 0.95654297 0.9370117
vt 0.93310547 0.9277344
vt 0.9506836 0.9428711
vt 0.9272461 0.9355469
vt 0.94433594 0.94873047
vt 0.9194336 0.94677734
vt 0.93652344 0.95751953
vt 0.9145508 0.9555664
vt 0.9116211 0.95410156
vt 0.9326172 0.9633789
vt 0.91259766 0.95947266
vt 0.9326172 0.96484375
vt 0.9169922 0.94628906
vt 0.9033203 0.90283203
vt 0.92529297 0.93359375
vt 0.9316406 0.9248047
vt 0.9091797 0.9863281
vt 0.9277344 0.9892578
vt 0.90722656 0.9868164
vt 0.91015625 0.9584961
vt 0.89453125 0.98535156
vt 0.89453125 0.95458984
vt 0.88916016 0.9897461
vt 0.9394531 0.9189453
vt 0.8886719 0.95458984
vt 0.85253906 0.98876953
vt 0.85253906 0.9555664
vt 0.8466797 0.9794922
vt 0.8857422 0.90283203
vt 0.890625 0.90625
vt 0.94873047 0.91259766
vt 0.88964844 0.8989258
vt 0.8847656 0.87646484
vt 0.8496094 0.9082031
vt 0.8466797 0.9560547
vt 0.9584961 0.9042969
vt 0.8388672 0.95654297
vt 0.8383789 0.97753906
vt 0.83691406 0.95654297
vt 0.83691406 0.9770508
vt 0.83740234 0.91064453
vt 0.8442383 0.9086914
vt 0.8334961 0.9560547
vt 0.8334961 0.9765625
vt 0.83447266 0.91064453
vt 0.9628906 0.89453125
vt 0.8486328 0.87841797
vt 0.8354492 0.8808594
vt 0.8256836 0.9560547
vt 0.8261719 0.9760742
vt 0.96728516 0.8833008
vt 0.9614258 0.88183594
vt 0.9580078 0.89160156
vt 0.8442383 0.8798828
vt 0.84277344 0.8330078
vt 0.83447266 0.8354492
vt 0.8183594 0.95654297
vt 0.81933594 0.9760742
vt 0.8149414 0.95654297
vt 0.81591797 0.97802734
vt 0.81591797 0.91015625
vt 0.8129883 0.95654297
vt 0.81396484 0.9790039
vt 0.8334961 0.8803711
vt 0.82373047 0.91064453
vt 0.8310547 0.91015625
vt 0.8305664 0.8798828
vt 0.8232422 0.8798828
vt 0.81591797 0.8798828
vt 0.8129883 0.91015625
vt 0.8232422 0.83496094
vt 0.8300781 0.83496094
vt 0.8129883 0.8798828
vt 0.81347656 0.83496094
vt 0.8095703 0.91015625
vt 0.8330078 0.8354492
vt 0.8330078 0.828125
vt 0.8305664 0.8276367
vt 0.81640625 0.83496094
vt 0.8354492 0.828125
vt 0.8232422 0.8276367
vt 0.8330078 0.8232422
vt 0.8364258 0.82421875
vt 0.8300781 0.8227539
vt 0.84521484 0.8300781
vt 0.8232422 0.8222656
vt 0.8486328 0.83203125
vt 0.81591797 0.8276367
vt 0.81640625 0.8227539
vt 0.8129883 0.8276367
vt 0.81347656 0.8227539
vt 0.8100586 0.82373047
vt 0.81103516 0.8276367
vt 0.80078125 0.82958984
vt 0.84716797 0.83496094
vt 0.8754883 0.8515625
vt 0.87646484 0.84814453
vt 0.8803711 0.8510742
vt 0.87841797 0.8486328
vt 0.8808594 0.8457031
vt 0.88378906 0.8461914
vt 0.890625 0.83447266
vt 0.88720703 0.8334961
vt 0.8911133 0.8203125
vt 0.88964844 0.8754883
vt 0.8881836 0.8461914
vt 0.9013672 0.8959961
vt 0.9013672 0.8730469
vt 0.89941406 0.84277344
vt 0.8935547 0.8208008
vt 0.89990234 0.8359375
vt 0.90283203 0.84277344
vt 0.8955078 0.80859375
vt 0.90722656 0.7963867
vt 0.90234375 0.8095703
vt 0.91064453 0.796875
vt 0.9086914 0.7988281
vt 0.9013672 0.82128906
vt 0.9042969 0.8105469
vt 0.9111328 0.7993164
vt 0.90966797 0.80029297
vt 0.9140625 0.7988281
vt 0.9057617 0.81103516
vt 0.9272461 0.80322266
vt 0.9038086 0.82177734
vt 0.90527344 0.8222656
vt 0.92822266 0.80078125
vt 0.9370117 0.80908203
vt 0.90283203 0.83691406
vt 0.90478516 0.83691406
vt 0.90527344 0.84375
vt 0.9394531 0.80615234
vt 0.94677734 0.81640625
vt 0.9038086 0.87353516
vt 0.90625 0.87353516
vt 0.94873047 0.8149414
vt 0.953125 0.82666016
vt 0.9042969 0.8959961
vt 0.90625 0.8959961
vt 0.9550781 0.8256836
vt 0.95751953 0.8388672
vt 0.9057617 0.90185547
vt 0.90771484 0.9008789
vt 0.95947266 0.8388672
vt 0.95996094 0.8515625
vt 0.96240234 0.8515625
vt 0.95996094 0.8671875
vt 0.9628906 0.8676758
vt 0.95751953 0.8798828
vt 0.95947266 0.8808594
vt 0.95458984 0.88916016
vt 0.9560547 0.890625
vt 0.94970703 0.8979492
vt 0.9511719 0.89941406
vt 0.94189453 0.9033203
vt 0.9526367 0.9008789
vt 0.9423828 0.90527344
vt 0.9345703 0.90625
vt 0.94384766 0.90722656
vt 0.9350586 0.9086914
vt 0.9267578 0.90722656
vt 0.93603516 0.9116211
vt 0.9267578 0.90966797
vt 0.91748047 0.90478516
vt 0.92626953 0.91259766
vt 0.9165039 0.90722656
vt 0.91064453 0.9033203
vt 0.9160156 0.91015625
vt 0.90966797 0.90527344
vt 0.9086914 0.90722656
vt 0.7265625 0.7167969
vt 0.7324219 0.7182617
vt 0.7324219 0.71533203
vt 0.7338867 0.71484375
vt 0.7338867 0.6298828
vt 0.734375 0.7182617
vt 0.7324219 0.7348633
vt 0.7348633 0.73583984
vt 0.73046875 0.73779297
vt 0.73339844 0.73876953
vt 0.7348633 0.7397461
vt 0.71435547 0.7583008
vt 0.7368164 0.7363281
vt 0.7495117 0.76220703
vt 0.7368164 0.7861328
vt 0.7363281 0.7182617
vt 0.7480469 0.7368164
vt 0.73583984 0.71484375
vt 0.7504883 0.6220703
vt 0.7373047 0.6298828
vt 0.73535156 0.6298828
vt 0.7373047 0.62841797
vt 0.7338867 0.62841797
vt 0.7324219 0.6298828
vt 0.73535156 0.62841797
vt 0.73583984 0.62060547
vt 0.7338867 0.6201172
vt 0.73583984 0.61621094
vt 0.73779297 0.62109375
vt 0.7373047 0.6166992
vt 0.7426758 0.60791016
vt 0.7392578 0.6176758
vt 0.74365234 0.60839844
vt 0.74853516 0.59277344
vt 0.74658203 0.609375
vt 0.75097656 0.5942383
vt 0.75097656 0.59033203
vt 0.75097656 0.61083984
vt 0.7524414 0.59277344
vt 0.7558594 0.59228516
vt 0.75341797 0.58935547
vt 0.75390625 0.5957031
vt 0.7553711 0.6113281
vt 0.7734375 0.5888672
vt 0.7734375 0.58496094
vt 0.77685547 0.59033203
vt 0.77734375 0.5859375
vt 0.7807617 0.5908203
vt 0.75439453 0.6225586
vt 0.7680664 0.5966797
vt 0.7729492 0.59521484
vt 0.7519531 0.7368164
vt 0.7680664 0.5986328
vt 0.7631836 0.59814453
vt 0.7734375 0.59765625
vt 0.76708984 0.61279297
vt 0.77246094 0.61376953
vt 0.7636719 0.5961914
vt 0.7583008 0.59472656
vt 0.7578125 0.5966797
vt 0.76123047 0.6123047
vt 0.7607422 0.62353516
vt 0.7661133 0.6245117
vt 0.7714844 0.6254883
vt 0.7578125 0.7368164
vt 0.7583008 0.76171875
vt 0.7631836 0.7368164
vt 0.7685547 0.7363281
vt 0.76416016 0.7607422
vt 0.76953125 0.7597656
vt 0.76416016 0.76953125
vt 0.7709961 0.765625
vt 0.77246094 0.77001953
vt 0.7753906 0.7758789
vt 0.7607422 0.7753906
vt 0.7583008 0.77197266
vt 0.7583008 0.7758789
vt 0.7529297 0.76220703
vt 0.75341797 0.77001953
vt 0.75878906 0.76953125
vt 0.75390625 0.77246094
vt 0.7578125 0.7788086
vt 0.7504883 0.7709961
vt 0.75097656 0.77246094
vt 0.7529297 0.77783203
vt 0.7416992 0.78759766
vt 0.7397461 0.79003906
vt 0.7524414 0.7910156
vt 0.75683594 0.7915039
vt 0.74365234 0.7910156
vt 0.7524414 0.8071289
vt 0.7558594 0.8071289
vt 0.7446289 0.8076172
vt 0.7524414 0.82177734
vt 0.7553711 0.82128906
vt 0.7583008 0.83447266
vt 0.7446289 0.8222656
vt 0.7553711 0.8354492
vt 0.76123047 0.8466797
vt 0.76416016 0.8457031
vt 0.76660156 0.84814453
vt 0.7416992 0.80810547
vt 0.7416992 0.8222656
vt 0.74121094 0.7919922
vt 0.7397461 0.80810547
vt 0.7392578 0.79296875
vt 0.7397461 0.8222656
vt 0.73828125 0.7915039
vt 0.74072266 0.83740234
vt 0.73583984 0.79052734
vt 0.74316406 0.83740234
vt 0.74072266 0.8432617
vt 0.7363281 0.7885742
vt 0.72265625 0.7890625
vt 0.72314453 0.7915039
vt 0.74609375 0.83740234
vt 0.7426758 0.8432617
vt 0.7392578 0.8720703
vt 0.75683594 0.8466797
vt 0.74560547 0.84277344
vt 0.7416992 0.8725586
vt 0.7373047 0.8955078
vt 0.7114258 0.7919922
vt 0.7128906 0.7944336
vt 0.7397461 0.8955078
vt 0.73583984 0.90234375
vt 0.7006836 0.79785156
vt 0.70214844 0.7998047
vt 0.73828125 0.90283203
vt 0.73291016 0.90625
vt 0.7348633 0.90771484
vt 0.7270508 0.91064453
vt 0.74072266 0.9038086
vt 0.7426758 0.8955078
vt 0.72802734 0.91259766
vt 0.7182617 0.9145508
vt 0.69189453 0.8066406
vt 0.69384766 0.80810547
vt 0.7441406 0.8725586
vt 0.7553711 0.8745117
vt 0.75439453 0.89697266
vt 0.7602539 0.87597656
vt 0.75439453 0.9057617
vt 0.7597656 0.90234375
vt 0.76464844 0.8510742
vt 0.7973633 0.8779297
vt 0.7709961 0.85009766
vt 0.76904297 0.84716797
vt 0.7988281 0.8339844
vt 0.7973633 0.8310547
vt 0.80322266 0.8330078
vt 0.8022461 0.87890625
vt 0.796875 0.90722656
vt 0.8120117 0.83496094
vt 0.81103516 0.8803711
vt 0.8027344 0.9082031
vt 0.7597656 0.9555664
vt 0.8041992 0.9560547
vt 0.8046875 0.9814453
vt 0.7973633 0.9921875
vt 0.79785156 0.9560547
vt 0.7573242 0.9921875
vt 0.7504883 0.9873047
vt 0.75439453 0.9555664
vt 0.73828125 0.9550781
vt 0.7392578 0.95751953
vt 0.73535156 0.98583984
vt 0.7290039 0.98583984
vt 0.73583984 0.95947266
vt 0.734375 0.9560547
vt 0.7368164 0.90966797
vt 0.73339844 0.94921875
vt 0.73046875 0.9511719
vt 0.7290039 0.91503906
vt 0.72509766 0.9394531
vt 0.72216797 0.9423828
vt 0.71875 0.9165039
vt 0.7109375 0.91503906
vt 0.7192383 0.9194336
vt 0.71728516 0.93408203
vt 0.71533203 0.9379883
vt 0.7104492 0.91748047
vt 0.7026367 0.91064453
vt 0.70996094 0.92089844
vt 0.70751953 0.9301758
vt 0.7060547 0.93408203
vt 0.7011719 0.9135742
vt 0.69140625 0.9038086
vt 0.69970703 0.9165039
vt 0.69384766 0.92529297
vt 0.69140625 0.9291992
vt 0.6894531 0.9057617
vt 0.6845703 0.89208984
vt 0.6875 0.90771484
vt 0.6796875 0.91308594
vt 0.67529297 0.91552734
vt 0.6826172 0.8935547
vt 0.6821289 0.87841797
vt 0.6796875 0.89453125
vt 0.671875 0.8989258
vt 0.66845703 0.9003906
vt 0.6796875 0.87890625
vt 0.6821289 0.85791016
vt 0.67626953 0.87939453
vt 0.6669922 0.8808594
vt 0.6640625 0.8808594
vt 0.66308594 0.85791016
vt 0.67822266 0.85791016
vt 0.68310547 0.8354492
vt 0.6665039 0.85791016
vt 0.6635742 0.8334961
vt 0.6743164 0.85791016
vt 0.6791992 0.8354492
vt 0.6870117 0.8203125
vt 0.66748047 0.8339844
vt 0.67041016 0.8149414
vt 0.67626953 0.83496094
vt 0.6845703 0.81933594
vt 0.68066406 0.81884766
vt 0.67333984 0.8154297
vt 0.68115234 0.7973633
vt 0.6894531 0.8051758
vt 0.68310547 0.7993164
vt 0.6899414 0.7861328
vt 0.69921875 0.79541016
vt 0.69189453 0.78759766
vt 0.69970703 0.77441406
vt 0.70996094 0.7890625
vt 0.7011719 0.7758789
vt 0.72265625 0.7866211
vt 0.7163086 0.7607422
vt 0.7192383 0.32617188
vt 0.6713867 0.34521484
vt 0.7192383 0.34521484
vt 0.6713867 0.32617188
vt 0.7192383 0.3239746
vt 0.6713867 0.3239746
vt 0.6015625 0.3239746
vt 0.6015625 0.34521484
vt 0.6015625 0.32617188
vt 0.5834961 0.3239746
vt 0.5834961 0.32617188
vt 0.5834961 0.34521484
vt 0.56591797 0.34521484
vt 0.56591797 0.32617188
vt 0.56591797 0.3239746
vt 0.5644531 0.32617188
vt 0.5644531 0.34521484
vt 0.5644531 0.3239746
vt 0.49365234 0.32617188
vt 0.49365234 0.34521484
vt 0.49365234 0.3239746
vt 0.4753418 0.3239746
vt 0.49365234 0.32617188
vt 0.4753418 0.32617188
vt 0.4753418 0.34521484
vt 0.44213867 0.34521484
vt 0.44213867 0.32617188
vt 0.44213867 0.3239746
vt 0.49365234 0.32617188
vt 0.49365234 0.34521484
vt 0.65625 0.66308594
vt 0.69140625 0.6665039
vt 0.6894531 0.66308594
vt 0.65478516 0.6665039
vt 0.65478516 0.67626953
vt 0.69140625 0.67626953
vt 0.65478516 0.6801758
vt 0.69140625 0.6801758
vt 0.65478516 0.6948242
vt 0.69140625 0.6948242
vt 0.69140625 0.71728516
vt 0.65478516 0.71728516
vt 0.65478516 0.7211914
vt 0.69140625 0.7211914
vt 0.65478516 0.7241211
vt 0.69140625 0.7241211
vt 0.65478516 0.76123047
vt 0.69140625 0.76123047
vt 0.65478516 0.76708984
vt 0.69140625 0.76708984
vt 0.94433594 0.40795898
vt 0.94433594 0.40893555
vt 0.9458008 0.4091797
vt 0.94677734 0.40820312
vt 0.9458008 0.4091797
vt 0.94677734 0.40942383
vt 0.94677734 0.40820312
vt 0.9482422 0.40844727
vt 0.32543945 0.5180664
vt 0.3293457 0.56152344
vt 0.32788086 0.5185547
vt 0.32617188 0.49121094
vt 0.5263672 0.22692871
vt 0.51416016 0.22399902
vt 0.51416016 0.22692871
vt 0.5263672 0.22399902
vt 0.5263672 0.22314453
vt 0.51416016 0.22314453
vt 0.51416016 0.21130371
vt 0.5410156 0.22399902
vt 0.5410156 0.22692871
vt 0.5527344 0.22399902
vt 0.5527344 0.22692871
vt 0.5410156 0.22314453
vt 0.5625 0.22399902
vt 0.5625 0.22692871
vt 0.57128906 0.22399902
vt 0.57128906 0.22692871
vt 0.57910156 0.22399902
vt 0.57910156 0.22692871
vt 0.5864258 0.22399902
vt 0.5864258 0.22692871
vt 0.57910156 0.22314453
vt 0.57128906 0.22314453
vt 0.5625 0.22314453
vt 0.5966797 0.22399902
vt 0.5966797 0.22692871
vt 0.5864258 0.22314453
vt 0.57910156 0.21130371
vt 0.60253906 0.22399902
vt 0.6064453 0.22692871
vt 0.5527344 0.22314453
vt 0.57128906 0.21130371
vt 0.5625 0.21130371
vt 0.5527344 0.21130371
vt 0.5966797 0.22314453
vt 0.6088867 0.22399902
vt 0.61816406 0.22692871
vt 0.5625 0.21020508
vt 0.5410156 0.21130371
vt 0.5263672 0.21130371
vt 0.5410156 0.21020508
vt 0.5263672 0.21020508
vt 0.51416016 0.21020508
vt 0.51416016 0.20727539
vt 0.5263672 0.20727539
vt 0.5410156 0.20727539
vt 0.5527344 0.21020508
vt 0.5527344 0.20727539
vt 0.5625 0.20727539
vt 0.57128906 0.21020508
vt 0.57470703 0.20727539
vt 0.57910156 0.21020508
vt 0.5864258 0.21020508
vt 0.5864258 0.20727539
vt 0.59765625 0.20727539
vt 0.5864258 0.21130371
vt 0.5966797 0.21020508
vt 0.5966797 0.21130371
vt 0.60253906 0.21020508
vt 0.60253906 0.21130371
vt 0.6088867 0.21020508
vt 0.6088867 0.20727539
vt 0.6220703 0.20727539
vt 0.60253906 0.22314453
vt 0.6088867 0.21130371
vt 0.6088867 0.22314453
vt 0.61816406 0.21020508
vt 0.61816406 0.22399902
vt 0.61816406 0.21130371
vt 0.62646484 0.22399902
vt 0.62646484 0.22692871
vt 0.61816406 0.22314453
vt 0.62646484 0.21130371
vt 0.62646484 0.21020508
vt 0.63623047 0.22399902
vt 0.63623047 0.22692871
vt 0.62646484 0.22314453
vt 0.63623047 0.21020508
vt 0.63623047 0.20727539
vt 0.63623047 0.21130371
vt 0.6435547 0.22399902
vt 0.6435547 0.22692871
vt 0.63623047 0.22314453
vt 0.6435547 0.21020508
vt 0.64697266 0.20727539
vt 0.6435547 0.21130371
vt 0.6435547 0.22314453
vt 0.6503906 0.22399902
vt 0.6503906 0.22692871
vt 0.6503906 0.21130371
vt 0.6503906 0.22314453
vt 0.6503906 0.21020508
vt 0.6586914 0.21020508
vt 0.6586914 0.20727539
vt 0.6689453 0.20727539
vt 0.6586914 0.22399902
vt 0.6586914 0.22692871
vt 0.6586914 0.21130371
vt 0.6586914 0.22314453
vt 0.6689453 0.21020508
vt 0.6689453 0.22399902
vt 0.6689453 0.22692871
vt 0.6689453 0.21130371
vt 0.6689453 0.22314453
vt 0.6801758 0.22399902
vt 0.6801758 0.22692871
vt 0.6953125 0.22399902
vt 0.6953125 0.22692871
vt 0.70751953 0.22692871
vt 0.70751953 0.22399902
vt 0.70751953 0.22314453
vt 0.6801758 0.21130371
vt 0.6801758 0.22314453
vt 0.6953125 0.22314453
vt 0.6953125 0.21130371
vt 0.70751953 0.21130371
vt 0.70751953 0.21020508
vt 0.6801758 0.21020508
vt 0.6801758 0.20727539
vt 0.6953125 0.20727539
vt 0.70751953 0.20727539
vt 0.6953125 0.21020508
vt 0.07501221 0.68310547
vt 0.06524658 0.6845703
vt 0.06549072 0.6855469
vt 0.07495117 0.6821289
vt 0.08154297 0.6816406
vt 0.06921387 0.66503906
vt 0.06262207 0.6723633
vt 0.06149292 0.6694336
vt 0.0814209 0.6801758
vt 0.087890625 0.6816406
vt 0.076049805 0.65771484
vt 0.08148193 0.6503906
vt 0.06707764 0.6621094
vt 0.059906006 0.66796875
vt 0.08795166 0.6801758
vt 0.09472656 0.68115234
vt 0.07183838 0.65527344
vt 0.06500244 0.66015625
vt 0.05718994 0.66748047
vt 0.06225586 0.6586914
vt 0.03778076 0.6669922
vt 0.06903076 0.6533203
vt 0.04055786 0.6538086
vt 0.01802063 0.6669922
vt 0.07684326 0.6479492
vt 0.077941895 0.640625
vt 0.06530762 0.6513672
vt 0.072265625 0.6459961
vt 0.018814087 0.6538086
vt 0.041992188 0.64697266
vt 0.06707764 0.64501953
vt 0.014785767 0.6542969
vt 0.014434814 0.6669922
vt 0.014404297 0.64746094
vt 0.018508911 0.64697266
vt 0.013420105 0.64160156
vt 0.04360962 0.64208984
vt 0.07385254 0.63964844
vt 0.076538086 0.4711914
vt 0.068603516 0.63916016
vt 0.018112183 0.6411133
vt 0.044891357 0.63671875
vt 0.017578125 0.63623047
vt 0.012489319 0.63623047
vt 0.015007019 0.47070312
vt 0.072265625 0.47045898
vt 0.049102783 0.4699707
vt 0.020446777 0.47143555
vt 0.01977539 0.3256836
vt 0.014137268 0.32592773
vt 0.014633179 0.31933594
vt 0.049621582 0.32592773
vt 0.01914978 0.31933594
vt 0.015571594 0.31298828
vt 0.074279785 0.3251953
vt 0.04928589 0.31982422
vt 0.019104004 0.31323242
vt 0.016555786 0.30639648
vt 0.048431396 0.3137207
vt 0.07318115 0.31762695
vt 0.020217896 0.3071289
vt 0.016723633 0.29956055
vt 0.047821045 0.30737305
vt 0.02079773 0.30029297
vt 0.016830444 0.29174805
vt 0.0211792 0.29174805
vt 0.04711914 0.29248047
vt 0.047302246 0.3010254
vt 0.07092285 0.31103516
vt 0.078552246 0.32495117
vt 0.06762695 0.29858398
vt 0.06713867 0.29223633
vt 0.06890869 0.30493164
vt 0.077819824 0.31713867
vt 0.07055664 0.2980957
vt 0.06976318 0.29248047
vt 0.07098389 0.2927246
vt 0.07519531 0.30981445
vt 0.07232666 0.30371094
vt 0.07220459 0.29760742
vt 0.072265625 0.29248047
vt 0.074279785 0.30249023
vt 0.07775879 0.3083496
vt 0.080444336 0.3154297
vt 0.08416748 0.3137207
vt 0.08111572 0.3239746
vt 0.08099365 0.30639648
vt 0.07647705 0.30126953
vt 0.074035645 0.29663086
vt 0.082092285 0.29858398
vt 0.07702637 0.2944336
vt 0.07501221 0.29077148
vt 0.0892334 0.30029297
vt 0.095947266 0.30078125
vt 0.079589844 0.4711914
vt 0.08270264 0.4711914
vt 0.09338379 0.31591797
vt 0.10321045 0.30078125
vt 0.08441162 0.3244629
vt 0.082092285 0.6411133
vt 0.10168457 0.3166504
vt 0.11242676 0.3005371
vt 0.09210205 0.32543945
vt 0.08984375 0.4711914
vt 0.0914917 0.6489258
vt 0.10076904 0.32714844
vt 0.111450195 0.31713867
vt 0.090148926 0.6401367
vt 0.12261963 0.31689453
vt 0.12261963 0.3005371
vt 0.13586426 0.30029297
vt 0.09454346 0.6796875
vt 0.1003418 0.6801758
vt 0.10058594 0.6816406
vt 0.11114502 0.6816406
vt 0.098083496 0.47192383
vt 0.110839844 0.32763672
vt 0.13415527 0.3178711
vt 0.14562988 0.30029297
vt 0.11114502 0.68066406
vt 0.12030029 0.6821289
vt 0.11053467 0.47192383
vt 0.12213135 0.32788086
vt 0.12097168 0.47216797
vt 0.109558105 0.63964844
vt 0.12036133 0.68066406
vt 0.1315918 0.6821289
vt 0.09869385 0.6401367
vt 0.09942627 0.64941406
vt 0.10992432 0.64941406
vt 0.12017822 0.63916016
vt 0.120666504 0.6489258
vt 0.13183594 0.68066406
vt 0.14172363 0.6821289
vt 0.13208008 0.47216797
vt 0.13256836 0.6386719
vt 0.13220215 0.6484375
vt 0.14233398 0.6801758
vt 0.15100098 0.6826172
vt 0.13378906 0.32788086
vt 0.14477539 0.4736328
vt 0.1427002 0.6386719
vt 0.14282227 0.6479492
vt 0.15136719 0.6479492
vt 0.15075684 0.6801758
vt 0.16174316 0.6801758
vt 0.1616211 0.6826172
vt 0.17028809 0.68310547
vt 0.15039062 0.6386719
vt 0.17041016 0.68066406
vt 0.17785645 0.6826172
vt 0.17785645 0.6801758
vt 0.18591309 0.6826172
vt 0.15441895 0.47314453
vt 0.16113281 0.63916016
vt 0.16113281 0.6484375
vt 0.16882324 0.64697266
vt 0.17871094 0.64697266
vt 0.16931152 0.6386719
vt 0.14526367 0.32836914
vt 0.14501953 0.31860352
vt 0.15588379 0.32885742
vt 0.15600586 0.31860352
vt 0.15563965 0.3005371
vt 0.16711426 0.30029297
vt 0.16772461 0.3178711
vt 0.17578125 0.30029297
vt 0.16552734 0.4729004
vt 0.16772461 0.32861328
vt 0.1763916 0.3178711
vt 0.18457031 0.3005371
vt 0.17382812 0.4724121
vt 0.17651367 0.32763672
vt 0.1809082 0.47265625
vt 0.18408203 0.32739258
vt 0.18640137 0.31762695
vt 0.17687988 0.63916016
vt 0.19213867 0.3112793
vt 0.19494629 0.3005371
vt 0.18920898 0.32006836
vt 0.18408203 0.4729004
vt 0.2006836 0.3088379
vt 0.2084961 0.30029297
vt 0.19433594 0.3149414
vt 0.20898438 0.3076172
vt 0.21777344 0.30029297
vt 0.21801758 0.30737305
vt 0.21789551 0.31103516
vt 0.20166016 0.31225586
vt 0.20922852 0.3112793
vt 0.20935059 0.31396484
vt 0.21777344 0.3137207
vt 0.20214844 0.3149414
vt 0.19580078 0.3173828
vt 0.1907959 0.32202148
vt 0.18933105 0.32836914
vt 0.18713379 0.32739258
vt 0.18725586 0.4729004
vt 0.18383789 0.6376953
vt 0.18041992 0.6386719
vt 0.18530273 0.6425781
vt 0.1821289 0.64453125
vt 0.18945312 0.6464844
vt 0.18823242 0.6489258
vt 0.19665527 0.6489258
vt 0.1854248 0.65234375
vt 0.19616699 0.65234375
vt 0.21044922 0.64990234
vt 0.21044922 0.65283203
vt 0.19567871 0.65625
vt 0.21044922 0.6567383
vt 0.18566895 0.68066406
vt 0.19506836 0.68115234
vt 0.2097168 0.68066406
vt 0.19494629 0.6826172
vt 0.20996094 0.6826172
vt 0.6142578 0.3642578
vt 0.63916016 0.3569336
vt 0.62402344 0.35839844
vt 0.6401367 0.3774414
vt 0.65234375 0.35864258
vt 0.66064453 0.3635254
vt 0.6694336 0.3713379
vt 0.6748047 0.38183594
vt 0.63916016 0.40942383
vt 0.67822266 0.39160156
vt 0.67871094 0.4038086
vt 0.67871094 0.4152832
vt 0.60302734 0.38208008
vt 0.60839844 0.3713379
vt 0.60058594 0.39233398
vt 0.5996094 0.40356445
vt 0.5991211 0.4152832
vt 0.63916016 0.44091797
vt 0.6791992 0.44067383
vt 0.5996094 0.44067383
vt 0.6386719 0.44335938
vt 0.67871094 0.4428711
vt 0.5996094 0.44311523
vt 0.67285156 0.6279297
vt 0.67089844 0.62109375
vt 0.67089844 0.6279297
vt 0.67285156 0.62109375
vt 0.67285156 0.61279297
vt 0.6713867 0.6123047
vt 0.6904297 0.61279297
vt 0.69091797 0.62109375
vt 0.69091797 0.6279297
vt 0.67529297 0.60546875
vt 0.6743164 0.60546875
vt 0.71240234 0.62060547
vt 0.71191406 0.6279297
vt 0.7133789 0.6279297
vt 0.7133789 0.62060547
vt 0.7138672 0.6118164
vt 0.71240234 0.6118164
vt 0.7133789 0.60595703
vt 0.7114258 0.60546875
vt 0.7109375 0.6010742
vt 0.71240234 0.60058594
vt 0.7104492 0.5957031
vt 0.7089844 0.59765625
vt 0.6899414 0.59716797
vt 0.70654297 0.59375
vt 0.6767578 0.5966797
vt 0.7080078 0.59277344
vt 0.70458984 0.58984375
vt 0.70410156 0.5908203
vt 0.7001953 0.58935547
vt 0.7001953 0.5883789
vt 0.6953125 0.5864258
vt 0.6948242 0.5878906
vt 0.6899414 0.5878906
vt 0.6894531 0.5864258
vt 0.6850586 0.5878906
vt 0.67578125 0.5961914
vt 0.671875 0.60009766
vt 0.6738281 0.5957031
vt 0.6777344 0.5917969
vt 0.67822266 0.59277344
vt 0.6816406 0.5908203
vt 0.68066406 0.58984375
vt 0.6855469 0.58935547
vt 0.51904297 0.23657227
vt 0.5209961 0.23425293
vt 0.51904297 0.23425293
vt 0.5209961 0.23657227
vt 0.5341797 0.23425293
vt 0.51904297 0.25512695
vt 0.5341797 0.23657227
vt 0.546875 0.23425293
vt 0.546875 0.23657227
vt 0.5576172 0.23425293
vt 0.5576172 0.23657227
vt 0.56640625 0.23425293
vt 0.56640625 0.23657227
vt 0.5761719 0.23425293
vt 0.5761719 0.23657227
vt 0.5854492 0.23425293
vt 0.5854492 0.23657227
vt 0.59521484 0.23425293
vt 0.59521484 0.23657227
vt 0.6069336 0.23425293
vt 0.53564453 0.25512695
vt 0.546875 0.25512695
vt 0.546875 0.2578125
vt 0.5576172 0.25512695
vt 0.56640625 0.25512695
vt 0.5761719 0.25512695
vt 0.5854492 0.25512695
vt 0.56640625 0.2578125
vt 0.5209961 0.25512695
vt 0.5209961 0.2578125
vt 0.51904297 0.2578125
vt 0.51904297 0.25927734
vt 0.5209961 0.25927734
vt 0.53564453 0.2578125
vt 0.53564453 0.25927734
vt 0.546875 0.25927734
vt 0.5576172 0.25927734
vt 0.5576172 0.2578125
vt 0.56640625 0.25927734
vt 0.5761719 0.2578125
vt 0.5761719 0.25927734
vt 0.5854492 0.25927734
vt 0.5854492 0.2578125
vt 0.59521484 0.2578125
vt 0.59521484 0.25927734
vt 0.6069336 0.25927734
vt 0.59521484 0.25512695
vt 0.6069336 0.25512695
vt 0.6069336 0.2578125
vt 0.6196289 0.2578125
vt 0.6196289 0.25927734
vt 0.6303711 0.25927734
vt 0.6069336 0.23657227
vt 0.6196289 0.23657227
vt 0.6196289 0.23425293
vt 0.6196289 0.25512695
vt 0.6303711 0.23657227
vt 0.6303711 0.23425293
vt 0.6411133 0.23657227
vt 0.6411133 0.23425293
vt 0.64990234 0.23425293
vt 0.6303711 0.2578125
vt 0.6303711 0.25512695
vt 0.6411133 0.2578125
vt 0.6411133 0.25927734
vt 0.6411133 0.25512695
vt 0.64990234 0.2578125
vt 0.64990234 0.25927734
vt 0.66015625 0.25927734
vt 0.64990234 0.23657227
vt 0.66015625 0.23425293
vt 0.64990234 0.25512695
vt 0.66015625 0.2578125
vt 0.66015625 0.23657227
vt 0.6689453 0.23425293
vt 0.66015625 0.25512695
vt 0.6689453 0.2578125
vt 0.6689453 0.25927734
vt 0.6689453 0.25512695
vt 0.6689453 0.23657227
vt 0.67871094 0.23425293
vt 0.6772461 0.2578125
vt 0.6772461 0.25927734
vt 0.6948242 0.25927734
vt 0.67871094 0.23657227
vt 0.6948242 0.23425293
vt 0.6948242 0.23657227
vt 0.6772461 0.25512695
vt 0.6948242 0.2578125
vt 0.7011719 0.25927734
vt 0.7011719 0.2578125
vt 0.7011719 0.25512695
vt 0.7011719 0.23657227
vt 0.6948242 0.25512695
vt 0.9868164 0.69677734
vt 0.93896484 0.69433594
vt 0.9428711 0.69628906
vt 0.9375 0.68847656
vt 0.9902344 0.6411133
vt 0.9921875 0.69628906
vt 0.93408203 0.63964844
vt 0.9375 0.58984375
vt 0.9399414 0.5859375
vt 0.9448242 0.5834961
vt 0.9868164 0.5834961
vt 0.029083252 0.15808105
vt 0.03213501 0.15429688
vt 0.02897644 0.15441895
vt 0.03173828 0.15808105
vt 0.057128906 0.15307617
vt 0.057373047 0.1574707
vt 0.07714844 0.15405273
vt 0.07659912 0.15783691
vt 0.09118652 0.15710449
vt 0.08935547 0.16064453
vt 0.10626221 0.1661377
vt 0.103149414 0.16796875
vt 0.117004395 0.17822266
vt 0.11364746 0.18005371
vt 0.12585449 0.19421387
vt 0.07550049 0.16430664
vt 0.08660889 0.16748047
vt 0.09692383 0.1751709
vt 0.105651855 0.18457031
vt 0.12176514 0.19567871
vt 0.08569336 0.16967773
vt 0.12548828 0.21496582
vt 0.12927246 0.21496582
vt 0.058013916 0.16394043
vt 0.09539795 0.17663574
vt 0.113098145 0.19812012
vt 0.12176514 0.23413086
vt 0.12585449 0.2355957
vt 0.11694336 0.25170898
vt 0.103271484 0.18603516
vt 0.117126465 0.21496582
vt 0.113586426 0.24987793
vt 0.10620117 0.26367188
vt 0.11102295 0.19946289
vt 0.113098145 0.23168945
vt 0.10308838 0.2619629
vt 0.09112549 0.27270508
vt 0.11413574 0.21496582
vt 0.08929443 0.2692871
vt 0.0770874 0.2758789
vt 0.076538086 0.27197266
vt 0.057037354 0.27685547
vt 0.05731201 0.27246094
vt 0.03201294 0.27563477
vt 0.03161621 0.27172852
vt 0.02885437 0.27539062
vt 0.028930664 0.27172852
vt 0.028533936 0.25927734
vt 0.025054932 0.27246094
vt 0.024917603 0.25952148
vt 0.02142334 0.27172852
vt 0.021331787 0.25952148
vt 0.024856567 0.21484375
vt 0.020706177 0.21484375
vt 0.028396606 0.21496582
vt 0.024871826 0.17028809
vt 0.02130127 0.17028809
vt 0.02520752 0.15734863
vt 0.021560669 0.15795898
vt 0.0284729 0.17041016
vt 0.031021118 0.17004395
vt 0.055603027 0.16992188
vt 0.031066895 0.21496582
vt 0.031036377 0.25976562
vt 0.055999756 0.16662598
vt 0.059448242 0.16589355
vt 0.05593872 0.21496582
vt 0.05593872 0.2631836
vt 0.058013916 0.16748047
vt 0.07550049 0.16674805
vt 0.055603027 0.26000977
vt 0.05795288 0.25952148
vt 0.057922363 0.26586914
vt 0.058776855 0.21496582
vt 0.05795288 0.17028809
vt 0.0579834 0.26245117
vt 0.07543945 0.265625
vt 0.08654785 0.26245117
vt 0.07543945 0.2631836
vt 0.059387207 0.26391602
vt 0.09686279 0.25463867
vt 0.105651855 0.24536133
vt 0.110961914 0.23046875
vt 0.10321045 0.24389648
vt 0.095336914 0.25317383
vt 0.085632324 0.2602539
vt 0.061309814 0.26123047
vt 0.061065674 0.26171875
vt 0.06109619 0.26000977
vt 0.07489014 0.26049805
vt 0.08465576 0.25805664
vt 0.061828613 0.21496582
vt 0.093444824 0.25170898
vt 0.10089111 0.24255371
vt 0.06112671 0.16992188
vt 0.10827637 0.22949219
vt 0.061340332 0.1685791
vt 0.111206055 0.21496582
vt 0.06112671 0.16809082
vt 0.10827637 0.20043945
vt 0.07495117 0.1694336
vt 0.10089111 0.18725586
vt 0.0847168 0.17175293
vt 0.09350586 0.17822266
vt 0.5053711 0.92285156
vt 0.5107422 0.91064453
vt 0.50390625 0.91064453
vt 0.51123047 0.9213867
vt 0.5151367 0.91064453
vt 0.5136719 0.9448242
vt 0.515625 0.92041016
vt 0.52001953 0.9111328
vt 0.5205078 0.9375
vt 0.5205078 0.91845703
vt 0.5175781 0.9404297
vt 0.5366211 0.94189453
vt 0.5239258 0.9350586
vt 0.5258789 0.91845703
vt 0.52490234 0.9111328
vt 0.5317383 0.91796875
vt 0.5307617 0.91064453
vt 0.5288086 0.93310547
vt 0.5371094 0.93408203
vt 0.5371094 0.9194336
vt 0.5371094 0.91064453
vt 0.54248047 0.91796875
vt 0.54296875 0.91015625
vt 0.54833984 0.91845703
vt 0.5493164 0.91064453
vt 0.5410156 0.9321289
vt 0.5371094 0.9321289
vt 0.5332031 0.9321289
vt 0.5449219 0.9326172
vt 0.55322266 0.91845703
vt 0.5541992 0.91064453
vt 0.55908203 0.91064453
vt 0.5498047 0.9345703
vt 0.55859375 0.92041016
vt 0.56396484 0.9111328
vt 0.55371094 0.9370117
vt 0.5629883 0.9213867
vt 0.5708008 0.91064453
vt 0.5683594 0.92285156
vt 0.5571289 0.9394531
vt 0.5605469 0.9428711
vt 0.5371094 0.9477539
vt 0.5600586 0.94433594
vt 0.56591797 0.9658203
vt 0.5371094 0.9482422
vt 0.5136719 0.9458008
vt 0.5102539 0.96728516
vt 0.5136719 0.9448242
vt 0.50927734 0.9667969
vt 0.5649414 0.9663086
vt 0.56933594 0.97998047
vt 0.5673828 0.97998047
vt 0.5654297 0.97998047
vt 0.53759766 0.96875
vt 0.53759766 0.9819336
vt 0.5097656 0.98046875
vt 0.5078125 0.98046875
vt 0.5058594 0.98046875
vt 0.7807617 0.6503906
vt 0.79589844 0.6113281
vt 0.7807617 0.61083984
vt 0.7993164 0.65234375
vt 0.8027344 0.6113281
vt 0.80566406 0.61083984
vt 0.7993164 0.6801758
vt 0.78027344 0.67626953
vt 0.78027344 0.7060547
vt 0.81103516 0.65234375
vt 0.81152344 0.61083984
vt 0.8208008 0.65234375
vt 0.81689453 0.6113281
vt 0.82470703 0.6113281
vt 0.8305664 0.61083984
vt 0.7993164 0.70410156
vt 0.7993164 0.73583984
vt 0.7807617 0.73779297
vt 0.8105469 0.68115234
vt 0.8203125 0.6801758
vt 0.8305664 0.67871094
vt 0.8305664 0.65185547
vt 0.8364258 0.6113281
vt 0.8408203 0.6801758
vt 0.8408203 0.65234375
vt 0.8442383 0.6113281
vt 0.85058594 0.68115234
vt 0.85009766 0.65234375
vt 0.8618164 0.65234375
vt 0.8496094 0.61083984
vt 0.85595703 0.61083984
vt 0.8588867 0.6113281
vt 0.86572266 0.6113281
vt 0.8803711 0.61083984
vt 0.8808594 0.6503906
vt 0.8808594 0.67626953
vt 0.8618164 0.6801758
vt 0.8808594 0.7060547
vt 0.8618164 0.7050781
vt 0.8808594 0.73779297
vt 0.8618164 0.7368164
vt 0.74072266 0.32910156
vt 0.7294922 0.32617188
vt 0.7290039 0.32958984
vt 0.7416992 0.32617188
vt 0.7290039 0.32299805
vt 0.75683594 0.32885742
vt 0.7416992 0.32250977
vt 0.73291016 0.022644043
vt 0.7578125 0.3256836
vt 0.7504883 0.023147583
vt 0.7314453 0.018325806
vt 0.7524414 0.018997192
vt 0.72998047 0.014778137
vt 0.7651367 0.023544312
vt 0.7553711 0.015975952
vt 0.7294922 0.011497498
vt 0.7685547 0.012527466
vt 0.76464844 0.021148682
vt 0.7626953 0.3251953
vt 0.7651367 0.328125
vt 0.7583008 0.32128906
vt 0.76464844 0.32055664
vt 0.7661133 0.32543945
vt 0.7739258 0.3293457
vt 0.76660156 0.024307251
vt 0.7661133 0.32226562
vt 0.77441406 0.32617188
vt 0.7675781 0.021896362
vt 0.7685547 0.024658203
vt 0.8041992 0.32641602
vt 0.8046875 0.3293457
vt 0.77490234 0.32202148
vt 0.7758789 0.024261475
vt 0.77001953 0.022491455
vt 0.7685547 0.020706177
vt 0.7661133 0.01890564
vt 0.7739258 0.018966675
vt 0.7753906 0.021514893
vt 0.80908203 0.018447876
vt 0.8144531 0.012451172
vt 0.8041992 0.32177734
vt 0.8076172 0.024475098
vt 0.8076172 0.020553589
vt 0.8100586 0.024002075
vt 0.81152344 0.32128906
vt 0.8125 0.019454956
vt 0.81103516 0.021377563
vt 0.8149414 0.01902771
vt 0.8178711 0.018966675
vt 0.85253906 0.0116119385
vt 0.8154297 0.021469116
vt 0.81640625 0.024642944
vt 0.81884766 0.021011353
vt 0.8120117 0.32543945
vt 0.81347656 0.32836914
vt 0.8178711 0.32495117
vt 0.82421875 0.32885742
vt 0.8173828 0.32080078
vt 0.82373047 0.3256836
vt 0.82373047 0.32104492
vt 0.8457031 0.32666016
vt 0.84472656 0.3310547
vt 0.85009766 0.33154297
vt 0.8183594 0.024093628
vt 0.8457031 0.32250977
vt 0.8515625 0.32788086
vt 0.8564453 0.32788086
vt 0.8564453 0.33154297
vt 0.8535156 0.32299805
vt 0.87939453 0.3269043
vt 0.8798828 0.32983398
vt 0.8564453 0.3232422
vt 0.8520508 0.025222778
vt 0.84472656 0.024658203
vt 0.8457031 0.019165039
vt 0.890625 0.32495117
vt 0.890625 0.328125
vt 0.8964844 0.3293457
vt 0.89746094 0.32641602
vt 0.9350586 0.32910156
vt 0.8911133 0.3190918
vt 0.8798828 0.32080078
vt 0.8598633 0.025314331
vt 0.84521484 0.016159058
vt 0.85302734 0.020263672
vt 0.85302734 0.01625061
vt 0.8623047 0.015914917
vt 0.89501953 0.012008667
vt 0.88916016 0.024108887
vt 0.8618164 0.01977539
vt 0.89160156 0.020858765
vt 0.89501953 0.024429321
vt 0.8925781 0.018508911
vt 0.8955078 0.021499634
vt 0.8979492 0.32202148
vt 0.8959961 0.019577026
vt 0.9013672 0.024383545
vt 0.9350586 0.32666016
vt 0.89990234 0.021118164
vt 0.89941406 0.018661499
vt 0.9379883 0.019561768
vt 0.94384766 0.012283325
vt 0.9370117 0.021713257
vt 0.9345703 0.32373047
vt 0.9428711 0.32617188
vt 0.9428711 0.328125
vt 0.93603516 0.024291992
vt 0.9458008 0.32617188
vt 0.9477539 0.32861328
vt 0.96777344 0.32958984
vt 0.9423828 0.32348633
vt 0.9428711 0.021835327
vt 0.96777344 0.32666016
vt 0.98339844 0.3293457
vt 0.98339844 0.32592773
vt 0.94433594 0.023803711
vt 0.94433594 0.3232422
vt 0.96777344 0.32373047
vt 0.9824219 0.3227539
vt 0.98095703 0.02130127
vt 0.9453125 0.023620605
vt 0.95410156 0.023254395
vt 0.9511719 0.019378662
vt 0.9814453 0.016693115
vt 0.9453125 0.021453857
vt 0.94873047 0.017166138
vt 0.9814453 0.013092041
vt 0.9428711 0.020507812
vt 0.9448242 0.019897461
vt 0.9819336 0.010070801
vt 0.5263672 0.16625977
vt 0.5263672 0.17248535
vt 0.5283203 0.17248535
vt 0.5283203 0.16625977
vt 0.5263672 0.16235352
vt 0.53125 0.17248535
vt 0.5283203 0.16235352
vt 0.5263672 0.1586914
vt 0.53125 0.16625977
vt 0.5336914 0.17248535
vt 0.5283203 0.1586914
vt 0.5263672 0.1550293
vt 0.53125 0.16235352
vt 0.5336914 0.16625977
vt 0.5361328 0.17248535
vt 0.5283203 0.1550293
vt 0.5263672 0.1508789
vt 0.5283203 0.1508789
vt 0.53125 0.1586914
vt 0.53125 0.1550293
vt 0.53125 0.1508789
vt 0.5336914 0.16235352
vt 0.5361328 0.16625977
vt 0.5385742 0.17248535
vt 0.5336914 0.1586914
vt 0.5336914 0.1550293
vt 0.5336914 0.1508789
vt 0.5361328 0.16235352
vt 0.5385742 0.16625977
vt 0.54052734 0.17248535
vt 0.5361328 0.1586914
vt 0.5361328 0.1550293
vt 0.5361328 0.1508789
vt 0.5385742 0.16235352
vt 0.54052734 0.16625977
vt 0.54296875 0.17248535
vt 0.5385742 0.1586914
vt 0.5385742 0.1550293
vt 0.5385742 0.1508789
vt 0.54052734 0.16235352
vt 0.54296875 0.16625977
vt 0.54541016 0.17248535
vt 0.54052734 0.1586914
vt 0.54052734 0.1550293
vt 0.54052734 0.1508789
vt 0.54296875 0.16235352
vt 0.54541016 0.16625977
vt 0.54785156 0.17248535
vt 0.54296875 0.1586914
vt 0.54296875 0.1550293
vt 0.54296875 0.1508789
vt 0.54541016 0.16235352
vt 0.54785156 0.16625977
vt 0.55029297 0.17248535
vt 0.54541016 0.1586914
vt 0.54541016 0.1550293
vt 0.54541016 0.1508789
vt 0.54785156 0.16235352
vt 0.55029297 0.16625977
vt 0.5527344 0.17248535
vt 0.54785156 0.1586914
vt 0.54785156 0.1550293
vt 0.54785156 0.1508789
vt 0.55029297 0.16235352
vt 0.5527344 0.16625977
vt 0.5551758 0.17248535
vt 0.55029297 0.1586914
vt 0.55029297 0.1550293
vt 0.55029297 0.1508789
vt 0.5527344 0.16235352
vt 0.5551758 0.16625977
vt 0.5576172 0.17248535
vt 0.5527344 0.1586914
vt 0.5527344 0.1550293
vt 0.5527344 0.1508789
vt 0.5551758 0.16235352
vt 0.5576172 0.16625977
vt 0.5605469 0.17248535
vt 0.5551758 0.1586914
vt 0.5551758 0.1550293
vt 0.5551758 0.1508789
vt 0.5576172 0.16235352
vt 0.5605469 0.16625977
vt 0.5629883 0.17248535
vt 0.5576172 0.1586914
vt 0.5576172 0.1550293
vt 0.5576172 0.1508789
vt 0.5605469 0.16235352
vt 0.5629883 0.16625977
vt 0.5654297 0.17248535
vt 0.5605469 0.1586914
vt 0.5605469 0.1550293
vt 0.5605469 0.1508789
vt 0.5629883 0.16235352
vt 0.5654297 0.16625977
vt 0.5678711 0.17248535
vt 0.5629883 0.1586914
vt 0.5629883 0.1550293
vt 0.5629883 0.1508789
vt 0.5654297 0.16235352
vt 0.5678711 0.16625977
vt 0.5708008 0.17248535
vt 0.5654297 0.1586914
vt 0.5654297 0.1550293
vt 0.5654297 0.1508789
vt 0.5678711 0.16235352
vt 0.5708008 0.16625977
vt 0.5732422 0.17248535
vt 0.5678711 0.1586914
vt 0.5678711 0.1550293
vt 0.5678711 0.1508789
vt 0.5708008 0.16235352
vt 0.5732422 0.16625977
vt 0.5756836 0.17248535
vt 0.5708008 0.1586914
vt 0.5708008 0.1550293
vt 0.5708008 0.1508789
vt 0.5732422 0.16235352
vt 0.5756836 0.16625977
vt 0.578125 0.17248535
vt 0.5732422 0.1586914
vt 0.5732422 0.1550293
vt 0.5732422 0.1508789
vt 0.5756836 0.16235352
vt 0.578125 0.16625977
vt 0.5805664 0.17248535
vt 0.5756836 0.1586914
vt 0.5756836 0.1550293
vt 0.5756836 0.1508789
vt 0.578125 0.16235352
vt 0.5805664 0.16625977
vt 0.5830078 0.17248535
vt 0.578125 0.1586914
vt 0.578125 0.1550293
vt 0.578125 0.1508789
vt 0.5805664 0.16235352
vt 0.5830078 0.16625977
vt 0.5854492 0.17248535
vt 0.5805664 0.1586914
vt 0.5805664 0.1550293
vt 0.5805664 0.1508789
vt 0.5830078 0.16235352
vt 0.5854492 0.16625977
vt 0.5878906 0.17248535
vt 0.5830078 0.1586914
vt 0.5830078 0.1550293
vt 0.5830078 0.1508789
vt 0.5854492 0.16235352
vt 0.5878906 0.16625977
vt 0.59033203 0.17248535
vt 0.5854492 0.1586914
vt 0.5854492 0.1550293
vt 0.5854492 0.1508789
vt 0.5878906 0.16235352
vt 0.59033203 0.16625977
vt 0.5932617 0.17248535
vt 0.5878906 0.1586914
vt 0.5878906 0.1550293
vt 0.5878906 0.1508789
vt 0.59033203 0.16235352
vt 0.5932617 0.16625977
vt 0.5957031 0.17248535
vt 0.59033203 0.1586914
vt 0.59033203 0.1550293
vt 0.59033203 0.1508789
vt 0.5932617 0.16235352
vt 0.5957031 0.16625977
vt 0.5986328 0.17248535
vt 0.5932617 0.1586914
vt 0.5932617 0.1550293
vt 0.5932617 0.1508789
vt 0.5957031 0.16235352
vt 0.5986328 0.16625977
vt 0.6015625 0.17248535
vt 0.5957031 0.1586914
vt 0.5957031 0.1550293
vt 0.5957031 0.1508789
vt 0.5986328 0.16235352
vt 0.6015625 0.16625977
vt 0.6044922 0.17248535
vt 0.5986328 0.1586914
vt 0.5986328 0.1550293
vt 0.5986328 0.1508789
vt 0.6015625 0.16235352
vt 0.6044922 0.16625977
vt 0.6074219 0.17248535
vt 0.6015625 0.1586914
vt 0.6015625 0.1550293
vt 0.6015625 0.1508789
vt 0.6044922 0.16235352
vt 0.6074219 0.16625977
vt 0.61035156 0.17248535
vt 0.6044922 0.1586914
vt 0.6044922 0.1550293
vt 0.6044922 0.1508789
vt 0.6074219 0.16235352
vt 0.61035156 0.16625977
vt 0.61328125 0.17248535
vt 0.6074219 0.1586914
vt 0.6074219 0.1550293
vt 0.6074219 0.1508789
vt 0.61035156 0.16235352
vt 0.61328125 0.16625977
vt 0.6166992 0.17248535
vt 0.61035156 0.1586914
vt 0.61035156 0.1550293
vt 0.61035156 0.1508789
vt 0.61328125 0.16235352
vt 0.6166992 0.16625977
vt 0.6196289 0.17248535
vt 0.61328125 0.1586914
vt 0.61328125 0.1550293
vt 0.61328125 0.1508789
vt 0.6166992 0.16235352
vt 0.6196289 0.16625977
vt 0.6230469 0.17248535
vt 0.6166992 0.1586914
vt 0.6166992 0.1550293
vt 0.6166992 0.1508789
vt 0.6196289 0.16235352
vt 0.6230469 0.16625977
vt 0.62597656 0.17248535
vt 0.6196289 0.1586914
vt 0.6196289 0.1550293
vt 0.6196289 0.1508789
vt 0.6230469 0.16235352
vt 0.62597656 0.16625977
vt 0.62939453 0.17248535
vt 0.6230469 0.1586914
vt 0.6230469 0.1550293
vt 0.6230469 0.1508789
vt 0.62597656 0.16235352
vt 0.62939453 0.16625977
vt 0.6328125 0.17248535
vt 0.62597656 0.1586914
vt 0.62597656 0.1550293
vt 0.62597656 0.1508789
vt 0.62939453 0.16235352
vt 0.6328125 0.16625977
vt 0.63623047 0.17248535
vt 0.62939453 0.1586914
vt 0.62939453 0.1550293
vt 0.62939453 0.1508789
vt 0.6328125 0.16235352
vt 0.63623047 0.16625977
vt 0.63964844 0.17248535
vt 0.6328125 0.1586914
vt 0.6328125 0.1550293
vt 0.6328125 0.1508789
vt 0.63623047 0.16235352
vt 0.63964844 0.16625977
vt 0.6425781 0.17248535
vt 0.63623047 0.1586914
vt 0.63623047 0.1550293
vt 0.63623047 0.1508789
vt 0.63964844 0.16235352
vt 0.6425781 0.16625977
vt 0.6459961 0.17248535
vt 0.63964844 0.1586914
vt 0.63964844 0.1550293
vt 0.63964844 0.1508789
vt 0.6425781 0.16235352
vt 0.6459961 0.16625977
vt 0.64990234 0.17248535
vt 0.6425781 0.1586914
vt 0.6425781 0.1550293
vt 0.6425781 0.1508789
vt 0.6459961 0.16235352
vt 0.64990234 0.16625977
vt 0.6533203 0.17248535
vt 0.6459961 0.1586914
vt 0.6459961 0.1550293
vt 0.6459961 0.1508789
vt 0.64990234 0.16235352
vt 0.6533203 0.16625977
vt 0.6567383 0.17248535
vt 0.64990234 0.1586914
vt 0.64990234 0.1550293
vt 0.64990234 0.1508789
vt 0.6533203 0.16235352
vt 0.6567383 0.16625977
vt 0.66015625 0.17248535
vt 0.6533203 0.1586914
vt 0.6533203 0.1550293
vt 0.6533203 0.1508789
vt 0.6567383 0.16235352
vt 0.66015625 0.16625977
vt 0.6635742 0.17248535
vt 0.6567383 0.1586914
vt 0.6567383 0.1550293
vt 0.6567383 0.1508789
vt 0.66015625 0.16235352
vt 0.6635742 0.16625977
vt 0.66748047 0.17248535
vt 0.66015625 0.1586914
vt 0.66015625 0.1550293
vt 0.66015625 0.1508789
vt 0.6635742 0.16235352
vt 0.66748047 0.16625977
vt 0.67089844 0.17248535
vt 0.6635742 0.1586914
vt 0.6635742 0.1550293
vt 0.6635742 0.1508789
vt 0.66748047 0.16235352
vt 0.67089844 0.16625977
vt 0.6748047 0.17248535
vt 0.66748047 0.1586914
vt 0.66748047 0.1550293
vt 0.66748047 0.1508789
vt 0.67089844 0.16235352
vt 0.6748047 0.16625977
vt 0.67871094 0.17248535
vt 0.67089844 0.1586914
vt 0.67089844 0.1550293
vt 0.67089844 0.1508789
vt 0.6748047 0.16235352
vt 0.67871094 0.16625977
vt 0.6826172 0.17248535
vt 0.6748047 0.1586914
vt 0.6748047 0.1550293
vt 0.6748047 0.1508789
vt 0.67871094 0.16235352
vt 0.6826172 0.16625977
vt 0.68652344 0.17248535
vt 0.67871094 0.1586914
vt 0.67871094 0.1550293
vt 0.67871094 0.1508789
vt 0.6826172 0.16235352
vt 0.68652344 0.16625977
vt 0.69091797 0.17248535
vt 0.6826172 0.1586914
vt 0.6826172 0.1550293
vt 0.6826172 0.1508789
vt 0.68652344 0.16235352
vt 0.69091797 0.16625977
vt 0.69433594 0.17248535
vt 0.69433594 0.16625977
vt 0.69091797 0.16235352
vt 0.69433594 0.16235352
vt 0.68652344 0.1586914
vt 0.68652344 0.1550293
vt 0.68652344 0.1508789
vt 0.69091797 0.1586914
vt 0.69433594 0.1586914
vt 0.69091797 0.1550293
vt 0.69091797 0.1508789
vt 0.69433594 0.1550293
vt 0.69433594 0.1508789
vt 0.60009766 0.9638672
vt 0.5908203 0.96728516
vt 0.5991211 0.96728516
vt 0.5908203 0.9628906
vt 0.5917969 0.95703125
vt 0.5908203 0.95654297
vt 0.61376953 0.95703125
vt 0.61376953 0.9580078
vt 0.5986328 0.98535156
vt 0.60253906 0.98095703
vt 0.5991211 0.9814453
vt 0.6040039 0.984375
vt 0.60009766 0.9916992
vt 0.60253906 0.99121094
vt 0.60546875 0.99072266
vt 0.6064453 0.9902344
vt 0.61279297 0.9814453
vt 0.61035156 0.9785156
vt 0.6015625 0.97753906
vt 0.6098633 0.97558594
vt 0.6142578 0.97509766
vt 0.62841797 0.97802734
vt 0.6274414 0.9838867
vt 0.6279297 0.984375
vt 0.62890625 0.9814453
vt 0.6279297 0.98095703
vt 0.62939453 0.97802734
vt 0.4465332 0.3725586
vt 0.4465332 0.39208984
vt 0.45385742 0.39208984
vt 0.45385742 0.3725586
vt 0.4465332 0.35351562
vt 0.46118164 0.39208984
vt 0.45385742 0.35351562
vt 0.46118164 0.3725586
vt 0.46826172 0.39208984
vt 0.46118164 0.35351562
vt 0.46826172 0.3725586
vt 0.47583008 0.39208984
vt 0.46826172 0.35351562
vt 0.47583008 0.3725586
vt 0.48291016 0.39208984
vt 0.47583008 0.35351562
vt 0.48291016 0.3725586
vt 0.48291016 0.35351562
vt 0.49023438 0.39208984
vt 0.49023438 0.35351562
vt 0.49023438 0.3725586
vt 0.49731445 0.39208984
vt 0.49731445 0.35351562
vt 0.49731445 0.3725586
vt 0.5048828 0.39208984
vt 0.5048828 0.35351562
vt 0.5048828 0.3725586
vt 0.51220703 0.39208984
vt 0.51220703 0.35351562
vt 0.51220703 0.3725586
vt 0.51953125 0.39208984
vt 0.51953125 0.35351562
vt 0.51953125 0.3725586
vt 0.5258789 0.39208984
vt 0.5258789 0.35351562
vt 0.5258789 0.3725586
vt 0.5332031 0.39208984
vt 0.5332031 0.3725586
vt 0.5332031 0.35351562
vt 0.5410156 0.39208984
vt 0.5410156 0.3725586
vt 0.5410156 0.35351562
vt 0.5473633 0.39208984
vt 0.5473633 0.3725586
vt 0.5473633 0.35351562
vt 0.5551758 0.39208984
vt 0.5551758 0.3725586
vt 0.5625 0.39208984
vt 0.5551758 0.35351562
vt 0.5625 0.3725586
vt 0.5625 0.35351562
vt 0.44921875 0.06414795
vt 0.4399414 0.06414795
vt 0.4399414 0.06414795
vt 0.43652344 0.06414795
vt 0.43652344 0.06414795
vt 0.17004395 0.07019043
vt 0.6308594 0.058746338
vt 0.63183594 0.06072998
vt 0.6323242 0.058624268
vt 0.6328125 0.054748535
vt 0.6308594 0.058746338
vt 0.6308594 0.054748535
vt 0.62890625 0.054748535
vt 0.6303711 0.050354004
vt 0.62841797 0.050354004
vt 0.6308594 0.04510498
vt 0.62841797 0.04510498
vt 0.6323242 0.050354004
vt 0.6308594 0.038909912
vt 0.62890625 0.0390625
vt 0.62890625 0.035583496
vt 0.6328125 0.038909912
vt 0.6303711 0.03488159
vt 0.6298828 0.033996582
vt 0.6274414 0.034729004
vt 0.63183594 0.034088135
vt 0.6347656 0.033081055
vt 0.6323242 0.04510498
vt 0.63427734 0.038909912
vt 0.63427734 0.04510498
vt 0.63427734 0.050354004
vt 0.63427734 0.054748535
vt 0.6323242 0.058624268
vt 0.6381836 0.050354004
vt 0.6381836 0.04510498
vt 0.6381836 0.054748535
vt 0.7138672 0.04510498
vt 0.7138672 0.050354004
vt 0.7138672 0.038909912
vt 0.7138672 0.054748535
vt 0.6381836 0.038909912
vt 0.7138672 0.032989502
vt 0.6381836 0.060577393
vt 0.7138672 0.060577393
vt 0.7138672 0.06414795
vt 0.6381836 0.032989502
vt 0.7138672 0.02923584
vt 0.6352539 0.060577393
vt 0.6323242 0.058624268
vt 0.6381836 0.06414795
vt 0.6381836 0.02923584
vt 0.6381836 0.07019043
vt 0.6352539 0.07019043
vt 0.7138672 0.07019043
vt 0.6381836 0.07720947
vt 0.7138672 0.07720947
vt 0.6352539 0.06414795
vt 0.6323242 0.06414795
vt 0.6381836 0.024429321
vt 0.6352539 0.024429321
vt 0.7138672 0.024429321
vt 0.7138672 0.018661499
vt 0.6381836 0.018661499
vt 0.7138672 0.012413025
vt 0.6381836 0.012413025
vt 0.6352539 0.018661499
vt 0.6352539 0.012413025
vt 0.6323242 0.012413025
vt 0.6323242 0.018661499
vt 0.6352539 0.02923584
vt 0.6323242 0.02923584
vt 0.44921875 0.018661499
vt 0.44921875 0.012413025
vt 0.4399414 0.012413025
vt 0.6323242 0.024429321
vt 0.44921875 0.02923584
vt 0.6323242 0.032592773
vt 0.44921875 0.024429321
vt 0.4399414 0.024429321
vt 0.4399414 0.018661499
vt 0.43652344 0.018661499
vt 0.43652344 0.012413025
vt 0.17004395 0.012413025
vt 0.6308594 0.033203125
vt 0.44921875 0.030899048
vt 0.6298828 0.033996582
vt 0.6303711 0.03488159
vt 0.4399414 0.02923584
vt 0.43652344 0.024429321
vt 0.17004395 0.024429321
vt 0.43652344 0.02923584
vt 0.17004395 0.018661499
vt 0.16796875 0.018661499
vt 0.16796875 0.012413025
vt 0.16601562 0.018661499
vt 0.16601562 0.012413025
vt 0.16796875 0.024429321
vt 0.06427002 0.018661499
vt 0.06427002 0.012413025
vt 0.05935669 0.018661499
vt 0.05935669 0.012413025
vt 0.055725098 0.018661499
vt 0.055725098 0.012413025
vt 0.03564453 0.018661499
vt 0.03564453 0.012413025
vt 0.025375366 0.018661499
vt 0.025375366 0.012413025
vt 0.02279663 0.018661499
vt 0.02279663 0.012413025
vt 0.02279663 0.024429321
vt 0.025375366 0.024429321
vt 0.03564453 0.024429321
vt 0.025375366 0.02923584
vt 0.02279663 0.02923584
vt 0.02279663 0.037139893
vt 0.055725098 0.024429321
vt 0.025375366 0.037139893
vt 0.02279663 0.04611206
vt 0.03564453 0.02923584
vt 0.05935669 0.024429321
vt 0.025375366 0.04611206
vt 0.02279663 0.049194336
vt 0.03564453 0.037139893
vt 0.055725098 0.02923584
vt 0.06427002 0.024429321
vt 0.055725098 0.037139893
vt 0.05935669 0.02923584
vt 0.03564453 0.04611206
vt 0.025375366 0.049194336
vt 0.16601562 0.024429321
vt 0.06427002 0.02923584
vt 0.05935669 0.037139893
vt 0.025375366 0.05810547
vt 0.02279663 0.05810547
vt 0.02279663 0.06414795
vt 0.16601562 0.02923584
vt 0.03564453 0.049194336
vt 0.055725098 0.04611206
vt 0.06427002 0.037139893
vt 0.16796875 0.02923584
vt 0.055725098 0.049194336
vt 0.05935669 0.04611206
vt 0.16601562 0.037139893
vt 0.16992188 0.02923584
vt 0.05935669 0.049194336
vt 0.06427002 0.04611206
vt 0.16796875 0.037139893
vt 0.43652344 0.02923584
vt 0.4399414 0.02923584
vt 0.4399414 0.02923584
vt 0.43652344 0.037139893
vt 0.4399414 0.02923584
vt 0.17004395 0.037139893
vt 0.16796875 0.04611206
vt 0.16601562 0.04611206
vt 0.06427002 0.049194336
vt 0.4489746 0.03186035
vt 0.4489746 0.032714844
vt 0.44311523 0.032287598
vt 0.4489746 0.03353882
vt 0.6274414 0.034729004
vt 0.44677734 0.03451538
vt 0.44482422 0.033203125
vt 0.4399414 0.037139893
vt 0.44189453 0.037139893
vt 0.43652344 0.04611206
vt 0.4404297 0.04611206
vt 0.17004395 0.04611206
vt 0.44018555 0.049194336
vt 0.44189453 0.04611206
vt 0.43652344 0.049194336
vt 0.16796875 0.049194336
vt 0.16992188 0.049194336
vt 0.43652344 0.05810547
vt 0.16601562 0.049194336
vt 0.16796875 0.05810547
vt 0.16601562 0.05810547
vt 0.16796875 0.06414795
vt 0.17016602 0.05810547
vt 0.06427002 0.05810547
vt 0.05935669 0.05810547
vt 0.055725098 0.05810547
vt 0.03564453 0.05810547
vt 0.055725098 0.06414795
vt 0.05935669 0.06414795
vt 0.06427002 0.06414795
vt 0.025375366 0.06414795
vt 0.03564453 0.06414795
vt 0.025375366 0.07019043
vt 0.02279663 0.07019043
vt 0.055725098 0.07019043
vt 0.16601562 0.06414795
vt 0.05935669 0.07019043
vt 0.06427002 0.07019043
vt 0.03564453 0.07019043
vt 0.025375366 0.07720947
vt 0.02279663 0.07720947
vt 0.02279663 0.083618164
vt 0.03564453 0.07720947
vt 0.03564453 0.083618164
vt 0.025375366 0.083618164
vt 0.02279663 0.089782715
vt 0.055725098 0.07720947
vt 0.025375366 0.089782715
vt 0.02279663 0.095336914
vt 0.05935669 0.07720947
vt 0.055725098 0.083618164
vt 0.025375366 0.095336914
vt 0.03564453 0.089782715
vt 0.055725098 0.089782715
vt 0.05935669 0.083618164
vt 0.06427002 0.07720947
vt 0.025375366 0.10144043
vt 0.02279663 0.10144043
vt 0.02279663 0.107055664
vt 0.03564453 0.095336914
vt 0.055725098 0.095336914
vt 0.05935669 0.089782715
vt 0.16601562 0.07019043
vt 0.06427002 0.083618164
vt 0.16601562 0.07720947
vt 0.16796875 0.07019043
vt 0.03564453 0.10144043
vt 0.055725098 0.10144043
vt 0.025375366 0.107055664
vt 0.025375366 0.113098145
vt 0.02279663 0.113098145
vt 0.02279663 0.11907959
vt 0.03564453 0.107055664
vt 0.055725098 0.107055664
vt 0.03564453 0.113098145
vt 0.025375366 0.11907959
vt 0.025375366 0.12536621
vt 0.02279663 0.12536621
vt 0.02279663 0.13134766
vt 0.03564453 0.11907959
vt 0.025375366 0.13134766
vt 0.02279663 0.13757324
vt 0.025375366 0.13757324
vt 0.03564453 0.12536621
vt 0.03564453 0.13134766
vt 0.03564453 0.13757324
vt 0.055725098 0.11907959
vt 0.055725098 0.12536621
vt 0.055725098 0.13134766
vt 0.055725098 0.13757324
vt 0.05935669 0.13134766
vt 0.05935669 0.13757324
vt 0.05935669 0.12536621
vt 0.06427002 0.13134766
vt 0.06427002 0.13757324
vt 0.055725098 0.113098145
vt 0.05935669 0.11907959
vt 0.06427002 0.12536621
vt 0.16601562 0.13134766
vt 0.16601562 0.13757324
vt 0.05935669 0.107055664
vt 0.05935669 0.113098145
vt 0.06427002 0.11907959
vt 0.16601562 0.12536621
vt 0.16796875 0.13134766
vt 0.16796875 0.13757324
vt 0.06427002 0.113098145
vt 0.16601562 0.11907959
vt 0.16796875 0.12536621
vt 0.17004395 0.13134766
vt 0.17004395 0.13757324
vt 0.43652344 0.13757324
vt 0.17004395 0.12536621
vt 0.16796875 0.11907959
vt 0.16601562 0.113098145
vt 0.43652344 0.13134766
vt 0.17004395 0.11907959
vt 0.16796875 0.113098145
vt 0.4399414 0.13134766
vt 0.4399414 0.13757324
vt 0.44921875 0.13757324
vt 0.43652344 0.12536621
vt 0.17004395 0.113098145
vt 0.4399414 0.12536621
vt 0.44921875 0.13134766
vt 0.43652344 0.11907959
vt 0.4399414 0.11907959
vt 0.6323242 0.13134766
vt 0.6323242 0.13757324
vt 0.6352539 0.13757324
vt 0.44921875 0.12536621
vt 0.6323242 0.12536621
vt 0.6352539 0.13134766
vt 0.6381836 0.13134766
vt 0.6381836 0.13757324
vt 0.7138672 0.13134766
vt 0.7138672 0.13757324
vt 0.7138672 0.12536621
vt 0.6381836 0.12536621
vt 0.7138672 0.11907959
vt 0.6352539 0.12536621
vt 0.6381836 0.11907959
vt 0.7138672 0.113098145
vt 0.6323242 0.11907959
vt 0.6381836 0.113098145
vt 0.7138672 0.107055664
vt 0.6352539 0.11907959
vt 0.44921875 0.11907959
vt 0.6381836 0.107055664
vt 0.7138672 0.10144043
vt 0.6352539 0.113098145
vt 0.6323242 0.113098145
vt 0.4399414 0.113098145
vt 0.6381836 0.10144043
vt 0.7138672 0.095336914
vt 0.44921875 0.113098145
vt 0.6352539 0.107055664
vt 0.6323242 0.107055664
vt 0.43652344 0.113098145
vt 0.6381836 0.095336914
vt 0.7138672 0.089782715
vt 0.4399414 0.107055664
vt 0.44921875 0.107055664
vt 0.6352539 0.10144043
vt 0.6323242 0.10144043
vt 0.17004395 0.107055664
vt 0.6381836 0.089782715
vt 0.7138672 0.083618164
vt 0.43652344 0.107055664
vt 0.4399414 0.10144043
vt 0.44921875 0.10144043
vt 0.6352539 0.095336914
vt 0.6323242 0.095336914
vt 0.6381836 0.083618164
vt 0.6352539 0.089782715
vt 0.6323242 0.089782715
vt 0.44921875 0.095336914
vt 0.4399414 0.095336914
vt 0.6352539 0.083618164
vt 0.6323242 0.083618164
vt 0.44921875 0.089782715
vt 0.6352539 0.07720947
vt 0.6323242 0.07720947
vt 0.43652344 0.10144043
vt 0.4399414 0.089782715
vt 0.44921875 0.083618164
vt 0.6323242 0.07019043
vt 0.44921875 0.07720947
vt 0.4399414 0.083618164
vt 0.43652344 0.095336914
vt 0.17004395 0.10144043
vt 0.44921875 0.07019043
vt 0.4399414 0.07720947
vt 0.43652344 0.089782715
vt 0.17004395 0.095336914
vt 0.16796875 0.107055664
vt 0.4399414 0.07019043
vt 0.43652344 0.083618164
vt 0.17004395 0.089782715
vt 0.16796875 0.10144043
vt 0.16601562 0.107055664
vt 0.06427002 0.107055664
vt 0.16601562 0.10144043
vt 0.16796875 0.095336914
vt 0.06427002 0.10144043
vt 0.16601562 0.095336914
vt 0.05935669 0.10144043
vt 0.06427002 0.095336914
vt 0.05935669 0.095336914
vt 0.06427002 0.089782715
vt 0.16796875 0.089782715
vt 0.16601562 0.089782715
vt 0.16601562 0.083618164
vt 0.16796875 0.083618164
vt 0.16796875 0.07720947
vt 0.17004395 0.083618164
vt 0.17004395 0.07019043
vt 0.17004395 0.07720947
vt 0.43652344 0.07720947
vt 0.43652344 0.07019043
vt 0.43652344 0.06414795
vt 0.4399414 0.06414795
vt 0.44921875 0.06414795
vt 0.17004395 0.06414795
vt 0.43652344 0.06414795
vt 0.4399414 0.05810547
vt 0.4399414 0.06414795
vt 0.44921875 0.061401367
vt 0.44189453 0.049194336
vt 0.44189453 0.05810547
vt 0.44360352 0.049194336
vt 0.6323242 0.061279297
vt 0.44335938 0.06072998
vt 0.63183594 0.06072998
vt 0.4489746 0.06085205
vt 0.44458008 0.060028076
vt 0.6308594 0.060150146
vt 0.4489746 0.060333252
vt 0.4465332 0.059020996
vt 0.44360352 0.057678223
vt 0.4465332 0.059020996
vt 0.44921875 0.059753418
vt 0.62841797 0.059265137
vt 0.62890625 0.05810547
vt 0.6308594 0.060150146
vt 0.4453125 0.049194336
vt 0.4453125 0.05758667
vt 0.4465332 0.059020996
vt 0.4440918 0.04611206
vt 0.4465332 0.04611206
vt 0.44384766 0.03744507
vt 0.44580078 0.037261963
vt 0.44482422 0.033203125
vt 0.44482422 0.033203125
vt 0.44311523 0.032287598
vt 0.6308594 0.058746338
vt 0.29882812 0.34643555
vt 0.2783203 0.35083008
vt 0.29882812 0.35083008
vt 0.2783203 0.34643555
vt 0.29882812 0.34179688
vt 0.2783203 0.34179688
vt 0.29882812 0.3359375
vt 0.2783203 0.3359375
vt 0.43310547 0.44384766
vt 0.43310547 0.43652344
vt 0.40551758 0.44384766
vt 0.40551758 0.43652344
vt 0.40551758 0.44091797
vt 0.29882812 0.44018555
vt 0.40551758 0.4309082
vt 0.43310547 0.4309082
vt 0.43310547 0.4243164
vt 0.29882812 0.43652344
vt 0.40551758 0.4243164
vt 0.43310547 0.4182129
vt 0.29882812 0.4309082
vt 0.40551758 0.4182129
vt 0.43310547 0.41210938
vt 0.29882812 0.4243164
vt 0.40551758 0.41210938
vt 0.43310547 0.40625
vt 0.29882812 0.4182129
vt 0.40551758 0.40625
vt 0.43310547 0.40014648
vt 0.29882812 0.41210938
vt 0.40551758 0.40014648
vt 0.43310547 0.39257812
vt 0.29882812 0.40625
vt 0.2783203 0.4243164
vt 0.2783203 0.4182129
vt 0.2783203 0.4309082
vt 0.2783203 0.41210938
vt 0.2783203 0.40625
vt 0.2783203 0.43652344
vt 0.2783203 0.44384766
vt 0.29882812 0.44384766
vt 0.2783203 0.40014648
vt 0.29882812 0.40014648
vt 0.2783203 0.39257812
vt 0.29882812 0.39257812
vt 0.2783203 0.38598633
vt 0.40551758 0.39257812
vt 0.40551758 0.38598633
vt 0.43310547 0.38598633
vt 0.43310547 0.37817383
vt 0.29882812 0.38598633
vt 0.2783203 0.37817383
vt 0.40551758 0.37817383
vt 0.29882812 0.37817383
vt 0.2783203 0.37036133
vt 0.40551758 0.37036133
vt 0.43310547 0.37036133
vt 0.29882812 0.37036133
vt 0.2783203 0.36523438
vt 0.40551758 0.36523438
vt 0.43310547 0.36523438
vt 0.29882812 0.36523438
vt 0.29882812 0.36083984
vt 0.2783203 0.359375
vt 0.40551758 0.36083984
vt 0.29882812 0.359375
vt 0.29882812 0.35595703
vt 0.2783203 0.35595703
vt 0.40551758 0.359375
vt 0.43310547 0.359375
vt 0.40551758 0.35595703
vt 0.43310547 0.35595703
vt 0.40551758 0.35083008
vt 0.43310547 0.35083008
vt 0.40551758 0.34643555
vt 0.43310547 0.34643555
vt 0.40551758 0.34179688
vt 0.43310547 0.34179688
vt 0.40551758 0.3359375
vt 0.43310547 0.3359375
vt 0.20678711 0.4711914
vt 0.22607422 0.46557617
vt 0.21594238 0.4663086
vt 0.22290039 0.4934082
vt 0.20043945 0.47802734
vt 0.19665527 0.4855957
vt 0.23608398 0.46728516
vt 0.19458008 0.49438477
vt 0.25048828 0.4802246
vt 0.24475098 0.4729004
vt 0.2536621 0.4880371
vt 0.2548828 0.4970703
vt 0.25341797 0.5058594
vt 0.24987793 0.5136719
vt 0.19812012 0.51171875
vt 0.1953125 0.50341797
vt 0.20446777 0.5185547
vt 0.21240234 0.5234375
vt 0.22338867 0.5253906
vt 0.23461914 0.52441406
vt 0.24291992 0.5205078
vt 0.2783203 0.35083008
vt 0.2783203 0.35595703
vt 0.29882812 0.35083008
vt 0.29882812 0.35595703
vt 0.19921875 0.41455078
vt 0.20031738 0.41503906
vt 0.20324707 0.40795898
vt 0.20227051 0.40722656
vt 0.20227051 0.40722656
vt 0.20324707 0.40795898
vt 0.20812988 0.40063477
vt 0.20727539 0.3996582
vt 0.20727539 0.3996582
vt 0.20812988 0.40063477
vt 0.2166748 0.39501953
vt 0.21618652 0.39379883
vt 0.23022461 0.39282227
vt 0.23046875 0.39135742
vt 0.24157715 0.39648438
vt 0.24230957 0.39526367
vt 0.25024414 0.4038086
vt 0.25146484 0.40283203
vt 0.22705078 0.4243164
vt 0.2166748 0.39501953
vt 0.20324707 0.40795898
vt 0.25585938 0.41577148
vt 0.25732422 0.4152832
vt 0.25610352 0.4260254
vt 0.25756836 0.42626953
vt 0.25317383 0.43554688
vt 0.25463867 0.43603516
vt 0.24658203 0.4440918
vt 0.2475586 0.44506836
vt 0.23657227 0.4494629
vt 0.23706055 0.45092773
vt 0.2244873 0.4506836
vt 0.2244873 0.45214844
vt 0.20324707 0.40795898
vt 0.19934082 0.42285156
vt 0.203125 0.43579102
vt 0.21020508 0.4440918
vt 0.20947266 0.44506836
vt 0.20214844 0.43652344
vt 0.20019531 0.42895508
vt 0.19897461 0.42919922
vt 0.19812012 0.42285156
vt 0.19812012 0.42285156
vt 0.19934082 0.42285156
vt 0.20031738 0.41503906
vt 0.19921875 0.41455078
vt 0.2244873 0.4506836
vt 0.22705078 0.4243164
vt 0.21020508 0.4440918
vt 0.2244873 0.45214844
vt 0.2166748 0.44873047
vt 0.21618652 0.44995117
vt 0.20947266 0.44506836
vt 0.72802734 0.35302734
vt 0.73535156 0.34472656
vt 0.7265625 0.34716797
vt 0.7368164 0.3474121
vt 0.74316406 0.34448242
vt 0.74121094 0.34228516
vt 0.7441406 0.34838867
vt 0.7495117 0.3425293
vt 0.7495117 0.3408203
vt 0.7495117 0.34643555
vt 0.78564453 0.34057617
vt 0.78564453 0.33862305
vt 0.78564453 0.34472656
vt 0.92578125 0.3408203
vt 0.92578125 0.3395996
vt 0.9243164 0.34594727
vt 0.94091797 0.34155273
vt 0.94140625 0.3395996
vt 0.94140625 0.34643555
vt 0.9604492 0.3408203
vt 0.9609375 0.3395996
vt 0.95996094 0.34545898
vt 0.9638672 0.3408203
vt 0.9638672 0.33911133
vt 0.9682617 0.34277344
vt 0.9707031 0.3413086
vt 0.96435547 0.3449707
vt 0.9638672 0.3515625
vt 0.94091797 0.35107422
vt 0.9404297 0.35351562
vt 0.9248047 0.35107422
vt 0.9243164 0.35327148
vt 0.78564453 0.34985352
vt 0.78564453 0.35205078
vt 0.7504883 0.3527832
vt 0.7504883 0.35107422
vt 0.74609375 0.35205078
vt 0.74609375 0.3540039
vt 0.73339844 0.35498047
vt 0.7397461 0.3618164
vt 0.7368164 0.35668945
vt 0.7314453 0.35791016
vt 0.7265625 0.3557129
vt 0.72314453 0.37182617
vt 0.7167969 0.36914062
vt 0.7080078 0.38354492
vt 0.734375 0.35864258
vt 0.7368164 0.35888672
vt 0.72558594 0.37353516
vt 0.7285156 0.37524414
vt 0.7207031 0.3864746
vt 0.71240234 0.38476562
vt 0.70166016 0.3955078
vt 0.71728516 0.3857422
vt 0.7104492 0.40405273
vt 0.70654297 0.40283203
vt 0.70654297 0.39648438
vt 0.70410156 0.40405273
vt 0.69873047 0.4025879
vt 0.7084961 0.4111328
vt 0.7011719 0.41064453
vt 0.6977539 0.41137695
vt 0.70458984 0.41088867
vt 0.7011719 0.41259766
vt 0.6982422 0.41357422
vt 0.7011719 0.41552734
vt 0.70410156 0.4128418
vt 0.7080078 0.4128418
vt 0.7080078 0.4177246
vt 0.7011719 0.41748047
vt 0.7402344 0.41918945
vt 0.74072266 0.42041016
vt 0.7397461 0.42016602
vt 0.7080078 0.41870117
vt 0.7392578 0.42260742
vt 0.7011719 0.41845703
vt 0.7084961 0.42236328
vt 0.7006836 0.421875
vt 0.15625 0.1776123
vt 0.1538086 0.1538086
vt 0.1505127 0.17297363
vt 0.1586914 0.15576172
vt 0.15600586 0.15014648
vt 0.15820312 0.18103027
vt 0.15917969 0.15344238
vt 0.16125488 0.15478516
vt 0.16101074 0.15270996
vt 0.15991211 0.14868164
vt 0.17028809 0.1652832
vt 0.18188477 0.15161133
vt 0.1821289 0.15393066
vt 0.20678711 0.15478516
vt 0.17541504 0.16564941
vt 0.23022461 0.16711426
vt 0.20617676 0.1665039
vt 0.20715332 0.1998291
vt 0.23071289 0.20227051
vt 0.25341797 0.16711426
vt 0.26757812 0.16809082
vt 0.6972656 0.9633789
vt 0.7089844 0.95166016
vt 0.7080078 0.9506836
vt 0.6972656 0.9638672
vt 0.7158203 0.9589844
vt 0.6948242 0.96484375
vt 0.703125 0.9716797
vt 0.7163086 0.95947266
vt 0.7036133 0.97265625
vt 0.6948242 0.96533203
vt 0.6665039 0.97753906
vt 0.69921875 0.97509766
vt 0.69970703 0.9760742
vt 0.6665039 0.9790039
vt 0.6591797 0.97998047
vt 0.66748047 0.98876953
vt 0.66796875 0.9897461
vt 0.6591797 0.98095703
vt 0.64990234 0.97509766
vt 0.65771484 0.9921875
vt 0.6582031 0.99365234
vt 0.6542969 0.9921875
vt 0.6538086 0.9941406
vt 0.6503906 0.99072266
vt 0.64941406 0.9916992
vt 0.6489258 0.97558594
vt 0.64404297 0.98291016
vt 0.6425781 0.9838867
vt 0.63623047 0.9604492
vt 0.63720703 0.95996094
vt 0.63378906 0.9555664
vt 0.6274414 0.9604492
vt 0.6269531 0.9609375
vt 0.6333008 0.95654297
vt 0.6274414 0.95751953
vt 0.62597656 0.95751953
vt 0.6269531 0.95458984
vt 0.6303711 0.95458984
vt 0.6308594 0.95410156
vt 0.6279297 0.95166016
vt 0.62841797 0.9536133
vt 0.6269531 0.9526367
vt 0.66748047 0.92578125
vt 0.6816406 0.9458008
vt 0.6870117 0.9375
vt 0.66308594 0.93359375
vt 0.68066406 0.94677734
vt 0.6616211 0.92285156
vt 0.66259766 0.9345703
vt 0.6738281 0.95703125
vt 0.6582031 0.93066406
vt 0.6254883 0.9086914
vt 0.6230469 0.9165039
vt 0.6152344 0.9067383
vt 0.65771484 0.9448242
vt 0.67333984 0.9580078
vt 0.6582031 0.9316406
vt 0.6142578 0.91259766
vt 0.61083984 0.9067383
vt 0.65722656 0.9458008
vt 0.66748047 0.96533203
vt 0.6513672 0.9536133
vt 0.65478516 0.9428711
vt 0.6225586 0.91748047
vt 0.6538086 0.94384766
vt 0.6489258 0.95214844
vt 0.6113281 0.9121094
vt 0.6069336 0.90722656
vt 0.62158203 0.9272461
vt 0.61279297 0.9238281
vt 0.62109375 0.9291992
vt 0.6176758 0.9370117
vt 0.61376953 0.9135742
vt 0.61279297 0.92626953
vt 0.61083984 0.93359375
vt 0.60839844 0.91259766
vt 0.5986328 0.91064453
vt 0.6113281 0.91308594
vt 0.6020508 0.92578125
vt 0.6015625 0.9321289
vt 0.60058594 0.9160156
vt 0.57958984 0.9194336
vt 0.6088867 0.9135742
vt 0.6015625 0.9238281
vt 0.5864258 0.9267578
vt 0.5864258 0.9321289
vt 0.58251953 0.92285156
vt 0.5776367 0.921875
vt 0.6015625 0.9169922
vt 0.5864258 0.92626953
vt 0.5834961 0.9267578
vt 0.58203125 0.93115234
vt 0.58251953 0.92333984
vt 0.5834961 0.9267578
vt 0.5810547 0.9243164
vt 0.58203125 0.92626953
vt 0.5800781 0.9301758
vt 0.58203125 0.9243164
vt 0.5805664 0.9248047
vt 0.57666016 0.9238281
vt 0.5776367 0.92578125
vt 0.58203125 0.92578125
vt 0.5800781 0.92626953
vt 0.5786133 0.9272461
vt 0.5805664 0.92578125
vt 0.3310547 0.5942383
vt 0.32641602 0.56152344
vt 0.32739258 0.59375
vt 0.64453125 0.4885254
vt 0.64697266 0.4633789
vt 0.62939453 0.48510742
vt 0.62939453 0.49267578
vt 0.6430664 0.50341797
vt 0.6333008 0.51171875
vt 0.64453125 0.5366211
vt 0.6225586 0.5019531
vt 0.61621094 0.5239258
vt 0.61328125 0.49682617
vt 0.60595703 0.50439453
vt 0.61083984 0.5136719
vt 0.6035156 0.54003906
vt 0.6298828 0.54589844
vt 0.62060547 0.5517578
vt 0.63671875 0.5708008
vt 0.6303711 0.58496094
vt 0.6479492 0.5527344
vt 0.65771484 0.5546875
vt 0.6591797 0.5698242
vt 0.66796875 0.5683594
vt 0.6538086 0.58935547
vt 0.6689453 0.5878906
vt 0.6435547 0.5776367
vt 0.6430664 0.58740234
vt 0.6333008 0.59814453
vt 0.6542969 0.6015625
vt 0.6425781 0.6074219
vt 0.6645508 0.6010742
vt 0.6508789 0.61035156
vt 0.640625 0.6015625
vt 0.6035156 0.60058594
vt 0.6303711 0.6064453
vt 0.63916016 0.61621094
vt 0.64990234 0.6201172
vt 0.6118164 0.61035156
vt 0.6254883 0.6152344
vt 0.62646484 0.6333008
vt 0.64746094 0.63916016
vt 0.61865234 0.6274414
vt 0.62841797 0.6503906
vt 0.6386719 0.6645508
vt 0.6191406 0.6435547
vt 0.6147461 0.65185547
vt 0.61376953 0.6611328
vt 0.6142578 0.6669922
vt 0.6040039 0.68066406
vt 0.6171875 0.67041016
vt 0.6376953 0.7055664
vt 0.57910156 0.68066406
vt 0.5756836 0.70654297
vt 0.5756836 0.71484375
vt 0.6010742 0.7060547
vt 0.57373047 0.72216797
vt 0.59375 0.71435547
vt 0.58154297 0.7475586
vt 0.6118164 0.703125
vt 0.61279297 0.68408203
vt 0.61376953 0.71484375
vt 0.61621094 0.70214844
vt 0.62158203 0.7158203
vt 0.6411133 0.7265625
vt 0.60498047 0.7236328
vt 0.6010742 0.7392578
vt 0.6147461 0.72265625
vt 0.61621094 0.7368164
vt 0.6040039 0.74609375
vt 0.62597656 0.73583984
vt 0.6308594 0.74853516
vt 0.64404297 0.7792969
vt 0.63134766 0.75927734
vt 0.58935547 0.75927734
vt 0.6245117 0.7661133
vt 0.61035156 0.79248047
vt 0.55078125 0.78515625
vt 0.5527344 0.82128906
vt 0.546875 0.8208008
vt 0.6333008 0.77197266
vt 0.62402344 0.7709961
vt 0.6425781 0.8203125
vt 0.54541016 0.8359375
vt 0.6088867 0.81591797
vt 0.5102539 0.8461914
vt 0.49804688 0.8466797
vt 0.5107422 0.8618164
vt 0.5473633 0.8569336
vt 0.5107422 0.8676758
vt 0.55126953 0.8354492
vt 0.54785156 0.8642578
vt 0.5107422 0.87353516
vt 0.5517578 0.85791016
vt 0.54833984 0.8725586
vt 0.5107422 0.8798828
vt 0.54833984 0.8935547
vt 0.54833984 0.8803711
vt 0.55078125 0.8808594
vt 0.55126953 0.89501953
vt 0.5629883 0.8925781
vt 0.5917969 0.88916016
vt 0.55078125 0.86328125
vt 0.55029297 0.8730469
vt 0.58691406 0.8730469
vt 0.6098633 0.88378906
vt 0.5888672 0.8642578
vt 0.60058594 0.8652344
vt 0.5961914 0.8730469
vt 0.58251953 0.8569336
vt 0.59716797 0.8334961
vt 0.6225586 0.8701172
vt 0.6435547 0.8847656
vt 0.625 0.86279297
vt 0.65185547 0.86572266
vt 0.6123047 0.85839844
vt 0.6196289 0.84716797
vt 0.6088867 0.8286133
vt 0.62158203 0.8300781
vt 0.6879883 0.18041992
vt 0.7055664 0.18322754
vt 0.7055664 0.18041992
vt 0.6879883 0.18322754
vt 0.6743164 0.18041992
vt 0.6879883 0.18444824
vt 0.7055664 0.18444824
vt 0.7055664 0.19311523
vt 0.6743164 0.18322754
vt 0.6635742 0.18041992
vt 0.6743164 0.18444824
vt 0.6879883 0.19311523
vt 0.6879883 0.19482422
vt 0.7055664 0.19482422
vt 0.7055664 0.19970703
vt 0.6879883 0.19970703
vt 0.6743164 0.19482422
vt 0.6743164 0.19970703
vt 0.6743164 0.19311523
vt 0.6635742 0.18444824
vt 0.6635742 0.18322754
vt 0.6538086 0.18322754
vt 0.6538086 0.18041992
vt 0.6635742 0.19482422
vt 0.6635742 0.19970703
vt 0.6635742 0.19311523
vt 0.64404297 0.18322754
vt 0.64404297 0.18041992
vt 0.6538086 0.18444824
vt 0.6538086 0.19482422
vt 0.6538086 0.19970703
vt 0.6538086 0.19311523
vt 0.64404297 0.19482422
vt 0.64404297 0.19970703
vt 0.64404297 0.18444824
vt 0.64404297 0.19311523
vt 0.63134766 0.19482422
vt 0.63134766 0.19970703
vt 0.63134766 0.18444824
vt 0.62158203 0.19482422
vt 0.62158203 0.19970703
vt 0.63134766 0.19311523
vt 0.63134766 0.18322754
vt 0.63134766 0.18041992
vt 0.62158203 0.18041992
vt 0.6088867 0.19482422
vt 0.6088867 0.19970703
vt 0.62158203 0.18444824
vt 0.62158203 0.18322754
vt 0.6088867 0.18041992
vt 0.62158203 0.19311523
vt 0.59521484 0.19482422
vt 0.59521484 0.19970703
vt 0.58203125 0.19970703
vt 0.6088867 0.18322754
vt 0.59521484 0.18041992
vt 0.6088867 0.18444824
vt 0.6088867 0.19311523
vt 0.59521484 0.18322754
vt 0.59521484 0.18444824
vt 0.59521484 0.19311523
vt 0.58203125 0.19482422
vt 0.58203125 0.18322754
vt 0.58203125 0.18041992
vt 0.58203125 0.18444824
vt 0.56933594 0.18322754
vt 0.56933594 0.18041992
vt 0.56933594 0.18444824
vt 0.5595703 0.18322754
vt 0.5595703 0.18041992
vt 0.5488281 0.18041992
vt 0.58203125 0.19311523
vt 0.56933594 0.19311523
vt 0.5488281 0.18322754
vt 0.5385742 0.18041992
vt 0.5595703 0.18444824
vt 0.56933594 0.19482422
vt 0.56933594 0.19970703
vt 0.5595703 0.19970703
vt 0.5595703 0.19311523
vt 0.5595703 0.19482422
vt 0.5488281 0.19970703
vt 0.5488281 0.18444824
vt 0.5385742 0.18322754
vt 0.52783203 0.18041992
vt 0.5488281 0.19482422
vt 0.5385742 0.19970703
vt 0.5488281 0.19311523
vt 0.5385742 0.18444824
vt 0.52783203 0.18322754
vt 0.5126953 0.18041992
vt 0.5126953 0.18322754
vt 0.5126953 0.18444824
vt 0.52783203 0.18444824
vt 0.5385742 0.19311523
vt 0.52783203 0.19311523
vt 0.5126953 0.19311523
vt 0.5126953 0.19482422
vt 0.52783203 0.19482422
vt 0.5126953 0.19970703
vt 0.52783203 0.19970703
vt 0.5385742 0.19482422
vt 0.20983887 0.70214844
vt 0.21228027 0.7036133
vt 0.21228027 0.7001953
vt 0.20922852 0.70410156
vt 0.21008301 0.70654297
vt 0.21313477 0.70654297
vt 0.20996094 0.76171875
vt 0.20715332 0.70410156
vt 0.20788574 0.7001953
vt 0.19042969 0.69921875
vt 0.20703125 0.70654297
vt 0.20507812 0.76123047
vt 0.20715332 0.76123047
vt 0.20715332 0.81152344
vt 0.19018555 0.70214844
vt 0.17675781 0.69873047
vt 0.17602539 0.7011719
vt 0.16687012 0.69873047
vt 0.19018555 0.7055664
vt 0.21008301 0.81152344
vt 0.21569824 0.7626953
vt 0.18701172 0.7519531
vt 0.1665039 0.7011719
vt 0.15515137 0.69921875
vt 0.15576172 0.70214844
vt 0.14453125 0.69873047
vt 0.14489746 0.7011719
vt 0.14440918 0.70410156
vt 0.1328125 0.69921875
vt 0.13293457 0.7011719
vt 0.119140625 0.69873047
vt 0.15551758 0.7050781
vt 0.16625977 0.70410156
vt 0.1763916 0.70458984
vt 0.17272949 0.7416992
vt 0.16430664 0.7402344
vt 0.119262695 0.70166016
vt 0.105895996 0.69970703
vt 0.15356445 0.7392578
vt 0.18188477 0.74560547
vt 0.105895996 0.70214844
vt 0.10583496 0.7050781
vt 0.09442139 0.7001953
vt 0.09423828 0.70214844
vt 0.08428955 0.7006836
vt 0.11932373 0.70458984
vt 0.08380127 0.7036133
vt 0.07312012 0.7006836
vt 0.13305664 0.70458984
vt 0.13220215 0.73779297
vt 0.11987305 0.73779297
vt 0.07348633 0.7026367
vt 0.0637207 0.7006836
vt 0.14245605 0.73876953
vt 0.064453125 0.703125
vt 0.06414795 0.7060547
vt 0.050811768 0.70166016
vt 0.050994873 0.70410156
vt 0.0345459 0.70214844
vt 0.073791504 0.7060547
vt 0.15344238 0.7421875
vt 0.084106445 0.70654297
vt 0.09472656 0.7055664
vt 0.097473145 0.73876953
vt 0.08648682 0.7397461
vt 0.10760498 0.73828125
vt 0.09765625 0.7421875
vt 0.10772705 0.74121094
vt 0.075927734 0.74072266
vt 0.076171875 0.74316406
vt 0.11993408 0.74072266
vt 0.08660889 0.7426758
vt 0.06756592 0.7421875
vt 0.13208008 0.74121094
vt 0.14221191 0.7416992
vt 0.107666016 0.74365234
vt 0.097717285 0.7446289
vt 0.11993408 0.7426758
vt 0.13220215 0.74316406
vt 0.14221191 0.7441406
vt 0.08679199 0.7451172
vt 0.15332031 0.7446289
vt 0.10876465 0.75146484
vt 0.11987305 0.7519531
vt 0.13110352 0.75146484
vt 0.14172363 0.75097656
vt 0.098083496 0.75146484
vt 0.15209961 0.75146484
vt 0.16381836 0.7446289
vt 0.16210938 0.7524414
vt 0.1640625 0.7426758
vt 0.17175293 0.7441406
vt 0.1706543 0.74658203
vt 0.18005371 0.74853516
vt 0.17663574 0.7504883
vt 0.18371582 0.7529297
vt 0.17944336 0.75439453
vt 0.17272949 0.7548828
vt 0.16833496 0.75390625
vt 0.18835449 0.7607422
vt 0.16784668 0.7602539
vt 0.17272949 0.7607422
vt 0.16125488 0.7602539
vt 0.15161133 0.7597656
vt 0.14135742 0.7602539
vt 0.13049316 0.7602539
vt 0.11993408 0.7602539
vt 0.109375 0.7602539
vt 0.1673584 0.76708984
vt 0.16137695 0.7675781
vt 0.15124512 0.7680664
vt 0.14135742 0.7680664
vt 0.1307373 0.76708984
vt 0.11993408 0.76660156
vt 0.17236328 0.7661133
vt 0.16748047 0.7739258
vt 0.16223145 0.77490234
vt 0.1508789 0.77441406
vt 0.14135742 0.7734375
vt 0.13049316 0.7739258
vt 0.17480469 0.7705078
vt 0.17504883 0.7651367
vt 0.17626953 0.7602539
vt 0.17834473 0.7675781
vt 0.17529297 0.7558594
vt 0.18054199 0.76123047
vt 0.18469238 0.7607422
vt 0.18249512 0.76953125
vt 0.17687988 0.7729492
vt 0.18591309 0.77197266
vt 0.18457031 0.80322266
vt 0.17895508 0.7758789
vt 0.16760254 0.7763672
vt 0.16772461 0.7783203
vt 0.16210938 0.77734375
vt 0.20507812 0.8120117
vt 0.20483398 0.8642578
vt 0.17883301 0.79833984
vt 0.16235352 0.7792969
vt 0.15112305 0.77685547
vt 0.16760254 0.7939453
vt 0.15136719 0.77978516
vt 0.14160156 0.7763672
vt 0.16259766 0.79345703
vt 0.14147949 0.77978516
vt 0.15161133 0.79248047
vt 0.16748047 0.796875
vt 0.16271973 0.7963867
vt 0.15185547 0.79541016
vt 0.17773438 0.80126953
vt 0.13085938 0.77685547
vt 0.13049316 0.77978516
vt 0.14172363 0.7919922
vt 0.11987305 0.77441406
vt 0.1418457 0.7949219
vt 0.11987305 0.77734375
vt 0.109191895 0.76708984
vt 0.109375 0.7739258
vt 0.09863281 0.7602539
vt 0.09869385 0.7680664
vt 0.08782959 0.7519531
vt 0.088378906 0.7602539
vt 0.076416016 0.7451172
vt 0.078063965 0.75341797
vt 0.10900879 0.77734375
vt 0.09863281 0.7739258
vt 0.08880615 0.7680664
vt 0.07885742 0.7602539
vt 0.071899414 0.75439453
vt 0.06958008 0.7470703
vt 0.11993408 0.77978516
vt 0.068481445 0.7446289
vt 0.058654785 0.74609375
vt 0.06048584 0.74902344
vt 0.06384277 0.75097656
vt 0.13061523 0.7919922
vt 0.1307373 0.7939453
vt 0.11993408 0.7915039
vt 0.050933838 0.70751953
vt 0.03491211 0.7080078
vt 0.034973145 0.7055664
vt 0.053649902 0.7519531
vt 0.032928467 0.7055664
vt 0.032714844 0.703125
vt 0.030838013 0.70166016
vt 0.029922485 0.70458984
vt 0.029006958 0.70751953
vt 0.031921387 0.70751953
vt 0.0335083 0.76123047
vt 0.030715942 0.76171875
vt 0.05682373 0.75341797
vt 0.0519104 0.76123047
vt 0.05557251 0.76123047
vt 0.054351807 0.77197266
vt 0.035614014 0.76171875
vt 0.034973145 0.8120117
vt 0.03289795 0.81152344
vt 0.029907227 0.81152344
vt 0.03024292 0.8642578
vt 0.024017334 0.8144531
vt 0.025054932 0.7626953
vt 0.022872925 0.7626953
vt 0.022216797 0.8144531
vt 0.023742676 0.86572266
vt 0.022018433 0.86572266
vt 0.024597168 0.90771484
vt 0.026550293 0.90771484
vt 0.025543213 0.9658203
vt 0.02394104 0.9663086
vt 0.025222778 0.96728516
vt 0.03289795 0.90625
vt 0.03149414 0.9658203
vt 0.030960083 0.96777344
vt 0.033325195 0.96728516
vt 0.03286743 0.96533203
vt 0.03475952 0.96484375
vt 0.03515625 0.90625
vt 0.03274536 0.8642578
vt 0.03503418 0.8642578
vt 0.036743164 0.9067383
vt 0.05368042 0.9086914
vt 0.055725098 0.89941406
vt 0.055633545 0.87353516
vt 0.05444336 0.85546875
vt 0.0552063 0.82177734
vt 0.053100586 0.8642578
vt 0.05419922 0.8129883
vt 0.055511475 0.80322266
vt 0.058776855 0.8129883
vt 0.057556152 0.8642578
vt 0.05895996 0.8574219
vt 0.061309814 0.79833984
vt 0.0597229 0.80615234
vt 0.0602417 0.8198242
vt 0.061187744 0.8129883
vt 0.06011963 0.8720703
vt 0.061065674 0.8642578
vt 0.06222534 0.85253906
vt 0.060302734 0.8491211
vt 0.062194824 0.8588867
vt 0.06298828 0.8232422
vt 0.0625 0.8183594
vt 0.05987549 0.82714844
vt 0.07305908 0.84814453
vt 0.06512451 0.85546875
vt 0.0725708 0.84521484
vt 0.06488037 0.82128906
vt 0.07293701 0.82714844
vt 0.06774902 0.81640625
vt 0.072265625 0.8305664
vt 0.06604004 0.8129883
vt 0.06976318 0.8178711
vt 0.07550049 0.8178711
vt 0.07373047 0.8251953
vt 0.07757568 0.8286133
vt 0.062194824 0.8071289
vt 0.0690918 0.8129883
vt 0.078125 0.8261719
vt 0.06677246 0.8095703
vt 0.06915283 0.80810547
vt 0.064941406 0.80371094
vt 0.062438965 0.80126953
vt 0.07537842 0.8129883
vt 0.07312012 0.7993164
vt 0.07489014 0.8071289
vt 0.08111572 0.8125
vt 0.08111572 0.81884766
vt 0.0725708 0.7939453
vt 0.07269287 0.7973633
vt 0.07757568 0.79833984
vt 0.08050537 0.8066406
vt 0.08996582 0.8125
vt 0.061187744 0.7763672
vt 0.08795166 0.82666016
vt 0.089904785 0.81884766
vt 0.08862305 0.82958984
vt 0.07745361 0.83154297
vt 0.0770874 0.8442383
vt 0.07745361 0.84765625
vt 0.08905029 0.8442383
vt 0.08868408 0.83203125
vt 0.0892334 0.84716797
vt 0.09814453 0.8286133
vt 0.0982666 0.83203125
vt 0.09893799 0.8442383
vt 0.09899902 0.84716797
vt 0.098083496 0.8261719
vt 0.078552246 0.8496094
vt 0.08935547 0.8496094
vt 0.09887695 0.8496094
vt 0.074401855 0.85009766
vt 0.06976318 0.8588867
vt 0.07513428 0.85791016
vt 0.09051514 0.8574219
vt 0.099731445 0.8569336
vt 0.081726074 0.85791016
vt 0.11065674 0.8486328
vt 0.11053467 0.8574219
vt 0.11053467 0.8466797
vt 0.11035156 0.84375
vt 0.11022949 0.83203125
vt 0.10992432 0.82910156
vt 0.09094238 0.86376953
vt 0.099853516 0.86376953
vt 0.1104126 0.86376953
vt 0.08227539 0.86376953
vt 0.0758667 0.86376953
vt 0.09906006 0.8696289
vt 0.09106445 0.8696289
vt 0.10998535 0.8691406
vt 0.08178711 0.86865234
vt 0.11993408 0.86376953
vt 0.11993408 0.86865234
vt 0.11993408 0.8574219
vt 0.12005615 0.84814453
vt 0.12005615 0.8461914
vt 0.12005615 0.84375
vt 0.11999512 0.83251953
vt 0.1295166 0.86328125
vt 0.12927246 0.8574219
vt 0.12939453 0.8486328
vt 0.1295166 0.8466797
vt 0.12976074 0.84375
vt 0.12988281 0.8691406
vt 0.11999512 0.82958984
vt 0.12976074 0.83203125
vt 0.10998535 0.82714844
vt 0.09918213 0.81933594
vt 0.09887695 0.8125
vt 0.08984375 0.80615234
vt 0.08850098 0.79833984
vt 0.07745361 0.7963867
vt 0.07751465 0.79345703
vt 0.07232666 0.7788086
vt 0.109680176 0.81884766
vt 0.109802246 0.8120117
vt 0.09869385 0.80566406
vt 0.09863281 0.79785156
vt 0.0881958 0.79541016
vt 0.08843994 0.79296875
vt 0.077697754 0.77978516
vt 0.11999512 0.828125
vt 0.13000488 0.82910156
vt 0.108947754 0.796875
vt 0.09814453 0.7949219
vt 0.09820557 0.7919922
vt 0.08862305 0.77978516
vt 0.10870361 0.8066406
vt 0.12005615 0.8120117
vt 0.12005615 0.8183594
vt 0.13000488 0.82714844
vt 0.10925293 0.7919922
vt 0.109191895 0.7939453
vt 0.11993408 0.79589844
vt 0.12005615 0.8066406
vt 0.1303711 0.8120117
vt 0.11993408 0.79345703
vt 0.13098145 0.796875
vt 0.13061523 0.81884766
vt 0.13146973 0.80615234
vt 0.09844971 0.77978516
vt 0.14135742 0.8125
vt 0.14135742 0.79785156
vt 0.109313965 0.77978516
vt 0.0982666 0.77685547
vt 0.14160156 0.80566406
vt 0.15148926 0.79833984
vt 0.08880615 0.77734375
vt 0.08905029 0.77490234
vt 0.16259766 0.79833984
vt 0.15039062 0.80615234
vt 0.15014648 0.8120117
vt 0.07800293 0.77734375
vt 0.07879639 0.7680664
vt 0.07775879 0.7753906
vt 0.16711426 0.7993164
vt 0.15966797 0.8066406
vt 0.072509766 0.7763672
vt 0.072387695 0.7607422
vt 0.07269287 0.7739258
vt 0.07287598 0.7675781
vt 0.1751709 0.80371094
vt 0.06323242 0.7734375
vt 0.06756592 0.7553711
vt 0.06750488 0.7607422
vt 0.06536865 0.7709961
vt 0.06781006 0.76660156
vt 0.057769775 0.76953125
vt 0.06512451 0.75634766
vt 0.06402588 0.7607422
vt 0.06185913 0.7675781
vt 0.06512451 0.7651367
vt 0.059692383 0.76171875
vt 0.060943604 0.7548828
vt 0.20532227 0.97509766
vt 0.1821289 0.9785156
vt 0.2052002 0.9765625
vt 0.1821289 0.9765625
vt 0.18200684 0.97021484
vt 0.20495605 0.9692383
vt 0.17077637 0.9785156
vt 0.20471191 0.96728516
vt 0.17053223 0.9765625
vt 0.16491699 0.9785156
vt 0.16479492 0.9765625
vt 0.17041016 0.96972656
vt 0.15441895 0.9765625
vt 0.15405273 0.9790039
vt 0.14428711 0.9794922
vt 0.16516113 0.96972656
vt 0.14489746 0.9765625
vt 0.13049316 0.97998047
vt 0.15466309 0.96972656
vt 0.16479492 0.96777344
vt 0.17053223 0.96777344
vt 0.13049316 0.9770508
vt 0.11968994 0.97998047
vt 0.1439209 0.97021484
vt 0.18225098 0.9682617
vt 0.18249512 0.9658203
vt 0.20471191 0.96484375
vt 0.1706543 0.96533203
vt 0.16491699 0.96533203
vt 0.15429688 0.96777344
vt 0.11968994 0.9770508
vt 0.108947754 0.97998047
vt 0.14367676 0.9682617
vt 0.10888672 0.9770508
vt 0.095336914 0.97998047
vt 0.09466553 0.9765625
vt 0.085632324 0.9790039
vt 0.10900879 0.9707031
vt 0.11975098 0.96972656
vt 0.13049316 0.9707031
vt 0.13061523 0.96875
vt 0.08520508 0.9765625
vt 0.07476807 0.9790039
vt 0.09552002 0.97021484
vt 0.0748291 0.9770508
vt 0.068847656 0.9790039
vt 0.0847168 0.96972656
vt 0.06903076 0.9765625
vt 0.057403564 0.9785156
vt 0.074279785 0.96972656
vt 0.08514404 0.9682617
vt 0.09576416 0.9682617
vt 0.10876465 0.96875
vt 0.05731201 0.9765625
vt 0.034088135 0.9765625
vt 0.033935547 0.97509766
vt 0.034423828 0.96972656
vt 0.06903076 0.96972656
vt 0.057373047 0.97021484
vt 0.034729004 0.96728516
vt 0.05709839 0.9682617
vt 0.06896973 0.96777344
vt 0.0569458 0.9658203
vt 0.074645996 0.96777344
vt 0.068847656 0.96533203
vt 0.060791016 0.92285156
vt 0.08496094 0.9658203
vt 0.074523926 0.96533203
vt 0.07098389 0.92626953
vt 0.056243896 0.9169922
vt 0.09576416 0.9663086
vt 0.076416016 0.92822266
vt 0.08679199 0.92871094
vt 0.05947876 0.91552734
vt 0.057800293 0.9086914
vt 0.062561035 0.9189453
vt 0.07165527 0.9238281
vt 0.076660156 0.92529297
vt 0.05960083 0.90234375
vt 0.09637451 0.9296875
vt 0.0869751 0.92626953
vt 0.1083374 0.9667969
vt 0.11975098 0.9682617
vt 0.11975098 0.9667969
vt 0.10882568 0.9301758
vt 0.13110352 0.9667969
vt 0.09655762 0.9267578
vt 0.11968994 0.9301758
vt 0.14367676 0.9663086
vt 0.109191895 0.9272461
vt 0.13049316 0.9301758
vt 0.15441895 0.96533203
vt 0.1430664 0.9291992
vt 0.11968994 0.9277344
vt 0.15270996 0.92871094
vt 0.13012695 0.9272461
vt 0.16308594 0.92822266
vt 0.14282227 0.92626953
vt 0.1685791 0.92626953
vt 0.15258789 0.92578125
vt 0.16296387 0.92529297
vt 0.109680176 0.9248047
vt 0.11968994 0.92578125
vt 0.12963867 0.9248047
vt 0.1427002 0.9238281
vt 0.15185547 0.92333984
vt 0.09661865 0.9238281
vt 0.08758545 0.92333984
vt 0.0770874 0.92285156
vt 0.07232666 0.9213867
vt 0.064941406 0.91748047
vt 0.06323242 0.9140625
vt 0.061279297 0.9091797
vt 0.06768799 0.9116211
vt 0.06970215 0.9135742
vt 0.074645996 0.91503906
vt 0.079589844 0.9160156
vt 0.06652832 0.9091797
vt 0.06335449 0.9038086
vt 0.06970215 0.9086914
vt 0.06744385 0.90527344
vt 0.06549072 0.9003906
vt 0.0748291 0.9091797
vt 0.06982422 0.9033203
vt 0.09020996 0.9169922
vt 0.080078125 0.90966797
vt 0.07574463 0.9038086
vt 0.099121094 0.9169922
vt 0.07476807 0.8964844
vt 0.08001709 0.9033203
vt 0.08880615 0.91015625
vt 0.11004639 0.9165039
vt 0.098083496 0.91015625
vt 0.08850098 0.90283203
vt 0.078063965 0.8955078
vt 0.07421875 0.89404297
vt 0.11981201 0.9165039
vt 0.1083374 0.91015625
vt 0.097717285 0.90234375
vt 0.08880615 0.8955078
vt 0.1295166 0.9165039
vt 0.11981201 0.91015625
vt 0.10852051 0.9033203
vt 0.14050293 0.9169922
vt 0.13122559 0.91015625
vt 0.078186035 0.8935547
vt 0.099121094 0.8959961
vt 0.11981201 0.9038086
vt 0.089416504 0.89404297
vt 0.10974121 0.89501953
vt 0.099365234 0.89404297
vt 0.14147949 0.91015625
vt 0.13110352 0.9038086
vt 0.11987305 0.89404297
vt 0.10986328 0.8930664
vt 0.14929199 0.9165039
vt 0.16247559 0.92285156
vt 0.16796875 0.92333984
vt 0.17883301 0.92285156
vt 0.18347168 0.9169922
vt 0.20275879 0.90722656
vt 0.20666504 0.96533203
vt 0.20617676 0.96728516
vt 0.2084961 0.96777344
vt 0.17700195 0.9189453
vt 0.1673584 0.92089844
vt 0.15991211 0.91552734
vt 0.15075684 0.91015625
vt 0.1418457 0.90234375
vt 0.13000488 0.89501953
vt 0.11987305 0.8925781
vt 0.18017578 0.91503906
vt 0.17480469 0.91748047
vt 0.16491699 0.9145508
vt 0.1595459 0.9091797
vt 0.15100098 0.90283203
vt 0.140625 0.8955078
vt 0.12988281 0.8930664
vt 0.18566895 0.9086914
vt 0.17626953 0.9140625
vt 0.1697998 0.9135742
vt 0.16479492 0.9091797
vt 0.1595459 0.9033203
vt 0.15100098 0.8955078
vt 0.14038086 0.89404297
vt 0.18164062 0.9086914
vt 0.1697998 0.9086914
vt 0.16381836 0.9033203
vt 0.1616211 0.8955078
vt 0.15039062 0.8935547
vt 0.17175293 0.9116211
vt 0.17297363 0.9086914
vt 0.17822266 0.9091797
vt 0.18005371 0.90234375
vt 0.16967773 0.9033203
vt 0.17626953 0.9038086
vt 0.17211914 0.90527344
vt 0.17407227 0.9003906
vt 0.16503906 0.8959961
vt 0.17626953 0.89746094
vt 0.18383789 0.89941406
vt 0.16149902 0.8930664
vt 0.17797852 0.89404297
vt 0.16564941 0.89404297
vt 0.16625977 0.8911133
vt 0.16137695 0.8911133
vt 0.15002441 0.8911133
vt 0.14013672 0.8911133
vt 0.12976074 0.8911133
vt 0.11987305 0.890625
vt 0.10998535 0.8911133
vt 0.09967041 0.8911133
vt 0.089660645 0.8911133
vt 0.078308105 0.89160156
vt 0.07354736 0.89160156
vt 0.12915039 0.88183594
vt 0.11981201 0.8823242
vt 0.11053467 0.8823242
vt 0.09906006 0.88183594
vt 0.08959961 0.8823242
vt 0.07836914 0.8823242
vt 0.07366943 0.88183594
vt 0.140625 0.88183594
vt 0.15014648 0.8823242
vt 0.16137695 0.8823242
vt 0.16601562 0.88134766
vt 0.17822266 0.8779297
vt 0.1842041 0.87353516
vt 0.12939453 0.8798828
vt 0.14050293 0.87890625
vt 0.15039062 0.87939453
vt 0.16137695 0.87939453
vt 0.16577148 0.87890625
vt 0.11981201 0.8798828
vt 0.11029053 0.8798828
vt 0.099121094 0.87939453
vt 0.08929443 0.8798828
vt 0.078308105 0.8798828
vt 0.073913574 0.87939453
vt 0.11981201 0.87841797
vt 0.11053467 0.8779297
vt 0.09893799 0.8769531
vt 0.08874512 0.8774414
vt 0.078552246 0.8779297
vt 0.07446289 0.8774414
vt 0.12915039 0.8774414
vt 0.14074707 0.8769531
vt 0.15100098 0.8774414
vt 0.16125488 0.8774414
vt 0.14086914 0.8696289
vt 0.075927734 0.8691406
vt 0.14001465 0.86328125
vt 0.14880371 0.8696289
vt 0.14013672 0.8569336
vt 0.14892578 0.86328125
vt 0.15795898 0.86865234
vt 0.14123535 0.8491211
vt 0.14941406 0.8569336
vt 0.14111328 0.84716797
vt 0.1652832 0.8769531
vt 0.15759277 0.86376953
vt 0.15063477 0.8496094
vt 0.14111328 0.84375
vt 0.17626953 0.8745117
vt 0.1796875 0.87158203
vt 0.16381836 0.86865234
vt 0.15820312 0.85791016
vt 0.1508789 0.8466797
vt 0.17370605 0.8730469
vt 0.16394043 0.86376953
vt 0.16931152 0.86865234
vt 0.16149902 0.8491211
vt 0.17687988 0.8696289
vt 0.15100098 0.84375
vt 0.16259766 0.84716797
vt 0.16564941 0.8496094
vt 0.16479492 0.85791016
vt 0.16967773 0.86376953
vt 0.17224121 0.8676758
vt 0.17346191 0.8642578
vt 0.17004395 0.8588867
vt 0.17480469 0.85498047
vt 0.17297363 0.86035156
vt 0.17883301 0.8642578
vt 0.18237305 0.8642578
vt 0.17773438 0.8588867
vt 0.1809082 0.8574219
vt 0.17773438 0.85253906
vt 0.18676758 0.8642578
vt 0.1854248 0.85546875
vt 0.16699219 0.84765625
vt 0.1796875 0.8491211
vt 0.16296387 0.84375
vt 0.16748047 0.84472656
vt 0.18005371 0.82714844
vt 0.16760254 0.8305664
vt 0.16247559 0.83154297
vt 0.15124512 0.83203125
vt 0.18481445 0.82177734
vt 0.14172363 0.83154297
vt 0.1418457 0.8286133
vt 0.14196777 0.8261719
vt 0.15136719 0.82910156
vt 0.16247559 0.828125
vt 0.14111328 0.81933594
vt 0.15197754 0.82666016
vt 0.16699219 0.82714844
vt 0.15026855 0.81884766
vt 0.16186523 0.8261719
vt 0.17700195 0.8232422
vt 0.15905762 0.8125
vt 0.16625977 0.8251953
vt 0.15893555 0.8183594
vt 0.17980957 0.8198242
vt 0.16479492 0.8125
vt 0.1751709 0.82128906
vt 0.16467285 0.8178711
vt 0.17028809 0.8173828
vt 0.1652832 0.8071289
vt 0.17102051 0.8129883
vt 0.17749023 0.8183594
vt 0.17089844 0.80810547
vt 0.17236328 0.81640625
vt 0.17407227 0.8129883
vt 0.17321777 0.8095703
vt 0.17883301 0.8129883
vt 0.17797852 0.8071289
vt 0.18127441 0.8129883
vt 0.18041992 0.80615234
vt 0.18591309 0.8129883
vt 0.20666504 0.8642578
vt 0.2043457 0.9067383
vt 0.20922852 0.86376953
vt 0.20800781 0.9658203
vt 0.20654297 0.90625
vt 0.21569824 0.86572266
vt 0.21386719 0.9658203
vt 0.2142334 0.96728516
vt 0.2154541 0.9658203
vt 0.21289062 0.9082031
vt 0.21484375 0.90771484
vt 0.21740723 0.86572266
vt 0.21594238 0.8149414
vt 0.21777344 0.8149414
vt 0.21801758 0.7626953
vt 0.7885742 0.7631836
vt 0.79296875 0.75341797
vt 0.7890625 0.7558594
vt 0.7939453 0.7631836
vt 0.8125 0.7529297
vt 0.79052734 0.8017578
vt 0.81347656 0.7631836
vt 0.82714844 0.7529297
vt 0.79785156 0.8022461
vt 0.7910156 0.8066406
vt 0.80029297 0.8095703
vt 0.82177734 0.8041992
vt 0.82373047 0.81347656
vt 0.8305664 0.8125
vt 0.82714844 0.76220703
vt 0.83984375 0.7519531
vt 0.82958984 0.80322266
vt 0.83740234 0.81103516
vt 0.83984375 0.76123047
vt 0.8564453 0.75097656
vt 0.83691406 0.8022461
vt 0.859375 0.80566406
vt 0.85595703 0.7602539
vt 0.8642578 0.7524414
vt 0.8652344 0.7607422
vt 0.8598633 0.7949219
vt 0.8671875 0.7993164
vt 0.8671875 0.7915039
vt 0.47094727 0.9057617
vt 0.48510742 0.9067383
vt 0.48486328 0.90527344
vt 0.47070312 0.90722656
vt 0.4572754 0.9057617
vt 0.47143555 0.9140625
vt 0.4868164 0.91308594
vt 0.48779297 0.91796875
vt 0.4567871 0.90771484
vt 0.43945312 0.9057617
vt 0.45581055 0.9145508
vt 0.4724121 0.91845703
vt 0.43945312 0.9082031
vt 0.42260742 0.9057617
vt 0.43896484 0.9145508
vt 0.42285156 0.90771484
vt 0.40795898 0.9067383
vt 0.47216797 0.9199219
vt 0.4880371 0.9199219
vt 0.4880371 0.92285156
vt 0.45507812 0.9199219
vt 0.45458984 0.9213867
vt 0.45483398 0.92285156
vt 0.47216797 0.9223633
vt 0.4868164 0.94677734
vt 0.43798828 0.9194336
vt 0.47216797 0.9458008
vt 0.43798828 0.92041016
vt 0.47094727 0.9716797
vt 0.4855957 0.9716797
vt 0.48510742 0.9741211
vt 0.47045898 0.9736328
vt 0.484375 0.9770508
vt 0.4699707 0.9760742
vt 0.48461914 0.9814453
vt 0.45239258 0.9736328
vt 0.45263672 0.9716797
vt 0.45458984 0.9458008
vt 0.43725586 0.9458008
vt 0.43798828 0.921875
vt 0.42211914 0.9223633
vt 0.43725586 0.97216797
vt 0.42163086 0.92041016
vt 0.42089844 0.9458008
vt 0.421875 0.9189453
vt 0.42163086 0.9145508
vt 0.4050293 0.9194336
vt 0.40600586 0.91503906
vt 0.40698242 0.9082031
vt 0.39111328 0.90625
vt 0.390625 0.9082031
vt 0.3786621 0.9067383
vt 0.38964844 0.91552734
vt 0.38842773 0.9189453
vt 0.40454102 0.92041016
vt 0.3786621 0.9082031
vt 0.36669922 0.90625
vt 0.37646484 0.91552734
vt 0.3671875 0.9082031
vt 0.35864258 0.9057617
vt 0.36645508 0.9145508
vt 0.37573242 0.9194336
vt 0.35839844 0.9082031
vt 0.34985352 0.9057617
vt 0.35839844 0.91503906
vt 0.34936523 0.90771484
vt 0.33740234 0.9057617
vt 0.3881836 0.92089844
vt 0.36547852 0.9189453
vt 0.34985352 0.9145508
vt 0.33740234 0.90771484
vt 0.32421875 0.9057617
vt 0.37573242 0.92089844
vt 0.3581543 0.91845703
vt 0.33984375 0.91552734
vt 0.32495117 0.90771484
vt 0.30664062 0.9067383
vt 0.36572266 0.92041016
vt 0.35083008 0.9189453
vt 0.32592773 0.91552734
vt 0.30786133 0.9082031
vt 0.2919922 0.90625
vt 0.3581543 0.92041016
vt 0.3642578 0.92285156
vt 0.34033203 0.9194336
vt 0.35058594 0.92041016
vt 0.30932617 0.91503906
vt 0.29174805 0.9082031
vt 0.27563477 0.9067383
vt 0.37524414 0.92333984
vt 0.36376953 0.9472656
vt 0.3581543 0.92285156
vt 0.3881836 0.92285156
vt 0.29345703 0.91503906
vt 0.27563477 0.9086914
vt 0.2578125 0.9067383
vt 0.37402344 0.94677734
vt 0.40478516 0.9223633
vt 0.4038086 0.94628906
vt 0.27661133 0.91503906
vt 0.25830078 0.9086914
vt 0.2442627 0.9067383
vt 0.26000977 0.91503906
vt 0.27734375 0.9199219
vt 0.2446289 0.9082031
vt 0.23010254 0.9067383
vt 0.23022461 0.9086914
vt 0.22924805 0.9145508
vt 0.24438477 0.91503906
vt 0.26049805 0.92041016
vt 0.24353027 0.9194336
vt 0.22851562 0.9189453
vt 0.22851562 0.92089844
vt 0.29345703 0.9194336
vt 0.24377441 0.92089844
vt 0.2775879 0.92089844
vt 0.24389648 0.92285156
vt 0.22851562 0.9238281
vt 0.26098633 0.921875
vt 0.27783203 0.9223633
vt 0.31054688 0.9194336
vt 0.2939453 0.92089844
vt 0.31103516 0.92089844
vt 0.32739258 0.9189453
vt 0.32763672 0.92089844
vt 0.34033203 0.92089844
vt 0.29345703 0.92285156
vt 0.31103516 0.9223633
vt 0.32763672 0.92285156
vt 0.3408203 0.92333984
vt 0.29516602 0.94628906
vt 0.32788086 0.94677734
vt 0.35180664 0.92285156
vt 0.31225586 0.94677734
vt 0.34179688 0.9472656
vt 0.3581543 0.94677734
vt 0.35229492 0.9472656
vt 0.34228516 0.97216797
vt 0.32836914 0.97216797
vt 0.31201172 0.97216797
vt 0.3581543 0.9482422
vt 0.3623047 0.9482422
vt 0.35375977 0.9482422
vt 0.3618164 0.97216797
vt 0.35180664 0.97265625
vt 0.35424805 0.97265625
vt 0.36401367 0.97265625
vt 0.36157227 0.97314453
vt 0.3630371 0.9741211
vt 0.35791016 0.9736328
vt 0.34228516 0.9741211
vt 0.3527832 0.9746094
vt 0.35424805 0.9736328
vt 0.35791016 0.9746094
vt 0.37353516 0.97216797
vt 0.35791016 0.9765625
vt 0.35229492 0.9765625
vt 0.3635254 0.9765625
vt 0.32836914 0.9741211
vt 0.34228516 0.9770508
vt 0.31176758 0.9741211
vt 0.328125 0.9760742
vt 0.29492188 0.97265625
vt 0.27856445 0.9458008
vt 0.2614746 0.94628906
vt 0.27905273 0.97216797
vt 0.26098633 0.92333984
vt 0.24414062 0.94628906
vt 0.22924805 0.94677734
vt 0.2310791 0.97216797
vt 0.24645996 0.97216797
vt 0.26416016 0.9716797
vt 0.2479248 0.9741211
vt 0.23095703 0.9746094
vt 0.27905273 0.9741211
vt 0.24780273 0.9765625
vt 0.23095703 0.97753906
vt 0.2644043 0.9741211
vt 0.24890137 0.9819336
vt 0.23144531 0.9824219
vt 0.23242188 0.9902344
vt 0.26464844 0.9760742
vt 0.27905273 0.9765625
vt 0.29492188 0.9746094
vt 0.265625 0.97998047
vt 0.2487793 0.98876953
vt 0.2944336 0.9765625
vt 0.31201172 0.9760742
vt 0.24914551 0.9902344
vt 0.2310791 0.9916992
vt 0.26586914 0.9892578
vt 0.26611328 0.98828125
vt 0.27807617 0.9897461
vt 0.2788086 0.98046875
vt 0.2783203 0.9873047
vt 0.29589844 0.9897461
vt 0.29516602 0.98095703
vt 0.2956543 0.9868164
vt 0.3100586 0.9892578
vt 0.31103516 0.97998047
vt 0.31054688 0.98779297
vt 0.3256836 0.9897461
vt 0.32666016 0.9794922
vt 0.32592773 0.98828125
vt 0.34179688 0.98828125
vt 0.3413086 0.9897461
vt 0.35791016 0.99072266
vt 0.3581543 0.98876953
vt 0.37475586 0.9897461
vt 0.34204102 0.97998047
vt 0.35253906 0.9794922
vt 0.3581543 0.9794922
vt 0.3635254 0.9794922
vt 0.37426758 0.98828125
vt 0.39038086 0.98779297
vt 0.39038086 0.9892578
vt 0.40600586 0.98876953
vt 0.3737793 0.9770508
vt 0.37402344 0.97998047
vt 0.37353516 0.9741211
vt 0.3876953 0.9760742
vt 0.38745117 0.9736328
vt 0.3894043 0.9790039
vt 0.40576172 0.9873047
vt 0.41992188 0.9892578
vt 0.4038086 0.9760742
vt 0.4050293 0.97998047
vt 0.42041016 0.9863281
vt 0.43823242 0.9897461
vt 0.42089844 0.98046875
vt 0.42138672 0.9760742
vt 0.43798828 0.9873047
vt 0.45117188 0.9892578
vt 0.4375 0.98046875
vt 0.45092773 0.98828125
vt 0.46875 0.9897461
vt 0.40405273 0.9736328
vt 0.43701172 0.9760742
vt 0.45117188 0.97998047
vt 0.46899414 0.98828125
vt 0.48461914 0.99072266
vt 0.48486328 0.9897461
vt 0.46875 0.9819336
vt 0.4519043 0.97558594
vt 0.43725586 0.9736328
vt 0.42114258 0.9741211
vt 0.42089844 0.97265625
vt 0.40405273 0.9716797
vt 0.3881836 0.94677734
vt 0.38745117 0.9716797
vt 0.45166016 0.44360352
vt 0.4428711 0.4362793
vt 0.4428711 0.44360352
vt 0.45166016 0.4362793
vt 0.4428711 0.4333496
vt 0.46069336 0.44360352
vt 0.45166016 0.4333496
vt 0.4428711 0.42700195
vt 0.46069336 0.4362793
vt 0.46948242 0.4362793
vt 0.46948242 0.44360352
vt 0.47705078 0.44360352
vt 0.45166016 0.42700195
vt 0.4428711 0.42358398
vt 0.46069336 0.4333496
vt 0.45166016 0.42358398
vt 0.4428711 0.40283203
vt 0.45166016 0.40283203
vt 0.46069336 0.42700195
vt 0.46069336 0.42358398
vt 0.46069336 0.40283203
vt 0.46948242 0.4333496
vt 0.46948242 0.42700195
vt 0.46948242 0.42358398
vt 0.46948242 0.40283203
vt 0.47705078 0.40283203
vt 0.47705078 0.42700195
vt 0.47705078 0.42358398
vt 0.48388672 0.40283203
vt 0.48388672 0.42358398
vt 0.49145508 0.40283203
vt 0.47705078 0.4333496
vt 0.48388672 0.42700195
vt 0.47705078 0.4362793
vt 0.48388672 0.4333496
vt 0.48388672 0.4362793
vt 0.48388672 0.44360352
vt 0.49145508 0.44360352
vt 0.49145508 0.4362793
vt 0.49902344 0.44360352
vt 0.49145508 0.4333496
vt 0.49902344 0.4362793
vt 0.5058594 0.44360352
vt 0.49145508 0.42700195
vt 0.5058594 0.4362793
vt 0.51123047 0.44360352
vt 0.49902344 0.4333496
vt 0.49145508 0.42358398
vt 0.51123047 0.4362793
vt 0.5175781 0.44360352
vt 0.5058594 0.4333496
vt 0.49902344 0.42700195
vt 0.49902344 0.42358398
vt 0.49902344 0.40283203
vt 0.5175781 0.4362793
vt 0.5258789 0.44360352
vt 0.51123047 0.4333496
vt 0.5058594 0.42700195
vt 0.5058594 0.42358398
vt 0.5058594 0.40283203
vt 0.5258789 0.4362793
vt 0.53466797 0.44360352
vt 0.5175781 0.4333496
vt 0.51123047 0.42700195
vt 0.51123047 0.42358398
vt 0.51123047 0.40283203
vt 0.53466797 0.4362793
vt 0.54248047 0.44360352
vt 0.5258789 0.4333496
vt 0.5175781 0.42700195
vt 0.5175781 0.42358398
vt 0.5175781 0.40283203
vt 0.5258789 0.42700195
vt 0.5258789 0.42358398
vt 0.5258789 0.40283203
vt 0.53466797 0.4333496
vt 0.54248047 0.4362793
vt 0.53466797 0.42700195
vt 0.53466797 0.42358398
vt 0.53466797 0.40283203
vt 0.54248047 0.40283203
vt 0.54248047 0.4333496
vt 0.5498047 0.4362793
vt 0.5498047 0.44360352
vt 0.55859375 0.44360352
vt 0.54248047 0.42358398
vt 0.5498047 0.40283203
vt 0.54248047 0.42700195
vt 0.5498047 0.42358398
vt 0.55859375 0.40283203
vt 0.5498047 0.4333496
vt 0.5498047 0.42700195
vt 0.55859375 0.4362793
vt 0.56640625 0.44360352
vt 0.55859375 0.42700195
vt 0.55859375 0.4333496
vt 0.56640625 0.4362793
vt 0.57421875 0.44360352
vt 0.55859375 0.42358398
vt 0.56640625 0.4333496
vt 0.57421875 0.4362793
vt 0.5839844 0.44360352
vt 0.5839844 0.4362793
vt 0.57421875 0.4333496
vt 0.5839844 0.4333496
vt 0.56640625 0.42700195
vt 0.56640625 0.42358398
vt 0.56640625 0.40283203
vt 0.57421875 0.42700195
vt 0.5839844 0.42700195
vt 0.57421875 0.42358398
vt 0.57421875 0.40283203
vt 0.5839844 0.42358398
vt 0.5839844 0.40283203
vt 0.07019043 0.86376953
vt 0.06689453 0.86035156
vt 0.066345215 0.8642578
vt 0.07055664 0.86865234
vt 0.06756592 0.86816406
vt 0.066101074 0.8730469
vt 0.062927246 0.8701172
vt 0.0635376 0.875
vt 0.061553955 0.8779297
vt 0.061798096 0.89404297
vt 0.06335449 0.89746094
vt 0.57128906 0.265625
vt 0.57958984 0.27246094
vt 0.5786133 0.265625
vt 0.5864258 0.26538086
vt 0.5708008 0.27270508
vt 0.5620117 0.27197266
vt 0.56152344 0.26586914
vt 0.55078125 0.265625
vt 0.5527344 0.27392578
vt 0.5361328 0.26538086
vt 0.5625 0.27807617
vt 0.5708008 0.27563477
vt 0.55078125 0.2763672
vt 0.57910156 0.27490234
vt 0.5361328 0.27368164
vt 0.5253906 0.26513672
vt 0.5361328 0.2758789
vt 0.52490234 0.27392578
vt 0.52490234 0.27563477
vt 0.5878906 0.27368164
vt 0.5883789 0.2758789
vt 0.59472656 0.27612305
vt 0.5942383 0.27319336
vt 0.59375 0.26538086
vt 0.60253906 0.2763672
vt 0.60253906 0.26538086
vt 0.60302734 0.2734375
vt 0.61083984 0.27612305
vt 0.61083984 0.26538086
vt 0.61035156 0.27319336
vt 0.6201172 0.27563477
vt 0.6201172 0.26538086
vt 0.6196289 0.2722168
vt 0.62841797 0.27612305
vt 0.62890625 0.26538086
vt 0.62841797 0.27270508
vt 0.63623047 0.27563477
vt 0.63720703 0.265625
vt 0.6357422 0.27319336
vt 0.64453125 0.26586914
vt 0.6435547 0.2758789
vt 0.6435547 0.27319336
vt 0.6503906 0.26586914
vt 0.64990234 0.27270508
vt 0.64990234 0.27490234
vt 0.65771484 0.26611328
vt 0.6582031 0.27294922
vt 0.6582031 0.27563477
vt 0.6669922 0.26635742
vt 0.6669922 0.27172852
vt 0.6669922 0.2758789
vt 0.6767578 0.2758789
vt 0.6772461 0.27441406
vt 0.6772461 0.26635742
vt 0.69091797 0.2758789
vt 0.69091797 0.26611328
vt 0.69091797 0.27392578
vt 0.70214844 0.2758789
vt 0.7011719 0.26586914
vt 0.70166016 0.27416992
vt 0.26098633 0.34033203
vt 0.2614746 0.35009766
vt 0.26391602 0.34985352
vt 0.26342773 0.359375
vt 0.25854492 0.3425293
vt 0.23461914 0.35107422
vt 0.2553711 0.33544922
vt 0.25708008 0.33325195
vt 0.25146484 0.32739258
vt 0.2602539 0.35888672
vt 0.24938965 0.32958984
vt 0.24279785 0.32666016
vt 0.24365234 0.32373047
vt 0.23095703 0.3227539
vt 0.23156738 0.32543945
vt 0.2175293 0.32836914
vt 0.21936035 0.33032227
vt 0.21179199 0.3383789
vt 0.25268555 0.37231445
vt 0.20959473 0.3371582
vt 0.20532227 0.3503418
vt 0.2076416 0.3503418
vt 0.2064209 0.36108398
vt 0.20959473 0.35986328
vt 0.21240234 0.3684082
vt 0.21044922 0.37060547
vt 0.2166748 0.37817383
vt 0.21838379 0.375
vt 0.22705078 0.37890625
vt 0.22631836 0.3815918
vt 0.23754883 0.38330078
vt 0.23718262 0.3798828
vt 0.24768066 0.37719727
vt 0.2487793 0.37890625
vt 0.25390625 0.37475586
vt 0.25732422 0.36572266
vt 0.26000977 0.36694336
vt 0.70410156 0.82373047
vt 0.72216797 0.82128906
vt 0.70410156 0.82128906
vt 0.69873047 0.8203125
vt 0.72216797 0.82373047
vt 0.72802734 0.82421875
vt 0.72802734 0.8208008
vt 0.72998047 0.8232422
vt 0.7314453 0.8227539
vt 0.73291016 0.82470703
vt 0.73046875 0.8261719
vt 0.72802734 0.8256836
vt 0.7314453 0.82714844
vt 0.7338867 0.828125
vt 0.7324219 0.85009766
vt 0.7285156 0.82714844
vt 0.7290039 0.8535156
vt 0.72216797 0.82470703
vt 0.70458984 0.82421875
vt 0.73095703 0.8496094
vt 0.73095703 0.8535156
vt 0.73291016 0.8535156
vt 0.73291016 0.8569336
vt 0.7314453 0.8569336
vt 0.7324219 0.86035156
vt 0.72216797 0.82714844
vt 0.6977539 0.82373047
vt 0.70654297 0.82714844
vt 0.6953125 0.82373047
vt 0.6933594 0.8232422
vt 0.6977539 0.82470703
vt 0.69433594 0.82470703
vt 0.6928711 0.82470703
vt 0.6928711 0.82666016
vt 0.69433594 0.82666016
vt 0.6977539 0.82666016
vt 0.69384766 0.8535156
vt 0.6923828 0.8535156
vt 0.7060547 0.8535156
vt 0.72021484 0.8535156
vt 0.69677734 0.8535156
vt 0.7055664 0.85595703
vt 0.7285156 0.85595703
vt 0.72021484 0.85595703
vt 0.6972656 0.85595703
vt 0.70166016 0.8598633
vt 0.69384766 0.85595703
vt 0.6923828 0.85595703
vt 0.7290039 0.8598633
vt 0.7241211 0.8598633
vt 0.7260742 0.86328125
vt 0.69384766 0.859375
vt 0.6923828 0.859375
vt 0.6923828 0.86279297
vt 0.69677734 0.859375
vt 0.73095703 0.86035156
vt 0.7324219 0.8623047
vt 0.7294922 0.86279297
vt 0.72802734 0.8676758
vt 0.7285156 0.8725586
vt 0.73095703 0.8623047
vt 0.73339844 0.8725586
vt 0.69628906 0.8623047
vt 0.69970703 0.86328125
vt 0.6977539 0.8676758
vt 0.6958008 0.8720703
vt 0.6972656 0.8725586
vt 0.69873047 0.87841797
vt 0.69384766 0.86279297
vt 0.6933594 0.8725586
vt 0.69189453 0.8730469
vt 0.69384766 0.8798828
vt 0.6923828 0.8803711
vt 0.69628906 0.8803711
vt 0.6948242 0.8833008
vt 0.6933594 0.88427734
vt 0.6972656 0.88623047
vt 0.69628906 0.8876953
vt 0.69921875 0.88378906
vt 0.7006836 0.8823242
vt 0.70166016 0.88964844
vt 0.7011719 0.8911133
vt 0.7055664 0.8930664
vt 0.703125 0.88720703
vt 0.70458984 0.8852539
vt 0.7060547 0.89160156
vt 0.71191406 0.89404297
vt 0.70751953 0.88916016
vt 0.7084961 0.88720703
vt 0.71191406 0.8925781
vt 0.71240234 0.88964844
vt 0.7128906 0.8881836
vt 0.71777344 0.89208984
vt 0.7182617 0.8935547
vt 0.7182617 0.88916016
vt 0.71728516 0.88720703
vt 0.72509766 0.88916016
vt 0.72558594 0.890625
vt 0.7236328 0.88720703
vt 0.7211914 0.8852539
vt 0.72998047 0.8847656
vt 0.73095703 0.8852539
vt 0.72753906 0.8833008
vt 0.72509766 0.8823242
vt 0.7314453 0.87939453
vt 0.73291016 0.8798828
vt 0.7294922 0.87890625
vt 0.7270508 0.87890625
vt 0.7324219 0.8730469
vt 0.73046875 0.8725586
vt 0.44873047 0.018737793
vt 0.49389648 0.029876709
vt 0.49389648 0.018737793
vt 0.44873047 0.029876709
vt 0.3959961 0.018737793
vt 0.44873047 0.05343628
vt 0.49389648 0.05343628
vt 0.49389648 0.9199219
vt 0.3959961 0.029876709
vt 0.3466797 0.018737793
vt 0.3466797 0.029876709
vt 0.29785156 0.018737793
vt 0.3959961 0.05343628
vt 0.44873047 0.9199219
vt 0.29785156 0.029876709
vt 0.24560547 0.018737793
vt 0.44873047 0.9667969
vt 0.3959961 0.9667969
vt 0.49389648 0.9667969
vt 0.49389648 0.98095703
vt 0.44873047 0.98095703
vt 0.3959961 0.98095703
vt 0.34692383 0.98095703
vt 0.3959961 0.9199219
vt 0.3466797 0.05343628
vt 0.34692383 0.9199219
vt 0.34692383 0.9667969
vt 0.29785156 0.9667969
vt 0.29785156 0.98095703
vt 0.24560547 0.98095703
vt 0.29785156 0.05343628
vt 0.29785156 0.9199219
vt 0.24560547 0.9667969
vt 0.20019531 0.98095703
vt 0.24560547 0.05343628
vt 0.24560547 0.9199219
vt 0.20019531 0.9667969
vt 0.15881348 0.98095703
vt 0.20019531 0.9199219
vt 0.15881348 0.9667969
vt 0.10949707 0.98095703
vt 0.15881348 0.9199219
vt 0.20019531 0.05343628
vt 0.24560547 0.029876709
vt 0.20019531 0.018737793
vt 0.20019531 0.029876709
vt 0.15881348 0.029876709
vt 0.15881348 0.018737793
vt 0.10974121 0.029876709
vt 0.10974121 0.018737793
vt 0.06021118 0.018737793
vt 0.15881348 0.05343628
vt 0.06021118 0.029876709
vt 0.018875122 0.018737793
vt 0.018875122 0.029876709
vt 0.018875122 0.05343628
vt 0.109802246 0.05343628
vt 0.06021118 0.05343628
vt 0.10949707 0.9199219
vt 0.06021118 0.9199219
vt 0.018875122 0.9199219
vt 0.018875122 0.9667969
vt 0.10949707 0.9667969
vt 0.06021118 0.9667969
vt 0.06021118 0.98095703
vt 0.018875122 0.98095703
vt 0.6040039 0.95166016
vt 0.6582031 0.9165039
vt 0.5493164 0.9165039
vt 0.5205078 0.83935547
vt 0.6870117 0.83935547
vt 0.51708984 0.73291016
vt 0.6904297 0.73291016
vt 0.5493164 0.63720703
vt 0.6582031 0.63720703
vt 0.6040039 0.6010742
vt 0.80810547 0.73291016
vt 0.9121094 0.66552734
vt 0.70458984 0.66552734
vt 0.6455078 0.5136719
vt 0.9711914 0.5136719
vt 0.63720703 0.3149414
vt 0.9785156 0.30639648
vt 0.7055664 0.11047363
vt 0.9111328 0.11047363
vt 0.80810547 0.043182373
vn 0.6708116 0.16046435 0.72406006
vn 0.67081165 0.16046436 0.72406006
vn 0.6708116 0.16046435 0.72406006
vn -0.5687598 0.7890709 -0.23211929
vn -0.7035788 0.14361915 -0.6959528
vn -0.6107671 -0.034520686 -0.7910575
vn -0.8574044 0.04637891 -0.51254934
vn -0.7035788 0.14361915 -0.6959528
vn -0.974264 0.21044178 -0.08077107
vn -0.87074983 0.4817245 -0.098672
vn -0.6051763 0.5640027 -0.56183857
vn -0.5687598 0.7890709 -0.23211929
vn -0.9962321 0.05809685 -0.06439249
vn -0.97726876 0.2043537 0.05644
vn -0.99673283 0.03224077 0.074056536
vn -0.6243114 0.7739038 -0.106340125
vn -0.86763245 0.49136776 0.07597196
vn -0.38196993 0.64004445 -0.66666484
vn -0.31287158 0.49866414 -0.80835974
vn -0.38196993 0.64004445 -0.66666484
vn -0.228472 0.6832249 -0.69354475
vn -0.4314276 0.88677794 0.16581668
vn -0.25640932 0.9587916 0.12236371
vn -0.7165321 0.68714726 0.1200427
vn -0.6107671 -0.034520686 -0.7910575
vn -0.94606787 0.31591594 0.0717816
vn -0.9184646 0.06618424 -0.38992614
vn -0.25948024 0.9628504 -0.07476071
vn -0.6430374 0.76071393 0.08841461
vn -0.1503627 0.74999917 -0.6441214
vn -0.8126906 0.5780067 0.07377187
vn -0.9550413 0.29142946 0.0544509
vn -0.993403 0.106763326 0.04185797
vn -0.5259831 0.8472713 0.07397996
vn -0.017312886 0.9961153 0.08633944
vn 0.14501671 0.8494254 -0.507392
vn -0.25077283 0.96634877 0.057297677
vn 0.09720579 0.99371487 -0.055513803
vn 0.17078917 0.8261007 -0.5370184
vn -0.30478317 0.9487127 0.08397308
vn -0.6626444 0.020873798 -0.7486432
vn -0.75977194 0.33467773 -0.55743825
vn -0.6610554 -0.085946694 -0.7453986
vn -0.99928397 0.02194763 0.03082253
vn -0.45174 0.59315914 -0.6664032
vn -0.16235058 0.8000812 -0.57750535
vn -0.35557017 0.36531723 -0.86029834
vn -0.16235058 0.8000812 -0.57750535
vn -0.86904687 -0.075893626 -0.48887384
vn -0.99966586 -0.023501137 0.01076039
vn -0.8429275 -0.14642543 -0.5177189
vn -0.6712881 -0.15164027 -0.7255188
vn -0.6119922 0.19262302 -0.7670476
vn -0.5092735 -0.064436756 -0.85818905
vn -0.801763 -0.094934985 -0.5900537
vn -0.7851114 -0.101829894 -0.61092615
vn -0.7959737 0.51739645 -0.314208
vn -0.6127478 -0.116294034 -0.7816751
vn -0.6015508 -0.07441223 -0.7953612
vn -0.9978381 -0.030672804 -0.058123276
vn -0.95377225 0.0317843 -0.29884508
vn -0.9049555 0.014084231 -0.42527303
vn -0.6107671 -0.034520686 -0.7910575
vn -0.99841475 0.001660552 -0.05626005
vn -0.9960453 -0.008145671 0.088472515
vn -0.99640346 -0.06438926 0.05508327
vn -0.99799037 -0.06086298 -0.017635949
vn -0.9984603 -0.034345873 -0.043559566
vn -0.9574455 -0.27394173 0.09085235
vn -0.9401162 -0.28722435 -0.18353087
vn -0.9433914 -0.33157504 -0.008411078
vn -0.9939194 -0.03745839 0.10354229
vn -0.993338 -0.10848239 -0.038874738
vn -0.9867039 -0.1348229 0.09076461
vn -0.7380424 0.00060364616 0.6747541
vn -0.7096373 -0.019322814 0.7043022
vn -0.6650133 -0.031310797 0.74617493
vn -0.8725668 0.11859298 0.47388068
vn -0.8449813 0.33614215 0.41595066
vn -0.68594295 0.5611347 0.4632603
vn -0.47847027 0.72353905 0.49755162
vn -0.8918879 -0.4329208 0.13082595
vn -0.8898534 -0.14260253 0.43338847
vn -0.9164218 -0.4001665 0.006146106
vn -0.73249155 -0.67511535 0.087609686
vn -0.7036211 -0.6745861 0.22327325
vn -0.5745767 -0.7923637 0.20499097
vn -0.6049013 -0.7926525 0.07613509
vn -0.61021125 -0.40814856 0.6790117
vn -0.3462844 -0.91656536 0.19998744
vn -0.7188263 -0.030736942 0.6945098
vn -0.72853434 -0.16150302 0.6656985
vn -0.7421981 -0.02437924 0.66973704
vn -0.78505856 -0.03920217 0.61817986
vn -0.8719012 0.095129795 0.4803525
vn -0.8635047 0.33192015 0.37972176
vn -0.660968 0.5846229 0.47046506
vn -0.73716235 0.33272165 0.5881225
vn -0.80076605 -0.02963593 -0.59824365
vn -0.81049526 -0.01832614 -0.5854585
vn -0.8389833 0.0882859 -0.5369475
vn -0.7674645 0.33254164 -0.54810065
vn -0.5060677 0.8035384 -0.3134034
vn -0.35212806 0.85406 -0.38286737
vn -0.7244278 -0.028931096 -0.6887434
vn -0.006403337 0.9967687 0.08007013
vn 0.05493354 0.9964792 0.06333703
vn 0.38061407 0.9246379 -0.013334297
vn -0.75362706 0.40900844 -0.5145467
vn -0.55658984 0.73604375 -0.38528875
vn -0.2819551 0.7428686 -0.60716355
vn -0.026227178 0.9571556 0.28838417
vn 0.3784971 0.9249734 0.034120854
vn -0.5226098 0.622112 0.58297145
vn -0.8450554 0.14072293 -0.51582795
vn 0.39921528 0.9138349 0.07438311
vn -0.4072957 0.8157079 0.4107687
vn -0.70112544 0.37796474 0.60462046
vn -0.83515877 -0.0040992475 -0.5499936
vn -0.81195444 0.13704048 0.5674063
vn -0.7273122 0.059656326 0.6837091
vn -0.644059 0.328354 0.69092095
vn -0.5026045 0.5740791 0.64639145
vn -0.7851693 -0.01617192 -0.61907
vn -0.7600375 0.0011105598 0.6498783
vn -0.6960904 0.0070341798 0.7179197
vn -0.48430243 0.80649656 0.33913767
vn -0.7684678 0.58749604 0.2535855
vn -0.23316972 0.9329907 0.27415356
vn -0.71580833 -0.0703646 -0.6947427
vn -0.7524742 -0.009212602 0.6585573
vn -0.75156325 -0.000671126 0.65966064
vn -0.72270644 -0.07260313 0.68733126
vn -0.5936584 -0.081278436 0.80060196
vn -0.7150968 -0.27704355 0.64178145
vn -0.85264397 -0.2673351 -0.4489212
vn -0.9159414 -0.31527406 -0.24830152
vn -0.86375564 -0.04546672 0.5018557
vn -0.78557956 -0.49857977 0.36644644
vn -0.7694741 -0.4057698 -0.49321452
vn -0.74753606 -0.5357646 -0.3926147
vn -0.7694741 -0.4057698 -0.49321452
vn -0.48174733 -0.5183326 0.7065768
vn -0.53039926 -0.21216473 0.82076955
vn -0.5926408 -0.77922744 0.20391509
vn -0.40625212 -0.5513453 0.72868216
vn -0.6386229 -0.6259653 0.4475805
vn -0.23259147 -0.5660388 0.79088634
vn -0.20683171 -0.58646125 0.7831245
vn -0.12523374 -0.8335982 0.53798753
vn -0.14046066 -0.68479306 0.7150729
vn -0.21445408 -0.67117083 0.709605
vn -0.37333494 -0.88833904 0.26734754
vn -0.05984467 -0.73112947 0.67960894
vn -0.43880484 -0.72988975 0.5241291
vn -0.027418647 -0.7465721 0.66473925
vn -0.20149842 -0.7993651 0.566051
vn 0.057160757 -0.77001595 0.6354588
vn 0.031414915 -0.8556194 0.5166513
vn 0.010875123 -0.8358279 0.5488838
vn 0.13888234 -0.84992075 0.50827795
vn -0.09247073 -0.7914956 0.6041389
vn -0.01985802 -0.80319047 0.5953913
vn -0.06681293 -0.75783044 0.64902157
vn -0.12646285 -0.77073544 0.624479
vn 0.018899636 -0.32638213 0.9450489
vn -0.09329111 -0.81504923 0.5718318
vn -0.58174646 -0.63540286 0.507774
vn -0.7095391 -0.45890734 0.5347506
vn -0.10055933 -0.74459475 0.65989894
vn 0.0014293824 -0.1277494 0.99180543
vn -0.41384864 -0.5835859 0.69868225
vn -0.7817833 -0.1901932 0.5938362
vn -0.43125486 -0.34750393 0.83262247
vn -0.32001367 -0.5292913 0.7857748
vn -0.40436998 -0.6335925 0.6595797
vn 0.076087594 -0.5874497 0.8056759
vn -0.0030999125 -0.73151016 0.6818235
vn -0.15728842 -0.95228326 0.2615661
vn 0.1067369 -0.94727576 0.30211896
vn 0.04208122 -0.38207564 0.9231725
vn -0.21492217 -0.9670861 0.13620904
vn 0.060791343 -0.97799987 0.19955084
vn -0.112242475 -0.97530013 0.19024016
vn -0.26867443 -0.9287266 0.2555014
vn -0.013229744 -0.972559 0.23228033
vn -0.3199717 -0.89575255 -0.30861866
vn -0.037275784 -0.87358594 -0.4852403
vn -0.30883712 -0.8211533 -0.47992396
vn -0.029234178 -0.8566724 -0.5150319
vn -0.0042928467 -0.9911617 0.13258989
vn -0.67620265 -0.6226636 -0.39375132
vn -0.9526647 -0.22516736 -0.20427795
vn -0.3502694 -0.9358751 -0.038066927
vn -0.059556913 -0.9594797 -0.27541205
vn -0.16519296 -0.89364034 -0.41727483
vn -0.5380508 -0.61621445 -0.5751357
vn -0.65839547 -0.74868906 -0.07733126
vn -0.94082063 -0.25854337 -0.21911614
vn -0.603606 -0.6252054 -0.49475062
vn -0.86560565 -0.49464008 -0.07783287
vn -0.83007324 -0.2761065 -0.48450342
vn -0.9991062 -0.040629305 -0.011657618
vn -0.7976569 -0.0811761 -0.5976235
vn -0.90212005 -0.1398027 -0.408209
vn -0.9997086 -0.02389877 0.003395773
vn -0.9766188 0.20309475 -0.0704862
vn -0.97098404 -0.13760956 -0.1955855
vn -0.6116285 -0.44397607 -0.65482503
vn -0.7618246 -0.32273543 -0.5616627
vn -0.9882068 0.15199599 -0.018560214
vn -0.99313486 -0.11358901 -0.02793875
vn -0.9910245 -0.1251869 -0.046889964
vn -0.9691676 0.23739655 -0.06600735
vn -0.8447195 -0.07716082 -0.5296179
vn -0.96463215 -0.25977862 0.044719413
vn -0.8778529 0.1828321 -0.4426587
vn -0.35230485 -0.21635121 -0.91053474
vn -0.29289803 -0.14640838 -0.9448679
vn -0.9968772 0.0766235 -0.019097315
vn -0.6873389 -0.17512563 -0.7049086
vn -0.9732459 0.08762828 -0.21239974
vn -0.9952153 -0.00067421136 -0.097703755
vn -0.70886475 -0.06585489 -0.7022635
vn -0.16688785 -0.43702438 -0.88383144
vn -0.95364887 -0.29882914 0.035427295
vn -0.95308965 0.30095223 0.032370932
vn -0.72847563 -0.5412203 -0.4200045
vn -0.8953555 -0.44326863 -0.04302768
vn -0.7491845 -0.446488 -0.4892558
vn 0.018318484 -0.50242776 -0.8644251
vn -0.22037593 -0.3229788 -0.9203908
vn -0.9912417 0.11943858 -0.05633982
vn -0.96065265 -0.15055886 -0.23340665
vn -0.99826366 -0.05536719 -0.020107204
vn -0.9355294 -0.28599826 -0.20733975
vn -0.96103066 0.2757027 0.020203438
vn -0.92700404 0.034211155 -0.37348768
vn -0.20348264 0.02583082 -0.9787377
vn -0.58639175 0.20496157 -0.783668
vn -0.9634985 0.18694937 -0.1916262
vn -0.92915857 0.3474915 -0.12615055
vn -0.99775046 -0.057494394 -0.03447329
vn -0.8961589 0.4350132 -0.08753772
vn -0.9805444 -0.19607995 -0.009244089
vn -0.8170284 0.52990264 -0.22730526
vn -0.7995223 0.52575916 -0.2904158
vn -0.7959017 0.48795283 -0.35838875
vn -0.94427824 0.24265319 -0.22239165
vn -0.87111354 0.38938642 -0.29923132
vn -0.70531964 0.63557404 -0.31395832
vn -0.5146245 0.6035357 -0.60902077
vn -0.25172287 0.44825536 -0.85773116
vn -0.70209503 0.62944657 -0.3329559
vn -0.5092185 -0.3997321 -0.762175
vn -0.8535716 0.3150038 -0.41495562
vn -0.9250866 -0.13923244 -0.35331163
vn -0.9451223 -0.31616622 -0.08235668
vn -0.7873524 -0.509359 -0.3473178
vn -0.42859972 -0.5310401 -0.73095745
vn -0.6441619 -0.49199983 -0.58565485
vn -0.98645264 -0.15931684 0.03910797
vn -0.98293614 -0.16768435 -0.075621404
vn -0.7639769 -0.26141885 -0.58991486
vn -0.6206794 -0.20207469 -0.757577
vn -0.9817074 -0.019738048 -0.18936999
vn -0.9750949 0.21544063 0.052679665
vn -0.95631033 0.29232898 -0.003789127
vn -0.9927955 0.10845271 0.050940268
vn -0.99376076 0.09874831 0.05184868
vn -0.93312293 0.13888747 -0.33165005
vn -0.64511335 -0.1319105 -0.75261444
vn -0.65071505 -0.034760743 -0.7585259
vn -0.6610554 -0.085946694 -0.7453986
vn -0.8254683 0.5642793 0.013814251
vn -0.8182487 0.1549809 -0.5535793
vn -0.61860555 0.43676585 -0.6531178
vn -0.6436262 0.7008013 -0.30760813
vn -0.68424976 0.7042996 -0.18911453
vn -0.85422134 0.5150693 -0.070777744
vn -0.6626444 0.020873798 -0.7486432
vn -0.75977194 0.33467773 -0.55743825
vn -0.9621748 0.23319516 -0.14085346
vn -0.9699 0.24057531 -0.037648868
vn -0.8273234 0.55354166 -0.0955389
vn -0.80696523 0.589613 -0.034108248
vn -0.72950375 0.5674516 -0.38186774
vn -0.1771828 0.96640855 -0.18617417
vn -0.3942144 0.88838565 -0.23530002
vn -0.9211399 0.32694727 -0.21120295
vn -0.7597006 0.3973259 -0.51476896
vn -0.5707401 0.62629074 -0.5310514
vn -0.15054412 0.79646623 -0.5856432
vn -0.32958376 0.7265738 -0.6028806
vn -0.461215 0.5340403 -0.7085773
vn -0.34040162 0.65792894 -0.6717561
vn 0.033791475 0.8638383 -0.50263447
vn 0.0391622 0.96554214 -0.2572831
vn -0.2799293 0.45204124 -0.8469346
vn -0.6136865 0.633364 -0.47142228
vn 0.043978915 0.97543657 -0.21584594
vn -0.40234822 0.8364976 -0.37200487
vn -0.29704416 0.65914255 -0.6908661
vn 0.045445617 0.9813768 -0.18663925
vn 0.40220836 0.8848723 -0.23500948
vn 0.08030138 0.5923415 -0.80167526
vn 0.11831416 0.5221169 -0.84462756
vn 0.22541793 0.723886 -0.6520551
vn 0.025010454 0.9988122 0.041817795
vn 0.22541793 0.723886 -0.6520551
vn 0.43201292 0.88614374 -0.16767228
vn 0.35600308 0.89791393 -0.2588676
vn 0.21568419 0.9721791 0.09136818
vn 0.29721653 0.9544862 0.024866717
vn 0.20035246 0.6674792 -0.7171683
vn 0.3119905 0.8216788 -0.4769756
vn 0.513052 0.6466304 -0.5644881
vn 0.580976 0.80953515 0.0843785
vn 0.34493712 0.7572068 -0.5546677
vn 0.5612251 0.49758375 -0.66139
vn 0.7397422 0.2896433 -0.6073616
vn 0.5952976 0.8030124 0.02813946
vn 0.9311611 0.35557038 0.0806764
vn 0.56324387 0.5683658 -0.59976393
vn 0.6091928 0.792157 0.037033822
vn 0.53270173 0.6583364 -0.53181016
vn 0.8960344 0.442068 0.041207667
vn 0.9926461 0.10363264 0.06256294
vn 0.615257 0.78339934 0.08800185
vn 0.78899044 0.18161488 -0.58694977
vn 0.84534544 0.5320087 0.048557963
vn 0.81625986 0.5703411 0.09181955
vn 0.61360276 0.7896058 0.0037761326
vn 0.80998164 0.31164193 -0.49679878
vn 0.89563847 -0.017543368 -0.4444367
vn 0.99176544 0.06213014 0.11198765
vn 0.26503867 0.80955887 0.52380234
vn 0.9912134 0.13074984 -0.020014882
vn 0.8561244 -0.023210017 -0.51624846
vn 0.8970071 -0.012423411 -0.44184145
vn 0.9765421 0.19547267 0.09030987
vn 0.99703085 -0.006803641 -0.07670173
vn 0.9871885 0.043161117 0.15360959
vn 0.80616885 -0.0258125 -0.5911222
vn 0.9566843 0.2547074 0.14099392
vn 0.9965321 -0.00647952 0.08295702
vn 0.9991067 -0.032128982 -0.027448514
vn 0.99316436 -0.0743752 0.08996008
vn 0.83588815 0.5485773 0.018814761
vn 0.91179174 -0.029894596 0.4095632
vn 0.9873677 0.03431089 0.15468596
vn 0.82891315 0.36862916 0.42073205
vn 0.61804986 0.6995103 0.35874742
vn 0.79497457 0.010440517 -0.6065529
vn 0.68211776 0.01625396 -0.73106164
vn 0.9833151 0.04192301 0.1770141
vn 0.97210807 0.16887015 -0.16275401
vn 0.97210807 0.16887015 -0.16275401
vn 0.81233555 -0.03330822 -0.5822385
vn 0.99724364 -0.072648786 -0.015078777
vn 0.9964134 -0.059710335 0.059958324
vn 0.9988902 0.0049937684 0.046834886
vn 0.90396637 0.14053959 0.40384826
vn 0.9997807 -0.010706103 0.017999528
vn 0.99951637 -0.03056855 -0.00570348
vn 0.94804066 -0.025833244 -0.3170985
vn 0.67253774 -0.051024985 0.73830175
vn 0.8070159 0.048398677 -0.58854306
vn 0.8065813 -0.06187765 0.5878754
vn 0.8605677 -0.2914014 0.41774213
vn 0.83807963 -0.23422928 0.49270594
vn 0.9680075 -0.20299684 0.14749156
vn 0.98991954 -0.1410032 0.013313133
vn 0.9725266 0.006736442 -0.23269418
vn 0.95494777 -0.031473376 -0.29510006
vn 0.96236384 0.15081939 -0.22607349
vn 0.9454078 -0.3226834 0.04560181
vn 0.66586536 -0.26815382 0.69621617
vn 0.69668996 -0.4218572 0.5802237
vn 0.8610009 -0.46070442 0.21547344
vn 0.7634877 0.15140681 -0.62782353
vn 0.75379205 -0.13627888 -0.6428262
vn 0.97164774 0.049777064 -0.23113422
vn 0.8139137 -0.19518742 -0.54721695
vn 0.6968377 -0.105554536 -0.70941913
vn 0.974165 0.009591334 -0.22563368
vn 0.92433465 0.3810768 -0.019645354
vn 0.59860843 0.20754887 -0.77368695
vn 0.83963895 0.53386915 -0.09995019
vn 0.81108963 0.5672744 -0.14259458
vn 0.99365634 0.11229748 -0.006014049
vn 0.90466243 -0.42492923 -0.031953406
vn 0.99542856 0.07822863 -0.054791745
vn 0.75238276 0.6421666 -0.14677276
vn 0.9908256 0.13363509 -0.020159777
vn 0.1912419 0.95349634 -0.2329618
vn 0.8430685 0.5319451 0.0791836
vn 0.9626799 0.27060747 -0.0043363674
vn 0.98506814 -0.16216874 0.057809208
vn 0.9518131 0.26970685 -0.14597957
vn 0.9219281 -0.3844634 -0.047292285
vn 0.88725424 -0.44833213 -0.10852706
vn 0.9771637 -0.1916915 -0.09168126
vn 0.9652906 -0.03236344 -0.2591651
vn 0.96808505 0.24091662 -0.06906809
vn 0.966065 0.21651226 -0.14085773
vn 0.7758204 0.52213824 -0.3542238
vn 0.5293565 0.70064235 -0.4784162
vn 0.11950734 0.6144272 -0.77987
vn 0.5018429 0.27258518 -0.8208842
vn -0.014932094 0.5292537 -0.8483323
vn -0.25782153 0.25325727 -0.93241024
vn -0.461215 0.5340403 -0.7085773
vn -0.012505767 0.20134231 -0.97944117
vn -0.21457706 0.26620543 -0.9397294
vn -0.012334434 0.37521926 -0.926854
vn -0.15054412 0.79646623 -0.5856432
vn 0.07617573 0.10742809 -0.99129033
vn 0.051224492 0.042455498 -0.9977843
vn 0.070996955 -0.030079626 -0.9970228
vn 0.11990634 0.07514574 -0.9899372
vn 0.56950706 -0.12076791 -0.81306624
vn -0.09529956 0.28906775 -0.9525534
vn -0.32958376 0.7265738 -0.6028806
vn -0.61860555 0.43676585 -0.6531178
vn -0.6436262 0.7008013 -0.30760813
vn -0.22202997 -0.017559601 -0.97488165
vn -0.64511335 -0.1319105 -0.75261444
vn -0.22177836 -0.06718967 -0.97277945
vn -0.7639769 -0.26141885 -0.58991486
vn 0.09446664 0.10351108 -0.9901321
vn 0.13191067 -0.087998785 -0.98734784
vn 0.07142479 -0.06906873 -0.9950518
vn -0.23176207 -0.17435801 -0.95701915
vn -0.6206794 -0.20207469 -0.757577
vn -0.6441619 -0.49199983 -0.58565485
vn -0.14773989 -0.36123502 -0.92069656
vn -0.42859972 -0.5310401 -0.73095745
vn -0.05439476 -0.4212616 -0.9053065
vn -0.25074077 -0.7053828 -0.6629963
vn -0.5092185 -0.3997321 -0.762175
vn -0.197141 -0.6781413 -0.707997
vn -0.06578025 -0.37296492 -0.9255107
vn -0.25172287 0.44825536 -0.85773116
vn -0.09336723 -0.6711562 -0.7354127
vn 0.14134228 -0.7416518 -0.6557248
vn 0.19131352 0.13226633 -0.9725763
vn -0.58639175 0.20496157 -0.783668
vn -0.20348264 0.02583082 -0.9787377
vn 0.13781483 -0.22306053 -0.96501356
vn 0.47316942 -0.30771852 -0.8254817
vn 0.61472553 0.036033608 -0.7879175
vn 0.21502453 -0.55788463 -0.8015792
vn 0.018318484 -0.50242776 -0.8644251
vn -0.22037593 -0.3229788 -0.9203908
vn 0.42632952 -0.50479454 -0.75061685
vn 0.2628741 -0.48181006 -0.83591646
vn 0.4396924 -0.7003288 -0.5623257
vn 0.5198611 0.12921095 -0.8444222
vn 0.6292996 -0.7261106 -0.27702978
vn 0.07975428 -0.43463457 -0.8970686
vn -0.16688785 -0.43702438 -0.88383144
vn -0.0010523888 -0.23167056 -0.97279376
vn -0.29289803 -0.14640838 -0.9448679
vn -0.35230485 -0.21635121 -0.91053474
vn 0.3010997 -0.38414577 -0.87279487
vn -0.23923631 -0.4295916 -0.8707566
vn -0.8447195 -0.07716082 -0.5296179
vn -0.7618246 -0.32273543 -0.5616627
vn -0.6116285 -0.44397607 -0.65482503
vn -0.008598346 -0.29376334 -0.9558395
vn -0.24475014 -0.3843486 -0.8901537
vn -0.90212005 -0.1398027 -0.408209
vn -0.30938798 -0.27831465 -0.90929645
vn -0.7976569 -0.0811761 -0.5976235
vn -0.83007324 -0.2761065 -0.48450342
vn -0.36669868 -0.38429794 -0.8472587
vn -0.94082063 -0.25854337 -0.21911614
vn -0.5380508 -0.61621445 -0.5751357
vn -0.13279371 -0.5095187 -0.8501509
vn -0.12218978 -0.6913916 -0.71207255
vn -0.16519296 -0.89364034 -0.41727483
vn -0.059556913 -0.9594797 -0.27541205
vn -0.14935428 -0.7486032 -0.6459772
vn -0.09333191 -0.21401398 -0.9723617
vn -0.017761728 -0.12011216 -0.99260145
vn 0.036367804 -0.4789823 -0.87707084
vn 0.11419575 -0.26727638 -0.9568294
vn -0.0045579127 -0.12833627 -0.9917202
vn 0.46649632 -0.20390089 -0.86070067
vn 0.29584205 -0.90848905 -0.2951697
vn 0.29725456 -0.7318381 -0.61323136
vn 0.46052894 -0.4910033 -0.73947877
vn 0.17022103 -0.9716504 -0.16407433
vn 0.6803398 -0.70746636 -0.19138683
vn -0.0042928467 -0.9911617 0.13258989
vn 0.27769625 -0.955799 0.09660743
vn -0.029234178 -0.8566724 -0.5150319
vn 0.4158499 -0.80743253 -0.41847533
vn 0.12364176 -0.8025842 -0.5835849
vn -0.037275784 -0.87358594 -0.4852403
vn 0.81911147 -0.4437253 -0.3635443
vn 0.8338727 -0.5518545 -0.010630661
vn 0.5172448 -0.8552198 0.0325099
vn 0.8880371 -0.21672967 -0.4054852
vn 0.31126624 -0.8003282 -0.5124336
vn 0.17712404 -0.86287886 -0.47335735
vn 0.2948464 -0.9345895 0.19901772
vn -0.013229744 -0.972559 0.23228033
vn -0.112242475 -0.97530013 0.19024016
vn 0.060791343 -0.97799987 0.19955084
vn 0.49325198 -0.7814913 -0.3820653
vn 0.43287823 -0.32135504 -0.8422276
vn 0.32398844 -0.39961314 -0.85752016
vn 0.74250555 -0.6085162 -0.27998856
vn 0.9091838 -0.16585898 -0.3819366
vn 0.4172962 -0.88304186 0.21471144
vn 0.7316852 -0.66917676 0.12976605
vn 0.36414886 -0.88302356 0.29608276
vn 0.1067369 -0.94727576 0.30211896
vn 0.22907507 -0.45986062 0.8579352
vn 0.04208122 -0.38207564 0.9231725
vn 0.018899636 -0.32638213 0.9450489
vn 0.11970835 -0.3530327 0.9279212
vn 0.010875123 -0.8358279 0.5488838
vn 0.48653266 -0.37313327 0.78997314
vn 0.65266 -0.7110936 0.26149708
vn 0.6794294 -0.71444505 0.16716458
vn 0.81841654 -0.56241703 0.11781981
vn 0.9030646 -0.42372933 0.07019778
vn 0.41020903 -0.40057796 0.81930816
vn 0.8205254 -0.55964404 -0.11634702
vn 0.9462984 -0.319203 0.05127131
vn 0.8312717 -0.27529696 -0.4829067
vn 0.8176782 -0.2179331 -0.53282976
vn 0.954827 -0.048295557 -0.29321143
vn 0.9490314 -0.08614649 -0.3031801
vn 0.9888747 -0.12406976 -0.08205758
vn 0.9755604 0.007177805 -0.21961403
vn 0.9983975 0.030974545 -0.047360316
vn 0.99785596 0.013148362 -0.06411267
vn 0.92642707 -0.17399357 -0.333855
vn 0.63763595 -0.27136993 -0.72095686
vn 0.89739335 -0.1454917 -0.41655397
vn 0.2602852 -0.20920019 -0.94259584
vn 0.5066823 0.22691908 -0.8317336
vn 0.8382973 0.28941876 -0.46205455
vn 0.08925742 -0.112362795 -0.98965037
vn 0.3117824 -0.11057746 -0.94369715
vn 0.06686591 -0.17236535 -0.98276097
vn 0.3812697 -0.41549134 -0.8258332
vn 0.6037662 0.2602818 -0.75347185
vn 0.95856637 0.22136812 -0.1792948
vn 0.4212502 -0.31884372 -0.8490507
vn 0.50368613 -0.28295627 -0.8162328
vn 0.96676064 -0.036678016 -0.25303894
vn 0.7904725 -0.49272335 -0.36383638
vn 0.987773 0.07960452 -0.13404366
vn 0.88277644 0.4595959 -0.09735187
vn 0.8035788 -0.23802409 -0.5455325
vn 0.7932099 0.23860909 -0.5602534
vn 0.92211556 -0.19233449 -0.3357237
vn 0.86505985 0.48927158 -0.11083727
vn 0.9263623 0.3652154 -0.09203576
vn 0.9901832 0.11377544 -0.08119372
vn 0.85075027 -0.52320486 0.049805943
vn 0.92268753 -0.31641793 -0.2202896
vn 0.9255877 -0.20694044 -0.31695887
vn 0.7297266 -0.30236787 -0.6132477
vn 0.82015485 0.005547184 -0.57211465
vn 0.96106327 0.13145304 -0.24305874
vn 0.963983 0.2165867 -0.15436035
vn 0.61805314 0.7664859 -0.17467013
vn 0.7580761 0.53015465 -0.3798114
vn 0.929713 0.16748771 -0.32799622
vn 0.8853115 -0.32853523 -0.32907152
vn 0.51805264 0.31330857 -0.7959015
vn 0.42671248 0.08090119 -0.9007616
vn 0.86781764 -0.11367031 -0.4837061
vn -0.0030999125 -0.73151016 0.6818235
vn 0.04208122 -0.38207564 0.9231725
vn 0.75379205 -0.13627888 -0.6428262
vn 0.6968377 -0.105554536 -0.70941913
vn -0.022472167 -0.063405834 0.9977348
vn -0.022472171 -0.063405834 0.9977348
vn -0.022472171 -0.063405834 0.9977348
vn 0.071200594 -0.098192334 0.9926171
vn 0.071200594 -0.09819235 0.9926171
vn 0.071200594 -0.09819234 0.9926171
vn 0.15119585 -0.034486204 0.98790216
vn 0.15119582 -0.0344862 0.98790216
vn 0.15119582 -0.0344862 0.98790216
vn 0.08410737 0.021299517 0.996229
vn 0.08410737 0.021299519 0.996229
vn 0.08410737 0.021299519 0.996229
vn -0.050522145 0.022818271 0.9984622
vn -0.050522137 0.022818273 0.9984622
vn -0.050522134 0.022818271 0.9984622
vn 0.18521535 0.23961678 0.95303667
vn 0.18521534 0.23961678 0.95303667
vn 0.18521534 0.23961678 0.95303667
vn -0.0070128767 -0.5722644 0.8200393
vn -0.4240979 -0.15960458 0.8914411
vn -0.48358127 -0.5061237 0.71413445
vn -0.005948437 -0.20024717 0.9797274
vn -0.41819602 0.073552094 0.9053741
vn -0.0007066452 -0.20012277 0.9797706
vn -0.0007348506 -0.57282615 0.8196765
vn 0.38196763 -0.52500075 0.7605753
vn 0.34485832 -0.17831084 0.9215628
vn 0.00045208912 0.08751356 0.99616325
vn 0.28864208 0.08119325 0.9539881
vn -0.01197525 0.08446598 0.99635446
vn -0.38130304 0.26148814 0.88669723
vn 0.0106442645 0.3118788 0.9500623
vn 0.4912316 0.28111908 0.8244171
vn -0.049008537 0.2976078 0.95342946
vn -0.42591095 0.49641418 0.756421
vn 0.011458051 0.55959046 0.82869005
vn 0.53827596 0.47185704 0.69829077
vn -0.090598024 0.5580433 0.8248513
vn -0.44652137 0.6917764 0.5675069
vn 0.015012445 0.75866914 0.6513031
vn 0.544867 0.64634764 0.534186
vn -0.076827936 0.763446 0.64128596
vn -0.4883935 0.7962523 0.35700706
vn 0.0304952 0.9143181 0.4038469
vn 0.5510388 0.75874686 0.3473608
vn -0.05998615 0.91630846 0.39595523
vn -0.5133007 0.844673 0.15182179
vn 0.03454097 0.9827319 0.18178329
vn 0.5922633 0.7945408 0.13389917
vn -0.042433772 0.98235303 0.1821594
vn -0.5113403 0.85937756 0.001099058
vn 0.052030083 0.9986386 0.003732117
vn 0.58432066 0.8113541 0.0165455
vn -0.072621636 0.99735826 -0.0015846582
vn -0.59664494 0.78833675 -0.15013298
vn 0.09576165 0.977865 -0.18603726
vn 0.66666895 0.7296259 -0.15231054
vn -0.074786685 0.97600335 -0.20451008
vn -0.52120817 0.7790207 -0.34852368
vn 0.058657996 0.90831405 -0.41415557
vn 0.63209146 0.6963609 -0.3399144
vn -0.016308475 0.90804696 -0.41855085
vn -0.47515115 0.6935116 -0.54154706
vn 0.051346228 0.7959659 -0.60315996
vn 0.6127811 0.6246688 -0.48403335
vn -0.026173592 0.7958059 -0.60498595
vn -0.44733408 0.57888705 -0.6817493
vn 0.030384216 0.64741755 -0.7615295
vn 0.57631385 0.53317356 -0.6193451
vn -0.017463863 0.6472272 -0.7620971
vn -0.47400293 0.40998292 -0.77925295
vn 0.06736226 0.47191826 -0.8790651
vn 0.5870808 0.379955 -0.7148218
vn -0.004525822 0.46623448 -0.8846496
vn -0.4600773 0.23026514 -0.8575004
vn 0.009067859 0.24718222 -0.9689266
vn 0.4268994 0.23340264 -0.8736591
vn 0.0015569376 0.2556693 -0.9667631
vn -0.49300003 0.05829147 -0.86807436
vn 0.015008532 0.075247206 -0.99705195
vn 0.49769065 0.045446876 -0.86616313
vn -0.015807223 0.07281355 -0.9972203
vn -0.50813943 -0.20797823 -0.8357867
vn 0.022571662 -0.21366434 -0.97664636
vn 0.516444 -0.15451269 -0.84226567
vn -0.031913314 -0.19943571 -0.9793911
vn -0.6318919 -0.56361043 -0.53203005
vn 0.027128568 -0.69519734 -0.71830684
vn 0.47475204 -0.65435815 -0.5885794
vn 0.40724397 -0.895341 -0.18032421
vn -0.053764675 -0.6371848 -0.76883346
vn 0.0091765 -0.959047 -0.28309822
vn 0.49418852 -0.86932474 -0.0072293645
vn -0.040907055 -0.9521673 -0.30282676
vn -0.5757344 -0.7897984 -0.21153837
vn 0.016166728 -0.9994978 -0.02725484
vn -0.023961736 -0.9994004 -0.024994189
vn -0.46048543 -0.8873121 -0.025105609
vn -0.44352672 -0.895893 0.02568471
vn 0.00492416 -0.99954647 0.029707726
vn 0.31644282 -0.94826037 0.025809113
vn -0.0137466965 -0.99944407 0.030373711
vn -0.4288938 -0.89246625 0.13983598
vn 0.0041663577 -0.99098796 0.13388611
vn 0.40676513 -0.9036789 0.13381529
vn -0.0107862195 -0.9896192 0.14330932
vn -0.4016592 -0.8575095 0.3214768
vn 0.0076275384 -0.9442663 0.3290942
vn 0.3620831 -0.8694648 0.33604577
vn -0.0113153355 -0.93949175 0.34238473
vn -0.37766904 -0.8116735 0.44559196
vn 0.0034141364 -0.87310404 0.48752198
vn 0.30400136 -0.8348317 0.45895427
vn -0.009396111 -0.8723673 0.48876068
vn -0.39844057 -0.7300802 0.55518293
vn 0.008222445 -0.79474497 0.6068878
vn 0.37647802 -0.7382996 0.55962306
vn -0.007295223 -0.7904817 0.6124424
vn -0.48358127 -0.5061237 0.71413445
vn -0.0070128767 -0.5722644 0.8200393
vn -0.0007348506 -0.57282615 0.8196765
vn 0.38196763 -0.52500075 0.7605753
vn 0.65495586 0.05214159 -0.7538661
vn 0.21114342 0.40286613 -0.8905713
vn 0.5987258 0.17591418 -0.78139716
vn 0.35349998 0.07073859 -0.932756
vn 0.78216195 -0.10502326 -0.6141601
vn 0.41757873 -0.083901234 -0.90475893
vn 0.35527372 -0.17062052 -0.9190589
vn 0.11254062 -0.1275315 -0.9854291
vn 0.2873205 -0.30886778 -0.9066684
vn 0.081978396 -0.19765083 -0.9768386
vn 0.23176476 -0.5627454 -0.79347515
vn -0.45808506 0.054177925 -0.8872558
vn -0.35276952 -0.0076497695 -0.93567896
vn -0.48330587 0.055434555 -0.87369466
vn -0.46926424 0.18435593 -0.8635995
vn -0.4319084 0.39229313 -0.8121338
vn -0.011131996 0.90103394 -0.43360564
vn -0.0014769154 -0.32653952 -0.9451824
vn -0.42100677 0.25184762 -0.8713932
vn -0.33603984 -0.7008289 -0.62921864
vn 0.035999857 -0.8619477 -0.5057174
vn -0.66971135 0.27039528 -0.69164515
vn -0.50445795 -0.8495514 -0.15422249
vn -0.074543014 -0.9861901 -0.14789306
vn -0.060922954 -0.9981425 0.00038139362
vn -0.4985151 -0.86687946 -0.0016045307
vn -0.016871024 -0.999516 0.026133351
vn -0.47680348 -0.8779147 0.043864567
vn 0.10473151 -0.99042046 0.089992166
vn -0.3878078 -0.90661526 0.16629496
vn 0.24862689 -0.9494881 0.19146016
vn -0.99564147 0.030713107 -0.08806076
vn -0.98537517 -0.17035931 -0.0036603906
vn -0.9989091 -0.023606814 0.040289763
vn -0.91072816 0.05986975 -0.40864396
vn -0.9848763 0.027557379 0.17105371
vn -0.26603863 -0.8786698 0.39643776
vn -0.9171874 0.060989216 0.39376065
vn -0.0603187 -0.8277268 0.5578798
vn 0.4896766 -0.84795856 0.20293617
vn 0.5148292 -0.74461055 0.42486006
vn -0.8149509 0.014417893 0.57935077
vn 0.100497805 -0.6225855 0.7760718
vn 0.4888184 -0.41045505 0.76979434
vn 0.0836466 -0.32281816 0.9427575
vn 0.3749271 -0.08771164 0.9228956
vn -0.75661796 0.12202213 0.64237046
vn 0.12029215 -0.056503173 0.9911293
vn 0.6344676 0.18358792 0.75083053
vn 0.32231417 0.22688153 0.91904205
vn 0.5338767 0.48896378 0.68984795
vn -0.74458057 0.65034294 0.15051173
vn -0.78119 0.6129288 0.11857654
vn -0.54709727 0.8368526 -0.019030852
vn -0.67424345 0.7321345 0.09682324
vn -0.6833941 0.7291309 0.03661507
vn -0.7043808 0.7096997 0.013193679
vn -0.4369165 0.8994519 -0.0094893025
vn -0.7971605 0.6037614 -0.0027120833
vn -0.46614078 0.8838771 -0.03839472
vn -0.41686934 0.90896153 -0.0029689095
vn -0.2895503 0.9570754 -0.0129298875
vn -0.706508 0.7071571 -0.02784466
vn -0.6720027 0.7317355 -0.113910004
vn -0.43770036 0.89910036 0.0060772756
vn -0.67339444 0.7088663 -0.20987774
vn -0.25953346 0.9657313 -0.0023043018
vn -0.41972727 0.90765023 -0.00012872014
vn -0.4562631 0.88977164 0.011414675
vn -0.68842036 0.6331847 -0.35377178
vn -0.25683224 0.966456 -0.0001486158
vn -0.27577913 0.96095383 0.022660976
vn -0.06001889 0.9981583 0.008815225
vn -0.26360747 0.9567308 0.12319627
vn -0.5797112 0.8144078 -0.025979867
vn -0.8191487 0.46131796 -0.34085345
vn -0.04354747 0.9990514 -0.00016106355
vn -0.41689587 0.8860258 0.20286937
vn -0.69623005 0.716152 -0.048887048
vn -0.92506146 0.17677863 -0.33617067
vn -0.67134064 0.72377396 0.15954027
vn -0.87817466 0.47752243 -0.027956862
vn -0.8843201 0.05211138 -0.46396372
vn -0.98010075 0.19762164 -0.018659255
vn -0.85958594 0.4989671 0.110199116
vn -0.5102734 0.5051388 0.6960287
vn -0.28446192 0.61746585 0.7333603
vn -0.22567591 0.79186326 0.5674708
vn -0.6986893 0.41666782 0.581568
vn -0.065285936 0.56951356 0.81938523
vn -0.9725203 0.21595308 0.08699742
vn -0.7911469 0.1848812 0.5830142
vn -0.849621 0.039043833 0.5259465
vn -0.09134318 0.9650612 0.24558808
vn 0.14959314 0.62151253 0.768989
vn 0.21836935 0.95182145 0.21529226
vn 0.37919006 0.5728026 0.7267132
vn -0.99811906 0.041153017 0.045438394
vn -0.9964695 0.07115068 -0.044567015
vn -0.99607617 -0.0061977264 0.08828315
vn -0.7525995 -0.07140772 0.6545952
vn -0.7904118 -0.22980769 0.5678358
vn -0.94144815 0.03520196 -0.3353151
vn -0.9998061 0.013184849 -0.014625333
vn -0.99266315 -0.05195159 0.10918303
vn -0.99836224 -0.038165074 0.04261642
vn -0.8389333 -0.2528445 0.48193425
vn -0.8808163 -0.09261881 0.46431062
vn -0.93690383 0.1515576 -0.31502616
vn -0.9997396 -0.0041074734 -0.022447271
vn -0.41074282 0.80926204 -0.41998258
vn -0.94198793 0.30033925 -0.14985046
vn -0.39415646 0.9176672 -0.050274912
vn 0.27278307 0.9599363 -0.06412256
vn -0.4003262 0.9163465 -0.0069244998
vn -0.92575973 0.37780926 -0.015135102
vn -0.9999516 0.009682515 -0.0017436086
vn -0.99961424 0.0016728555 -0.027723463
vn 0.39882883 0.917001 -0.0066874526
vn 0.3081523 0.9500784 0.04892003
vn 0.74375325 0.6684274 -0.005981045
vn 0.7305953 0.68278545 -0.0058766063
vn 0.6053805 0.795275 0.032438427
vn 0.5609004 0.80535966 0.19179833
vn -0.93084896 0.36539575 -0.0024715792
vn -0.99748355 -0.015497701 0.06918484
vn -0.76493156 -0.04302015 0.6426733
vn -0.995014 -0.033568606 0.0939159
vn -0.7583755 -0.34136042 0.55528337
vn -0.9989235 -0.045845304 0.0070728357
vn -0.9391545 -0.336651 0.0682263
vn -0.43753678 -0.8670484 0.23830378
vn 0.28036192 0.9180084 0.28045988
vn 0.54445666 0.6974575 0.46596137
vn 0.27272603 0.7930863 0.5446417
vn -0.48604238 0.84638625 0.21769948
vn 0.23659821 0.5592777 0.7944996
vn -0.5065969 0.7426916 0.43791407
vn -0.57215714 0.5124392 0.64034545
vn -0.43531072 0.8997395 0.03119993
vn -0.9427665 0.33318666 0.013336868
vn -0.9583313 0.27705806 0.06957022
vn -0.95914793 0.24439491 0.14250009
vn -0.99999976 -0.00037221282 0.00059818884
vn -0.969328 0.15750568 0.18866694
vn -0.6200952 0.19962549 0.75870395
vn -0.99999857 0.001576698 -0.00056761544
vn -0.98382205 0.06252002 0.16788498
vn -0.9999838 0.005638266 0.000786445
vn -0.99999523 -0.0028504569 -0.0012392525
vn -0.9989452 -0.04591762 0.00024058855
vn -0.99965274 -0.026336862 -0.00088084344
vn -0.99993634 0.010512197 0.00409088
vn -0.99992836 -0.011812181 -0.0019634108
vn -0.99999917 0.0011642224 -0.0006009399
vn -0.9671564 0.08845572 0.23829417
vn -0.99968636 0.02402186 0.007072329
vn -0.5443781 0.085562415 0.83446485
vn -0.95652765 0.19560441 0.21631858
vn -0.5822356 0.022749914 0.8127017
vn -0.65326035 -0.0037418162 0.7571242
vn -0.90083677 0.38006067 0.20987418
vn -0.6945267 0.71946657 0.0006758127
vn -0.9977126 0.06754244 -0.0027396267
vn -0.8509229 0.52523476 0.0076575098
vn -0.97073215 0.23979129 -0.013389446
vn -0.9632051 0.26215756 -0.0592402
vn -0.9947358 0.1021349 -0.0083145
vn -0.9993956 0.034760818 -0.000505811
vn -0.9999356 0.010982661 0.002841717
vn -0.6477784 0.7319724 -0.2111863
vn -0.856618 0.5106277 -0.073925674
vn -0.72507167 0.45864442 -0.51372784
vn -0.8711471 0.23818107 -0.42938626
vn -0.9212357 0.14771216 -0.35986945
vn -0.97243327 0.1722185 -0.15720809
vn -0.5053523 0.84728414 -0.16348854
vn -0.37787464 0.13163808 -0.9164508
vn -0.35498434 0.1020034 -0.92929083
vn -0.4966038 0.50855744 -0.70338744
vn -0.95670855 0.2883024 -0.03988087
vn -0.47477704 0.85731757 -0.19898063
vn 0.3252759 -0.007957174 -0.94558567
vn 0.22810028 -0.12142173 -0.96603674
vn 0.20726015 -0.15632662 -0.9657149
vn -0.27799198 0.17430271 -0.944637
vn -0.19849224 0.22948068 -0.9528586
vn 0.48125276 0.46487895 -0.7431576
vn -0.4901566 0.5723067 -0.657428
vn -0.44105297 0.7046697 -0.5557993
vn -0.21033233 0.2929506 -0.93270594
vn -0.23379844 0.70900553 -0.6653191
vn -0.31684697 0.92487645 -0.21026553
vn -0.31569323 0.9488416 -0.006106088
vn -0.028316837 0.9995977 0.0016426948
vn -0.03435585 0.99940693 -0.0023152288
vn -0.03446163 0.99940586 0.00049864943
vn 0.008680093 0.6871598 -0.7264544
vn 0.007915056 0.98896295 -0.14795132
vn 0.2583474 0.9660022 -0.009810223
vn 0.2544968 0.9670698 0.0027304366
vn 0.24546291 0.96940595 0.00043003398
vn -0.08293869 0.21673231 -0.9727015
vn 0.22779228 0.9737094 -0.0007509788
vn 0.21852542 0.9758306 0.0010699655
vn 0.5130255 0.85837257 0.0011505333
vn 0.5074175 0.841335 0.18623367
vn 0.5237277 0.37305593 0.76585805
vn 0.7839141 0.58711356 0.2019317
vn 0.5240983 0.13003597 0.841672
vn 0.794928 0.6067017 0.0016138287
vn 0.51338226 0.8581579 -0.0019408416
vn 0.54282385 0.83984566 -0.001208183
vn 0.5544501 0.832217 -0.00020557389
vn 0.5508188 0.83452684 -0.01279351
vn 0.9192549 0.25313267 0.30148697
vn 0.96887356 0.2475545 0.00090362405
vn 0.99954516 0.029970556 0.0033520379
vn 0.9730568 0.032465305 0.22826847
vn 0.607373 0.026636971 0.7939701
vn 0.89942706 -0.029734096 0.4360582
vn 0.45173043 -0.051618565 0.89066
vn 0.4842189 -0.23171228 0.84370697
vn 0.8088417 0.58801633 -0.0034541506
vn 0.845788 0.53351897 -0.0003764995
vn 0.85111326 0.5249694 -0.0036451507
vn 0.84592324 0.53328085 -0.0050463765
vn 0.8895 -0.13790353 0.43562865
vn 0.9728097 -0.08059443 0.21713085
vn 0.61245227 -0.28263557 0.73825425
vn 0.98353785 -0.035787974 0.17712311
vn 0.6013315 -0.17588975 0.77939934
vn 0.9500488 -0.041542824 0.30932412
vn 0.5082555 -0.08753279 0.85674644
vn 0.9942246 -0.105445534 0.019969363
vn 0.9876488 -0.15665129 -0.003187807
vn 0.96447057 -0.23996916 0.11050501
vn 0.8745659 -0.16621007 0.45553115
vn 0.7447149 -0.5294959 0.40624344
vn 0.8843609 -0.45023602 0.123261206
vn 0.92896545 -0.36969143 0.018751418
vn 0.5312667 -0.83930504 0.11542372
vn 0.40670946 -0.8612707 0.30463108
vn 0.33440623 -0.8036808 0.49220887
vn 0.99960583 0.028073885 0.00033602313
vn 0.97645164 0.21572681 -0.0020122875
vn 0.99979573 0.02020809 0.00035044795
vn 0.9854643 0.16985333 0.0031520086
vn 0.98601764 0.16660652 0.0033891662
vn 0.9998266 0.01855372 0.0015821861
vn 0.99978 0.02096044 0.0007721057
vn 0.9838546 0.17896967 -0.00036637057
vn 0.99930143 -0.03736072 -0.0009104938
vn 0.9739879 0.16846485 -0.15154918
vn 0.9957151 0.06192387 -0.06868012
vn 0.8551135 0.5050532 -0.1170565
vn 0.5689276 0.8189408 -0.075215444
vn 0.3121862 0.93463594 -0.17028067
vn 0.22854169 0.6836073 -0.69314486
vn 0.5355881 0.729785 -0.42492276
vn 0.6950287 0.43400624 -0.5732135
vn 0.72335654 0.15871501 -0.6719858
vn 0.04520756 0.13472477 -0.98985124
vn 0.27174348 0.3311639 -0.90359616
vn 0.26255322 0.16916281 -0.9499736
vn 0.19012684 0.062069524 -0.97979546
vn 0.00039103613 0.08157083 -0.99666744
vn 0.07627832 -0.22666204 -0.9709819
vn 0.00622981 -0.22706391 -0.9738599
vn -0.06923811 -0.20021082 -0.9773032
vn -0.11673327 -0.15474255 -0.9810342
vn -0.16909222 -0.13956885 -0.9756682
vn 0.19425634 -0.31912038 -0.9275919
vn -0.1457713 -0.4393761 -0.8863968
vn 0.009643756 -0.49529096 -0.86867356
vn -0.2757544 -0.33591387 -0.9006228
vn 0.17085384 -0.4833215 -0.8586089
vn -0.34113166 -0.28302345 -0.89639664
vn 0.4122475 -0.6262915 -0.6616729
vn 0.41167492 -0.29686257 -0.86162424
vn 0.49023277 -0.258271 -0.83244705
vn 0.6429805 -0.12074421 -0.75630486
vn 0.48125276 0.46487895 -0.7431576
vn -0.70023316 -0.20474474 -0.6839248
vn -0.351883 -0.100948445 -0.9305846
vn -0.8113357 0.094296046 -0.57692516
vn 0.34333912 0.17660221 -0.9224586
vn -0.4635568 0.16049264 -0.871411
vn -0.8318136 0.38957298 -0.39537182
vn 0.8877682 0.14544709 -0.43670684
vn 0.36537027 0.63929564 -0.6766134
vn -0.57470673 0.5645522 -0.5924466
vn -0.40686974 0.89595854 -0.17808771
vn -0.8438621 0.53180224 -0.07129552
vn -0.39714697 0.9175796 0.017945219
vn 0.8945182 0.30586845 -0.32600886
vn 0.329823 0.92111456 -0.20679641
vn 0.99711394 0.06432636 -0.040324003
vn 0.99999774 -0.002090542 -0.0005406464
vn 0.8539749 0.5028953 -0.13350338
vn 0.120978214 0.99265265 0.0022383293
vn 0.99993837 -0.010932525 -0.001918312
vn 0.9885578 0.15009212 -0.015025422
vn 0.6376605 0.770197 -0.013627389
vn 0.07876977 0.9968526 -0.008958964
vn 0.9785236 0.20612808 0.0016154749
vn 0.9303621 -0.36243063 -0.055411357
vn 0.9329959 -0.3152542 -0.17358957
vn 0.4544277 -0.8818249 -0.12601691
vn 0.9621324 -0.27258262 -0.00027572789
vn 0.9396846 -0.34201604 -0.004218158
vn 0.5160165 -0.8565725 0.0032589526
vn 0.603834 -0.7971012 0.0037677146
vn 0.6171367 -0.7617822 0.19705378
vn 0.56448305 -0.82544404 -0.0010660451
vn 0.69583917 -0.7179683 0.018150603
vn 0.5396385 -0.12483906 0.83258957
vn 0.14893092 -0.14204496 0.9785922
vn 0.34086776 -0.08776939 0.93600523
vn 0.5188067 -0.031823643 0.854299
vn 0.86109835 -0.39803836 0.31634668
vn 0.8907153 -0.38881466 0.23547705
vn 0.6413233 -0.7670028 0.020275215
vn 0.7711493 -0.63665354 -0.0010194654
vn 0.67720854 -0.7357909 -0.0005098364
vn 0.7084293 -0.70577556 -0.0029875766
vn 0.86109746 -0.50843906 -0.0009842803
vn 0.6326165 -0.77437884 -0.011572182
vn 0.6415345 -0.7666451 -0.026246374
vn 0.85983336 -0.5097796 -0.02848595
vn 0.67511696 -0.73729473 -0.024769347
vn 0.8715118 -0.48992142 0.021076668
vn 0.9860751 -0.1655065 -0.016233971
vn 0.7828142 -0.6203722 -0.04837702
vn 0.9131747 -0.40416032 -0.052595798
vn 0.6797502 -0.7160293 -0.15887687
vn 0.8093827 -0.5641493 -0.1632031
vn 0.8677206 -0.42844474 -0.2519845
vn 0.752903 -0.51168716 0.41390005
vn 0.9166164 -0.2566098 0.30653837
vn 0.8045188 -0.49913225 -0.32189515
vn 0.97342795 -0.08697905 0.21183178
vn 0.46302137 -0.80985224 -0.36020914
vn 0.79136944 -0.42730743 -0.4371987
vn 0.99238414 -0.122160695 0.015832819
vn 0.58507514 -0.6342879 -0.5053376
vn 0.96225995 -0.2005189 -0.18397799
vn 0.57864696 -0.5082668 -0.6378342
vn 0.9910972 -0.12610857 0.042695954
vn 0.99488646 0.017065225 0.09954762
vn 0.9674256 0.110090144 0.22796465
vn 0.98393816 -0.10058354 -0.147474
vn 0.9999963 0.0025962638 0.0007918583
vn 0.97882026 0.16206744 0.12507996
vn 0.9851215 0.04266826 -0.16647866
vn 0.91950005 0.19625969 0.34059045
vn 0.9998803 -0.0062725665 -0.014140743
vn 0.99999523 0.0001829978 0.0030969114
vn 0.97698045 0.16453159 0.13578887
vn 0.9855236 0.11766014 -0.12206357
vn 0.86954165 0.20262444 -0.45037842
vn 0.87999946 0.23822716 -0.41091225
vn 0.7094842 0.66911054 -0.22118574
vn 0.9523113 0.1404179 0.27089882
vn 0.96538615 0.24829102 -0.07988284
vn 0.54069537 0.8378395 -0.075323366
vn 0.5562177 0.74570674 -0.3668016
vn 0.088991925 0.9959776 -0.010442686
vn -0.46545082 0.8818703 0.07523504
vn -0.89832777 0.43893433 0.01854178
vn -0.9438022 0.32699993 0.048047114
vn -0.99701273 0.07253811 0.026528591
vn -0.9817122 0.19034512 -0.0031233365
vn -0.9890788 0.14727068 0.005861946
vn -0.999233 0.038030572 -0.009333159
vn -0.9438022 0.32699993 0.048047114
vn -0.99701273 0.07253811 0.026528591
vn -0.96005505 0.27913922 0.019379247
vn -0.9993061 0.03537224 -0.011667274
vn -0.53349835 0.8410052 0.08994259
vn -0.46545082 0.8818703 0.07523504
vn -0.94668394 0.3221128 0.005740327
vn -0.9973296 0.06283103 0.037230045
vn -0.48657075 0.87277657 0.03885848
vn 0.23801343 0.9648613 0.111320905
vn 0.088991925 0.9959776 -0.010442686
vn 0.7978064 0.5988893 0.069545366
vn 0.7094842 0.66911054 -0.22118574
vn 0.87999946 0.23822716 -0.41091225
vn 0.9845536 0.17442809 0.015133514
vn 0.9855236 0.11766014 -0.12206357
vn 0.9851215 0.04266826 -0.16647866
vn 0.79764354 0.6029637 0.014131148
vn 0.2621807 0.9642397 0.03876892
vn -0.42019346 0.9022866 -0.09652163
vn 0.86335266 0.5023418 -0.04769617
vn -0.9287785 0.3691969 -0.032619946
vn 0.39504504 0.9138207 -0.09418639
vn -0.9014416 0.4216203 -0.09818089
vn -0.33211803 0.8918656 -0.30703968
vn 0.9996406 0.019252824 -0.018654948
vn 0.9997619 -0.004861064 -0.021275064
vn 0.98393816 -0.10058354 -0.147474
vn 0.99238414 -0.122160695 0.015832819
vn 0.9834537 0.18110928 -0.004270836
vn 0.99997437 0.0069566173 -0.0017029932
vn 0.8729989 0.46515292 -0.14664836
vn 0.9940784 0.10222739 -0.03684568
vn 0.44784772 0.8443047 -0.2942483
vn 0.9864936 0.1186455 -0.1129318
vn 0.8268611 0.4715257 -0.30653605
vn 0.3700881 0.78231716 -0.50101364
vn -0.2801587 0.8363472 -0.47120517
vn 0.35085538 0.6801408 -0.64366853
vn 0.8061443 0.4254134 -0.4112842
vn -0.19826135 0.73228097 -0.6515037
vn -0.85570407 0.49488303 -0.15119956
vn -0.7482284 0.58476794 -0.31337014
vn -0.9869364 0.15281239 0.051037252
vn -0.9497116 0.2888628 0.120856114
vn -0.96666795 0.012806016 0.25571278
vn -0.926557 0.36790118 0.07836352
vn -0.80377173 0.58595276 0.10300685
vn -0.94191855 0.3344515 0.030524176
vn -0.8379967 0.54539686 0.017425206
vn -0.6676154 0.62643564 -0.40232846
vn -0.2284087 0.6124276 -0.75681037
vn -0.62844086 0.7777921 -0.010077798
vn -0.56415486 0.8255486 0.014102175
vn -0.53302854 0.7610323 -0.3697437
vn 0.1773975 0.6011163 -0.77922356
vn -0.3159414 0.9476978 -0.045275524
vn -0.3069711 0.951714 0.003053063
vn -0.25961882 0.9256405 -0.27529582
vn 0.0069180797 0.99960464 -0.027252387
vn 0.0015960571 0.99999523 -0.0026324484
vn -0.22773485 0.55385566 -0.8008625
vn 0.7177356 0.43648684 -0.54252636
vn 0.31655577 0.9476275 -0.042361293
vn 0.31202877 0.9499948 0.012161603
vn -0.24719329 0.6353724 -0.73157185
vn 0.016038861 0.98704976 -0.15961094
vn 0.23734404 0.43228683 -0.8699402
vn 0.9853264 0.07552035 -0.15306377
vn 0.78238696 0.26738322 -0.56247395
vn 0.98805445 0.035295334 -0.15000908
vn 0.6331265 0.7737821 -0.020302635
vn 0.58466846 0.8097143 0.050254233
vn -0.15739596 0.7782932 -0.6078539
vn 0.7781053 0.16412053 -0.60631394
vn 0.9999919 6.422524E-05 -0.004019262
vn 0.82463276 0.5654957 0.013981146
vn 0.7524994 0.65242934 0.089892514
vn 0.9431639 0.3154724 0.104493976
vn 0.028577346 0.912515 -0.40804377
vn -0.07882619 0.8202523 -0.5665445
vn 0.008099191 0.7363465 -0.67655617
vn 0.17162004 0.45718533 -0.87265587
vn 0.021792244 0.9060604 -0.42258692
vn 0.26189658 0.26203895 -0.92884105
vn 0.26795244 0.2559819 -0.9288029
vn 0.30902207 0.19681771 -0.93046665
vn 0.35740045 0.09604919 -0.9289992
vn 0.60545635 -0.1910244 -0.77261394
vn 0.29422623 0.9261547 -0.23594159
vn 0.1556026 0.76045555 -0.6304722
vn 0.046416264 0.8278601 -0.5590109
vn -0.008042353 0.77292454 -0.63444704
vn 0.5173535 0.7749124 -0.3631199
vn 0.18698779 0.59846526 -0.77902174
vn -0.22833762 0.5070088 -0.83114624
vn 0.5939137 -0.13052474 -0.7938701
vn 0.7581529 -0.5385755 -0.36761466
vn 0.66400135 0.6307746 -0.40152898
vn 0.22564422 0.5377384 -0.812356
vn -0.25763112 0.26782808 -0.9283826
vn -0.31203923 0.2774363 -0.9086587
vn 0.8264508 0.05017966 -0.56076825
vn 0.91413707 -0.29639637 -0.2765912
vn 0.98723906 0.012886372 -0.1587225
vn -0.36677733 0.09069552 -0.9258772
vn -0.33776546 0.16478999 -0.9266923
vn 0.51421463 -0.6541534 -0.55467707
vn 0.5311466 -0.83954024 -0.11426062
vn 0.56475157 -0.8229832 -0.061272923
vn 0.49696803 -0.86652476 0.0464511
vn 0.40252915 -0.9153783 -0.00728298
vn 0.34187445 -0.9397422 -0.0025494962
vn 0.6198755 -0.78467256 -0.0065752035
vn 0.5238017 -0.8518032 -0.007940957
vn 0.8608704 -0.50870895 -0.010829732
vn 0.3386136 -0.94092375 -0.001810248
vn 0.44612148 -0.89495325 -0.0058509447
vn -0.60804874 -0.104413964 -0.7870035
vn -0.90633714 -0.3039682 -0.2935238
vn -0.5004613 -0.2207982 -0.83713
vn -0.46812817 -0.67509305 -0.5701801
vn -0.6180447 -0.54991436 -0.56179625
vn -0.5862987 -0.80292845 -0.10751578
vn -0.5395749 -0.83328134 -0.120420866
vn -0.4003292 -0.9163557 0.0053698407
vn -0.50434643 -0.8622722 0.046057023
vn -0.63278466 -0.7743275 0.00076750957
vn 0.82956547 -0.5584077 -0.0014056539
vn -0.8209188 0.0503634 -0.56881976
vn -0.8635333 -0.50426817 -0.004883356
vn -0.3391253 -0.940741 0.0006814243
vn -0.8305518 -0.55694044 0.0009741516
vn -0.9894427 -0.1448252 -0.005371754
vn -0.3382671 -0.94104946 -0.0011300024
vn -0.5374866 -0.8431604 -0.013735973
vn -0.98656344 -0.10920987 -0.12151453
vn -0.9873612 0.012343225 -0.15800439
vn -0.77309823 0.1571949 -0.614499
vn -0.8249346 -0.5652276 0.0007852873
vn -0.3567113 -0.9341237 0.013040289
vn -0.45300594 -0.8914015 0.01374155
vn -0.98893666 -0.14833282 -0.001293847
vn -0.98794776 -0.15477246 0.0021872104
vn -0.83255464 -0.5538379 0.010789284
vn -0.8759896 -0.39358023 0.2788131
vn -0.9884157 -0.15141672 0.010362139
vn -0.43075407 -0.87301207 0.2286939
vn -0.5263097 -0.83896494 0.13833281
vn -0.33414644 -0.6600262 0.67283845
vn -0.8031846 -0.45969748 0.37890986
vn -0.84347284 -0.17038459 0.5094336
vn -0.54410845 -0.19253469 0.816625
vn -0.7629345 -0.5101778 0.39705124
vn -0.9217703 -0.2344471 0.3088272
vn -0.96946084 -0.110640585 0.21887079
vn -0.9929367 -0.117520794 0.016294952
vn -0.98237914 -0.12771921 0.1364513
vn -0.9997627 -0.016311357 -0.014440405
vn -0.9905827 -0.078766905 -0.11198971
vn -0.99998116 -0.0035361613 -0.005031633
vn -0.9882811 0.033868417 -0.14884031
vn -0.9999925 0.00066681614 -0.0038262773
vn -0.9990727 0.0010042029 -0.043043684
vn -0.9856656 0.07936722 -0.14887658
vn -0.99928266 0.026303327 -0.02724584
vn -0.9867465 0.05291237 -0.15340021
vn -0.98529273 0.17024194 0.014695597
vn -0.9855236 0.11766012 -0.12206357
vn -0.88082176 0.25194237 -0.40084672
vn -0.7055393 0.6781693 -0.20567136
vn -0.99995995 0.008430429 0.00303171
vn -0.77606505 0.28241092 -0.5638858
vn -0.98488647 0.12297584 -0.12196545
vn -0.23550346 0.42559525 -0.8737315
vn 0.23909247 0.6200797 -0.7472189
vn -0.19615044 0.5896623 -0.78346884
vn -0.7197042 0.42978758 -0.5452601
vn -0.81172353 0.4171601 -0.40875706
vn 0.7411674 0.59384423 -0.31308115
vn 0.21664673 0.7328911 -0.6449302
vn 0.9330179 0.34730768 0.09410093
vn 0.8673219 0.46678126 -0.17282389
vn -0.3597007 0.67360467 -0.6456563
vn 0.97374856 0.21047752 0.08667704
vn 0.33268294 0.8072427 -0.48752558
vn -0.3383945 0.7927681 -0.5069593
vn 0.9899809 0.12521368 0.06526398
vn 0.99070054 0.1145943 0.07335373
vn 0.9994375 0.030124985 0.014732284
vn 0.89526814 0.43620318 -0.09067401
vn 0.92894197 0.36908376 -0.029051453
vn 0.99932504 0.034847673 -0.011626384
vn 0.33041617 0.8955796 -0.29793015
vn -0.7876941 0.5162074 -0.33625564
vn -0.36419338 0.88207775 -0.29883444
vn -0.8101634 0.554744 -0.18945824
vn 0.41786966 0.90394163 -0.09096465
vn 0.9473302 0.32021564 0.005242364
vn 0.9992368 0.038092904 -0.008643005
vn -0.39139968 0.9150411 -0.097498775
vn 0.4831864 0.8746528 0.03890088
vn 0.9589792 0.2820935 0.027968328
vn 0.99799573 0.06271584 -0.008440422
vn 0.87028784 0.49037436 0.04617474
vn 0.33455068 0.94005036 0.066189714
vn 0.5329755 0.84047365 0.097678214
vn -0.06750585 0.99771464 0.0029202837
vn -0.2541118 0.96600014 0.04765421
vn -0.23830183 0.9642928 0.11554946
vn -0.79663986 0.59979117 0.074935816
vn -0.79363143 0.60757214 0.031704426
vn -0.8621363 0.5035397 -0.056291793
vn -0.9854256 0.17006043 -0.0039792038
vn -0.98802376 0.14206874 -0.06021218
vn 0.8433061 -0.14787845 0.5166883
vn 0.8677206 -0.42844474 -0.2519845
vn 0.752903 -0.51168716 0.41390005
vn 0.98342127 0.038683552 -0.1771617
vn 0.929655 -0.31735915 -0.18714896
vn 0.9131747 -0.40416032 -0.052595798
vn 0.9860751 -0.1655065 -0.016233971
vn 0.9894146 0.14164872 -0.031533565
vn 0.89389056 -0.35797948 -0.26983377
vn 0.74226254 -0.58528024 0.32633325
vn 0.72213745 -0.647478 -0.24349488
vn 0.9911107 0.13303776 -0.000791293
vn 0.85983336 -0.5097796 -0.02848595
vn 0.86716765 -0.48578724 0.10968575
vn 0.46049315 -0.8674365 0.18841429
vn 0.44612148 -0.89495325 -0.0058509447
vn 0.99516404 0.098210245 -0.0017853857
vn 0.86109746 -0.50843906 -0.0009842803
vn 0.99592257 0.09015348 0.0032607722
vn 0.7711493 -0.63665354 -0.0010194654
vn 0.9362853 -0.351232 -0.0024376798
vn 0.94927573 -0.31444463 -0.00053531793
vn 0.9711378 0.06131458 0.23050341
vn 0.8907153 -0.38881466 0.23547705
vn 0.9189025 -0.39447552 -0.0027019286
vn 0.5238017 -0.8518032 -0.007940957
vn 0.93960065 -0.3400108 -0.039284524
vn 0.64927757 -0.7600647 -0.02720601
vn 0.93614686 -0.35159266 0.003423302
vn 0.61516213 0.0113158105 0.7883195
vn 0.5188067 -0.031823643 0.854299
vn 0.34086776 -0.08776939 0.93600523
vn 0.547209 -0.17339614 0.81883824
vn 0.7091319 -0.2563451 0.656825
vn 0.6691137 -0.7069679 -0.22909234
vn 0.83808136 -0.5391778 -0.08310818
vn 0.8916423 -0.33989146 0.2990783
vn 0.66424555 -0.7148991 0.21839657
vn 0.531493 -0.43709818 0.7255759
vn 0.8762222 -0.4670586 -0.11870462
vn 0.99729437 -0.07257892 -0.011665773
vn 0.6472005 -0.7623198 0.00021473024
vn 0.64357746 -0.76537913 -0.001652819
vn 0.84005004 -0.54250866 -0.00043191938
vn 0.8404761 -0.54184836 0.0004749549
vn 0.6790108 -0.73412806 -0.0006582507
vn 0.8519994 -0.51457113 0.09650641
vn 0.8486976 -0.52887654 0.0014015927
vn 0.96315247 -0.26810184 0.02142109
vn 0.9783946 -0.1880004 0.086022094
vn 0.8350159 -0.5499814 -0.016396971
vn 0.9750317 -0.2088361 0.07550277
vn 0.94317967 -0.3321292 -0.010112656
vn 0.8560425 -0.3276784 0.3997724
vn 0.84956557 -0.49217388 0.18974485
vn 0.30260327 -0.8987316 0.31735274
vn 0.33474925 -0.65853614 0.6739978
vn 0.35228407 -0.23785163 0.90516436
vn 0.32755408 0.1039795 0.9390934
vn 0.13014992 -0.6639482 0.7363654
vn 0.14893092 -0.14204496 0.9785922
vn 0.33440623 -0.8036808 0.49220887
vn 0.60512525 -0.7285984 0.320886
vn 0.042627584 -0.9274358 0.37154493
vn 0.08959835 -0.8852999 0.4563072
vn 0.8929191 -0.40394747 0.19880123
vn 0.38367498 -0.8187869 0.4270615
vn 0.8709482 -0.47950852 0.10733498
vn 0.44698548 -0.8719443 0.19979288
vn 0.111563794 -0.97378236 0.19824581
vn 0.51391965 -0.8568697 0.04075531
vn 0.008703106 -0.9999467 -0.0055624777
vn 0.5218635 -0.8530227 0.0032721083
vn -0.17807528 -0.96697813 -0.18232508
vn -0.08336243 -0.828467 -0.55379885
vn -0.19766773 -0.9581346 0.20713691
vn 0.48692098 -0.87332916 -0.014285667
vn 0.48389313 -0.87510806 -0.0057780137
vn 0.063464716 -0.99776983 0.02067539
vn -0.051126543 -0.8374249 0.5441559
vn -0.03785628 -0.9991667 0.01525673
vn 0.04507794 -0.86679924 0.4966156
vn 0.064979024 -0.93973494 0.3356723
vn -0.105035745 -0.9491685 0.29672658
vn 0.55555046 -0.77297926 0.3063768
vn 0.024718255 -0.7282809 0.6848329
vn -0.07147825 -0.7533163 0.65376246
vn -0.44640124 -0.6124637 0.652391
vn 0.9258665 -0.28396764 0.24926613
vn 0.41286215 -0.6700255 0.6169364
vn 0.4486312 -0.6137673 0.6496305
vn 0.38549396 -0.64601034 0.65883607
vn -0.38267025 -0.6504609 0.65609753
vn 0.9511503 -0.21133749 0.2250548
vn 0.9999809 -0.0016624936 -0.00594665
vn 0.954839 -0.052856363 -0.2923845
vn 0.99999225 0.0014088284 -0.0036887075
vn 0.37749153 -0.6652482 0.6441622
vn -0.37841958 -0.66597605 0.6428644
vn 0.91919696 -0.27160573 0.2851442
vn 0.39352372 -0.6915245 0.60574985
vn -0.39023167 -0.6868023 0.61320615
vn 0.99998915 -0.0008828681 0.004572594
vn 0.92471516 -0.27335662 0.26491138
vn 0.2888986 -0.79312855 0.5361761
vn -0.28372973 -0.79685694 0.5334009
vn 0.9999838 -0.0023289407 0.005194987
vn 0.9248274 -0.28698033 0.24967282
vn 0.26694956 -0.88557255 0.38013044
vn -0.26727375 -0.8873417 0.37575182
vn 0.9999918 -0.0026456858 0.0031001712
vn 0.8649201 -0.40780827 0.29258445
vn 0.29141787 -0.9361023 0.19694744
vn -0.29668164 -0.93534166 0.19265486
vn 0.9999429 -0.009132828 0.005549462
vn 0.8514804 -0.48211864 0.20625888
vn 0.3834385 -0.9235267 0.008565482
vn -0.3888417 -0.92116666 0.015941594
vn 0.9999274 -0.011977462 0.0013574628
vn 0.8801189 -0.46501115 0.095683224
vn 0.38007075 -0.9073266 -0.17973477
vn -0.37823945 -0.90871626 -0.17654933
vn 0.9990451 0.04355884 -0.0034016313
vn 0.4044698 -0.8443805 -0.3513199
vn -0.40609562 -0.84052354 -0.3586176
vn 0.36425215 -0.7372615 -0.56900424
vn -0.36302355 -0.7424563 -0.56300306
vn 0.41499656 -0.69480187 -0.5873911
vn -0.40061125 -0.70800257 -0.58158654
vn 0.5075024 -0.79198194 -0.33941996
vn -0.5153683 -0.7724209 -0.3711625
vn 0.35492152 -0.91778016 -0.1780737
vn -0.36623934 -0.91439915 -0.17246117
vn 0.28269693 -0.9516342 -0.12031078
vn -0.2878781 -0.950882 -0.11379676
vn 0.27833834 -0.9581346 0.0671256
vn 0.89961916 -0.43624082 0.019473445
vn -0.30413803 -0.95184606 0.038587652
vn 0.40167153 -0.8650838 0.30048296
vn -0.42665192 -0.84352666 0.32623753
vn 0.88051236 -0.4700004 -0.06162437
vn 0.99989605 -0.008044623 0.011966427
vn 0.92153096 -0.37954557 -0.08201057
vn 0.9674182 -0.23059312 -0.10454083
vn 0.28856766 -0.85339147 0.43411013
vn -0.2936218 -0.84836626 0.44052356
vn 0.8755471 -0.43298984 0.21432921
vn 0.94547814 -0.3113468 0.09557367
vn 0.8830862 -0.4068696 0.23370062
vn 0.9175047 -0.34536347 0.1972541
vn 0.95593446 -0.25328162 0.14845139
vn 0.9373093 -0.26150605 -0.23036009
vn 0.9199285 -0.34104303 0.19344592
vn 0.9807215 0.16759571 -0.10048412
vn 0.92429507 0.32776952 -0.19556567
vn 0.864214 0.4321459 -0.25765118
vn 0.897531 -0.3800746 0.22356535
vn 0.89948213 -0.37771747 0.21968487
vn 0.9041965 -0.34690398 -0.24917148
vn 0.89832133 -0.37805155 0.22382078
vn 0.9062808 -0.36959845 0.20506603
vn 0.9162915 0.34699824 -0.2000053
vn 0.9198207 0.33615193 -0.2023159
vn 0.92918944 -0.34242043 -0.1391227
vn 0.93204033 0.31432942 -0.18027145
vn 0.95670646 0.25058872 -0.14804779
vn 0.42378408 0.7930428 -0.437596
vn 0.5032301 0.7632658 -0.40519723
vn 0.94771516 0.2727415 -0.16567443
vn 0.91519314 0.3490223 -0.20150688
vn 0.011861225 0.8768763 -0.48056978
vn 0.029103916 0.88772404 -0.45945495
vn 0.44098562 0.7700318 -0.46106696
vn 0.91787577 -0.38951215 -0.07605447
vn 0.9081178 0.36331353 -0.20814753
vn 0.92131734 0.33219194 -0.20204683
vn 5.4029257E-05 0.87724686 -0.48003954
vn 0.00023709919 0.8881794 -0.45949668
vn 0.917703 -0.39725283 -0.0033832344
vn 0.9999558 -0.009162096 -0.0021336854
vn 0.99999225 0.0032836841 0.0021977578
vn 0.90669125 0.36656222 -0.20866984
vn 0.8112236 0.32725406 -0.48458332
vn 0.8976259 0.39623213 -0.19304873
vn -0.011445349 0.8775627 -0.4793252
vn -0.027489994 0.88657 -0.4617769
vn -0.47978485 0.7695208 -0.4214785
vn -0.50485915 0.76180935 -0.40591112
vn -0.0042612073 0.8571463 -0.5150554
vn -0.953203 0.26270097 -0.14963992
vn -0.9563983 0.2517106 -0.1481349
vn 0.38674608 0.7903493 -0.47515836
vn -6.2498686E-05 0.8576207 -0.5142826
vn 0.004139897 0.8572639 -0.5148605
vn 0.0056736246 0.858079 -0.5134863
vn -8.974633E-06 0.85770345 -0.5141448
vn -0.005606921 0.8579873 -0.51364034
vn -0.44514355 0.7689287 -0.45890713
vn 0.0001611502 0.8988651 -0.43822548
vn 0.0050334595 0.89969647 -0.43648714
vn -0.341349 0.8034913 -0.4877322
vn -0.26854518 0.8695843 -0.41437504
vn -0.94614035 0.2778727 -0.16614814
vn 0.35389766 0.84132165 -0.408576
vn 0.3281361 0.8914173 -0.312573
vn 0.001887311 0.9477655 -0.3189625
vn -0.0059586735 0.90006274 -0.4357196
vn 0.78993255 0.49446002 -0.3626513
vn 0.00052579574 0.9477029 -0.31915343
vn 0.008099191 0.7363465 -0.67655617
vn 0.17162004 0.45718533 -0.87265587
vn -0.07882619 0.8202523 -0.5665445
vn 0.26795244 0.2559819 -0.9288029
vn 0.021792244 0.9060604 -0.42258692
vn 0.30902207 0.19681771 -0.93046665
vn -0.0067815683 0.9486546 -0.31624126
vn 0.046416264 0.8278601 -0.5590109
vn -0.28044376 0.8907345 -0.35769188
vn -0.008042353 0.77292454 -0.63444704
vn -0.22833762 0.5070088 -0.83114624
vn -0.766732 0.44354588 -0.46410036
vn -0.31203923 0.2774363 -0.9086587
vn 0.71631616 0.45359188 -0.53023165
vn 0.95986855 -0.03314442 -0.27848473
vn 0.60545635 -0.1910244 -0.77261394
vn 0.98311216 -0.14298353 -0.11422033
vn 0.7581529 -0.5385755 -0.36761466
vn 0.56475157 -0.8229832 -0.061272923
vn 0.7401312 -0.6608309 0.12453206
vn 0.9151849 -0.40254217 0.01991017
vn 0.49696803 -0.86652476 0.0464511
vn 0.6198755 -0.78467256 -0.0065752035
vn 0.90468746 -0.37202024 0.2077051
vn 0.8409471 -0.5315822 0.101135194
vn 0.99977595 -0.016508099 0.013252644
vn 0.99978346 -0.018377548 0.009770123
vn 0.99664223 -0.080169566 -0.016645223
vn 0.9666273 -0.25616133 -0.0036176653
vn 0.989837 -0.1409437 0.01891326
vn 0.91614914 -0.38134536 0.12347632
vn 0.93312323 -0.35931972 -0.0130549595
vn 0.9933868 -0.113175765 -0.019339245
vn 0.9842943 -0.17576769 -0.016444035
vn 0.96117085 -0.20058697 -0.18951374
vn 0.9182336 -0.38693318 -0.084438674
vn 0.9904169 -0.1380059 0.0053659417
vn 0.9570681 -0.28986132 0.0010867547
vn 0.47475204 -0.65435815 -0.5885794
vn 0.40724397 -0.895341 -0.18032421
vn 0.516444 -0.15451269 -0.84226567
vn 0.49418852 -0.86932474 -0.0072293645
vn 0.49769065 0.045446876 -0.86616313
vn 0.88680476 -0.4620697 0.008304649
vn 0.31644282 -0.94826037 0.025809113
vn 0.95780224 0.010128958 -0.2872495
vn 0.4268994 0.23340264 -0.8736591
vn 0.927889 -0.36890376 0.054149892
vn 0.40676513 -0.9036789 0.13381529
vn 0.3620831 -0.8694648 0.33604577
vn 0.9502421 0.086349405 -0.29930517
vn 0.5870808 0.379955 -0.7148218
vn 0.87945336 -0.4171589 0.22921626
vn 0.30400136 -0.8348317 0.45895427
vn 0.9771538 0.10347122 -0.18564561
vn 0.57631385 0.53317356 -0.6193451
vn 0.90983456 -0.33027017 0.25124255
vn 0.37647802 -0.7382996 0.55962306
vn 0.9807946 0.13070379 -0.14477041
vn 0.6127811 0.6246688 -0.48403335
vn 0.92792046 -0.21864153 0.3019261
vn 0.38196763 -0.52500075 0.7605753
vn 0.98324364 0.14674355 -0.10815917
vn 0.63209146 0.6963609 -0.3399144
vn 0.98744875 0.13845538 -0.07599499
vn 0.66666895 0.7296259 -0.15231054
vn 0.97744 0.20775054 -0.038089834
vn 0.58432066 0.8113541 0.0165455
vn 0.9754076 0.21991634 0.014723921
vn 0.5922633 0.7945408 0.13389917
vn 0.97882754 0.2017563 0.034510057
vn 0.5510388 0.75874686 0.3473608
vn 0.9712733 0.21505056 0.10188826
vn 0.544867 0.64634764 0.534186
vn 0.99999917 0.001272817 -0.00013951183
vn 0.970574 0.1797618 0.16022427
vn 0.53827596 0.47185704 0.69829077
vn 0.9999958 0.0020203483 0.002072863
vn 0.9724822 0.12697373 0.19533591
vn 0.4912316 0.28111908 0.8244171
vn 0.9999999 0.00027795575 -0.00039910915
vn 0.9490596 0.10039037 0.29867655
vn 0.28864208 0.08119325 0.9539881
vn 0.9999889 0.0026315954 0.00392361
vn 0.8782486 0.03345561 0.47703266
vn 0.34485832 -0.17831084 0.9215628
vn 0.999835 0.0019102037 0.018065263
vn 0.91766614 -0.08151193 0.38890207
vn 0.9998456 -0.0024399024 0.017399494
vn 0.04507794 -0.86679924 0.4966156
vn -0.03785628 -0.9991667 0.01525673
vn 0.23282453 -0.94518334 0.22895671
vn -0.48047596 -0.8769646 -0.008703648
vn 0.22361287 -0.92706317 -0.3009171
vn -0.5922802 -0.80519235 0.02948562
vn -0.105035745 -0.9491685 0.29672658
vn -0.57045543 -0.781396 0.2529838
vn -0.07147825 -0.7533163 0.65376246
vn -0.51189625 -0.6505191 0.5610589
vn -0.9462475 -0.24280982 0.21368012
vn -0.44640124 -0.6124637 0.652391
vn -0.97216696 -0.22258244 0.073133275
vn -0.8414193 -0.54024893 -0.012026009
vn -0.9999995 -0.0006469769 -0.00081386033
vn -0.9831791 -0.1814676 0.020698845
vn -0.85394984 -0.52035296 -0.0015783026
vn -0.94043905 -0.33878323 -0.02828967
vn -0.8407502 -0.5414227 0.00068367313
vn -0.9526212 -0.3036903 -0.016886946
vn -0.45159754 -0.8921994 -0.006311247
vn -0.94468766 -0.32787606 -0.007909704
vn -0.021869386 -0.9995988 -0.018002776
vn -0.03143419 -0.8120593 -0.5827278
vn -0.43978712 -0.8979352 0.017309763
vn -0.47803676 -0.856681 0.1938519
vn -0.029430721 -0.9833332 0.17941453
vn -0.07544156 -0.87455213 0.47902718
vn -0.9397257 -0.33007517 0.08925279
vn -0.47977436 -0.76066744 0.437266
vn -0.06154113 -0.92496973 0.37502486
vn -0.9191447 -0.34390596 0.1920983
vn -0.6166608 -0.7392262 0.27069205
vn -0.2846654 -0.90072745 0.32810923
vn -0.98010397 -0.18717012 0.06605747
vn -0.8615091 -0.46992922 0.19227214
vn -0.35390782 -0.6315636 0.6898383
vn -0.8398409 -0.5428308 0.0013642239
vn -0.84573495 -0.29112208 0.44719154
vn -0.71576107 -0.27212366 0.6431445
vn -0.3850894 -0.256285 0.8865801
vn -0.8572417 -0.50394225 0.10573064
vn -0.64781857 -0.7617944 -0.0006520994
vn -0.40021923 -0.4493412 0.7986971
vn -0.24976811 0.051813837 0.9669184
vn -0.16967474 -0.10371207 0.98002774
vn -0.10030378 -0.6200468 0.7781267
vn -0.3731757 -0.8238546 0.42661867
vn -0.643558 -0.7653972 0.00022961647
vn -0.62773734 0.04299253 0.777237
vn -0.5612667 -0.112805694 0.81991124
vn -0.6708912 -0.74155223 -0.0022859594
vn -0.9716911 0.07592782 0.223722
vn -0.89941883 -0.3363649 0.27911338
vn -0.97224885 0.015788363 0.23341551
vn -0.99603623 0.08888795 0.0032789905
vn -0.99564123 0.093263604 0.00067223166
vn -0.56158495 -0.18998343 0.80531275
vn -0.49904752 -0.47882247 0.7222746
vn -0.64253086 -0.73473185 0.2175388
vn -0.93589085 -0.35227725 0.0030013516
vn -0.9363541 -0.3510569 -0.00044575133
vn -0.99527377 0.09709469 -0.0016784952
vn -0.98214394 -0.18792489 0.008807622
vn -0.94563097 -0.3252355 -0.0020178726
vn -0.94117755 -0.33626243 -0.033352025
vn -0.99043244 0.13796966 -0.0028133863
vn -0.98084867 -0.19457884 -0.008661988
vn -0.9888815 0.1453912 -0.0312212
vn -0.9889832 -0.14121003 -0.04440608
vn -0.98858213 0.01326638 -0.15009724
vn -0.9127117 -0.40761694 -0.028384881
vn -0.88059807 -0.42336905 -0.21285135
vn -0.7629345 -0.5101778 0.39705124
vn -0.84347284 -0.17038459 0.5094336
vn -0.91219044 -0.309417 -0.26864433
vn -0.8031846 -0.45969748 0.37890986
vn -0.6416031 -0.76674235 -0.021251727
vn -0.657774 -0.71681565 -0.23131965
vn -0.9326082 -0.2968251 -0.20527259
vn -0.7095322 -0.6630632 -0.23856074
vn -0.5263097 -0.83896494 0.13833281
vn -0.87786204 -0.4629969 -0.12244263
vn -0.83777595 -0.5396505 -0.083119
vn -0.8563102 -0.5103539 0.07919547
vn -0.9983917 -0.05629857 -0.006671726
vn -0.9789084 -0.14973909 -0.13898413
vn -0.90978175 -0.41507328 -0.0033703153
vn -0.45300594 -0.8914015 0.01374155
vn -0.99539053 -0.092647195 -0.024781333
vn -0.92358136 -0.3833711 0.0048993146
vn -0.5374866 -0.8431604 -0.013735973
vn -0.98514533 -0.17152068 0.0083289845
vn -0.9634604 -0.26780698 -0.004849717
vn -0.63278466 -0.7743275 0.00076750957
vn -0.50434643 -0.8622722 0.046057023
vn -0.982726 -0.18506119 0.0014124616
vn -0.9017101 -0.43233877 0.0014391869
vn -0.77923226 -0.61885834 0.099053636
vn -0.5862987 -0.80292845 -0.10751578
vn -0.6180447 -0.54991436 -0.56179625
vn -0.94317746 -0.33194342 -0.015161908
vn -0.92306226 -0.38446996 0.011790031
vn -0.979455 -0.1899058 -0.06784961
vn -0.46048543 -0.8873121 -0.025105609
vn -0.5757344 -0.7897984 -0.21153837
vn -0.44352672 -0.895893 0.02568471
vn -0.6318919 -0.56361043 -0.53203005
vn -0.4288938 -0.89246625 0.13983598
vn -0.50813943 -0.20797823 -0.8357867
vn -0.9297639 -0.36282092 0.0624509
vn -0.4016592 -0.8575095 0.3214768
vn -0.9625478 -0.07107089 -0.26163062
vn -0.96167064 0.018801155 -0.2735618
vn -0.49300003 0.05829147 -0.86807436
vn -0.99072015 -0.13531438 -0.01278427
vn -0.92305386 -0.35602653 0.14565949
vn -0.37766904 -0.8116735 0.44559196
vn -0.8088923 -0.5765911 0.115047276
vn -0.9997013 -0.021484882 0.011641279
vn -0.9116642 -0.35825288 0.20130387
vn -0.39844057 -0.7300802 0.55518293
vn -0.95653266 0.07577152 -0.28160954
vn -0.4600773 0.23026514 -0.8575004
vn -0.9306699 -0.29265407 0.2195612
vn -0.48358127 -0.5061237 0.71413445
vn -0.95679593 0.14048807 -0.25456744
vn -0.47400293 0.40998292 -0.77925295
vn -0.9501609 -0.18774019 0.24889314
vn -0.4240979 -0.15960458 0.8914411
vn -0.9399216 -0.06509718 0.33512637
vn -0.41819602 0.073552094 0.9053741
vn -0.9997969 -0.01338544 0.01506916
vn -0.99999535 -0.0018979973 0.0024084547
vn -0.9258962 0.034434892 0.37620524
vn -0.38130304 0.26148814 0.88669723
vn -0.9436156 0.21434276 -0.252283
vn -0.44733408 0.57888705 -0.6817493
vn -0.9996816 -0.021831777 0.012652042
vn -0.9066171 -0.36472803 0.21217653
vn -0.90045285 -0.37595817 0.2187238
vn -0.9058556 -0.36775064 0.21020247
vn -0.9045146 -0.37061343 0.21094787
vn -0.901093 -0.37508902 0.21757683
vn -0.9812594 -0.10647337 -0.16060288
vn -0.90862304 0.35999036 -0.21168622
vn -0.9498801 -0.061274704 -0.30655047
vn -0.5004613 -0.2207982 -0.83713
vn -0.7197829 0.40212762 -0.5658674
vn -0.33776546 0.16478999 -0.9266923
vn -0.7936757 0.30831558 -0.52442366
vn -0.905434 0.36663193 -0.21394005
vn -0.9160427 0.34773424 -0.19986679
vn -0.8445267 0.48564062 -0.22567186
vn -0.8951608 0.3773687 -0.23723392
vn -0.91367567 0.3519873 -0.2032285
vn -0.91864234 -0.34204462 0.19774167
vn -0.9196452 0.33772638 -0.20048377
vn -0.86267245 0.43342313 -0.26065442
vn -0.97984856 0.1688867 -0.10664978
vn -0.92377055 0.3306659 -0.19315282
vn -0.954782 -0.25744975 0.1486976
vn -0.884826 -0.40256152 0.23457837
vn -0.91829145 -0.34295022 0.19780263
vn -0.89105827 -0.4538688 -0.004270472
vn -0.93561614 -0.33239147 0.11890491
vn -0.87300074 -0.43296322 0.22452767
vn -0.2936218 -0.84836626 0.44052356
vn -0.42665192 -0.84352666 0.32623753
vn -0.30413803 -0.95184606 0.038587652
vn -0.99997246 -0.001963857 0.007164179
vn -0.87921244 -0.47302827 -0.056831002
vn -0.2878781 -0.950882 -0.11379676
vn -0.99964833 0.00594768 0.025845518
vn -0.9156281 -0.39498085 -0.0749353
vn -0.36623934 -0.91439915 -0.17246117
vn -0.9073674 0.121693954 0.40233684
vn -0.42591095 0.49641418 0.756421
vn -0.9999895 0.0021429178 0.0040505314
vn -0.9694007 -0.21476768 -0.11889993
vn -0.5153683 -0.7724209 -0.3711625
vn -0.92586184 0.20468533 0.31762215
vn -0.44652137 0.6917764 0.5675069
vn -0.9999989 -0.00030650754 -0.001468198
vn -0.94025433 -0.25993663 -0.21989682
vn -0.40061125 -0.70800257 -0.58158654
vn -0.9287707 0.2820891 0.24043842
vn -0.4883935 0.7962523 0.35700706
vn -0.99999964 -0.00025174007 -0.0008002263
vn -0.9008643 -0.35953963 -0.24325861
vn -0.36302355 -0.7424563 -0.56300306
vn -0.95143896 0.2814071 0.12479556
vn -0.5133007 0.844673 0.15182179
vn -0.99999976 -0.0006521953 -0.00019297485
vn -0.92818534 -0.34116018 -0.14859861
vn -0.40609562 -0.84052354 -0.3586176
vn -0.9598598 0.27548787 0.05268582
vn -0.5113403 0.85937756 0.001099058
vn -0.9999958 0.0028802678 0.00014712253
vn -0.9176038 -0.3905679 -0.07389213
vn -0.37823945 -0.90871626 -0.17654933
vn -0.9469788 0.32127866 0.0033573164
vn -0.59664494 0.78833675 -0.15013298
vn -0.99999964 -0.0005846571 0.0006763729
vn -0.91518533 -0.40299416 0.005608599
vn -0.3888417 -0.92116666 0.015941594
vn -0.29668164 -0.93534166 0.19265486
vn -0.9759813 0.215116 -0.034433935
vn -0.52120817 0.7790207 -0.34852368
vn -0.8761803 -0.4734932 0.09006785
vn -0.26727375 -0.8873417 0.37575182
vn -0.9999975 -0.0022189205 0.00049642293
vn -0.9679415 0.22883755 -0.10354991
vn -0.47515115 0.6935116 -0.54154706
vn -0.8512594 -0.48455232 0.20141149
vn -0.28372973 -0.79685694 0.5334009
vn -0.9999937 -0.0021664207 0.0028180648
vn -0.9464133 0.25313878 -0.20055605
vn -0.9999999 -6.758212E-05 0.0005908113
vn -0.86961013 -0.4054987 0.28168958
vn -0.39023167 -0.6868023 0.61320615
vn -0.99998415 0.0025165025 -0.005052944
vn -0.92679757 -0.2781258 0.2523735
vn -0.37841958 -0.66597605 0.6428644
vn -0.999985 0.0027282373 -0.004747848
vn -0.92433774 -0.27512205 0.2644004
vn -0.38267025 -0.6504609 0.65609753
vn -0.99999464 0.0021077555 -0.00249824
vn -0.9209052 -0.27303898 0.27817866
vn -0.9999975 0.0011222428 0.001967725
vn -0.9525096 -0.20580192 0.2244351
vn -0.17360623 -0.13955198 -0.9748775
vn -0.7809663 -0.014495181 -0.62440485
vn -0.11443865 -0.0018385617 -0.99342865
vn -0.7812169 -0.32828042 -0.53097284
vn -0.08336243 -0.828467 -0.55379885
vn -0.17807528 -0.96697813 -0.18232508
vn -0.19766773 -0.9581346 0.20713691
vn -0.80639106 -0.023485558 0.5909163
vn -0.7310539 -0.26771277 0.6276067
vn -0.051126543 -0.8374249 0.5441559
vn -0.058218833 -0.232091 0.97095025
vn -0.18573852 -0.028764667 0.98217803
vn 0.13106671 -0.034620333 0.99076885
vn 0.069549665 -0.28301498 0.9565905
vn 0.04507794 -0.86679924 0.4966156
vn 0.76544386 -0.24194041 0.5962889
vn 0.77891946 -0.03585119 0.6260984
vn 0.23282453 -0.94518334 0.22895671
vn 0.6765963 -0.1836438 -0.7130866
vn 0.77024794 -0.0108901495 -0.63765144
vn 0.22361287 -0.92706317 -0.3009171
vn -0.03143419 -0.8120593 -0.5827278
vn 0.6765963 -0.1836438 -0.7130866
vn -0.057340395 -0.18349369 -0.9813471
vn 0.13448337 -0.0016261924 -0.9909146
vn -0.11443865 -0.0018385617 -0.99342865
vn -0.17360623 -0.13955198 -0.9748775
vn -0.08336243 -0.828467 -0.55379885
vn 0.6765963 -0.1836438 -0.7130866
vn 0.77024794 -0.0108901495 -0.63765144
vn -0.03143419 -0.8120593 -0.5827278
vn 0.008703106 -0.9999467 -0.0055624777
vn -0.08336243 -0.828467 -0.55379885
vn -0.021869386 -0.9995988 -0.018002776
vn -0.029430721 -0.9833332 0.17941453
vn 0.111563794 -0.97378236 0.19824581
vn -0.07544156 -0.87455213 0.47902718
vn 0.08959835 -0.8852999 0.4563072
vn -0.06154113 -0.92496973 0.37502486
vn 0.042627584 -0.9274358 0.37154493
vn 0.30260327 -0.8987316 0.31735274
vn -0.2846654 -0.90072745 0.32810923
vn -0.35390782 -0.6315636 0.6898383
vn 0.33474925 -0.65853614 0.6739978
vn -0.3850894 -0.256285 0.8865801
vn 0.35228407 -0.23785163 0.90516436
vn -0.24976811 0.051813837 0.9669184
vn 0.32755408 0.1039795 0.9390934
vn -0.10030378 -0.6200468 0.7781267
vn 0.13014992 -0.6639482 0.7363654
vn 0.7377524 0.66047955 -0.13960037
vn 0.7377523 0.6604796 -0.13960037
vn 0.7377524 0.66047955 -0.13960037
vn 0.7411641 0.6565247 -0.14018236
vn 0.65995866 0.53894037 -0.523448
vn 0.53895926 0.63088125 -0.55813235
vn 0.63949627 0.55634725 -0.5305866
vn 0.5028271 0.65382546 -0.5654001
vn -0.6015508 -0.07441223 -0.7953612
vn -0.801763 -0.094934985 -0.5900537
vn -0.6127478 -0.116294034 -0.7816751
vn -0.9401162 -0.28722435 -0.18353087
vn -0.6913388 -0.004429377 0.72251713
vn -0.6217014 -0.0015017882 0.78325284
vn -0.5952541 -0.0061223665 0.8035142
vn -0.4768773 -0.0014748891 0.8789686
vn -0.9587661 -0.0040367134 0.2841675
vn -0.96944875 -0.002267701 0.24528341
vn -0.9590637 -0.0052175303 -0.28314254
vn -0.36778572 0.00096102204 0.92991006
vn -0.6819106 -0.0110086 0.73135275
vn -0.40426037 -0.04982333 0.9132859
vn -0.6183737 -0.063317195 0.7833294
vn -0.9162545 -0.009189705 0.4004911
vn -0.4229334 -0.122492336 0.89784354
vn -0.6234766 -0.20355916 0.7548779
vn -0.35065198 -0.20775753 0.9131703
vn -0.543586 -0.3171825 0.7771161
vn -0.34546205 -0.32516712 0.8802967
vn -0.49734136 -0.43421385 0.75107247
vn -0.24534658 -0.35594094 0.9017268
vn -0.39602298 -0.53580076 0.74571
vn -0.7013007 -0.64455897 0.30450138
vn -0.809714 -0.46133432 0.36267596
vn -0.9011669 -0.26855868 0.34025633
vn -0.14517859 -0.34957284 0.92559284
vn -0.23822455 -0.61985326 0.74768376
vn -0.5345733 -0.7710415 0.34601492
vn -0.70403624 -0.66304815 -0.25436231
vn -0.08250283 -0.4340484 0.89710385
vn -0.0840873 -0.66427845 0.7427405
vn -0.9215678 -0.10361016 0.37413573
vn -0.81831646 -0.46515584 -0.33762127
vn -0.9053529 -0.26818946 -0.32925743
vn -0.8951404 -0.09539089 -0.43545866
vn -0.34734312 -0.84030664 0.416218
vn -0.012116546 -0.40957555 0.9121958
vn 0.093537286 -0.64602053 0.7575674
vn -0.41161853 -0.12351754 -0.9029472
vn -0.91693044 -0.012206918 -0.39886016
vn -0.9205326 0.0014032989 -0.39066318
vn -0.3723511 -0.0029345623 -0.9280873
vn -0.3862195 0.0039217076 -0.92239857
vn -0.5751063 -0.004553217 -0.81806606
vn -0.60709035 0.0016796933 -0.79463106
vn -0.7093325 -0.002427643 -0.70486987
vn -0.70428383 -0.005209548 -0.7098994
vn -0.32879874 -0.03855248 -0.94361275
vn -0.6809456 -0.10635024 -0.7245707
vn -0.64854926 -0.21942903 -0.72885853
vn -0.38453564 -0.2157007 -0.89755523
vn -0.5538594 -0.35384896 -0.7536781
vn -0.37495723 -0.34775102 -0.8593464
vn -0.31373203 -0.41568092 -0.85368705
vn -0.43124253 -0.5524382 -0.7133316
vn -0.2300999 -0.6379163 -0.73492634
vn -0.55592215 -0.78228545 -0.281034
vn -0.20528078 -0.49105355 -0.84659684
vn -0.37049618 -0.8936531 -0.25321272
vn -0.10376118 -0.5005199 -0.8594845
vn -0.21601018 -0.9339981 -0.28458232
vn -0.02306971 -0.5302577 -0.84752256
vn -0.027733607 -0.6908315 -0.7224837
vn 0.22563823 -0.65499634 -0.7211569
vn -0.19503526 -0.9167287 0.34866866
vn -0.043474063 -0.9612539 -0.2722148
vn -0.042762186 -0.9286646 0.36844736
vn 0.08914863 -0.51490766 -0.8525976
vn 0.07880378 -0.4159162 0.9059822
vn 0.15456934 -0.94683814 -0.2821452
vn 0.15839146 -0.36872497 0.9159443
vn 0.25059184 -0.5872721 0.76962024
vn 0.15123607 -0.91835266 0.36572674
vn 0.3879455 -0.8771412 -0.28305793
vn 0.21975836 -0.48902598 -0.8441326
vn 0.23424365 -0.31886375 0.9183985
vn 0.36656874 -0.5250027 0.76811427
vn 0.36730558 -0.8493087 0.37915862
vn 0.34821308 -0.47550672 -0.807862
vn 0.4309412 -0.4946232 -0.7547434
vn 0.5860583 -0.7906209 -0.17735322
vn 0.3616047 -0.29219243 0.88536185
vn 0.5092783 -0.35996696 0.78170294
vn 0.56130147 -0.7295212 0.3908192
vn 0.42046154 -0.37113383 -0.82793224
vn 0.5712275 -0.34608087 -0.7442628
vn 0.7386577 -0.6389684 -0.21471858
vn 0.7321023 -0.60483414 0.31337178
vn 0.35697788 -0.17847605 0.9169041
vn 0.60538036 -0.2553513 0.7538636
vn 0.83242124 -0.43647566 -0.34141442
vn 0.82737786 -0.42785937 0.3638436
vn 0.38400403 -0.20070608 -0.9012536
vn 0.42016643 -0.11842219 -0.8996868
vn 0.644517 -0.21538363 -0.7336264
vn 0.674609 -0.10502874 -0.7306652
vn 0.41910067 -0.12685831 0.89903367
vn 0.6285944 -0.22640976 0.7440482
vn 0.90625 -0.25991815 -0.3333967
vn 0.9004052 -0.27067274 0.34059754
vn 0.33632228 -0.04234958 -0.9407942
vn 0.4037551 -0.04843948 0.9135838
vn 0.6576635 -0.08028636 0.7490212
vn 0.8920002 -0.10042155 -0.44073933
vn 0.92229664 -0.101420835 0.3729378
vn 0.36828142 -0.0055155414 0.929698
vn 0.67801094 0.003709048 0.73504245
vn 0.47507465 0.003825255 0.87993723
vn 0.69248635 0.00072199694 0.7214306
vn 0.5933589 -0.0038156016 0.80492896
vn 0.62352186 -0.0028518077 0.7818007
vn 0.9693922 -0.004280773 0.24547985
vn 0.91653687 -0.0154659385 -0.39965108
vn 0.91739255 -0.016008753 0.39766148
vn 0.9597991 0.0013041667 0.2806846
vn 0.92210644 -0.0027746165 -0.3869264
vn 0.9602974 0.0015490622 -0.27897397
vn 0.56744653 0.0076912227 -0.8233744
vn 0.37371805 -0.0077302386 -0.9275102
vn 0.7047568 -0.00894041 -0.7093926
vn 0.71182126 0.0008032772 -0.70236015
vn 0.60670656 0.004521618 -0.79491305
vn 0.38342455 -0.00026973203 -0.9235721
vn 0.74534243 0.1069952 0.65804005
vn 0.99985147 0.017236793 1.7893948E-05
vn 0.627421 0.01259322 0.77857834
vn 0.9888727 0.14717336 0.021698821
vn 0.9188053 0.009646783 0.3945932
vn 0.99869895 0.009301237 0.0501385
vn 0.99934727 -0.00035120963 0.0361247
vn 0.89669627 0.006128616 0.44260383
vn 0.997618 -0.049359664 0.048185967
vn 0.70866764 -0.23009379 0.6669685
vn 0.98754823 0.06825442 0.14173877
vn 0.99342406 -0.11428658 0.0068763476
vn 0.89811414 0.06393236 0.43509045
vn 0.3656972 0.02630238 0.9303622
vn 0.9672732 -0.2537306 -0.0018076574
vn 0.7412907 -0.13737889 0.6569742
vn 0.90112084 0.20600581 0.38150066
vn 0.3775191 0.1696895 0.9103213
vn 0.008485585 0.035565075 0.99933136
vn 0.0029789293 0.20603378 0.9785404
vn 0.00064571656 0.042562775 0.99909353
vn 0.44395444 0.48474222 0.75361097
vn 0.0027323859 0.23687984 0.9715351
vn -0.005538441 0.03875422 0.99923337
vn 0.9620562 0.25108436 0.10679151
vn 0.9653715 0.25730035 0.043063454
vn 0.00800097 0.55213463 0.83371663
vn 0.4872978 0.75828105 0.4330712
vn -0.0010548286 0.21415623 0.9767989
vn 0.0029130764 0.5792726 0.81512874
vn 0.02896151 0.840909 0.540401
vn -0.37140304 0.16725865 0.91328216
vn -0.3651911 0.026341442 0.9305598
vn -0.43743715 0.48977846 0.7541656
vn -0.0073109595 0.55292743 0.8331974
vn -0.47313032 0.7589099 0.44744113
vn 0.00085532415 0.8499428 0.5268743
vn 0.49274302 0.8626005 0.11456314
vn 0.3191106 0.9477168 -0.0011504804
vn 0.0140849715 0.9826088 0.18515284
vn -0.03331309 0.8495561 0.5264454
vn 9.986763E-05 0.9853336 0.17063881
vn -0.01977381 0.9860016 0.1655589
vn -0.4830869 0.86894333 0.10753822
vn -0.31764677 0.94820905 -0.00033841818
vn 0.0025804003 0.9999963 -0.000836754
vn 5.4029213E-05 0.99999976 -0.0007100213
vn -0.0021107008 0.99999774 -0.0001324573
vn -0.02748586 0.9919389 -0.12370002
vn -0.51586306 0.85190356 -0.09025376
vn -0.54571897 0.7538084 -0.3660106
vn -0.00032022136 0.99372417 -0.11185777
vn -0.03311953 0.8762382 -0.48073873
vn -0.44690424 0.53742015 -0.71516156
vn 0.042549167 0.99226815 -0.11659124
vn 0.00016266765 0.89131105 -0.45339224
vn -0.020996999 0.5981616 -0.8011004
vn -0.3196623 0.26542175 -0.9095974
vn 0.0013758622 0.6147039 -0.7887568
vn 0.0366096 0.8797823 -0.4739651
vn -0.0057979776 0.2946746 -0.95558006
vn -0.30924916 0.057660464 -0.9492313
vn 0.0019449781 0.30025154 -0.95385814
vn -0.009248769 0.07482853 -0.9971535
vn -0.32163626 0.0116615575 -0.9467915
vn -0.0125322705 0.01755658 -0.99976736
vn 0.0015815665 0.01799219 -0.9998369
vn 0.0017772565 0.07570035 -0.997129
vn 0.01753122 0.5896905 -0.8074391
vn 0.5289079 0.84374577 -0.09137601
vn 0.0067423712 0.06182378 -0.99806434
vn 0.008152009 0.014865979 -0.99985623
vn 0.006239616 0.27245745 -0.9621476
vn 0.54968166 0.7545354 -0.358506
vn 0.30298734 0.0578964 -0.9512343
vn 0.31852642 0.011069145 -0.94784933
vn 0.858787 0.003349186 -0.512322
vn 0.43561807 0.5438883 -0.7172326
vn 0.3083278 0.2658798 -0.91336846
vn 0.8572049 0.020397449 -0.51457155
vn 0.99754107 -0.0016013861 -0.07006616
vn 0.8748732 0.12028954 -0.46917737
vn 0.9412535 0.20022485 -0.27194107
vn 0.96611804 0.22414428 -0.12796599
vn 0.9968534 -0.07882004 -0.008415266
vn 0.96767765 0.24974586 -0.035027362
vn 0.99958426 0.00550735 -0.028300317
vn 0.99643904 0.012549801 -0.08337645
vn 0.9976355 -0.005876193 -0.06847544
vn 0.7047568 -0.00894041 -0.7093926
vn 0.71182126 0.0008032772 -0.70236015
vn 0.60670656 0.004521618 -0.79491305
vn 0.674609 -0.10502874 -0.7306652
vn 0.644517 -0.21538363 -0.7336264
vn 0.90009683 0.43568826 -0.0012534593
vn 0.9913487 -0.131254 0.00030564555
vn 0.95736027 -0.2885056 0.015025284
vn 0.5712275 -0.34608087 -0.7442628
vn 0.99156487 -0.12923956 0.009813773
vn 0.9848312 -0.17342575 -0.00558157
vn 0.863035 -0.5050856 0.007679616
vn 0.4309412 -0.4946232 -0.7547434
vn 0.95578873 -0.29380804 0.012024328
vn 0.9500659 -0.312049 0.00024021322
vn 0.94382554 -0.3302539 0.011213151
vn 0.8605171 -0.50940204 0.004463542
vn 0.6546781 -0.7558847 -0.005907245
vn 0.9394028 -0.34276748 -0.00572399
vn 0.3430091 -0.9393306 -0.001654614
vn 0.22563823 -0.65499634 -0.7211569
vn -0.027733607 -0.6908315 -0.7224837
vn 0.983063 -0.17351814 -0.058981527
vn 0.8461889 -0.5315303 -0.03794455
vn 0.5658811 -0.40408477 0.71867526
vn 0.3305648 -0.5241106 0.784879
vn 0.84761345 -0.5306141 -0.00034026042
vn 0.6555705 -0.75513303 -0.0011946056
vn 0.005904797 -0.9999782 0.0029700557
vn -0.2300999 -0.6379163 -0.73492634
vn 0.5332396 -0.8417759 0.084077135
vn 0.19624601 -0.60930896 0.76826435
vn 0.6214489 -0.78345466 0.000314115
vn 0.35757676 -0.93388367 0.00041786797
vn 0.3196624 -0.9475314 0.0005177102
vn 0.5951018 -0.80364966 -0.0009823461
vn 0.30856466 -0.9498416 0.05087958
vn 0.02665986 -0.67124116 0.7407595
vn 0.8275288 -0.56142324 -0.00028642372
vn 0.82505006 -0.5638372 0.037149917
vn 0.58849263 -0.8083941 0.013250542
vn 0.29261062 -0.9562311 0.001046951
vn 0.29171228 -0.95649874 0.0037481135
vn 0.050139815 -0.9983766 0.02702265
vn -0.23993276 -0.83984524 0.4869211
vn -0.024529565 -0.9996989 0.0007047188
vn -0.077208154 -0.997015 0.0002830567
vn -0.05026991 -0.9986889 0.009672016
vn -0.31641197 -0.9425912 -0.10679581
vn -0.550547 -0.6173714 0.5619168
vn 0.008369409 -0.99996424 -0.0012582511
vn -0.37280115 -0.9279111 0.00050266326
vn -0.40594923 -0.913758 0.015865173
vn -0.39676863 -0.91618437 0.056398503
vn -0.6375727 -0.76891035 0.04772713
vn -0.65285087 -0.7483154 -0.117515676
vn -0.8716344 -0.48955157 -0.024345627
vn -0.58612996 -0.35898772 0.7263467
vn -0.6002019 -0.111633785 0.79201984
vn -0.604087 -0.79685664 0.009914431
vn -0.97304213 -0.18606639 0.13626564
vn -0.6351892 -0.09515408 0.7664727
vn -0.9859818 -0.15588988 0.059482127
vn -0.64882535 -0.008338876 0.7608917
vn -0.6414373 -0.76717544 0.00017925329
vn -0.8102939 -0.5860147 0.0032519253
vn -0.81578034 -0.57739276 0.033467762
vn -0.94414973 -0.3295144 0.0012615849
vn -0.9938305 -0.11062923 -0.007878466
vn -0.9393288 -0.34298345 -0.0048916023
vn -0.3377977 -0.94121873 -1.6301798E-05
vn -0.32935843 -0.94420487 5.3516324E-05
vn -0.6238933 -0.78150743 0.001782616
vn -0.6224176 -0.78268355 -0.0016587868
vn -0.43124253 -0.5524382 -0.7133316
vn -0.5538594 -0.35384896 -0.7536781
vn -0.84852266 -0.52913857 0.004663363
vn -0.64854926 -0.21942903 -0.72885853
vn -0.84560186 -0.5338142 -9.6934666E-05
vn -0.846858 -0.531782 0.0062726964
vn -0.9560115 -0.29311737 0.011145224
vn -0.6809456 -0.10635024 -0.7245707
vn -0.9499139 -0.3125111 -0.00063656096
vn -0.95509034 -0.29611233 0.010953604
vn -0.9913742 -0.1310609 -0.0005004906
vn -0.9925419 -0.12115101 0.013529519
vn -0.9971244 -0.07380349 -0.017204547
vn -0.98549205 -0.16952692 -0.008120458
vn -0.9995709 0.005281404 -0.028809993
vn -0.70428383 -0.005209548 -0.7098994
vn -0.9682257 0.20931603 -0.13684241
vn -0.9005836 0.4346827 9.05151E-06
vn -0.9971934 0.022454664 -0.07142199
vn -0.7093325 -0.002427643 -0.70486987
vn -0.9396467 0.19735557 -0.2794902
vn -0.9977162 -0.010519593 -0.06672097
vn -0.60709035 0.0016796933 -0.79463106
vn -0.9975206 -0.004583119 -0.07022478
vn -0.85952395 0.0013994924 -0.5110936
vn -0.87349343 0.1302156 -0.4690983
vn -0.8584061 0.018761475 -0.5126275
vn -0.30924916 0.057660464 -0.9492313
vn -0.32163626 0.0116615575 -0.9467915
vn -0.3196623 0.26542175 -0.9095974
vn -0.44690424 0.53742015 -0.71516156
vn -0.54571897 0.7538084 -0.3660106
vn -0.51586306 0.85190356 -0.09025376
vn -0.97014713 0.24167234 -0.020225087
vn -0.31764677 0.94820905 -0.00033841818
vn -0.4830869 0.86894333 0.10753822
vn -0.9666069 0.2537522 0.03579054
vn -0.47313032 0.7589099 0.44744113
vn -0.9634973 0.24390317 0.110382676
vn -0.43743715 0.48977846 0.7541656
vn -0.90112096 0.20600611 0.3815002
vn -0.37140304 0.16725865 0.91328216
vn -0.99561936 0.019329581 0.09147977
vn -0.89811456 0.06393246 0.43508956
vn -0.3651911 0.026341442 0.9305598
vn -0.89669627 0.0061278786 0.44260383
vn -0.999175 0.004991162 0.040302858
vn -0.99952555 0.0015784384 0.03076063
vn -0.99728787 -0.018253095 0.07130083
vn -0.9899188 -0.0042877025 0.14157048
vn -0.9965663 0.0151527915 0.081399225
vn -0.6078239 -0.015014651 0.7939299
vn -0.5528766 0.017850745 0.83307195
vn 0.15919305 -0.21627867 -0.96326584
vn 0.0063374587 -0.2330359 -0.97244745
vn 0.08085762 -0.22420964 -0.9711808
vn -0.003349492 -0.07169558 -0.997421
vn -0.07948699 -0.23605847 -0.9684825
vn -0.12111028 -0.18436055 -0.9753684
vn -0.16022216 -0.11956731 -0.9798125
vn -0.174323 -0.062156122 -0.98272485
vn -0.0029975956 -0.004522738 -0.99998534
vn -0.2035362 -0.025401842 -0.9787378
vn -0.23020378 -0.018954467 -0.97295785
vn -0.2015756 -0.003049781 -0.9794683
vn 0.19317162 -0.07324723 -0.97842705
vn 0.05539571 -0.05416376 -0.99699426
vn 0.21077941 -0.0284517 -0.9771195
vn 0.24731612 -0.017828168 -0.96877086
vn 0.22548562 -0.006304058 -0.9742261
vn -0.0043593426 0.36136785 -0.93241316
vn -0.18499434 0.23309407 -0.9546959
vn 0.19388711 0.27050728 -0.9429918
vn 0.00018870016 0.90585905 -0.42357925
vn -0.11958511 0.8308952 -0.54342675
vn 0.109587654 0.8584722 -0.5010148
vn -0.06406125 0.0007600018 0.9979457
vn -0.44048136 -0.012268638 0.8976779
vn -0.39718267 -0.022630624 0.91746056
vn -0.053968884 -0.0017078726 0.9985411
vn -0.042279955 -0.0042344686 0.9990969
vn -0.38853586 -0.05637888 0.9197072
vn 0.00054928736 -6.5635E-05 0.9999999
vn 0.00036655602 -6.593709E-05 1
vn 0.0005264536 -7.5255666E-05 0.9999999
vn -0.03428281 -0.0073534856 0.9993851
vn -0.31675202 -0.03988458 0.94766945
vn 0.08582792 -0.0011837876 0.9963092
vn 0.04445443 -0.00016091706 0.9990114
vn 0.39013705 -0.021936685 0.9204955
vn 0.5139657 -0.001756181 0.85780895
vn 0.59423184 -0.028316151 0.8037952
vn 0.07561085 0.0014248188 0.99713635
vn 0.62249297 -0.07345888 0.7791703
vn 0.041680023 -0.006472351 0.99911004
vn 0.092077136 -0.078597926 0.992645
vn 0.59559536 -0.24545199 0.76486564
vn 0.61711687 -0.3371542 0.71098095
vn 0.20826119 -0.11544222 0.9712365
vn 0.0009463368 -0.00024165036 0.9999995
vn 0.085852854 -0.011255106 0.9962443
vn -0.034407172 -0.015440009 0.99928856
vn 0.39533347 -0.17187226 0.9023144
vn 0.23310807 -0.38880196 0.8913438
vn 0.053288177 -0.07838975 0.9954976
vn 0.017609546 -0.04413625 0.9988703
vn 0.12046717 -0.36682206 0.9224583
vn 0.108424544 -0.40978968 0.9057133
vn 0.0060489792 -0.045125887 0.998963
vn -0.0012238335 -0.03222423 0.99947995
vn -0.025348604 -0.28579688 0.9579549
vn -0.106638804 -0.23426026 0.9663076
vn -0.2283958 -0.12708458 0.96523815
vn -0.67471856 -0.0012504641 0.7380741
vn -0.61978745 -0.36267203 0.69594
vn -0.3025256 -0.2826651 0.910263
vn -0.05716385 -0.039677966 0.99757606
vn -0.024657957 -0.03858705 0.99895096
vn -0.18770441 -0.35180417 0.917061
vn -0.010108074 -0.03137242 0.9994567
vn 0.48880443 0.8723804 -0.00476368
vn 0.7934085 0.28075954 -0.5400713
vn 0.40009734 0.9164299 0.008849503
vn 0.96323395 0.26853487 -0.0083283
vn 0.72238064 -0.00021879196 -0.69149566
vn 0.5418877 0.8134824 -0.21119665
vn 0.9998673 0.0011034184 -0.016254904
vn 0.70117366 -0.019511528 -0.7127235
vn 0.99951065 -0.028792048 -0.012227378
vn 0.72160345 -0.09223213 -0.68613523
vn 0.9891073 -0.14678767 -0.010960951
vn 0.6085483 -0.23803292 -0.75697374
vn 0.9376366 -0.34697083 -0.021186272
vn 0.5538093 -0.39406747 -0.73348904
vn 0.8197627 -0.5721758 -0.024576847
vn 0.42097655 -0.557202 -0.7157546
vn 0.6105496 -0.7919765 0.0015609262
vn 0.21683672 -0.66494334 -0.71472526
vn 0.31519666 -0.94902635 0.00012571424
vn -0.023716556 -0.6561912 -0.7542219
vn 0.9776897 -0.01701517 -0.20936431
vn 0.9773719 0.0035033158 -0.21149935
vn 0.6950442 -0.012128634 -0.7188647
vn 0.9525757 -0.1307272 -0.27479064
vn 0.8813434 -0.3263017 -0.34170327
vn 0.75299233 -0.57057196 -0.327796
vn 0.5874814 -0.783048 -0.20420955
vn 0.5336029 -0.21177627 -0.81879103
vn 0.9458039 0.23874857 -0.22012298
vn 0.61178416 0.19913058 -0.7655502
vn 0.40228227 0.77218986 -0.49182507
vn 0.109587654 0.8584722 -0.5010148
vn 0.19388711 0.27050728 -0.9429918
vn 0.70694244 -0.024153424 -0.7068586
vn 0.22548562 -0.006304058 -0.9742261
vn 0.24731612 -0.017828168 -0.96877086
vn 0.21077941 -0.0284517 -0.9771195
vn 0.64606684 -0.11101981 -0.7551637
vn 0.19317162 -0.07324723 -0.97842705
vn 0.46693322 -0.36942044 -0.80343133
vn 0.05539571 -0.05416376 -0.99699426
vn 0.15919305 -0.21627867 -0.96326584
vn 0.4669251 -0.581745 -0.6659982
vn 0.22761074 -0.6588024 -0.7170584
vn 0.08085762 -0.22420964 -0.9711808
vn 0.0063374587 -0.2330359 -0.97244745
vn 0.32193223 -0.92372406 -0.20758942
vn 0.015586095 -0.9612051 -0.27539408
vn -0.0118217785 -0.6262539 -0.7795296
vn -0.14605148 -0.52694845 -0.8372539
vn -0.07948699 -0.23605847 -0.9684825
vn -0.12111028 -0.18436055 -0.9753684
vn -0.0030322496 -0.9998951 -0.0141607765
vn -0.3491635 -0.9368096 -0.021741591
vn -0.2578369 -0.6081374 -0.75079226
vn -0.25889796 -0.89201933 -0.37050396
vn -0.6259106 -0.7798938 -0.001273788
vn -0.39975816 -0.5282566 -0.7490917
vn -0.81349546 -0.5780396 -0.06399466
vn -0.5125823 -0.37772536 -0.77109206
vn -0.5324434 -0.20472308 -0.8213358
vn -0.26142046 -0.4011443 -0.87791944
vn -0.5280981 -0.74934 -0.39950234
vn -0.4516722 -0.3249196 -0.83091474
vn -0.16022216 -0.11956731 -0.9798125
vn -0.78410184 -0.53585815 -0.31311384
vn -0.5068505 -0.21643728 -0.83442044
vn -0.174323 -0.062156122 -0.98272485
vn -0.2035362 -0.025401842 -0.9787378
vn -0.93340075 -0.33760846 -0.12158753
vn -0.6849206 -0.102247015 -0.7214079
vn -0.88243157 -0.34387293 -0.32103872
vn -0.6366205 -0.070094846 -0.76798505
vn -0.9867862 -0.15449923 -0.048817355
vn -0.6409191 -0.009504176 -0.7675495
vn -0.9584055 -0.10276147 -0.26626882
vn -0.68730253 -0.030295467 -0.72573924
vn -0.23020378 -0.018954467 -0.97295785
vn -0.97891814 -0.009580063 -0.20402806
vn -0.995129 -0.01481241 -0.09746208
vn -0.65680766 -6.0166483E-05 -0.7540581
vn -0.6893778 -0.013803965 -0.72427046
vn -0.2015756 -0.003049781 -0.9794683
vn -0.18499434 0.23309407 -0.9546959
vn -0.9951351 0.005718197 -0.09835379
vn -0.5314961 0.010697865 -0.84699315
vn -0.977638 0.17819625 -0.11166932
vn -0.9807941 -0.010067288 -0.19478634
vn -0.62005466 0.3081727 -0.7214998
vn -0.11958511 0.8308952 -0.54342675
vn -0.36835858 0.87215245 -0.3219661
vn -0.4024124 0.91006374 -0.099238895
vn -0.50966406 0.86037153 -0.0018499097
vn -0.90080714 0.36547935 -0.23445979
vn 0.48880443 0.8723804 -0.00476368
vn 0.40228227 0.77218986 -0.49182507
vn 0.5418877 0.8134824 -0.21119665
vn 0.109587654 0.8584722 -0.5010148
vn 0.0003197538 0.99999166 -0.004093163
vn 0.40009734 0.9164299 0.008849503
vn 0.00018870016 0.90585905 -0.42357925
vn -0.11958511 0.8308952 -0.54342675
vn -0.36835858 0.87215245 -0.3219661
vn -0.4024124 0.91006374 -0.099238895
vn -0.50966406 0.86037153 -0.0018499097
vn 0.1286433 0.8308157 -0.5414759
vn 0.4688193 0.33344293 -0.81793904
vn 0.3622662 0.8054215 -0.469105
vn 0.07220272 0.25467014 -0.96432877
vn 0.45788276 0.001116185 -0.8890118
vn 0.0032451567 0.0003332502 -0.99999475
vn 0.34543288 -0.027489038 -0.9380408
vn -0.002587908 0.0012437155 -0.99999595
vn 0.29223496 -0.111232124 -0.9498558
vn -0.00436482 -0.0019900755 -0.99998856
vn 0.36288935 -0.34248787 -0.8666103
vn 0.014377272 -0.010852852 -0.99983776
vn 0.2269736 -0.2992245 -0.9267943
vn 0.009591166 -0.015605948 -0.99983215
vn 0.14737986 -0.4741703 -0.8680102
vn -0.33709285 0.054530933 -0.9398908
vn -0.28942508 0.13944311 -0.94698936
vn -0.33851084 0.29130808 -0.89473456
vn -0.258469 0.36271486 -0.8953389
vn 0.0056379344 -0.017686112 -0.9998276
vn -0.801055 0.37953448 -0.46288714
vn -0.0015832868 -0.029989477 -0.999549
vn 0.010645346 -0.40083736 -0.91608745
vn -0.20265526 -0.10890599 -0.97317535
vn -0.7176041 0.6156194 -0.32566416
vn -0.13613786 0.35844043 -0.92357296
vn -0.004486599 -0.019131321 -0.99980694
vn -0.17114057 -0.46339753 -0.86946744
vn -0.20022835 -0.3173814 -0.92691845
vn -0.54424864 0.7799539 -0.30897444
vn 0.0017382839 0.32723868 -0.94494015
vn -0.010349652 -0.0150771225 -0.99983275
vn -0.3831094 -0.31225258 -0.8693248
vn -0.3040957 0.8616633 -0.40627843
vn 0.13870311 0.35001406 -0.92641866
vn -0.008979921 -0.012475258 -0.99988186
vn -0.29257274 -0.13664408 -0.94642997
vn 0.00324396 0.8981804 -0.43961507
vn 0.003602286 0.001531102 -0.9999924
vn -0.33296067 -0.037533645 -0.9421934
vn 0.0023731862 0.0004935274 -0.99999714
vn -0.45126066 0.019049002 -0.8921889
vn -0.0058398065 0.004120135 -0.9999745
vn -0.4238025 0.35063338 -0.83513325
vn -0.11022765 0.29149166 -0.95020133
vn -0.3566391 0.6843902 -0.6359393
vn -0.15253152 0.79288256 -0.5899757
vn -0.0039205733 0.88858 -0.45870492
vn -0.007670887 0.9985751 -0.052809786
vn 0.00010427583 0.99910504 -0.042295888
vn -0.010610735 0.99992394 -0.0062842546
vn 0.00024124513 0.999951 -0.009904221
vn 0.0001959749 0.99929917 -0.03743181
vn 8.614111E-05 0.99996996 -0.0077549196
vn 0.00035859933 0.8948644 -0.44633803
vn 0.0010131503 0.9990676 -0.043163102
vn -3.9067407E-05 0.999948 -0.010202959
vn 0.04307584 0.99484825 -0.09176883
vn 0.011303446 0.9999069 -0.0076425443
vn -0.0037652033 0.8913535 -0.45329317
vn -0.00511051 0.338625 -0.9409075
vn -0.012598191 -0.26678312 -0.96367425
vn 8.0378326E-05 0.34672523 -0.93796676
vn -0.006191862 0.34611076 -0.9381732
vn -0.06002949 -0.22500356 -0.972507
vn -0.66973275 -0.41893446 -0.6131493
vn 0.0044829836 -0.4119198 -0.91120905
vn 0.07147468 -0.19951703 -0.9772842
vn -0.12692258 -0.7547043 -0.6436707
vn -0.87206113 0.15195008 -0.46521032
vn 0.004709384 -0.2671315 -0.96364856
vn 0.0033181054 -0.83147705 -0.55554914
vn 0.17745163 -0.10403128 -0.9786155
vn 0.003767597 -0.90714544 -0.42080024
vn -0.014710254 -0.82937795 -0.5584943
vn 0.17560722 -0.7741872 -0.6081087
vn 0.33667773 0.05055628 -0.9402617
vn 0.2982813 0.13785501 -0.94447035
vn 0.8724944 0.15424071 -0.46364138
vn 0.7057994 -0.46282634 -0.53631985
vn 0.3390082 0.3015935 -0.89113116
vn 0.2483964 0.36474305 -0.8973638
vn 0.30665073 0.86400133 -0.39933312
vn 0.5416278 0.7826856 -0.30666372
vn 0.7064911 0.62134594 -0.33882052
vn 0.8003957 0.36823982 -0.47303918
vn 0.36972365 -0.9097956 -0.18861717
vn 0.9363784 -0.3341779 -0.10733365
vn 0.0047525396 -0.98346406 -0.18104142
vn 0.9835671 0.17162222 -0.056048144
vn 0.90823513 0.4156259 -0.04862062
vn -0.00018486437 -0.9859687 -0.16692978
vn 0.76469016 0.64388907 -0.025608215
vn 0.57658404 0.8168779 -0.01616469
vn -0.008739741 -0.98447037 -0.17533317
vn 0.33709985 0.9407461 -0.036883723
vn -0.3913293 -0.90855455 -0.1462534
vn -0.0013332616 0.99919444 -0.04010992
vn -0.9285361 -0.36409435 -0.07249803
vn -0.33858567 0.94009936 -0.039660595
vn -0.98500144 0.16526484 -0.04959394
vn -0.575305 0.8175776 -0.024310803
vn -0.90825146 0.41565174 -0.048092514
vn -0.7619203 0.6468795 -0.03200849
vn -0.93964297 -0.33666772 -0.061040897
vn -0.98500144 0.16526484 -0.04959394
vn -0.9285361 -0.36409435 -0.07249803
vn -0.98097813 0.19335327 -0.017214738
vn -0.90825146 0.41565174 -0.048092514
vn -0.6448302 -0.4005081 -0.65098935
vn -0.9006823 0.43412536 -0.017506082
vn -0.7619203 0.6468795 -0.03200849
vn -0.5838095 0.2700791 -0.7656525
vn -0.74428034 0.667816 -0.008282177
vn -0.71059686 0.13295616 -0.69092315
vn 0.0033223298 -0.009184028 -0.9999523
vn -0.5479851 0.4965542 -0.6731613
vn -0.5484456 0.83611566 -0.010863776
vn -0.575305 0.8175776 -0.024310803
vn -0.31848922 0.94777834 -0.016757524
vn -0.33858567 0.94009936 -0.039660595
vn -0.38341197 0.65179414 -0.654339
vn 0.011044497 0.01966517 -0.99974567
vn -0.008719034 0.9995009 -0.030366197
vn -0.0013332616 0.99919444 -0.04010992
vn 0.3233309 0.94612753 -0.017318588
vn 0.33709985 0.9407461 -0.036883723
vn 0.5501443 0.8347576 -0.022826083
vn 0.57658404 0.8168779 -0.01616469
vn 0.222806 0.72707677 -0.64939725
vn -0.00040974998 0.7098359 -0.7043669
vn -0.22454011 0.76244193 -0.60684764
vn 0.37927046 0.63298684 -0.67489374
vn 0.7457644 0.6660731 -0.013499501
vn 0.76469016 0.64388907 -0.025608215
vn 0.90823513 0.4156259 -0.04862062
vn 0.53609043 0.5144204 -0.66931206
vn 0.9028752 0.42973956 -0.011847954
vn 0.9835671 0.17162222 -0.056048144
vn 0.65438116 0.29440913 -0.6964974
vn 0.98064435 0.195438 -0.011860551
vn 0.9363784 -0.3341779 -0.10733365
vn 0.9390744 -0.33850217 -0.05962802
vn 0.7117939 0.12610736 -0.6909749
vn 0.64153165 -0.4021374 -0.6532402
vn 0.0023020096 -0.38299707 -0.92374676
vn 0.20781793 -0.92590505 -0.3154545
vn 0.9390744 -0.33850217 -0.05962802
vn 0.0014653653 -0.9135677 -0.40668404
vn -0.20630468 -0.9258706 -0.316547
vn -0.3741147 -0.9196335 -0.11963456
vn -0.6448302 -0.4005081 -0.65098935
vn -0.93964297 -0.33666772 -0.061040897
vn 0.37477 -0.9191218 -0.12150165
vn 0.9363784 -0.3341779 -0.10733365
vn 0.36972365 -0.9097956 -0.18861717
vn 0.0047525396 -0.98346406 -0.18104142
vn 0.0008708376 -0.99342877 -0.11444851
vn -0.00018486437 -0.9859687 -0.16692978
vn -0.008739741 -0.98447037 -0.17533317
vn -0.3913293 -0.90855455 -0.1462534
vn -0.9285361 -0.36409435 -0.07249803
vn 0.94619274 0.32360122 0.0011975204
vn 0.95056146 0.051105093 0.30630234
vn 0.9191629 0.2172041 0.32857564
vn 0.9769932 0.21317178 0.006491185
vn 0.8832357 0.22956236 0.40889573
vn 0.76215124 0.40384972 0.5059949
vn 0.9884123 0.15178521 -0.0014785537
vn 0.9199859 0.39194924 0.0013213984
vn 0.9246758 0.3807549 -0.00053190195
vn 0.7692012 0.6389891 0.0047372407
vn 0.65544194 0.5674325 0.49841362
vn 0.3827221 0.92382956 0.007912374
vn 0.49417382 0.7458646 0.44662988
vn 0.2635901 0.8364487 0.48049316
vn -0.0043401765 0.8563142 0.51643693
vn 0.9998939 0.0145693105 0
vn 0.9998965 0.01438835 0.000114872964
vn 0.910287 0.41397038 -0.0024693692
vn 0.7899461 0.61317605 -0.00044324406
vn 0.40470073 0.91444755 -0.001720436
vn 0.0025387371 0.99999607 -0.0011812304
vn 0.0007890815 0.9998474 0.017452855
vn -0.26413977 0.83833414 0.476892
vn -0.4110614 0.91159236 -0.005276729
vn -0.38396367 0.92327815 0.011375336
vn -0.4867796 0.75451 0.4401822
vn -0.78689414 0.6170712 -0.004550292
vn -0.76925075 0.6388849 0.008903289
vn -0.97709846 0.21274848 0.004093477
vn -0.6612789 0.5608203 0.4981875
vn -0.775215 0.38638726 0.4997465
vn -0.88576823 0.23645167 0.39938104
vn -0.9514121 0.062469404 0.30151716
vn -0.9188126 0.21580563 0.33047158
vn -0.94636035 0.32310054 0.0028441234
vn -0.92055064 0.39062336 1.8160114E-05
vn -0.9884116 0.1517972 -0.0004132449
vn -0.9244576 0.38128182 -0.0015316615
vn -0.99989164 0.014717682 0.00010899414
vn -0.9202613 0.39129868 -0.0020858052
vn -0.9998988 0.0142268445 0
vn 0.001611668 -0.45267054 0.8916764
vn 0.018519102 -0.9189592 0.3939176
vn 0.009582104 -0.4306733 0.90245706
vn -0.003858885 -0.90926105 0.4162082
vn 0.00659352 -0.99881065 0.04830938
vn 0.051051408 -0.43289727 0.8999966
vn -0.003016858 -0.99767846 0.06803375
vn 0.0019836219 -0.9991598 -0.040936302
vn 0.13174617 -0.90020096 0.41506785
vn 0.0028998223 -0.9990276 -0.04399404
vn 0.005957398 -0.818877 -0.5739381
vn 0.015768636 -0.79751307 -0.60309553
vn 0.004474585 -0.21558751 -0.9764742
vn 0.099867485 -0.9941918 -0.040114768
vn 0.012862485 -0.19661905 -0.9803956
vn 0.00035231153 -0.010878791 -0.99994075
vn 0.006309548 -0.0042709652 -0.99997103
vn 0.09888821 -0.85912716 -0.50211716
vn 0.37172288 -0.8457895 0.3827037
vn 0.364869 -0.34336555 0.865431
vn 0.11694467 -0.9924907 0.03586161
vn 0.47242534 -0.88007784 0.0477209
vn 0.755808 -0.48319763 0.44189858
vn 0.34489852 -0.041786708 0.93770933
vn 0.5488793 -0.8324896 -0.07544891
vn 0.8672002 -0.48798966 0.09914529
vn 0.86833376 -0.07029505 0.49097362
vn 0.5170402 -0.6839569 -0.51465744
vn 0.93505514 -0.3381295 -0.106490724
vn 0.86034507 0.061799217 0.5059517
vn 0.39892352 0.034857493 0.9163214
vn 0.9969169 -0.05986416 0.050726
vn 0.9969914 -0.0705473 -0.03211343
vn 0.8899264 -0.238615 -0.38870806
vn 0.4680016 -0.24899943 -0.8479232
vn 0.048414808 -0.27793398 -0.9593794
vn 0.36428598 -0.06768826 -0.928824
vn 0.8818241 -0.134371 -0.4520297
vn 0.3659035 -0.0008059374 -0.93065244
vn 0.007693359 0.011920426 -0.9998994
vn 0.9979091 0.030848011 0.05679484
vn 0.99829525 0.0032331566 -0.05827699
vn 0.88742644 0.010578882 -0.46082795
vn 0.95937365 0.27313548 -0.070705175
vn 0.93158394 0.34857264 0.10319142
vn 0.49489552 0.23799704 -0.83572483
vn 0.8843084 0.30229676 -0.35583037
vn 0.3707788 0.38432097 -0.8454706
vn 0.254021 0.49536714 -0.8307134
vn 0.0010482114 0.033217445 -0.99944764
vn 0.6780492 0.661061 -0.3213217
vn 0.73195255 0.67778736 -0.06964117
vn 0.4141338 0.8439188 -0.34101957
vn 0.8290992 0.36530757 0.4232552
vn 0.5063513 0.26918015 0.8192377
vn 0.6162804 0.6822664 0.39333323
vn 0.29314438 0.4413038 0.8481257
vn 0.66029567 0.7426037 0.11202392
vn 0.3885073 0.83468705 0.39033276
vn 0.3363342 0.9396759 0.06235754
vn 0.22235629 0.9273452 0.30097926
vn 0.21923709 0.46492013 0.8577788
vn 0.06637453 0.46329886 0.88371295
vn 0.43282688 0.8987498 -0.070069306
vn 0.17274475 0.98300296 0.062164504
vn 0.0651271 0.9376391 0.3414547
vn -0.14146397 0.9486305 0.28299817
vn -0.14943321 0.5142195 0.84454006
vn 0.01896272 0.99911684 0.037495732
vn -0.33552426 0.8883372 0.31349725
vn -0.30110145 0.4480618 0.84177107
vn -0.14158805 0.989374 0.03304396
vn 0.01793162 0.99904925 -0.039735515
vn 0.20237762 0.9789544 -0.026297327
vn 0.15790927 0.9166294 -0.36722627
vn -0.722078 0.6372824 0.26921076
vn -0.58513504 0.42085335 0.6931806
vn -0.5052931 0.1292646 0.8532114
vn -0.90359986 0.14253834 0.40396795
vn -0.46282536 -0.040158924 0.88553935
vn -0.7842471 0.61928684 0.03795224
vn -0.30308798 0.95281607 0.016707014
vn -0.17128812 0.98504055 -0.01885372
vn 0.09325597 0.4305103 -0.8977551
vn -0.03669963 0.9649768 -0.25975558
vn -0.04407584 0.57547337 -0.8166319
vn -0.07367622 0.4546747 -0.8876051
vn -0.00602595 0.004689839 -0.9999709
vn -0.37963656 0.9231139 -0.06113065
vn -0.13783672 0.9266104 -0.34984878
vn -0.4101592 0.79311323 -0.4502676
vn -0.8475159 0.52358204 -0.087055266
vn -0.17796397 0.3831145 -0.90639514
vn -0.7968193 0.43670315 -0.4175756
vn -0.990764 0.10794305 0.08206616
vn -0.4297042 0.2759926 -0.8597571
vn -0.99739313 0.056211315 -0.0452455
vn -0.90501434 -0.056520548 0.42160925
vn -0.9261002 0.06483318 -0.37166542
vn -0.42323205 0.0020778168 -0.90601903
vn -0.59608775 -0.0035576157 -0.80291146
vn -0.018094186 -0.0120659135 -0.9997634
vn -0.9631615 -0.0013839407 -0.2689202
vn -0.99396074 -0.03990731 0.10222308
vn -0.80532575 -0.37802094 0.4566733
vn -0.49840862 -0.25094324 0.8298291
vn -0.99459475 -0.027195612 -0.10020833
vn -0.3753012 -0.81610924 0.43944827
vn -0.13156061 -0.4450487 0.88578975
vn 0.00015154826 -0.42464355 0.90536064
vn -0.9296016 -0.3464272 0.12581307
vn -0.85849905 -0.39452028 -0.3276174
vn 0.00342045 -0.92082864 0.38995245
vn 0.009582104 -0.4306733 0.90245706
vn 0.018519102 -0.9189592 0.3939176
vn -0.85832256 -0.5036581 -0.09803487
vn -0.4694456 -0.8792558 0.08081047
vn -0.0066794963 -0.99969566 0.023749864
vn 0.00659352 -0.99881065 0.04830938
vn 0.0019836219 -0.9991598 -0.040936302
vn -0.3269592 -0.94436944 -0.03555357
vn -0.0073249433 -0.9999069 -0.011517621
vn -0.019875266 -0.9181743 -0.39567778
vn 0.005957398 -0.818877 -0.5739381
vn -0.3494445 -0.8732672 -0.33954823
vn -0.018475402 -0.39003897 -0.920613
vn 0.004474585 -0.21558751 -0.9764742
vn -0.52511084 -0.27666876 -0.8048062
vn -0.14352679 -0.4167434 -0.8976219
vn 0.00035231153 -0.010878791 -0.99994075
vn -0.67651045 -0.65093786 0.34440303
vn 0.21823587 -0.30227965 0.92790097
vn 0.2477471 -0.31132424 0.9174413
vn -0.48602495 -0.8328945 0.2647006
vn -0.75682503 -0.23559257 -0.6096818
vn 0.3590239 -0.31717646 0.8777818
vn -0.6239653 -0.36078674 -0.69318116
vn 0.14708307 0.516648 -0.84346986
vn 0.022845661 -0.9960652 0.08562824
vn 0.55720764 -0.22255711 0.79999244
vn 0.030005708 0.6057551 -0.79508525
vn 0.84287 0.5008333 0.19681501
vn -0.33580682 -0.49035496 -0.8042299
vn 0.5440789 -0.8335763 -0.09554384
vn 0.7219131 0.048933223 0.69025135
vn 0.66686773 0.68034136 0.30401126
vn 0.21823587 -0.30227965 0.92790097
vn 0.2477471 -0.31132424 0.9174413
vn -0.2724485 0.6955814 -0.6647844
vn 0.22187787 0.8346991 0.5040314
vn 0.3590239 -0.31717646 0.8777818
vn -0.11999442 -0.45596343 -0.8818723
vn 0.8710608 -0.4085801 -0.27260852
vn 0.70007 0.44935504 0.5549613
vn -0.65707844 0.5677974 -0.4958366
vn -0.16609822 0.72091997 0.6728193
vn 0.55720764 -0.22255711 0.79999244
vn -0.031791322 -0.38769814 -0.921238
vn 0.89298224 0.09669004 -0.43958372
vn 0.4127451 0.81804234 0.40055975
vn -0.9363576 0.18544939 -0.2980654
vn -0.3639414 0.47408015 0.80174476
vn 0.7219131 0.048933223 0.69025135
vn -0.005535938 -0.39550242 -0.91844827
vn 0.6480028 0.48089963 -0.5906166
vn -0.07972956 0.9691244 0.23332621
vn -0.9402919 -0.32998642 -0.0834279
vn -0.38297996 0.2616153 0.8859366
vn 0.70007 0.44935504 0.5549613
vn 0.08319796 -0.48387277 -0.8711747
vn 0.29029292 0.63026804 -0.720064
vn -0.5961353 0.80069184 0.05929119
vn -0.6345354 -0.76097065 0.13523456
vn -0.3430607 0.16716748 0.9243184
vn 0.4127451 0.81804234 0.40055975
vn 0.3106253 -0.54401064 -0.77946407
vn -0.0073135593 0.56856114 -0.82260853
vn -0.92608446 0.35910484 -0.115807585
vn -0.15018408 -0.92643505 0.34519985
vn -0.3661544 0.1467671 0.91890717
vn -0.07972956 0.9691244 0.23332621
vn 0.62776434 -0.43361574 -0.64644367
vn -0.15426736 0.4220356 -0.8933574
vn -0.9410125 -0.18015733 -0.28642428
vn 0.29723233 -0.7910734 0.53465486
vn -0.4797402 0.08023638 0.87373424
vn -0.5961353 0.80069184 0.05929119
vn 0.8732307 -0.092054404 -0.4785332
vn -0.1842731 0.32376528 -0.9280191
vn -0.65985245 -0.60380065 -0.44723532
vn 0.54113907 -0.4755574 0.69355154
vn -0.59493995 -0.12548032 0.79391503
vn -0.92608446 0.35910484 -0.115807585
vn 0.87454987 0.39239082 -0.28494185
vn -0.21281984 0.32002017 -0.92319816
vn -0.23214339 -0.7709853 -0.59303546
vn 0.5562012 -0.16500929 0.81450117
vn -0.56972486 -0.45395645 0.68508184
vn -0.9410125 -0.18015733 -0.28642428
vn 0.57010335 0.8179982 -0.07655822
vn -0.33909625 0.34071785 -0.8768837
vn 0.15018441 -0.6787962 -0.71880484
vn 0.4488395 0.01492567 0.89348775
vn -0.31258997 -0.77232677 0.5529908
vn -0.65985245 -0.60380065 -0.44723532
vn 0.06328352 0.9888081 0.13510633
vn -0.55844957 0.25573114 -0.78913593
vn 0.35904267 -0.44615224 -0.8197783
vn 0.3619635 0.06709149 0.9297748
vn 0.14166257 -0.90399575 0.40338993
vn -0.23214339 -0.7709853 -0.59303546
vn -0.43228617 0.8357125 0.33869353
vn -0.7486637 -0.0185389 -0.6626907
vn 0.39099425 -0.22859125 -0.89155453
vn 0.3670132 0.0958851 0.9252607
vn 0.6327507 -0.73560315 0.24189775
vn 0.15018441 -0.6787962 -0.71880484
vn -0.7197775 0.45583215 0.52358127
vn -0.7459461 -0.4363489 -0.503154
vn 0.34743682 -0.11821841 -0.9302215
vn 0.4175387 0.21200044 0.88358206
vn 0.95343727 -0.29239964 0.07389031
vn 0.35904267 -0.44615224 -0.8197783
vn -0.73124665 0.044831295 0.6806383
vn -0.46289968 -0.8271854 -0.3185721
vn 0.3490705 -0.09191104 -0.9325782
vn 0.39048013 0.43879032 0.8093136
vn 0.95981354 0.2638917 -0.095494546
vn 0.39099425 -0.22859125 -0.89155453
vn -0.5506177 -0.22816342 0.8029704
vn 0.034726556 -0.9923366 -0.1185844
vn 0.44109812 -0.04082497 -0.8965298
vn 0.18244405 0.6827877 0.7074709
vn 0.6492336 0.714287 -0.26132303
vn 0.34743682 -0.11821841 -0.9302215
vn -0.33791548 -0.3160128 0.8865377
vn 0.55059195 -0.83027804 0.08652602
vn 0.55310947 0.1376577 -0.8216571
vn -0.20415866 0.7862451 0.5832133
vn 0.16130467 0.8936333 -0.41880834
vn 0.3490705 -0.09191104 -0.9325782
vn -0.21386579 -0.29825214 0.9302188
vn 0.8683937 -0.40472567 0.2865125
vn 0.5443508 0.44712397 -0.7097621
vn -0.64123285 0.62747294 0.4416992
vn -0.29795778 0.7706726 -0.56328046
vn 0.44109812 -0.04082497 -0.8965298
vn -0.18570134 -0.30116078 0.9353166
vn 0.8770119 0.091736 0.47162992
vn 0.30810216 0.7652948 -0.5651521
vn -0.93518203 0.20615837 0.28798145
vn -0.5646313 0.452537 -0.6902187
vn 0.55310947 0.1376577 -0.8216571
vn -0.1593723 -0.39484727 0.90481824
vn 0.62730896 0.45330894 0.63324136
vn -0.13550319 0.90888405 -0.39442202
vn -0.93206495 -0.33933413 0.12691477
vn -0.59552544 0.11337585 -0.7952958
vn 0.5443508 0.44712397 -0.7097621
vn -0.02258915 -0.5379543 0.84267133
vn 0.28585187 0.5778755 0.764427
vn -0.626719 0.75157934 -0.20579559
vn -0.60600984 -0.7946027 -0.03685851
vn -0.47269624 -0.1088581 -0.87447596
vn 0.30810216 0.7652948 -0.5651521
vn 0.26093167 -0.6037065 0.7532949
vn 0.021569658 0.50883 0.86059684
vn -0.94892275 0.31539798 -0.008358554
vn -0.07947788 -0.97679645 -0.19887659
vn -0.33434343 -0.18512595 -0.92409027
vn -0.13550319 0.90888405 -0.39442202
vn 0.608341 -0.4676357 0.64127845
vn -0.09542537 0.380762 0.91973597
vn -0.95494777 -0.22908762 0.18866259
vn 0.43651763 -0.826765 -0.3548409
vn -0.2769714 -0.19443113 -0.94100124
vn -0.626719 0.75157934 -0.20579559
vn 0.8536064 -0.09986548 0.5112562
vn -0.11794202 0.31373832 0.94215596
vn -0.6538671 -0.6564177 0.37626246
vn 0.7487079 -0.43461806 -0.5005433
vn -0.29143235 -0.25180092 -0.9228562
vn -0.94892275 0.31539798 -0.008358554
vn 0.84117293 0.39643407 0.3677883
vn -0.16090879 0.33063895 0.9299388
vn -0.2016991 -0.8130473 0.5461424
vn 0.7749225 0.014360558 -0.63189304
vn -0.27474654 -0.41252574 -0.8685256
vn -0.95494777 -0.22908762 0.18866259
vn 0.52129275 0.8257706 0.21530625
vn -0.3035546 0.34983328 0.8862682
vn 0.1959894 -0.6956199 0.6911593
vn 0.5732116 0.34133142 -0.74493045
vn -0.11186266 -0.6174712 -0.7785988
vn -0.6538671 -0.6564177 0.37626246
vn -0.00976358 0.9982664 0.058042657
vn -0.52175444 0.25230178 0.8149331
vn 0.403709 -0.433041 0.80591226
vn 0.29273337 0.46428648 -0.8359098
vn 0.22588989 -0.7203788 -0.6557654
vn -0.2016991 -0.8130473 0.5461424
vn -0.54923844 0.82966834 -0.0999377
vn -0.6935863 -0.023939354 0.71997565
vn 0.4203878 -0.1904245 0.8871373
vn 0.07807392 0.42597613 -0.9013593
vn 0.6349811 -0.58473945 -0.5048553
vn 0.1959894 -0.6956199 0.6911593
vn -0.88607913 0.3872634 -0.25473693
vn -0.67350376 -0.42393917 0.6055313
vn 0.35227576 -0.06300768 0.93377286
vn -0.014616385 0.34588274 -0.93816394
vn 0.92434883 -0.18720776 -0.3324641
vn 0.403709 -0.433041 0.80591226
vn -0.90404934 -0.14371407 -0.40254328
vn -0.38881177 -0.78899616 0.47572103
vn 0.3209373 -0.029123686 0.94665265
vn -0.03908426 0.32842183 -0.9437221
vn 0.92712474 0.34500673 -0.14632212
vn 0.4203878 -0.1904245 0.8871373
vn -0.63367915 -0.5542856 -0.53964645
vn 0.100866266 -0.9369479 0.33459622
vn 0.372435 0.013262223 0.9279636
vn -0.105886504 0.3864191 -0.916225
vn 0.6072213 0.7932381 0.045338165
vn 0.35227576 -0.06300768 0.93377286
vn -0.22599396 -0.71422446 -0.6624275
vn 0.61820376 -0.7636797 0.18605788
vn 0.44652963 0.1578514 0.880735
vn -0.28934497 0.43032596 -0.85504335
vn 0.08953098 0.9680388 0.23427562
vn 0.3209373 -0.029123686 0.94665265
vn 0.13509838 -0.626771 -0.7674024
vn 0.9509715 -0.30742055 0.033850834
vn 0.42220002 0.41013262 0.8084172
vn -0.5566013 0.33295888 -0.7611396
vn -0.40732145 0.8147709 0.4125987
vn 0.372435 0.013262223 0.9279636
vn 0.33074486 -0.40735957 -0.85127324
vn 0.95793366 0.26140618 -0.1184477
vn 0.20718832 0.66808885 0.714654
vn -0.7700177 0.02953438 -0.6373386
vn -0.69287664 0.43767074 0.57303256
vn 0.44652963 0.1578514 0.880735
vn 0.35950583 -0.20213881 -0.91098595
vn 0.64010066 0.7202692 -0.26736394
vn -0.18595323 0.7756572 0.60313964
vn -0.76784307 -0.41472274 -0.4882849
vn -0.7041503 0.029595505 0.7094338
vn 0.42220002 0.41013262 0.8084172
vn 0.31602874 -0.09675436 -0.94380313
vn 0.13885102 0.9016715 -0.4095228
vn -0.62558174 0.6169218 0.47755086
vn -0.4738152 -0.8203986 -0.32007056
vn -0.5219658 -0.24439633 0.81720394
vn 0.20718832 0.66808885 0.714654
vn 0.31199402 -0.070734404 -0.94744724
vn -0.33738062 0.76994574 -0.5416252
vn -0.91946423 0.19483876 0.3415016
vn 0.03766887 -0.9894791 -0.13968554
vn -0.3000085 -0.33378974 0.8936327
vn -0.18595323 0.7756572 0.60313964
vn 0.39032483 -0.025002271 -0.9203377
vn -0.6172373 0.42759192 -0.6604417
vn -0.9144118 -0.35284203 0.19837701
vn 0.5675625 -0.8220713 0.045514736
vn -0.15908663 -0.3082943 0.93789446
vn -0.62558174 0.6169218 0.47755086
vn 0.48867944 0.1352615 -0.8619146
vn -0.6445416 0.050252326 -0.762916
vn -0.5813827 -0.81199473 0.051562358
vn 0.89661795 -0.37949508 0.228166
vn -0.116660014 -0.28703076 0.9507912
vn -0.91946423 0.19483876 0.3415016
vn 0.4787298 0.41635177 -0.77296114
vn -0.48944688 -0.21122359 -0.8460652
vn -0.03847529 -0.99466777 -0.09568563
vn 0.90407866 0.14698957 0.40129277
vn -0.09317183 -0.3442126 0.93425727
vn -0.9144118 -0.35284203 0.19837701
vn 0.2588281 0.70911115 -0.6558729
vn -0.28966218 -0.3054309 -0.90708756
vn 0.5018497 -0.8309156 -0.24026255
vn 0.62784415 0.54231197 0.55830944
vn 0.016240966 -0.45376727 0.89097226
vn -0.5813827 -0.81199473 0.051562358
vn -0.15944824 0.8424102 -0.5147051
vn -0.15928984 -0.2906239 -0.9434853
vn 0.83376706 -0.40133226 -0.37916338
vn 0.23077367 0.6824846 0.69351155
vn 0.2542762 -0.5062978 0.82401824
vn -0.03847529 -0.99466777 -0.09568563
vn -0.63190836 0.689075 -0.354778
vn -0.120805115 -0.27740678 -0.9531272
vn 0.8539154 0.10642543 -0.5094135
vn -0.10197134 0.5877596 0.80258363
vn 0.5557851 -0.3853019 0.7366446
vn 0.5018497 -0.8309156 -0.24026255
vn -0.94932944 0.2560275 -0.18227348
vn -0.1011855 -0.34147838 -0.9344271
vn 0.6021764 0.49279782 -0.62811935
vn -0.26708055 0.3864457 0.8827954
vn 0.7729711 -0.053756487 0.63215977
vn 0.83376706 -0.40133226 -0.37916338
vn -0.9533155 -0.30195302 -0.0037381798
vn 0.005705797 -0.4624661 -0.8866186
vn 0.22787128 0.64152676 -0.73247397
vn -0.28500205 0.21937941 0.9330844
vn 0.75739646 0.4028615 0.51386106
vn 0.8539154 0.10642543 -0.5094135
vn -0.6290111 -0.7576274 0.17420012
vn 0.250195 -0.53029895 -0.8100528
vn -0.09726911 0.5643332 -0.81979674
vn -0.2599589 0.1502178 0.9538637
vn 0.45115843 0.80513334 0.38498884
vn 0.6021764 0.49279782 -0.62811935
vn -0.116632566 -0.93127817 0.34513447
vn 0.57061297 -0.41876212 -0.7064271
vn -0.26935917 0.3737535 -0.88755506
vn -0.2916041 0.13709381 0.94666386
vn -0.066104054 0.96632516 0.24868844
vn 0.22787128 0.64152676 -0.73247397
vn 0.3653523 -0.78325313 0.5030232
vn 0.811389 -0.081079066 -0.5788559
vn -0.29554105 0.20342308 -0.9334209
vn -0.39875442 0.07784409 0.9137479
vn -0.60319835 0.79024863 0.107976094
vn -0.09726911 0.5643332 -0.81979674
vn 0.6380414 -0.4243637 0.6425096
vn 0.81042343 0.39606214 -0.43168107
vn -0.26800236 0.12460118 -0.9553268
vn -0.5031311 -0.10521155 0.8577818
vn -0.9445227 0.32665685 -0.034238137
vn -0.26935917 0.3737535 -0.88755506
vn 0.64951277 -0.041449074 0.7592201
vn 0.50336593 0.8207572 -0.27014878
vn -0.28742144 0.10886998 -0.9515966
vn -0.4811237 -0.39695022 0.7816332
vn -0.95316976 -0.246541 -0.17517123
vn -0.29554105 0.20342308 -0.9334209
vn 0.48191783 0.21244727 0.8500714
vn -0.022375317 0.9947359 -0.09999824
vn -0.38475966 0.05913158 -0.9211209
vn -0.2501967 -0.68096906 0.6882462
vn -0.6359607 -0.70579904 -0.31209242
vn -0.26800236 0.12460118 -0.9553268
vn 0.2806815 0.29474398 0.91342425
vn -0.56135786 0.82436013 0.07285349
vn -0.491842 -0.11070769 -0.86361754
vn 0.16353744 -0.79761964 0.5805672
vn -0.13686457 -0.8863315 -0.4423626
vn -0.28742144 0.10886998 -0.9515966
vn 0.15625246 0.27376974 0.94901806
vn -0.89423496 0.3761648 0.24257755
vn -0.48255837 -0.3986776 -0.7798677
vn 0.61867636 -0.63580364 0.461512
vn 0.33669135 -0.75449646 -0.56335956
vn -0.38475966 0.05913158 -0.9211209
vn 0.12139367 0.26081482 0.9577261
vn -0.9013571 -0.15716572 0.40355197
vn -0.2577891 -0.6936815 -0.67257035
vn 0.91984093 -0.20585088 0.33394334
vn 0.61485785 -0.41186345 -0.6725462
vn -0.491842 -0.11070769 -0.86361754
vn 0.0993846 0.32278022 0.9412415
vn -0.61586255 -0.5613511 0.55280954
vn -0.08515396 -0.8026775 -0.5903029
vn -0.40064585 -0.7012555 0.589681
vn -0.006997932 0.43137383 0.90214616
vn -0.10300235 0.4615395 0.88111955
vn 0.91531074 0.34923103 0.20060854
vn 0.64031273 -0.03176934 -0.76745707
vn -0.48255837 -0.3986776 -0.7798677
vn 0.5805563 0.81160164 0.0652476
vn 0.32591814 0.94533914 -0.010545488
vn 0.48008078 0.23301741 -0.84571
vn -0.2577891 -0.6936815 -0.67257035
vn 0.3622957 0.29125944 -0.8853868
vn -0.08515396 -0.8026775 -0.5903029
vn -0.8124371 0.45157707 0.36881453
vn -0.47906843 0.645698 -0.59461546
vn -0.4764579 0.7252478 0.49699447
vn -0.7114225 0.117111 -0.692938
vn -0.74998194 0.6514107 -0.11485269
vn -0.3849117 0.7801468 -0.49316722
vn -0.2887153 0.92002606 0.2649446
vn -0.5061194 0.6137177 0.6059652
vn -0.7114225 0.117111 -0.692938
vn 0.484695 0.64456064 -0.5912802
vn -0.47906843 0.645698 -0.59461546
vn 0.7132679 0.12343272 -0.6899371
vn -0.3849117 0.7801468 -0.49316722
vn -0.0076019405 0.58136725 -0.8136057
vn 0.37453866 0.78492206 -0.49357685
vn 0.74623543 0.6573406 -0.10505223
vn 0.81477505 0.44762215 0.3684779
vn 0.48317033 0.723511 0.49302965
vn -0.47906843 0.645698 -0.59461546
vn -0.4764579 0.7252478 0.49699447
vn -0.8124371 0.45157707 0.36881453
vn -0.5061194 0.6137177 0.6059652
vn 0.5597775 0.5990324 0.57254636
vn 0.28124872 0.9278602 0.2448969
vn 0.0017854566 0.79780954 0.60290706
vn -0.0012217507 0.6736293 0.7390683
vn -0.2887153 0.92002606 0.2649446
vn 0.00034070632 -0.9999999 0.00032826947
vn -0 -1 0
vn -0.3710744 -0.9286032 0
vn -0.37194484 -0.9282543 -0.0010103283
vn 0.015822826 -0.9176621 -0.39704657
vn -0.69269 -0.72123545 0
vn -0.41520333 -0.8950602 -0.16270655
vn -0.69458574 -0.71940756 -0.0018119926
vn -0.91442347 -0.40475884 0
vn -0.6168121 -0.6624683 -0.42506298
vn -0.9159214 -0.4013354 -0.00423861
vn -0.99991655 -0.012916881 0
vn -0.56676847 -0.25358716 -0.7838794
vn -0.999974 -0.006567365 -0.0030005858
vn -0.92428404 0.38170528 0
vn -0.6626137 0.018729636 -0.74872714
vn -0.923324 0.3840047 -0.0036283194
vn -0.6352376 0.21546668 -0.7416518
vn -0.7082278 0.70598394 0
vn -0.622286 0.62763363 -0.46779913
vn -0.7077836 0.70642877 -0.0008900099
vn -0.38392237 0.92336535 0
vn -0.34620154 0.8599713 -0.37495837
vn -0.3841309 0.9232787 -6.886409E-05
vn -0 1 0
vn -0.072219044 0.47794774 -0.8754143
vn 0.0002605005 1 -8.582672E-05
vn 0.3839224 0.92336535 0
vn 0.37149426 0.8371979 -0.40136245
vn 0.3840125 0.92332786 0.00045039642
vn 0.7082278 0.705984 0
vn 0.6409971 0.6146068 -0.45976213
vn 0.7062591 0.70794594 -0.0032609303
vn 0.92428404 0.38170525 0
vn 0.6398132 0.23681243 -0.7311353
vn 0.92348367 0.38354987 -0.008201192
vn 0.99991655 -0.01291687 0
vn 0.9999423 -0.010664798 -0.0013430904
vn 0.66535485 0.008292026 -0.74648106
vn 0.91442347 -0.40475884 0
vn 0.916644 -0.39970434 -0.00036243547
vn 0.5743667 -0.2011031 -0.7935115
vn 0.69269 -0.7212354 0
vn 0.69335955 -0.72058946 0.001868227
vn 0.5854202 -0.6701417 -0.45628202
vn 0.37107447 -0.9286032 0
vn 0.37357104 -0.9275993 0.0020808803
vn -0 -1 0
vn 0.39319342 -0.90372306 -0.16936181
vn 0.00034070632 -0.9999999 0.00032826947
vn 0.015822826 -0.9176621 -0.39704657
vn -0.59775496 0.8010694 0.031254448
vn -0.71484023 0.6886901 0.121281646
vn -0.5412735 0.84054416 0.022551728
vn -0.53431666 0.84526306 0.006008885
vn -0.67342013 0.7392278 0.006896979
vn -0.35083383 0.8934442 0.28048724
vn 0.03166863 -0.5713036 -0.8201276
vn -0.97098595 0.009084003 -0.2389637
vn -0.7521302 0.25009638 -0.6097147
vn -0.4737505 0.29711923 -0.82902384
vn 0.03166863 -0.5713036 -0.8201276
vn 0.3204062 -0.22065026 -0.9212238
vn 0.79511845 -0.5200605 -0.3119675
vn 0.42999905 -0.13739823 -0.892313
vn 0.91762215 -0.28699762 -0.27495798
vn 0.45471278 -0.016889384 -0.89047796
vn 0.9693917 0.007416693 -0.24540713
vn -0.5059415 0.15263945 -0.84895486
vn 0.4105756 0.1352156 -0.90174526
vn 0.9337327 0.2808537 -0.22195603
vn 0.81681496 0.53819764 -0.20774183
vn -0.6204881 -0.16227898 -0.76724184
vn 0.05931438 0.5234611 -0.8499825
vn -0.07333568 0.9812614 -0.17818014
vn 0.74190676 0.6675833 -0.06250551
vn -0.9466559 -0.1600297 -0.2797015
vn -0.8584017 -0.5127901 -0.01388295
vn -0.5746344 0.010167581 -0.81834716
vn -0.9359503 -0.27698028 -0.21743709
vn -0.96561205 -0.00025117045 -0.25998697
vn -0.91155535 0.29140097 -0.29009044
vn -0.79620445 0.5360244 -0.28059995
vn -0.7521302 0.25009638 -0.6097147
vn -0.9549119 0.295074 -0.032778904
vn -0.99971825 -0.006792369 -0.022743579
vn -0.8118686 0.5826797 -0.036794253
vn -0.9999249 -0.012257127 -0.00013661168
vn -0.9581766 0.2861751 -0.0012024341
vn -0.9463655 -0.32309744 -0.0007193629
vn -0.8288958 0.55940044 -0.0016876239
vn -0.95092213 -0.30838624 -0.025398176
vn -0.8310136 -0.55625135 -0.0008946207
vn -0.65244025 0.75779426 -0.008340859
vn -0.6714556 0.74104476 -0.00015846585
vn -0.5381953 0.8428201 0.00020470537
vn -0.8518621 -0.52376395 0.0015177757
vn -0.7189097 -0.69510347 0.0002082778
vn -0.71015775 0.69559526 -0.108733915
vn -0.7521302 0.25009638 -0.6097147
vn -0.5253874 0.8508531 -0.004143438
vn -0.7457451 -0.66623056 0.0010304058
vn -0.32766438 0.94476736 0.007123066
vn -0.32347733 0.9462174 0.0059279297
vn -0.32494485 0.9457329 -0.0004670625
vn 0.00024592676 0.9999988 0.0015178259
vn 0.0005151507 0.9999993 -0.0011366738
vn -0.5305334 0.8475558 -0.013551085
vn -0.5713584 0.8203314 -0.024616262
vn -0.58896315 -0.808135 -0.006358942
vn -0.5956309 -0.803257 0.0013867149
vn -0.5587721 -0.82932097 -0.0007826908
vn -0.31066132 -0.9505185 -0.0020226105
vn -0.33502424 -0.94220906 -0.0008850722
vn -0.00046523658 -0.99999964 -0.00081736245
vn -0.00052691693 -0.9999951 0.0030757242
vn -0.3342628 -0.94247967 -0.00074808364
vn 0.003497811 -0.99999285 0.0014430817
vn -0.0044693984 -0.99998856 -0.0017162425
vn -0.3376799 -0.94126093 -0.0004510253
vn -0.73973626 -0.6728873 0.003565393
vn -0.7497565 -0.6617133 -0.0008117724
vn -0.3332875 -0.9428251 0.0005160842
vn -0.011905327 -0.99992037 -0.0042044874
vn 0.0021911922 -0.9999975 0.00047454066
vn -0.5960825 -0.80289614 0.0065977597
vn -0.76824015 -0.64004797 0.012072806
vn -0.88091016 -0.4718408 -0.036924593
vn -0.5949462 -0.803758 -0.0034574722
vn -0.59906584 -0.8006996 0.00038138224
vn -0.32958716 -0.9441249 0.00082079787
vn -0.3288188 -0.9443926 -0.00086577656
vn -0.0002134021 -0.9999995 0.0009396653
vn -0.00065219443 -0.98513955 0.1717544
vn -0.9723839 0.16919509 -0.1607567
vn -0.9145664 -0.4015589 0.048153408
vn -0.07333568 0.9812614 -0.17818014
vn 0.05931438 0.5234611 -0.8499825
vn -0.743322 -0.6689179 0.0046082176
vn -0.5889465 -0.80816185 0.0040430203
vn -0.60334533 -0.7671714 0.2177669
vn -0.7454725 -0.6665344 -0.0016460132
vn -0.34968692 -0.92339736 0.15829208
vn -0.3453907 -0.9246545 0.1603724
vn -0.0006516438 -0.9866551 0.1628226
vn -0.34393156 -0.9389922 -0.002150257
vn 0.00015709858 -0.9999968 -0.002562436
vn -0.5983144 -0.7738684 0.20771998
vn -0.344779 -0.9386815 -0.0021346689
vn 0.00015691434 -0.9999968 -0.002562406
vn -0.36343873 -0.92750597 -0.08743531
vn 0.0035512312 -0.99707425 -0.076356806
vn -0.31618828 -0.9463574 -0.06657691
vn 0.004651258 -0.9971168 -0.07573932
vn -0.31362635 -0.89489365 -0.3174964
vn 0.0047735134 -0.9314768 -0.3637694
vn -0.2032792 -0.543003 -0.8147547
vn 0.0073306654 -0.51342934 -0.85810053
vn -0.052005783 -0.1472688 -0.98772836
vn 0.003151318 -0.122975536 -0.99240464
vn -0.059673246 -0.059217505 -0.9964599
vn -0.34103823 -0.41342178 -0.8442603
vn -0.5903257 -0.7380525 -0.32679358
vn -0.39773864 -0.27112293 -0.87652516
vn -0.097990535 -0.061485924 -0.9932861
vn -0.07682192 -0.038460054 -0.9963027
vn -0.6285631 -0.77252764 -0.09005205
vn -0.44296092 -0.14658788 -0.8844759
vn -0.096468166 -0.0033742583 -0.99533033
vn -0.7665814 -0.51284134 -0.3864539
vn -0.6146467 -0.7832268 -0.09362322
vn -0.49522364 -0.0072065326 -0.8687357
vn -0.12078252 0.05167606 -0.99133307
vn -0.8882946 -0.26734152 -0.37344515
vn -0.83340335 -0.5455834 -0.08819072
vn -0.62244296 -0.78266424 -0.0011793519
vn -0.9538424 -0.27872935 -0.11177919
vn -0.8294698 -0.5510288 -0.09136263
vn -0.9354159 0.0028246606 -0.35353792
vn -0.59965926 0.20415628 -0.77377576
vn -0.611572 -0.79118574 -0.002196551
vn -0.830573 -0.5569082 -0.0013462106
vn -0.95429045 -0.2787406 -0.10785847
vn -0.6412965 0.43332914 -0.63321763
vn -0.20750578 0.13470195 -0.9689153
vn -0.089335665 0.153141 -0.9841579
vn -0.8254925 -0.56440926 -0.0020575612
vn -0.93252885 0.29381138 -0.20991632
vn -0.9956208 0.011152489 -0.092815936
vn -0.9610682 -0.2763108 -0.000417984
vn -0.7997253 -0.55615455 0.22612284
vn -0.94485587 0.3087885 -0.10907337
vn -0.9943335 0.043656126 -0.09692832
vn -0.960771 -0.2773426 -0.0005141187
vn -0.8072831 -0.53958464 0.23904492
vn -0.9471061 0.30287054 -0.106109925
vn -0.99950135 0.031563044 -0.000906862
vn -0.9318763 -0.2650482 0.24770159
vn -0.856237 -0.5165699 0.003717442
vn -0.743322 -0.6689179 0.0046082176
vn -0.88183177 -0.4654706 0.07556286
vn -0.9616557 -0.27223727 0.03324599
vn -0.88183177 -0.4654706 0.07556286
vn -0.92885065 -0.2679946 0.2557641
vn -0.9726346 0.035770655 0.22956984
vn -0.9996307 0.027150005 -0.0011917333
vn -0.9513484 0.3081154 -0.0010454473
vn -0.9317869 0.35179326 0.08952442
vn -0.05922341 0.98624915 0.1542892
vn -0.8553827 0.0230739 0.5174824
vn 0.72907376 0.67704594 0.10030074
vn 0.74190676 0.6675833 -0.06250551
vn 0.8399508 0.47846976 0.25602612
vn 0.061492894 0.656649 0.7516853
vn -0.8932462 -0.2320287 0.38506347
vn -0.3311778 -0.055034157 0.941962
vn -0.99932325 0.0077001792 0.035969682
vn -0.9221034 0.0035700405 0.38692722
vn -0.9723503 0.013546403 0.23313397
vn -0.90067375 0.2618587 0.34672302
vn -0.3599233 -0.0035034174 0.93297535
vn -0.9603658 0.2763846 0.0361802
vn -0.9227272 0.30133525 0.2403572
vn -0.9231367 0.2889135 0.2536685
vn -0.839944 0.54199183 0.027183646
vn -0.95100826 0.30916408 -0.00095171
vn -0.790713 0.5568942 0.25424743
vn -0.81920063 0.573507 -3.5827852E-05
vn -0.58159065 0.76299256 0.2821253
vn -0.79447466 0.54808617 0.2615558
vn -0.8190635 0.57370293 -1.18697535E-05
vn -0.8053712 0.5777585 -0.13256106
vn -0.8127639 0.56769407 -0.13091315
vn -0.81856966 0.5611146 -0.1228581
vn -0.62450063 0.76016825 -0.17928566
vn -0.59625506 0.7809044 -0.18619381
vn -0.61234987 0.79058665 -0.0005327353
vn -0.44409627 0.6343767 -0.632728
vn -0.6032662 0.7914468 -0.09839641
vn -0.2704966 0.7359304 -0.6206755
vn -0.11612102 0.30305523 -0.94587183
vn -0.32651013 0.9375616 -0.11987262
vn -0.6138142 0.7894503 -0.00067720015
vn -0.35969433 0.9238485 -0.13085899
vn -0.34708002 0.9378352 -0.00068425614
vn -0.3231199 0.92422765 -0.20346221
vn -0.0055471775 0.7450628 -0.66697115
vn -0.00027545186 0.21677808 -0.97622097
vn 0.1150617 0.30542475 -0.9452388
vn -0.005861326 0.98151165 -0.19131263
vn 0.32021573 0.9283188 -0.1889074
vn 0.25120512 0.7313656 -0.6340349
vn 0.09949368 0.17685995 -0.97919434
vn -0.0024697913 0.99374217 -0.11167122
vn 0.45771977 0.622193 -0.635113
vn 0.19351652 0.13434482 -0.9718554
vn -0.0013745398 0.9938539 -0.110691264
vn 0.33646262 0.933703 -0.12244024
vn 0.6564333 0.43790853 -0.6142732
vn 0.6139337 0.78405553 -0.09133614
vn 0.6137249 0.7682889 -0.18186218
vn 0.36648196 0.9202594 -0.13716274
vn -0.00032253223 0.99999845 -0.0017696455
vn 0.62583023 0.18952592 -0.75658196
vn 0.11153409 0.032041285 -0.993244
vn 0.09796805 -2.793952E-05 -0.99518955
vn 0.81825507 0.55773973 -0.1392296
vn 0.8162553 0.5637996 -0.12592591
vn 0.5883536 0.78534937 -0.19252667
vn -0.35023502 0.93666136 -0.0009769568
vn 0.3474412 0.9377013 -0.000978337
vn -0.00032091778 0.99999845 -0.001771204
vn -0.33461577 0.90517884 0.26207557
vn 0.9282133 0.2906903 -0.23220514
vn 0.9444847 0.31151193 -0.10444638
vn 0.50651973 0.012367419 -0.8621397
vn 0.44834203 -0.14604257 -0.88185096
vn 0.07570713 -0.0343126 -0.9965396
vn 0.09690155 -0.062391184 -0.99333656
vn 0.9299811 0.017011683 -0.36721355
vn 0.9961558 0.0038032252 -0.08751694
vn 0.88741803 -0.2657317 -0.37666425
vn 0.40204158 -0.26110753 -0.87760204
vn 0.33693323 -0.4141524 -0.8455494
vn 0.07874877 -0.07456353 -0.99410206
vn 0.042766787 -0.1571141 -0.986654
vn 0.7721419 -0.50610864 -0.38425365
vn 0.19178723 -0.54967654 -0.81306416
vn 0.003151318 -0.122975536 -0.99240464
vn 0.0073306654 -0.51342934 -0.85810053
vn 0.58705074 -0.74352235 -0.32022795
vn 0.30836025 -0.8966042 -0.31782857
vn 0.0047735134 -0.9314768 -0.3637694
vn 0.8316325 -0.5478518 -0.09080687
vn 0.6265638 -0.77397734 -0.09152475
vn 0.3120992 -0.9479955 -0.062440664
vn 0.004651258 -0.9971168 -0.07573932
vn 0.36240906 -0.92763734 -0.090269
vn 0.0035512312 -0.99707425 -0.076356806
vn 0.6129507 -0.78448635 -0.094194554
vn 0.3444933 -0.9387863 -0.0021135907
vn 0.00015691434 -0.9999968 -0.002562406
vn 0.95645535 -0.27014446 -0.110522635
vn 0.82872915 -0.55260825 -0.088499345
vn 0.62200695 -0.78300893 -0.0020671596
vn 0.34367433 -0.9390865 -0.0021362682
vn 0.00015709858 -0.9999968 -0.002562436
vn 0.9943482 0.039943915 -0.09836698
vn 0.9560671 -0.27217755 -0.108881086
vn 0.83101726 -0.5562432 -0.0019638075
vn 0.6111149 -0.7915408 -0.0012896988
vn 0.34605822 -0.9244934 0.15986109
vn -0.0006516438 -0.9866551 0.1628226
vn 0.960993 -0.27657223 -0.00049542723
vn 0.8259389 -0.5637578 -0.0014143815
vn 0.599598 -0.77247113 0.20921408
vn 0.35024983 -0.92305374 0.15904967
vn -0.00065219443 -0.98513955 0.1717544
vn -0.0002134021 -0.9999995 0.0009396653
vn 0.6054876 -0.7658306 0.2165372
vn 0.79886293 -0.55617297 0.22910637
vn 0.96070874 -0.27755815 -0.0004095099
vn 0.3289659 -0.9443408 -0.0013725363
vn 0.80794656 -0.5398441 0.23620065
vn 0.93069065 -0.26972118 0.24711415
vn 0.3360898 -0.9418299 9.522572E-05
vn 0.0021911922 -0.9999975 0.00047454066
vn -0.011905327 -0.99992037 -0.0042044874
vn 0.6055286 -0.7958149 0.0037104136
vn 0.92728627 -0.2732315 0.25589973
vn 0.61517483 -0.7883708 -0.0056182444
vn 0.3138703 -0.9494588 -0.0036596842
vn 0.8295706 -0.5583565 0.007118738
vn 0.8323246 -0.55428517 0.0019213675
vn 0.33966452 -0.9405467 8.551685E-05
vn -0.0044693984 -0.99998856 -0.0017162425
vn 0.003497811 -0.99999285 0.0014430817
vn 0.60749686 -0.79428244 -0.007937187
vn 0.61291814 -0.7900725 0.010807619
vn 0.32798356 -0.9446809 -0.0021925094
vn 0.33382836 -0.94263303 -0.0012862957
vn -0.00052691693 -0.9999951 0.0030757242
vn 0.30973142 -0.9508237 0.0007803456
vn -0.00046523658 -0.99999964 -0.00081736245
vn 0.57985 -0.81472117 0.001799265
vn 0.60661787 -0.7949755 -0.005343002
vn 0.79686886 -0.6041485 0.0021386747
vn 0.6162544 -0.7875223 0.006259987
vn 0.81736404 -0.57611406 0.0029376396
vn 0.94662035 -0.32234567 0.0017627757
vn 0.8194744 -0.5731041 -0.0036595396
vn 0.9528049 -0.30278602 -0.021987312
vn 0.9999294 -0.011868653 0.0005991508
vn 0.8195009 -0.57307374 -0.0021782576
vn 0.8310248 -0.5562091 -0.005394142
vn 0.99971086 -0.0065912236 -0.02312297
vn 0.95846486 0.28521046 0.00039140857
vn 0.9589488 -0.2835692 0.0023804032
vn 0.9557966 -0.29293188 0.02537558
vn 0.9603069 -0.27894562 -0.00036995008
vn 0.9550264 0.29461813 -0.033538293
vn 0.82875043 0.5596175 0.0009826493
vn 0.9567573 -0.28865436 -0.035973698
vn 0.9999949 0.003174218 0.00034493496
vn 0.9996178 0.0061649014 0.026947321
vn 0.95981187 -0.2785347 0.034346137
vn 0.8117948 0.5826988 -0.03809405
vn 0.6215189 0.7833975 0.0016451334
vn 0.99967694 0.023345508 -0.010050895
vn 0.99976844 0.021096898 -0.0042517004
vn 0.95250124 0.3045344 -0.00036642418
vn 0.9509876 0.30717695 0.035565294
vn 0.97159785 0.016553283 0.23605862
vn 0.60706574 0.7946239 -0.0066341683
vn 0.33816716 0.9410861 -0.0001324785
vn 0.99988997 0.014028322 -0.0048328573
vn 0.9513852 0.30784148 -0.0099910265
vn 0.9505928 0.31038353 -0.0059452583
vn 0.8213243 0.5704606 -0.0010343711
vn 0.8194359 0.57228655 0.031827193
vn 0.33962637 0.9405411 0.0060256235
vn 0.61836356 0.78585416 -0.0077291876
vn 0.6166791 0.78720105 -0.004625915
vn 0.82233626 0.56815004 -0.031123092
vn 0.8341439 0.5514762 -0.00883626
vn 0.3356029 0.9418837 0.015026468
vn 0.3366862 0.94159174 0.0068773204
vn 0.6182018 0.78601784 -0.0015654694
vn -0.003532403 0.9999809 0.0050627193
vn 0.0039189206 0.9999802 0.0049228836
vn 0.95182157 0.30664283 -0.0024301119
vn 0.6335565 0.77364284 0.00910018
vn 0.3504587 0.93651664 -0.010741051
vn -0.3250316 0.945703 0.0005199536
vn -0.00972366 0.99994457 -0.00404161
vn 0.35129225 0.93622667 -0.008558931
vn 0.8335046 0.5519275 0.025419697
vn 0.9229878 0.2887486 0.25439698
vn -0.35094115 0.93636566 -0.0077224527
vn 0.0030769159 0.9999808 -0.005374907
vn 0.63145 0.77532536 0.011890715
vn 0.7934112 0.5495391 0.26173532
vn 0.9729354 0.037355147 0.22803792
vn -0.33390096 0.9426065 -0.00174222
vn 0.35970002 0.9330601 0.0038312136
vn 0.60026044 0.7455011 0.28968158
vn 0.9228692 0.3013227 0.23982705
vn 0.9996295 0.02720577 -0.0009059577
vn 0.99949837 0.031648286 -0.0011672968
vn 0.950938 0.30937973 -0.0010633022
vn 0.7898328 0.55793726 0.25469613
vn 0.9512709 0.30835518 -0.0009566396
vn 0.8193513 0.5732917 -2.881958E-05
vn 0.9461714 0.30541956 -0.1071386
vn 0.8192637 0.57341695 -1.8981767E-05
vn 0.80781776 0.5744642 -0.13199008
vn 0.61216766 0.7907278 -0.0006562106
vn 0.57705706 0.7645555 0.28715864
vn 0.6136579 0.7895719 -0.00053010846
vn 0.35059324 0.9365276 -0.0006876971
vn 0.33830026 0.90301514 0.26479518
vn -5.85493E-05 0.96285474 0.27001974
vn 0.35683045 0.8923945 0.27623194
vn -0.35083383 0.8934442 0.28048724
vn -0 0.9575601 0.28823343
vn 0.00043428098 0.99999964 -0.0006923764
vn -0.34232217 0.9395797 0.0023443229
vn -0.53431666 0.84526306 0.006008885
vn -0.5412735 0.84054416 0.022551728
vn -0.59775496 0.8010694 0.031254448
vn -0.6015611 0.7435251 0.29205224
vn -0.67342013 0.7392278 0.006896979
vn -0.7863347 0.5088757 0.350319
vn -0.71484023 0.6886901 0.121281646
vn -0.822398 0.54495263 0.16336508
vn -0.45088506 0.12553874 0.8837096
vn -0.34730375 0.22282472 0.9108947
vn 0.40372384 -0.112324394 0.9079594
vn -0.7982992 0.59214634 -0.10991385
vn -0.72375727 0.2540952 0.64156914
vn -0.97098595 0.009084003 -0.2389637
vn -0.9474479 -0.1413671 0.2869805
vn -0.020015484 -0.64462245 0.7642391
vn -0.41517103 -0.87490195 -0.24935845
vn -0.36291277 -0.9133387 0.18467976
vn 0.61933166 -0.7535529 0.220423
vn 0.41657332 -0.28529188 0.86317736
vn 0.61933166 -0.7535529 0.220423
vn 0.3965714 -0.9137605 0.088163905
vn 0.3289593 -0.9367581 -0.11945697
vn 0.52696294 -0.81742275 -0.2326588
vn -0.41517103 -0.87490195 -0.24935845
vn 0.9122475 -0.24552439 0.32790595
vn 0.8127877 -0.51347834 0.2751656
vn 0.61933166 -0.7535529 0.220423
vn 0.64300954 -0.010219936 0.76578987
vn 0.97820425 -0.040359933 0.20368485
vn 0.56892073 0.15898146 0.8068793
vn 0.9119102 0.27315754 0.30627564
vn 0.061492894 0.656649 0.7516853
vn 0.061492894 0.656649 0.7516853
vn -0.8553827 0.0230739 0.5174824
vn 0.03166863 -0.5713036 -0.8201276
vn 0.9122475 -0.24552439 0.32790595
vn 0.99085885 -0.1348133 0.0049158703
vn 0.97820425 -0.040359933 0.20368485
vn 0.9619936 -0.27306893 0.0013174552
vn 0.8127877 -0.51347834 0.2751656
vn 0.85041916 -0.5260838 0.0047910027
vn 0.61933166 -0.7535529 0.220423
vn 0.6768141 -0.7360046 0.014828322
vn 0.49512288 -0.6456422 -0.5813771
vn 0.24678609 -0.76440674 -0.5956332
vn 0.52696294 -0.81742275 -0.2326588
vn 0.40573317 -0.91397154 -0.0060585393
vn 0.3289593 -0.9367581 -0.11945697
vn 0.3965714 -0.9137605 0.088163905
vn 0.10785055 -0.9941545 -0.0050058947
vn -0.02762988 -0.96011686 -0.27823052
vn -0.35553965 -0.8447891 -0.39990363
vn 0.39667404 -0.91795945 0.0004359975
vn -0.25041258 -0.96809644 -0.009104921
vn -0.65483814 -0.70665395 -0.268006
vn 0.09920755 -0.99506396 0.0023461569
vn -0.6073132 -0.7944492 -0.0046057934
vn -0.7412654 -0.45355687 -0.4947844
vn -0.25958493 -0.9657109 0.0042467094
vn -0.8676271 -0.4972111 -0.0020905146
vn -0.7791551 -0.120297104 -0.6151796
vn -0.6127494 -0.79027 0.0034002909
vn -0.9881072 -0.15375897 -0.0015299208
vn -0.8273489 0.18537185 -0.53021795
vn -0.87021565 -0.49266586 0.002249852
vn -0.9759153 0.21814346 -0.0016272778
vn -0.6357848 0.46532926 -0.61583
vn -0.9877752 -0.15587728 0.0014970624
vn -0.29721367 -0.95480615 -0.0030304147
vn -0.65171957 -0.75842017 -0.007773156
vn 0.08118713 -0.99669814 -0.001226277
vn -0.8877488 -0.46028513 -0.006308804
vn -0.99130565 -0.13152725 -0.0036994927
vn 0.42342776 -0.9059112 0.005817686
vn 0.6768141 -0.7360046 0.014828322
vn 0.61933166 -0.7535529 0.220423
vn -0.9725592 0.23262908 -0.0035226392
vn -0.9776204 0.21036834 0.0018738989
vn -0.792292 0.61013025 -0.003783223
vn -0.8129438 0.582334 0.003096042
vn -0.48235235 0.875963 -0.0050112493
vn -0.80829006 0.5887784 -0.0026836267
vn -0.49341074 0.8697923 -0.0026893043
vn -0.39309037 0.72516215 -0.5653493
vn -0.02759799 0.8289206 -0.55868506
vn -0.5046389 0.8633298 0.001080137
vn -0.07606564 0.9971008 -0.0020144992
vn -0.051910482 0.99865097 -0.0012636795
vn -0.0723755 0.9973761 -0.0016475883
vn 0.3608739 0.93261087 0.0026694513
vn 0.3779298 0.92583424 0.00019896349
vn 0.30448133 0.7280073 -0.6142445
vn 0.38411993 0.9232822 -0.0014010061
vn 0.7071036 0.70703226 0.010480018
vn 0.6591828 0.7519753 -0.0033389744
vn 0.56266385 0.6282708 -0.53729427
vn 0.68232435 0.7310491 -0.00080368517
vn 0.72907376 0.67704594 0.10030074
vn 0.88652825 0.46252707 0.011674236
vn 0.74190676 0.6675833 -0.06250551
vn 0.8399508 0.47846976 0.25602612
vn 0.9119102 0.27315754 0.30627564
vn 0.9271877 0.37456554 0.0048619234
vn 0.81681496 0.53819764 -0.20774183
vn 0.6733744 0.44751805 -0.5884679
vn 0.9337327 0.2808537 -0.22195603
vn 0.7139662 0.25867745 -0.6506445
vn 0.9693917 0.007416693 -0.24540713
vn 0.7757233 0.0074834405 -0.6310288
vn 0.91762215 -0.28699762 -0.27495798
vn 0.7483607 -0.28725505 -0.59786344
vn 0.79511845 -0.5200605 -0.3119675
vn 0.6323049 -0.5123283 -0.5811285
vn 0.52696294 -0.81742275 -0.2326588
vn 0.49512288 -0.6456422 -0.5813771
vn 0.07874877 -0.07456353 -0.99410206
vn 0.003151318 -0.122975536 -0.99240464
vn 0.042766787 -0.1571141 -0.986654
vn -0.000114118084 0.00052517315 -0.9999999
vn 0.09690155 -0.062391184 -0.99333656
vn 0.07570713 -0.0343126 -0.9965396
vn -0.052005783 -0.1472688 -0.98772836
vn 0.09796805 -2.793952E-05 -0.99518955
vn -0.097990535 -0.061485924 -0.9932861
vn -0.059673246 -0.059217505 -0.9964599
vn -0.07682192 -0.038460054 -0.9963027
vn -0.096468166 -0.0033742583 -0.99533033
vn -0.12078252 0.05167606 -0.99133307
vn -0.20750578 0.13470195 -0.9689153
vn 0.19351652 0.13434482 -0.9718554
vn 0.11153409 0.032041285 -0.993244
vn 0.09949368 0.17685995 -0.97919434
vn 0.1150617 0.30542475 -0.9452388
vn -0.00027545186 0.21677808 -0.97622097
vn -0.11612102 0.30305523 -0.94587183
vn -0.089335665 0.153141 -0.9841579
vn 0.9901224 0.14017838 0.0027571914
vn 0.9899233 0.14158346 0.0024418323
vn 0.98888373 0.14868842 0.0008460959
vn 0.98866963 0.15010653 0.00052736665
vn 0.062990226 -0.12636499 0.98998195
vn 0.06299022 -0.12636499 0.98998195
vn 0.062990226 -0.12636499 0.98998195
vn 0.0630001 -0.12635899 0.98998207
vn -0.07464894 0.07367231 0.9944847
vn -0.07464894 0.07367231 0.9944847
vn -0.07464894 0.07367231 0.9944847
vn -0.074655496 0.07366645 0.9944847
vn 0.026601767 -0.0038321174 0.9996388
vn 0.026601767 -0.0038321174 0.9996388
vn 0.026601765 -0.0038321177 0.9996388
vn -0.011114626 0.007788405 0.999908
vn 0.03561726 0.015636507 0.99924314
vn 0.03561726 0.015636507 0.99924314
vn -0.003939119 -0.008745371 0.999954
vn -0.0039391187 -0.008745372 0.999954
vn 0.0015922744 -0.0015092344 0.9999976
vn 0.0015922744 -0.0015092341 0.9999976
vn 0.008529386 0.017299982 0.999814
vn -0.027731895 0.021841388 0.99937683
vn -0.027731892 0.021841388 0.99937683
vn 0.006935044 0.020798303 0.9997596
vn 0.0069350447 0.020798303 0.9997596
vn 0.0091321785 -0.0017039014 0.99995685
vn 0.0091321785 -0.0017039016 0.99995685
vn 0.020785442 -0.028018503 0.9993913
vn 0.02078544 -0.028018503 0.9993913
vn 0.00330554 -0.0102876285 0.9999416
vn 0.00330554 -0.0102876285 0.9999416
vn 0.0033055397 -0.010287628 0.9999416
vn 0.014263131 -0.014983252 0.9997861
vn 0.014263131 -0.014983252 0.9997861
vn 0.014263134 -0.014983669 0.9997861
vn 0.0029136373 -0.0223432 0.99974614
vn -0.0069876243 -0.012507762 0.99989736
vn 0.0030381167 0.029729284 0.9995534
vn -0.0094187725 0.008449016 0.99992
vn -0.009418772 0.008449017 0.99992
vn 0.0030381165 0.029729286 0.9995534
vn -0.006987624 -0.012507762 0.99989736
vn -0.0069876243 -0.012507764 0.99989736
vn -0.0069872728 -0.01250774 0.99989736
vn -0.007133443 0.08931356 0.995978
vn -0.007133443 0.08931356 0.995978
vn -0.0071334424 0.08931356 0.995978
vn -0.0071415543 0.08931116 0.9959781
vn -0.03482209 -0.016150724 0.999263
vn -0.038725607 -0.028619133 0.99884003
vn -0.052219257 -0.021912646 0.99839514
vn -0.03482209 -0.016150724 0.999263
vn -0.052219257 -0.021912642 0.99839514
vn -0.052219257 -0.021912642 0.99839514
vn -0.05222468 -0.021907035 0.998395
vn -0.9217703 -0.2344471 0.3088272
vn -0.88059807 -0.42336905 -0.21285135
vn -0.7629345 -0.5101778 0.39705124
vn -0.8249684 -0.54714733 -0.14162241
vn -0.7631662 -0.645822 -0.02216769
vn -0.9127117 -0.40761694 -0.028384881
vn -0.6748722 -0.7211885 -0.15631606
vn -0.8630009 -0.50489295 -0.017680423
vn -0.9889832 -0.14121003 -0.04440608
vn -0.672664 -0.73983043 -0.013198247
vn -0.89270604 -0.45055678 -0.008631184
vn -0.98084867 -0.19457884 -0.008661988
vn -0.6607391 -0.7506103 -0.0028409453
vn -0.92571855 -0.3781868 0.00446001
vn -0.98214394 -0.18792489 0.008807622
vn -0.71265066 -0.7014101 -0.012365601
vn -0.98415196 -0.17457439 0.031124398
vn -0.99564123 0.093263604 0.00067223166
vn -0.6262242 -0.77889246 0.034202088
vn -0.9819447 -0.08462247 0.16918527
vn -0.97224885 0.015788363 0.23341551
vn -0.6937004 -0.71452695 0.09072445
vn -0.54082376 -0.2589066 0.8002981
vn -0.5612667 -0.112805694 0.81991124
vn -0.16967474 -0.10371207 0.98002774
vn -0.40021923 -0.4493412 0.7986971
vn -0.3731757 -0.8238546 0.42661867
vn -0.49200496 -0.8703253 0.021562874
vn -0.52661645 -0.85010284 -0.00047621853
vn -0.95224553 -0.3053142 0.0033970866
vn -0.4976902 -0.8673525 0.0020666535
vn -0.94327736 -0.3319992 0.0020934925
vn -0.4710158 -0.8821246 -0.00055854657
vn -0.94091654 -0.33863842 -0.00029932125
vn -0.93294626 -0.35642877 -0.050693333
vn -0.448037 -0.8855252 -0.12291454
vn -0.4577256 -0.8163381 -0.3522489
vn -0.939366 -0.30660844 -0.15356657
vn -0.78109854 -0.5163328 -0.3511201
vn -0.99999344 -0.0032006789 -0.001731137
vn -0.58716553 -0.6236529 -0.5160364
vn -0.7822012 -0.44723475 -0.43375376
vn -0.96946084 -0.110640585 0.21887079
vn -0.99512535 -0.08254244 0.053965446
vn -0.9929367 -0.117520794 0.016294952
vn -0.9905827 -0.078766905 -0.11198971
vn -0.6239793 -0.45250627 -0.63709337
vn -0.9617068 -0.18496417 -0.20225786
vn -0.9984971 0.01892298 0.05143357
vn -0.9999982 0.0008516827 0.0016806773
vn -0.9998801 -0.0045855343 -0.014795323
vn -0.96765655 0.07429231 0.24108402
vn -0.9867465 0.05291237 -0.15340021
vn -0.9275246 0.15353616 0.34077072
vn -1 -0.0001358344 4.9267917E-05
vn -0.97402227 0.120853804 0.191507
vn -0.98685247 0.14475195 0.07189635
vn -0.99812144 0.060937874 -0.0063323607
vn -0.9855236 0.11766012 -0.12206357
vn -0.96331733 0.2683598 -0.0016050258
vn -0.8566152 0.20836982 -0.472009
vn -0.88082176 0.25194237 -0.40084672
vn -0.96015817 0.27580047 -0.045059986
vn -0.5348713 0.7494877 -0.39010385
vn -0.7055393 0.6781693 -0.20567136
vn -0.06750585 0.99771464 0.0029202837
vn -0.5163644 0.85568744 -0.03415667
vn -0.5072705 0.86178637 -0.0009204378
vn 0.43252966 0.90155494 0.010802968
vn 0.33455068 0.94005036 0.066189714
vn 0.49616677 0.8407957 -0.21652047
vn 0.7898937 0.28555614 -0.54270214
vn 0.9217247 0.36964583 -0.11741194
vn 0.9076758 0.41862646 0.029606428
vn 0.98784435 0.1554422 0.0011635959
vn 0.87028784 0.49037436 0.04617474
vn 0.98533094 0.169433 0.020382324
vn 0.99799573 0.06271584 -0.008440422
vn 0.9166164 -0.2566098 0.30653837
vn 0.8433061 -0.14787845 0.5166883
vn 0.752903 -0.51168716 0.41390005
vn 0.547263 -0.18895243 0.8153528
vn 0.74226254 -0.58528024 0.32633325
vn 0.97342795 -0.08697905 0.21183178
vn 0.3574229 -0.6470788 0.67345226
vn 0.8747295 -0.3930777 0.28343987
vn 0.4420866 -0.8686507 0.2236193
vn 0.46049315 -0.8674365 0.18841429
vn 0.9836158 -0.12578921 0.12913935
vn 0.3546778 -0.9349656 0.0065482124
vn 0.8327947 -0.553529 0.0076545016
vn 0.82486904 -0.5653195 -0.0022113856
vn 0.9892236 -0.14620936 0.007721958
vn 0.9886248 -0.1503994 0.0009727844
vn 0.9879857 -0.15454558 3.8343333E-05
vn 0.99999666 -0.0025417667 0.00058764266
vn 0.99999 -0.0017179897 -0.004147646
vn 0.9887223 -0.14946137 -0.009452571
vn 0.9876939 -0.101749405 -0.11877641
vn -0.39012527 -0.8705688 0.29985356
vn -0.9654465 -0.25617048 0.047852743
vn -0.47919396 -0.860039 0.17523177
vn -0.93075687 -0.3424961 0.12801655
vn -0.92785716 0.35975155 -0.098284565
vn -0.4103704 -0.7822142 0.4687611
vn -0.9186204 0.3768714 -0.11876237
vn -0.38871527 0.89012504 -0.23786087
vn -0.36835435 0.88533264 -0.28372726
vn -0.9375493 -0.29295117 0.18756573
vn -0.5174222 -0.67323923 0.52822644
vn -0.87788856 0.42134 -0.22756156
vn -0.30621263 0.8293948 -0.46726662
vn -0.96781397 -0.19967942 0.15318018
vn -0.41932857 -0.3930057 0.8183581
vn -0.933416 0.27894956 -0.22565839
vn -0.4132355 0.70958525 -0.57072353
vn -0.9488016 -0.12255563 0.2911282
vn -0.32107446 0.16471319 0.9326204
vn -0.8740981 0.3160784 -0.36884516
vn -0.29923886 0.63774693 -0.7097429
vn -0.90179265 0.15744297 -0.4024695
vn -0.35897425 0.31443062 -0.87878937
vn -0.9036495 -0.05664003 -0.42451093
vn -0.37212098 -0.15690576 -0.91482604
vn -0.9062499 0.08742237 0.41360414
vn -0.91966826 -0.16216023 -0.35765114
vn -0.37628075 -0.38173237 -0.8442116
vn -0.9043631 0.15763947 0.39658198
vn -0.32278845 0.36629575 0.8727171
vn -0.27984697 0.28146166 0.9178589
vn -0.85673654 -0.33164698 -0.39498463
vn -0.31186765 -0.617828 -0.721822
vn -0.8831395 0.14725877 0.44539818
vn -0.89171904 -0.37987322 -0.24603555
vn -0.31100485 -0.8417441 -0.44129664
vn -0.63039964 -0.77465326 -0.050085332
vn -0.8639972 -0.098331265 0.49380136
vn -0.3808476 -0.009884342 0.924585
vn -0.0999502 -0.49403748 0.8636765
vn -0.66162497 -0.4608267 0.59151596
vn -0.19263892 -0.93843967 0.2867426
vn -0.36835435 0.88533264 -0.28372726
vn 0.38945293 0.88944864 -0.23918094
vn -0.38871527 0.89012504 -0.23786087
vn 0.37363237 0.8812436 -0.28949714
vn 0.92915374 0.3566911 -0.097183935
vn -0.30621263 0.8293948 -0.46726662
vn 0.9159403 0.38092938 -0.12627873
vn 0.9121525 -0.40204787 0.07959436
vn 0.30806464 0.8320515 -0.4612877
vn -0.4132355 0.70958525 -0.57072353
vn 0.41750765 0.70097095 -0.5782103
vn -0.29923886 0.63774693 -0.7097429
vn 0.9597846 -0.2684621 0.08210645
vn 0.37182048 -0.90983 0.18427914
vn 0.8744187 0.43187255 -0.2210837
vn 0.29132086 0.6517781 -0.7002267
vn -0.35897425 0.31443062 -0.87878937
vn 0.48666406 -0.83183247 0.26685733
vn -0.47919396 -0.860039 0.17523177
vn -0.39012527 -0.8705688 0.29985356
vn 0.96377546 -0.23543052 0.12533669
vn 0.931321 0.2756641 -0.23801346
vn 0.48208937 -0.756204 0.44243112
vn -0.4103704 -0.7822142 0.4687611
vn 0.35271886 0.3047164 -0.8847244
vn -0.37212098 -0.15690576 -0.91482604
vn 0.9890486 -0.11283331 0.095139615
vn 0.98337585 -0.07722636 0.16434158
vn 0.5961978 -0.6234934 0.505771
vn -0.5174222 -0.67323923 0.52822644
vn 0.8755458 0.33112097 -0.35182154
vn 0.5451796 -0.39104453 0.74152774
vn -0.41932857 -0.3930057 0.8183581
vn 0.37369996 -0.15507665 -0.91449416
vn -0.37628075 -0.38173237 -0.8442116
vn 0.90401584 0.1372931 -0.40485296
vn 0.52390975 0.16485484 0.8356682
vn -0.32107446 0.16471319 0.9326204
vn 0.37700978 -0.3822268 -0.8436625
vn -0.31186765 -0.617828 -0.721822
vn 0.9024948 -0.05403533 -0.42729765
vn 0.97735274 0.04277126 0.20724921
vn 0.43027917 0.3631527 0.8264261
vn -0.32278845 0.36629575 0.8727171
vn 0.3856613 -0.60888267 -0.6932007
vn -0.31100485 -0.8417441 -0.44129664
vn 0.9192867 -0.16283637 -0.35832417
vn 0.9534571 0.12731911 0.27333036
vn 0.2387281 0.24919294 0.938569
vn -0.27984697 0.28146166 0.9178589
vn 0.9063021 -0.28453833 -0.31249717
vn 0.8276501 0.10655795 0.5510361
vn 0.4340779 -0.833804 -0.34109718
vn 0.5383877 -0.09020165 0.8378557
vn -0.3808476 -0.009884342 0.924585
vn 0.90321827 -0.40906718 -0.12984903
vn 0.43279436 -0.8929719 -0.12365383
vn -0.63039964 -0.77465326 -0.050085332
vn -0.19263892 -0.93843967 0.2867426
vn 0.9295699 -0.22392853 0.29284096
vn 0.27034345 -0.57062066 0.77543956
vn -0.0999502 -0.49403748 0.8636765
vn 0.41311064 -0.8978112 0.15256037
vn -0.6712881 -0.15164027 -0.7255188
vn -0.7851114 -0.101829894 -0.61092615
vn -0.6873389 -0.17512563 -0.7049086
vn -0.069506384 0.24191022 0.9678059
vn 0.039385054 0.31673974 0.94769454
vn -0.11014111 -0.39241537 0.9131698
vn -0.271768 -0.3176599 0.9084241
vn -0.25875425 0.086415 0.9620699
vn -0.48790637 -0.10417198 0.86665773
vn -0.31015176 -0.25801772 0.91500425
vn -0.46328622 -0.35635212 0.8114056
vn -0.7387458 -0.19893272 0.64395684
vn -0.14374664 -0.5935051 0.7918893
vn -0.34663013 -0.57280535 0.74279314
vn -0.7023222 -0.20177127 0.6826653
vn -0.95698655 -0.18332416 0.22487564
vn -0.5612936 -0.3934551 0.7281088
vn -0.897373 -0.3094559 0.31457704
vn -0.6764323 -0.099115156 0.72980505
vn -0.9092497 0.31698635 0.26978597
vn 0.00927957 -0.23798107 0.97122556
vn 0.38309652 -0.27688292 0.88123375
vn 0.39390615 -0.077685244 0.9158619
vn 0.66531783 -0.051492255 0.74478227
vn 0.12448728 0.33092937 0.9354083
vn 0.56109726 0.15821154 0.81248933
vn -0.23301612 0.068680264 0.9700446
vn -0.46852422 0.4009362 0.7872326
vn -0.6908848 0.6472142 0.32216772
vn 0.16530785 0.64195466 0.7487106
vn -0.3903381 0.6036038 0.6951968
vn 0.5194539 0.3777525 0.7664664
vn -0.18553118 0.612041 0.76875484
vn -0.3731501 0.7276596 0.5755611
vn -0.98048854 0.078333095 0.18029425
vn -0.7911903 0.49013144 0.36577168
vn -0.55783343 0.20005208 0.805482
vn -0.4977158 0.12754643 0.8579108
vn -0.9697983 0.090425126 0.22652686
vn -0.90636283 -0.028738039 0.42152178
vn -0.74884295 -0.10031672 0.65511125
vn -0.4116852 -0.097966306 0.90604514
vn -0.9419889 -0.10178431 0.31983888
vn -0.2611669 -0.08486741 0.9615557
vn 0.1671812 0.07622481 0.9829752
vn -0.83713055 -0.117442235 0.53424686
vn -0.8580703 0.17034031 0.4844578
vn -0.2626165 0.48088935 0.8365273
vn 0.20509787 0.50387776 0.83907217
vn 0.046052903 0.9388291 0.34129032
vn 0.21173652 0.30563116 0.92830884
vn 0.032383393 0.084426716 0.9959033
vn -0.0102117 0.95994115 0.28001553
vn 0.23101754 0.7705252 0.59407216
vn 0.63208616 0.6982314 0.33606538
vn 0.33148155 0.87843245 0.34420422
vn 0.71917003 0.26936615 0.6404969
vn 0.7101846 0.693859 0.11915383
vn 0.9683041 0.13932855 0.2073035
vn 0.188296 0.5844243 0.7892989
vn 0.027321387 0.7145189 0.6990824
vn 0.47180152 0.19121173 0.8607214
vn 0.06052092 0.17940702 0.98191154
vn 0.22595537 0.017363146 0.97398293
vn 0.19734237 0.15868446 0.9674065
vn 0.87629825 0.12433153 0.46544915
vn 0.9386036 -0.22852682 0.2584549
vn 0.5979376 0.05137087 0.7998948
vn 0.859732 0.0033642915 0.5107343
vn 0.9527882 -0.03279754 0.3018592
vn 0.6095463 0.39817312 0.68550086
vn 0.41586128 0.40394595 0.81479263
vn 0.3682484 -0.2803634 0.8864476
vn 0.43422267 0.27173078 0.85884404
vn 0.9896249 0.1016154 0.10157186
vn 0.89884555 0.19670764 0.39164117
vn 0.9372403 -0.09970441 0.334125
vn 0.8404406 -0.028787455 0.54113847
vn 0.813 0.20566286 0.54473275
vn 0.7598445 0.11463754 0.6399176
vn 0.37354 -0.39235383 0.84055126
vn 0.92128533 -0.18505028 0.3420374
vn 0.4712662 0.22224382 0.85353136
vn 0.96908635 0.029883448 0.2449055
vn 0.9291648 0.27383935 0.24832371
vn 0.98731285 -0.14464337 -0.065510675
vn 0.8065813 -0.06187765 0.5878754
vn 0.9660267 -0.2500589 0.06529054
vn 0.8913382 -0.28903794 0.34924665
vn 0.8437042 -0.48250902 0.23526204
vn 0.9734117 0.17148462 0.15186378
vn 0.5822242 -0.63197535 0.51149
vn 0.5375133 -0.71420574 0.4483185
vn 0.8980054 -0.3067833 0.315389
vn 0.23980774 -0.5414195 0.805827
vn 0.18882632 -0.8212285 0.53844994
vn 0.057160757 -0.77001595 0.6354588
vn 0.11433433 -0.56151885 0.81952685
vn 0.15204601 -0.6357122 0.7568038
vn 0.031414915 -0.8556194 0.5166513
vn 0.13888234 -0.84992075 0.50827795
vn -0.01985802 -0.80319047 0.5953913
vn 0.6153109 -0.64145535 0.45817846
vn 0.19587481 -0.5812075 0.7898297
vn 0.0871715 -0.8661539 0.49211627
vn -0.06681293 -0.75783044 0.64902157
vn 0.43630812 -0.77219737 0.46189442
vn 0.4020875 -0.6054998 0.6868011
vn -0.12180814 -0.8428931 0.5241126
vn 0.84574133 -0.40185112 0.35105178
vn 0.983952 0.04121946 0.17360742
vn 0.29228052 -0.26964 0.91753274
vn 0.0014293824 -0.1277494 0.99180543
vn 0.16788304 -0.037035655 0.98511094
vn 0.039385054 0.31673974 0.94769454
vn 0.39775518 -0.3628342 0.8426993
vn 0.41829994 -0.10223495 0.90253705
vn 0.9437121 0.09660643 0.3163455
vn 0.6009644 0.3530832 0.7170593
vn -0.6078239 -0.015014651 0.7939299
vn -0.61453205 0.003718526 0.7888831
vn -0.5528766 0.017850745 0.83307195
vn -0.5025799 -0.003436022 0.86452395
vn -0.64882535 -0.008338876 0.7608917
vn -0.9610429 -0.0009075839 0.27639788
vn -0.9724477 0.00045783987 0.23312087
vn -0.96454686 1.8499259E-05 -0.26391193
vn -0.4994675 -0.009317923 0.86628246
vn -0.6351892 -0.09515408 0.7664727
vn -0.96174234 -0.02146213 0.2731137
vn -0.94343746 0.001332056 -0.331548
vn -0.45084 0.0025759344 -0.8926011
vn -0.6038697 0.0006969382 -0.79708284
vn -0.5314961 0.010697865 -0.84699315
vn -0.65680766 -6.0166483E-05 -0.7540581
vn -0.45472103 -0.014806943 -0.89051086
vn -0.6409191 -0.009504176 -0.7675495
vn -0.9465832 -0.022301676 -0.32168758
vn -0.9527087 -0.134328 0.27258387
vn -0.5013418 -0.05898556 0.86323637
vn -0.62394005 -0.22557534 0.7482075
vn -0.6002019 -0.111633785 0.79201984
vn -0.47943395 -0.058920942 -0.8755977
vn -0.6849206 -0.102247015 -0.7214079
vn -0.9367549 -0.13133006 -0.32441148
vn -0.5445495 -0.3192653 0.7755872
vn -0.58612996 -0.35898772 0.7263467
vn -0.9432887 -0.31579897 0.10235911
vn -0.4153319 -0.17123157 -0.89340866
vn -0.5324434 -0.20472308 -0.8213358
vn -0.8851329 -0.324934 -0.33310315
vn -0.5052938 -0.33582178 -0.7949226
vn -0.5125823 -0.37772536 -0.77109206
vn -0.8326284 -0.52986497 0.16116132
vn -0.79772633 -0.56596965 -0.20811293
vn -0.30771258 -0.38746485 -0.8690132
vn -0.39975816 -0.5282566 -0.7490917
vn -0.59835255 -0.75249714 0.27517664
vn -0.21304803 -0.56008583 -0.8005713
vn -0.2578369 -0.6081374 -0.75079226
vn -0.5947387 -0.74792767 -0.2947712
vn -0.3799049 -0.43639538 0.8156171
vn -0.550547 -0.6173714 0.5619168
vn -0.23993276 -0.83984524 0.4869211
vn -0.0025408976 -0.5103932 -0.8599374
vn -0.023716556 -0.6561912 -0.7542219
vn -0.37534255 -0.912352 0.16349831
vn -0.24399032 -0.6903566 0.6810848
vn 0.02665986 -0.67124116 0.7407595
vn -0.33121482 -0.92024416 -0.20844057
vn 0.18660063 -0.5512581 -0.8132003
vn 0.21683672 -0.66494334 -0.71472526
vn 0.42097655 -0.557202 -0.7157546
vn -0.027957477 -0.5492717 0.8351761
vn 0.19624601 -0.60930896 0.76826435
vn -0.037787326 -0.9703434 0.2387589
vn -0.028454576 -0.95640343 -0.2906593
vn 0.17052422 -0.5596031 0.8110277
vn 0.31428027 -0.9216143 0.22771662
vn 0.32503545 -0.91552913 -0.23697738
vn 0.3432692 -0.425087 -0.8375364
vn 0.32794178 -0.39616817 0.8576159
vn 0.3305648 -0.5241106 0.784879
vn 0.5985151 -0.75391394 0.27091226
vn 0.48250288 -0.29807314 0.8236161
vn 0.5658811 -0.40408477 0.71867526
vn 0.8154131 -0.5250791 0.24370761
vn 0.44481713 -0.14370728 0.88401693
vn 0.7412907 -0.13737889 0.6569742
vn 0.70866764 -0.23009379 0.6669685
vn 0.5903803 -0.7627408 -0.26396498
vn 0.7976783 -0.5217209 -0.3025173
vn 0.5277968 -0.10314458 0.84308463
vn 0.9188053 0.009646783 0.3945932
vn 0.8857545 -0.3050205 0.34985912
vn 0.4163755 -0.28370714 -0.86379504
vn 0.5538093 -0.39406747 -0.73348904
vn 0.6085483 -0.23803292 -0.75697374
vn 0.89248943 -0.30271447 -0.33440483
vn 0.41501808 -0.15015972 -0.89733607
vn 0.72160345 -0.09223213 -0.68613523
vn 0.9536419 -0.122771725 0.2747622
vn 0.79831094 0.048775468 0.60026723
vn 0.74534243 0.1069952 0.65804005
vn 0.48047233 -0.05861468 -0.875049
vn 0.70117366 -0.019511528 -0.7127235
vn 0.9360458 -0.12754975 -0.327947
vn 0.96179736 -0.022642054 0.27282432
vn 0.5021498 0.0030866119 0.8647752
vn 0.627421 0.01259322 0.77857834
vn 0.6145587 -0.0010778755 0.7888704
vn 0.9724759 -0.0011729447 0.23300073
vn 0.96099377 0.00026980374 0.2765699
vn 0.9463547 -0.023324287 -0.32228684
vn 0.9437699 -0.00019346368 -0.3306031
vn 0.96493053 0.0011991934 -0.2625025
vn 0.6017829 0.003695824 -0.79865116
vn 0.4505736 0.00085566234 -0.8927388
vn 0.7934085 0.28075954 -0.5400713
vn 0.72238064 -0.00021879196 -0.69149566
vn 0.455864 -0.015935238 -0.8899068
vn 0.3622662 0.8054215 -0.469105
vn 0.04307584 0.99484825 -0.09176883
vn 0.1286433 0.8308157 -0.5414759
vn 0.5176929 0.82134825 -0.23954345
vn 0.3671062 0.92865485 0.05322795
vn 0.011303446 0.9999069 -0.0076425443
vn 0.02208388 0.99975616 -0.00020870104
vn 0.89365214 0.2810153 -0.34988046
vn 0.4688193 0.33344293 -0.81793904
vn 0.45788276 0.001116185 -0.8890118
vn 0.9431007 0.3319062 0.019987365
vn 0.9712034 0.23821868 -0.003980588
vn 0.53856546 0.84256864 -0.0050379657
vn 0.4372292 0.89934874 -0.0015820719
vn 0.9389528 -0.005605532 -0.34400025
vn 0.34543288 -0.027489038 -0.9380408
vn 0.8831932 -0.099453725 -0.45834336
vn 0.29223496 -0.111232124 -0.9498558
vn 0.9998437 -0.010084442 -0.014520262
vn 0.0032438312 0.99999475 1.6020052E-05
vn -0.36332193 0.93166137 -0.002055173
vn 0.99998677 -0.004794894 0.0018726899
vn 0.7692419 -0.33634457 -0.54326713
vn 0.36288935 -0.34248787 -0.8666103
vn 0.7235808 -0.6147691 -0.31383085
vn 0.2269736 -0.2992245 -0.9267943
vn 0.53477526 -0.7138164 -0.45219654
vn 0.5640681 -0.82535917 -0.02468751
vn 0.14737986 -0.4741703 -0.8680102
vn 0.3087443 -0.89497423 -0.32202166
vn 0.010645346 -0.40083736 -0.91608745
vn 0.7533246 -0.6567684 -0.03401905
vn 0.91082025 -0.4000683 -0.10174423
vn 0.9952982 -0.09419932 -0.022538837
vn 0.9930391 -0.11713053 -0.012405906
vn 0.91300035 -0.40548566 0.044851106
vn 0.0074281776 -0.9118617 -0.41043043
vn -0.17114057 -0.46339753 -0.86946744
vn 0.73816043 -0.67450076 0.012957792
vn 0.99991405 -0.012296041 -0.0045668622
vn -0.32766894 -0.8887324 -0.3206053
vn -0.34608606 -0.9380576 -0.016503317
vn -0.20022835 -0.3173814 -0.92691845
vn -0.5105637 -0.7358144 -0.44486165
vn -0.3831094 -0.31225258 -0.8693248
vn -0.0011503978 -0.99985576 -0.016947107
vn -0.72719777 -0.60118335 -0.3313034
vn -0.29257274 -0.13664408 -0.94642997
vn 0.34656665 -0.93791157 -0.014611996
vn 0.33078095 -0.9436613 0.009353275
vn -0.00031411852 -0.999902 0.013997028
vn -0.76052105 -0.3356667 -0.55581975
vn -0.33296067 -0.037533645 -0.9421934
vn 0.54599965 -0.83774775 0.007940418
vn -0.8876735 -0.12255004 -0.44386628
vn -0.9937943 -0.10781398 -0.027369909
vn -0.45126066 0.019049002 -0.8921889
vn -0.9405485 0.008715961 -0.3395476
vn -0.4238025 0.35063338 -0.83513325
vn -0.9200616 -0.3792878 -0.09811969
vn 0.70807534 -0.64678967 0.28335932
vn -0.7479465 -0.66334796 -0.023358298
vn -0.5633282 -0.8258924 -0.023731446
vn -0.5472971 -0.83691186 0.0066653993
vn -0.74087983 -0.6714993 0.013634508
vn -0.32972094 -0.9440322 0.009342803
vn -0.52702236 -0.80954266 0.2586275
vn -0.31426755 -0.90624726 0.28275752
vn -0.91491425 -0.40003136 0.053914387
vn -0.8880229 -0.42289945 0.18047534
vn -0.004936497 -0.93657947 0.35042048
vn -0.72155917 -0.629595 0.28803208
vn -0.9917216 -0.12818491 -0.0075372276
vn 0.31795487 -0.90649974 0.27778223
vn 0.53117603 -0.8067651 0.2588089
vn -0.20733464 -0.60802937 0.76636326
vn -0.36753112 -0.5739657 0.7317679
vn -0.0108294375 -0.5805501 0.8141525
vn 0.21007933 -0.61328894 0.7614087
vn 0.3827066 -0.57100224 0.7262864
vn -0.49958637 -0.4347933 0.7492451
vn 0.48353454 -0.43474352 0.75973177
vn -0.13846324 -0.72380745 0.6759664
vn -0.008799253 -0.73384786 0.67925686
vn 0.13202715 -0.7214208 0.6797946
vn 0.38638523 -0.64949834 0.6548727
vn -0.36773723 -0.6609266 0.65417534
vn 0.6073278 -0.4587767 0.64859617
vn 0.68080306 -0.34279537 0.647301
vn 0.65797 -0.32318774 0.6801655
vn 0.8936289 -0.40783998 0.18733382
vn 0.9851034 -0.14628972 0.09039095
vn 0.7602047 -0.21861619 0.6117971
vn 0.9883547 -0.078591205 0.13030127
vn 0.7134806 -0.2944511 0.6358019
vn 0.9885181 -0.12783769 0.080557875
vn 0.7520751 -0.5521765 0.35983896
vn 0.60792506 -0.5137408 0.6053905
vn 0.64239615 -0.34773254 0.6829417
vn 0.99997854 -0.006552222 -0.00034781493
vn 0.9091885 -0.41472152 -0.037177574
vn 0.80184716 -0.59750205 -0.0056927786
vn 0.9150958 -0.40075845 -0.04463663
vn 0.7942973 -0.60624707 -0.039449852
vn 0.46796462 -0.8829293 -0.03801145
vn 0.14174956 -0.9894415 -0.030206542
vn -0.0003654239 -0.9994843 -0.032108773
vn -0.14370626 -0.9886658 -0.04345646
vn 0.624404 -0.31490913 -0.71480894
vn 0.6372634 -0.3037314 -0.7082673
vn 0.5681743 -0.47421774 -0.67252916
vn 0.3477305 -0.63797027 -0.687079
vn 0.13147119 -0.71197027 -0.68979245
vn 0.009045648 -0.711238 -0.7028931
vn 0.58758867 -0.4843898 -0.6481559
vn 0.573637 -0.20549193 -0.7929146
vn 0.59108984 -0.3133906 -0.7432355
vn 0.49320355 -0.49598402 -0.7146679
vn 0.3205461 -0.5341614 -0.7822543
vn 0.16780579 -0.55328304 -0.8159161
vn 0.628652 -0.31129792 -0.7126641
vn 0.521359 -0.7688985 -0.37010777
vn 0.5460345 -0.8377119 0.009229682
vn 0.7276414 -0.55040246 -0.40938398
vn 0.5713413 -0.7483934 0.33686256
vn 0.76756227 -0.63978076 -0.03909943
vn 0.9839188 -0.17856209 -0.0044145323
vn 0.9888381 -0.12075033 -0.087284476
vn 0.96885866 -0.11249384 -0.22058548
vn 0.9999994 1.3631755E-05 0.0011027245
vn 0.9997073 -0.017805373 0.016378274
vn 0.99984455 -0.017325273 0.0032808788
vn 0.93537027 -0.19089796 -0.29772538
vn 0.9870188 -0.1603098 -0.009730164
vn 0.85763663 -0.44851202 -0.25158763
vn 0.9419594 0.33572516 -0.0010184225
vn 0.9630502 0.26931435 -0.002045927
vn 0.99986494 -0.016433896 -0.00018182515
vn 0.9011288 -0.43351844 -0.005344221
vn 0.69610184 -0.67390984 -0.24756338
vn 0.9892804 -0.14601006 -0.0023040322
vn 0.7291437 -0.68436015 0.0007689457
vn 0.5137788 -0.7880598 -0.33910638
vn 0.90572906 -0.42385617 0.00094525295
vn 0.53839904 -0.8426878 -0.0019481624
vn 0.73252326 -0.6807118 -0.0064136246
vn 0.9781165 -0.15245833 0.14157821
vn 0.8758767 -0.4283313 0.22219853
vn 0.7257235 -0.66207165 0.18704702
vn 0.9849005 -0.08079464 0.15311185
vn 0.30042592 -0.88488716 -0.3559762
vn 0.3069167 -0.9516695 -0.01128471
vn 0.54852015 -0.8361275 -0.0040708026
vn 0.007685745 -0.5494211 -0.8355103
vn 0.558572 -0.8220692 0.11045119
vn 0.0026482088 -0.92219037 -0.38672727
vn -0.12966987 -0.7079463 -0.69426054
vn -0.16976231 -0.5576691 -0.8125183
vn -0.46211287 -0.8851283 -0.05476788
vn -0.3611673 -0.6320003 -0.6856631
vn -0.5945362 -0.4709521 0.6517138
vn -0.7981828 -0.6018542 -0.025995648
vn -0.67340314 -0.3648776 0.6429561
vn -0.66965663 -0.30466005 0.6773052
vn -0.2989142 -0.8867264 -0.35265642
vn -0.3189207 -0.5285268 -0.7867332
vn -0.5863646 -0.4588739 -0.6675412
vn -0.9152041 -0.40210938 -0.02663648
vn -0.64935464 -0.3421964 0.67914665
vn -0.7439693 -0.22780927 0.628182
vn 0.0031164796 -0.99954826 -0.02989009
vn -0.9851317 -0.15931569 0.06429698
vn -0.9999039 -0.013100413 -0.004526109
vn -0.99017906 -0.074915744 0.11803822
vn -0.69933546 -0.3017802 0.647965
vn 0.32240275 -0.946602 0.0010270916
vn 0.3224652 -0.94065636 0.10574396
vn 0.0033649507 -0.9999689 -0.0071360366
vn -0.99984825 -0.009169687 -0.014811007
vn -0.935528 0.3529495 -0.014627827
vn -0.90416515 0.29450625 -0.30943757
vn -0.9999931 -0.0023163825 0.002938046
vn -0.5826561 0.80266166 -0.12746081
vn -0.3566391 0.6843902 -0.6359393
vn -0.15253152 0.79288256 -0.5899757
vn -0.007670887 0.9985751 -0.052809786
vn -0.010610735 0.99992394 -0.0062842546
vn -0.39548716 0.91804415 0.028016869
vn -0.53497213 0.8448656 -0.0026421435
vn -0.022452557 0.99974793 -6.368959E-06
vn -0.98941666 -0.11994673 0.08165461
vn -0.99997044 -0.007699232 6.853928E-05
vn -0.9845568 -0.17504933 0.002355595
vn -0.99999964 -0.00081826263 -9.7955795E-05
vn -0.97214013 0.2343886 -0.002328235
vn -0.9426891 0.3336716 -0.00059622223
vn -0.43477887 0.90053725 -0.00024207037
vn -0.0032783127 0.9999945 -0.0004021385
vn -0.019096611 0.99981767 0.00022022358
vn 0.39661932 0.91798294 -0.0006607836
vn 0.34483325 0.93866146 -0.0022030214
vn 0.910287 0.41397038 -0.0024693692
vn 0.9246758 0.3807549 -0.00053190195
vn 0.38802314 0.9216485 0.0014424206
vn 0.9199859 0.39194924 0.0013213984
vn 0.94619274 0.32360122 0.0011975204
vn 0.44975197 0.8931532 0.00076998165
vn 0.44723415 0.79754704 0.40484607
vn 0.9191629 0.2172041 0.32857564
vn 0.36793074 0.2764158 0.8878183
vn -0.024496501 0.9996997 0.00064894615
vn -0.014705507 0.9060054 0.42301062
vn -0.008943896 0.34703395 0.93781
vn -0.44300437 0.32666257 0.83488846
vn -0.32559964 0.88228685 0.33993348
vn -0.87204635 0.428283 0.23687316
vn -0.48779526 0.8729576 -0.00090365164
vn -0.51169425 0.8591676 0.000354862
vn -0.9630701 0.26925075 -0.00018145448
vn -0.95329714 0.30203328 -0.00069367635
vn -0.9999939 -0.003432807 -0.0007126647
vn -0.99998915 -0.004045665 0.00231817
vn -0.9999881 -0.0044471207 -0.0020259924
vn -0.99999976 -0.0005158432 0.00059329765
vn -0.9995907 -0.023668649 -0.016074132
vn -0.99999845 0.00028923622 -0.0017802335
vn -0.99904305 -0.04373193 0.0006162534
vn -0.99955183 -0.024858326 0.016679974
vn -0.9351857 -0.3541183 -0.005287497
vn -0.9844996 -0.17517558 -0.008611919
vn -0.982042 -0.1667612 0.08822818
vn -0.9998665 -0.014224506 0.008039954
vn -0.97191745 -0.18981373 0.13909431
vn -0.9555022 -0.22075656 -0.19565776
vn -0.6551445 -0.75547945 -0.006036709
vn -0.9842896 -0.1379781 -0.110164255
vn -0.7687487 -0.63913524 -0.023057617
vn -0.98762184 -0.09377352 0.12573676
vn -0.9998946 -0.013815064 -0.004456678
vn -0.75300235 -0.5777694 0.3149126
vn -0.9641156 -0.12322546 -0.23515233
vn -0.6755339 -0.6043956 -0.42232683
vn -0.9997044 -0.022580711 -0.009003
vn -0.97773737 -0.16373718 0.13122438
vn -0.71196824 -0.3337973 0.617803
vn -0.9915869 -0.12938304 0.003924636
vn -0.6439276 -0.31926012 -0.6952915
vn -0.9097509 -0.20934254 -0.3585095
vn -0.745944 -0.5972027 -0.2948161
vn -0.9906804 -0.13192111 -0.03390121
vn -0.5953728 -0.8033801 -0.010567156
vn -0.5964877 -0.4466086 -0.6668906
vn -0.67896354 -0.33333027 -0.6541403
vn -0.5218876 -0.24068013 -0.8183559
vn -0.8476694 -0.40291283 -0.34513438
vn -0.7204302 -0.56159216 0.40693295
vn -0.81924224 -0.5720073 -0.040618595
vn -0.5500425 -0.30938137 -0.7757168
vn -0.56615096 -0.75597936 0.32858518
vn -0.6353256 -0.48735473 0.59903824
vn -0.7206118 -0.28897262 0.6302488
vn -0.99001163 -0.044661585 0.13372509
vn -0.9180635 -0.39626187 0.011656373
vn -0.70662177 -0.24530555 0.6637099
vn -0.6478359 -0.34025097 0.68157023
vn -0.9119795 -0.40982383 0.018378584
vn -0.69079554 -0.33004037 -0.6433311
vn -0.98936766 -0.1454344 0.0006520961
vn -0.973525 -0.17259671 0.14986488
vn -0.6148964 -0.32630274 0.71793383
vn -0.6818692 -0.33286506 0.6513489
vn -0.7850428 -0.6193789 0.008801871
vn -0.999826 -0.01863727 0.0007893117
vn -0.6202991 -0.47262776 -0.6259809
vn -0.62105715 -0.49088067 -0.61100256
vn -0.7410082 -0.64649534 -0.18152262
vn -0.91477007 -0.40091395 -0.049635287
vn -0.9209663 -0.3889925 0.022490852
vn -0.8932832 -0.38613936 0.23009035
vn -0.74321145 -0.66902715 0.0062808334
vn -0.7416341 -0.6693782 -0.04372336
vn -0.7231984 -0.64934015 0.23524745
vn -0.5405655 -0.8022375 -0.25338504
vn -0.55305 -0.8331342 -0.004816969
vn -0.54272306 -0.83989024 0.006012602
vn -0.5249056 -0.8154261 0.24403773
vn -0.38483858 -0.57671845 -0.72062135
vn -0.6470671 -0.36964697 0.6668322
vn -0.5318905 -0.4755546 0.7006713
vn -0.38100988 -0.5972834 0.70575064
vn -0.7301049 -0.27178502 0.6269606
vn -0.6188137 -0.47498235 0.62566864
vn -0.6647534 -0.33904666 0.66569537
vn -0.6117375 -0.5205983 0.5956128
vn -0.35930896 -0.70841557 0.60749024
vn -0.7135866 -0.35242414 0.60546786
vn -0.19081683 -0.61934024 0.76158166
vn -0.1247777 -0.7628411 0.634432
vn -0.3005356 -0.911029 0.2823198
vn -0.3180394 -0.9480529 0.00682623
vn -0.3156076 -0.9488749 -0.0053171953
vn -0.32641864 -0.92545384 -0.19231793
vn -0.7704261 -0.63717717 -0.021189185
vn -0.44000822 -0.89755046 -0.02821245
vn -0.13657576 -0.9904901 -0.016625155
vn -0.9013568 -0.43279275 0.015694005
vn -0.9121013 -0.40995863 0.0022526903
vn -0.37656316 -0.667715 -0.6421502
vn -0.60157585 -0.50574523 -0.61832696
vn -0.12766302 -0.7428218 -0.6572046
vn -0.72459227 -0.3458215 -0.59613216
vn -0.00090224406 -0.9999908 -0.0041902517
vn 0.008491284 -0.7509514 -0.6603028
vn -0.011904764 -0.7503655 0.660916
vn -0.0062834094 -0.63348997 0.77372533
vn -0.0013329791 -0.95754963 0.28826526
vn -0.0001724014 -0.9999715 0.007546548
vn -0.0012477274 -0.99999464 -0.0030411321
vn 0.14002866 -0.99014217 -0.003243953
vn 0.11867169 -0.75663984 0.6429721
vn 0.18905623 -0.6286153 0.7543875
vn 0.2990394 -0.91237515 0.27954793
vn 0.31707075 -0.9483719 0.007547074
vn 0.13698259 -0.74445707 -0.65346724
vn 0.0017887531 -0.97319406 -0.22997828
vn 0.3151354 -0.9490363 -0.004452215
vn -0.22979009 -0.6864542 -0.68991095
vn -0.37488046 -0.66135114 -0.6496764
vn -0.48088533 -0.8767693 -0.004974403
vn -0.61998785 -0.4945012 0.6091663
vn -0.54542905 -0.48135266 0.6861536
vn -0.88143027 -0.41267157 0.22974505
vn -0.9044611 -0.42651165 0.0061526117
vn -0.9872398 -0.1586177 -0.014073294
vn -0.13417594 -0.733976 -0.6657897
vn -0.1449218 -0.98911816 -0.025356838
vn -0.38536516 -0.6614741 0.6433862
vn -0.430279 -0.67514837 0.599195
vn -0.73202753 -0.658042 0.17639825
vn -0.7339231 -0.67922956 -0.002033832
vn -0.90028626 -0.4351916 -0.009637386
vn 0.009247569 -0.6808749 -0.7323414
vn 0.31895563 -0.92796904 -0.19271924
vn -0.25741208 -0.75331455 0.60519105
vn -0.552729 -0.82712984 0.10171889
vn -0.5482639 -0.8363048 -0.0009634422
vn -0.7303932 -0.6830198 -0.0031245726
vn -0.15546153 -0.7653939 0.62450284
vn -0.0068400484 -0.9990125 -0.043901555
vn 0.003995194 -0.72955924 -0.683906
vn 0.21665107 -0.68034184 -0.7001409
vn -0.32501394 -0.94570047 0.004081929
vn -0.3216208 -0.94079745 0.10705317
vn 0.003955028 -0.7740036 0.63316876
vn 0.006379387 -0.7792307 0.6267048
vn 0.14802976 -0.9885749 -0.02840213
vn -0.0005173992 -0.9924648 0.12252889
vn 0.25280458 -0.7481443 0.61348987
vn 0.1406369 -0.74775785 -0.6489063
vn 0.15047212 -0.77589375 0.6126557
vn -0.5387707 -0.8424419 -0.004193081
vn 0.4789874 -0.87779295 -0.0071098744
vn 0.4355157 -0.6731607 0.59764606
vn -0.30862486 -0.9510777 -0.0142108
vn -0.509219 -0.79605055 -0.32710788
vn 0.380644 -0.6700789 0.6372633
vn 0.5454091 -0.50119144 0.6718156
vn -0.7067636 -0.66562164 -0.23965181
vn -0.50060534 -0.46707517 -0.72885865
vn 0.6046902 -0.35182458 0.71454126
vn 0.61284596 -0.4902774 0.6197159
vn 0.79725784 -0.60360205 0.0066703935
vn -0.85848343 -0.4440342 -0.25659275
vn -0.631312 -0.3177073 -0.70746523
vn -0.5966411 -0.30558664 -0.7420486
vn 0.7095862 -0.20672631 0.6736109
vn 0.6680192 -0.32079908 0.6714451
vn -0.93284255 -0.20287405 -0.2977364
vn -0.90637153 -0.41935116 -0.05133521
vn -0.56557846 -0.23011145 -0.79194057
vn -0.6176645 -0.33409095 -0.71195066
vn 0.73032904 -0.29148278 0.61778414
vn -0.9721807 -0.110991575 -0.2062654
vn -0.5944741 -0.5263045 0.6079509
vn -0.7982282 -0.5997115 -0.056372624
vn -0.6352599 -0.31740776 -0.7040576
vn -0.5844607 -0.49992982 -0.6391212
vn -0.98938656 -0.11509363 -0.08870005
vn -0.51249933 -0.7533314 0.41211206
vn -0.57446444 -0.81843823 -0.012226116
vn -0.72501653 -0.5217102 -0.44963264
vn -0.6068705 -0.6967651 -0.38239598
vn -0.75054425 -0.6605185 -0.019965734
vn -0.74344605 -0.5473299 0.38434112
vn -0.37504637 0.2685477 0.88725555
vn -0.9514121 0.062469404 0.30151716
vn -0.9188126 0.21580563 0.33047158
vn -0.45380268 0.029015776 0.8906297
vn 0.0366606 -0.0012513412 0.99932694
vn 0.025070587 0.34818497 0.9370906
vn -0.88576823 0.23645167 0.39938104
vn 0.43365207 0.33976975 0.8345672
vn -0.31899166 0.08650152 0.9438018
vn -0.775215 0.38638726 0.4997465
vn -0.25056055 0.123759024 0.9601578
vn 0.042499475 -0.005830679 0.99907947
vn -0.213067 0.16431044 0.96312225
vn -0.6612789 0.5608203 0.4981875
vn -0.4867796 0.75451 0.4401822
vn 0.03400711 -0.011964656 0.99935
vn -0.17312612 0.24286127 0.9544871
vn -0.26413977 0.83833414 0.476892
vn 0.023579268 -0.018200297 0.99955624
vn 0.49664155 -0.2237127 0.8386298
vn 0.5871073 -0.069446445 0.8065247
vn -0.0867006 0.26832664 0.9594184
vn -0.0043401765 0.8563142 0.51643693
vn 0.017163685 -0.026467565 0.9995023
vn 0.541626 -0.018218687 0.84042215
vn 0.9633781 -0.02618435 0.26686537
vn 0.8715366 0.43058795 0.23455921
vn 0.97180563 -0.11400955 0.20638694
vn 0.8901022 -0.37036678 0.26560593
vn 0.41055927 -0.35207117 0.8411224
vn -0.002322061 0.25450018 0.9670699
vn 0.2635901 0.8364487 0.48049316
vn 0.27333355 -0.40514642 0.87243634
vn 0.087800175 0.27246103 0.9581524
vn 0.49417382 0.7458646 0.44662988
vn 0.175308 0.23897251 0.9550703
vn 0.65544194 0.5674325 0.49841362
vn -0.008522446 -0.022315694 0.9997147
vn 9.380729E-06 -0.05496323 0.9984884
vn 0.008059914 -0.022150164 0.9997222
vn 0.13183762 -0.40902883 0.9029476
vn 0.2088093 0.16441 0.9640374
vn 0.76215124 0.40384972 0.5059949
vn -0.01686853 -0.026354259 0.9995104
vn 0.25481182 0.13828821 0.9570514
vn 0.8832357 0.22956236 0.40889573
vn -0.021716945 -0.017604467 0.9996092
vn 0.33279052 0.08805892 0.93888015
vn 0.95056146 0.051105093 0.30630234
vn -0.03465461 -0.011989658 0.9993274
vn -0.40940973 -0.36055356 0.838084
vn -0.2785223 -0.40973133 0.8686458
vn -0.1403784 -0.40493295 0.9035061
vn 0.45690927 0.017217083 0.8893467
vn 0.9191629 0.2172041 0.32857564
vn 0.36793074 0.2764158 0.8878183
vn -0.008943896 0.34703395 0.93781
vn -0.043190725 -0.005560277 0.9990514
vn -0.03564475 -0.0016538094 0.9993631
vn -0.44300437 0.32666257 0.83488846
vn -0.5377074 -0.013033006 0.84303075
vn -0.5887935 -0.091736965 0.80306065
vn -0.9647939 -0.022475867 0.26204503
vn -0.5099355 -0.21287185 0.8334574
vn -0.96822035 -0.12754332 0.21513261
vn -0.999833 -0.017735805 0.0044055083
vn -0.73203844 -0.62955683 0.2603418
vn -0.8906508 -0.36019853 0.27748555
vn -0.98904955 -0.14595646 -0.021856142
vn -0.99999547 -0.002720568 -0.0012950946
vn -0.53572273 -0.77882534 0.32623962
vn -0.9121972 -0.40804946 -0.037310403
vn -0.75874835 -0.65082145 -0.027062273
vn -0.97164863 -0.20058514 -0.12515843
vn -0.9782602 -0.20716678 -0.009422155
vn -0.9756908 -0.10166045 -0.19414598
vn -0.9602063 -0.18369442 -0.21038117
vn -0.8885159 -0.40452766 -0.21655719
vn -0.9715551 -0.20320402 0.12160875
vn -0.56995 -0.82166654 -0.0046081007
vn -0.74592257 -0.627125 -0.22430734
vn -0.31327552 -0.87533146 0.36831143
vn 0.0055621644 -0.52376217 0.85184646
vn 0.003584647 -0.94767374 0.3192202
vn -0.3349786 -0.9421973 -0.007311735
vn 0.30569053 -0.8784645 0.36722377
vn -0.5629217 -0.802991 -0.19576725
vn 0.00025295626 -0.9999697 -0.007779304
vn 0.5354812 -0.78184384 0.31934342
vn -0.32072404 -0.91251254 -0.25388378
vn 0.3350434 -0.942155 -0.009485344
vn 0.73465157 -0.62772053 0.25739864
vn 0.56750226 -0.823362 -0.0040364238
vn 0.0067657623 -0.95042866 -0.31086898
vn 0.7587785 -0.65089285 -0.024369061
vn 0.32017925 -0.91057354 -0.26142105
vn 0.91459733 -0.40275532 -0.036052562
vn 0.55479777 -0.8075241 -0.20026064
vn 0.98891103 -0.14618523 -0.026167896
vn 0.74779946 -0.62273186 -0.23021919
vn 0.8889884 -0.40198404 -0.21933647
vn -0.19091721 -0.5954729 -0.7803607
vn 0.011353418 -0.5660806 -0.8242717
vn 0.18905108 -0.59721965 -0.77947956
vn 0.38714153 -0.56865156 -0.7257802
vn 0.5094908 -0.4365924 -0.74148923
vn -0.39730087 -0.5641479 -0.7238019
vn -0.5071023 -0.43455222 -0.7443195
vn -0.6063943 -0.31537095 -0.72995013
vn -0.62680435 -0.20563614 -0.75155175
vn -0.71863824 -0.2683688 -0.6415117
vn -0.67023766 -0.5819939 -0.46050468
vn -0.7413849 -0.6677429 -0.06684231
vn -0.8034645 -0.56873256 -0.17603426
vn -0.58650976 -0.48849463 -0.6460489
vn -0.6190745 -0.31548697 -0.7191764
vn -0.6156868 -0.30112758 -0.72818404
vn -0.601782 -0.7984487 -0.01838642
vn -0.6461854 -0.6590175 0.38489014
vn -0.8283234 -0.56023395 0.004252712
vn -0.5648372 -0.7439993 0.35696486
vn -0.6704949 -0.37536305 0.6399524
vn -0.9122481 -0.4095168 -0.009975539
vn -0.51330775 -0.4589831 0.725155
vn -0.5158243 -0.45401144 -0.7264977
vn -0.91525036 -0.40116894 -0.037151854
vn -0.6335228 -0.31174242 0.7081422
vn -0.32109836 -0.6188727 -0.7168629
vn -0.6074674 -0.18574072 0.7723235
vn -0.66356647 -0.31350482 0.67926013
vn -0.8169602 -0.5761144 -0.025848025
vn -0.112506375 -0.7067311 -0.6984795
vn -0.51476544 -0.8573224 0.0038621689
vn -0.5939136 -0.4253168 0.6829146
vn -0.57550484 -0.29799327 0.76157343
vn -0.9621955 -0.173561 0.20989607
vn 0.004450398 -0.7171276 -0.69692767
vn -0.17482483 -0.98459864 -0.0013200854
vn -0.37617776 -0.5771475 0.7248387
vn -0.4871511 -0.41240677 0.7698081
vn 0.109318435 -0.71834475 -0.6870446
vn -0.0068109236 -0.9999609 0.0056509012
vn -0.12749103 -0.7325248 0.66869533
vn 0.31597644 -0.6515281 -0.6896883
vn 0.17478874 -0.9845479 -0.010694255
vn -0.87905425 -0.4125503 0.23888472
vn -0.36721212 -0.5680844 0.7365021
vn -0.015285259 -0.70316875 0.71085876
vn -0.7093441 -0.6599894 0.24747723
vn -0.19957508 -0.6350193 0.7462709
vn -0.5257408 -0.8237058 0.21238065
vn 0.497965 -0.86704534 -0.016224207
vn 0.14579527 -0.7267065 0.67129827
vn -0.006140682 -0.65320295 0.7571579
vn -0.31066045 -0.9279874 0.20574121
vn 0.5320614 -0.46578312 -0.70707613
vn 0.6125169 -0.32452482 -0.72076815
vn 0.96172875 -0.18332945 -0.20363675
vn 0.9997359 -0.022891505 0.002021953
vn 0.9999968 -0.002015978 -0.0015546948
vn 0.95254785 0.30437073 0.0033308396
vn 0.31442124 0.88066334 0.3543606
vn 0.43365207 0.33976975 0.8345672
vn 0.025070587 0.34818497 0.9370906
vn 0.9819775 -0.108679205 -0.1546249
vn 0.6262847 -0.19684796 -0.7543331
vn 0.6193833 -0.29311186 -0.7283198
vn 0.82112813 -0.5689331 -0.045427375
vn 0.3745825 -0.58691645 0.71778613
vn 0.20921952 -0.6378899 0.74116373
vn -6.645767E-05 -0.97644514 0.21576594
vn 0.9733061 -0.18537323 -0.13532177
vn 0.6814515 -0.30833897 -0.6637401
vn 0.6245284 -0.28869197 -0.7256866
vn 0.92074364 -0.38592532 -0.057382043
vn 0.61367613 -0.41345763 0.67264724
vn 0.37836114 -0.56601447 0.73244154
vn 0.31408972 -0.92744917 0.20294228
vn 0.9999926 -0.0036923478 -0.0010623551
vn 0.637 -0.6115797 -0.46925592
vn 0.60165185 -0.48749694 -0.63274145
vn 0.91381323 -0.405821 -0.015961176
vn 0.6658739 -0.3070181 0.6799646
vn 0.48520055 -0.4121237 0.7711902
vn 0.52799886 -0.82126755 0.21618704
vn 0.98009914 -0.19850779 0.00053249963
vn 0.818014 -0.57335865 0.04596667
vn 0.617659 -0.3268571 0.7153054
vn 0.5595971 -0.29928333 0.7728393
vn 0.7059717 -0.6615095 0.25300023
vn 0.6078949 -0.74083024 -0.2857172
vn 0.5746512 -0.81835735 0.008198616
vn 0.75656885 -0.6525543 -0.042146865
vn 0.97214293 -0.20916978 0.10576442
vn 0.5002161 -0.4473986 0.74136245
vn 0.6568631 -0.67241466 0.34115893
vn 0.6861888 -0.67639905 0.26763645
vn 0.67764217 -0.34141538 0.65133464
vn 0.59557986 -0.19078743 0.78031075
vn 0.9811404 -0.094453365 0.1686477
vn 0.9999825 -0.0055827615 0.0019635623
vn 0.8746002 -0.4230177 0.2369189
vn 0.9998646 -0.016112344 -0.0033497913
vn 0.9632834 -0.16907096 0.20856711
vn 0.9903019 -0.13874623 -0.0071883495
vn 0.90228194 -0.4311432 -0.001696863
vn 0.7286675 -0.6848006 -0.009589073
vn 0.5313478 -0.84707487 0.0115622245
vn 0.3172286 -0.9483213 0.00726759
vn 0.0017815606 -0.9999902 0.0040523075
vn -0.31774247 -0.94816345 0.005070726
vn -0.5351944 -0.84470403 0.0064792563
vn -0.72405076 -0.6896182 -0.013317438
vn -0.9036349 -0.42829457 0.0028053909
vn -0.9906048 -0.136755 -0.0003134313
vn 0.3093574 -0.9509398 -0.003375236
vn 0.00014605 -0.9999939 -0.003504768
vn -0.3130588 -0.9497116 -0.0064836573
vn -0.551832 -0.83340186 -0.030377923
vn -0.7300656 -0.6829621 -0.023810856
vn -0.8949058 -0.44607994 -0.012500774
vn -0.9872793 -0.15896557 -0.0030844056
vn 0.5531127 -0.83243465 -0.03344996
vn 0.7327778 -0.67990035 -0.027787458
vn 0.8962573 -0.4434442 -0.008947032
vn 0.98687893 -0.16146024 -0.0007418541
vn 0.99983203 -0.018315375 0.0006260764
vn 0.99997973 -0.005504409 -0.0031979096
vn 0.31815532 -0.9170276 -0.24049437
vn 0.53605396 -0.8138133 -0.224397
vn 0.71838385 -0.6917112 -0.073892765
vn 0.88943946 -0.43199456 -0.14925882
vn 0.9741194 -0.18411346 -0.1311241
vn 0.0027820054 -0.9622808 -0.27204365
vn -0.3215884 -0.9179523 -0.23225965
vn -0.5280209 -0.8219992 -0.21333338
vn -0.73382777 -0.676026 -0.06697572
vn -0.8823751 -0.44557324 -0.15125707
vn -0.97530735 -0.17646179 -0.13280354
vn 0.008556863 -0.6452732 -0.76390404
vn -0.20406553 -0.6503839 -0.73168164
vn -0.3930889 -0.61823815 -0.680634
vn -0.6359728 -0.5354445 -0.5557318
vn -0.6690782 -0.36000845 -0.6501755
vn -0.72226197 -0.22143501 -0.6552131
vn 0.20303334 -0.6466678 -0.7352538
vn 0.39699733 -0.61791444 -0.67865664
vn 0.6152231 -0.55457556 -0.5603093
vn 0.6800619 -0.34922862 -0.64463574
vn 0.36737615 -0.6725076 -0.6424705
vn -0.671097 -0.33201197 -0.6628703
vn 0.43860435 -0.89863735 -0.008785726
vn 0.5927092 -0.5107688 -0.6227448
vn 0.37198284 -0.6941839 0.61622846
vn 0.7720291 -0.6354676 -0.012329649
vn 0.7183008 -0.36727446 -0.59089196
vn 0.39399078 -0.59622633 0.6994895
vn 0.62720007 -0.5072526 0.59102875
vn 0.5274524 -0.814175 0.24272014
vn 0.72936195 -0.22751966 -0.6451867
vn 0.8992825 -0.43735835 -0.0029383912
vn 0.5269139 -0.4702583 0.7079682
vn 0.54241043 -0.84008515 0.0069224187
vn 0.98555994 -0.08699451 -0.14527066
vn 0.9858562 -0.12891361 -0.107092276
vn 0.6802217 -0.31268033 -0.6629702
vn 0.7050138 -0.35910186 0.61155665
vn 0.721101 -0.6532322 0.23087028
vn 0.7035048 -0.27818808 -0.653982
vn 0.9129589 -0.4077387 -0.015975172
vn 0.63195264 -0.44707975 -0.6330525
vn 0.6310133 -0.3875634 0.6720245
vn 0.7412019 -0.53276986 -0.40838227
vn 0.74556154 -0.66640437 0.006572829
vn 0.8872289 -0.41932368 0.19233458
vn 0.7258868 -0.22978939 0.648294
vn 0.65701944 -0.33174726 0.67695576
vn 0.84097344 -0.54107475 -0.0013843925
vn 0.54467195 -0.69408166 -0.47072622
vn 0.6295156 -0.7752015 -0.052657906
vn 0.6170168 -0.49324495 0.6131881
vn 0.7127018 -0.34358552 0.6115595
vn 0.6258789 -0.70683694 0.32963178
vn 0.7663941 -0.64090973 -0.04329849
vn 0.98476404 -0.17380597 -0.0056041107
vn 0.7440293 -0.56966436 0.3491461
vn 0.98319227 -0.15953733 0.08877459
vn 0.9890772 -0.086720444 0.119188495
vn 0.9999999 -0.00035175477 -0.00030371305
vn 0.9999995 -0.0010237546 4.2658892E-05
vn 0.9812728 -0.14764178 0.12371526
vn 0.99991417 -0.012348178 -0.0043929475
vn 0.9181403 -0.39594355 0.015718982
vn 0.9925241 -0.121983886 -0.0039763805
vn 0.9996803 -0.018922148 -0.016773688
vn 0.9913747 -0.12849692 -0.025782695
vn 0.91252077 -0.4066704 -0.043877587
vn 0.7476865 -0.6629205 -0.03874787
vn 0.99945885 -0.02970512 -0.014130566
vn 0.5494629 -0.8355162 -0.0017599068
vn 0.5496228 -0.7931746 -0.26227608
vn 0.39431617 -0.56689173 -0.72329
vn 0.7313116 -0.6556869 -0.18777087
vn 0.8516995 -0.4014999 -0.33675766
vn 0.3686206 -0.6812067 -0.6325158
vn 0.58906764 -0.50481737 -0.63099825
vn 0.90754056 -0.19595729 -0.3714443
vn 0.61546516 -0.4922479 -0.6155442
vn 0.55160373 -0.28744495 -0.78301257
vn 0.9654647 -0.114648074 -0.2339524
vn 0.90920943 -0.41602945 0.016050728
vn 0.5281224 -0.21703337 -0.8209648
vn 0.6795968 -0.31686148 -0.66162455
vn 0.9632252 -0.21151456 -0.16570719
vn 0.91240495 -0.40895563 0.01650515
vn 0.63802534 -0.3441463 -0.6888301
vn 0.6798467 -0.3264211 -0.6567021
vn 0.6087931 -0.43708384 -0.66206384
vn 0.6543251 -0.3311391 0.67985696
vn 0.83329797 -0.55272216 0.0106222825
vn 0.6654588 -0.6183099 -0.41815966
vn 0.6468596 -0.5141478 0.56322724
vn 0.62405217 -0.6813615 -0.38249895
vn 0.5930855 -0.8050884 -0.009070889
vn 0.5986135 -0.7206114 0.34982997
vn 0.6369984 -0.7708156 -0.008736868
vn 0.72700983 -0.5744393 0.37613323
vn 0.9405637 -0.33960676 0.0026710983
vn 0.9694137 -0.20560294 0.13403158
vn 0.99911577 -0.042043056 0.00021914291
vn 0.51256454 0.858646 -0.0021878208
vn 0.48813996 0.8727584 0.0034988518
vn 0.018986933 0.9998198 5.1516665E-05
vn 0.04373644 0.89563185 0.44264054
vn 0.024616107 0.9996964 0.0011370381
vn -0.38690934 0.9221178 -0.00015747864
vn -0.4531103 0.7973155 0.39872167
vn -0.37504637 0.2685477 0.88725555
vn -0.9188126 0.21580563 0.33047158
vn -0.45006573 0.89298964 0.0032257375
vn -0.94636035 0.32310054 0.0028441234
vn -0.92055064 0.39062336 1.8160114E-05
vn -0.3969775 0.91782683 -0.0016215768
vn -0.9244576 0.38128182 -0.0015316615
vn -0.9202613 0.39129868 -0.0020858052
vn -0.46282536 -0.040158924 0.88553935
vn -0.13156061 -0.4450487 0.88578975
vn -0.49840862 -0.25094324 0.8298291
vn -0.040635083 -0.018648552 0.999
vn 0.00015154826 -0.42464355 0.90536064
vn -0.5052931 0.1292646 0.8532114
vn -0.029535867 -0.061927855 0.9976434
vn 0.009582104 -0.4306733 0.90245706
vn -0.1626015 0.020579198 0.98647726
vn -0.58513504 0.42085335 0.6931806
vn -0.30110145 0.4480618 0.84177107
vn -0.13413154 -0.062212266 0.9890087
vn -0.14943321 0.5142195 0.84454006
vn 0.06637453 0.46329886 0.88371295
vn -0.0042704437 -0.092756696 0.9956797
vn 0.001611668 -0.45267054 0.8916764
vn -0.00853742 -0.08241213 0.9965617
vn 0.21923709 0.46492013 0.8577788
vn 0.015317714 -0.08440759 0.9963135
vn 0.051051408 -0.43289727 0.8999966
vn 0.12187572 -0.061041128 0.99066657
vn 0.29314438 0.4413038 0.8481257
vn 0.029782282 -0.03745179 0.9988545
vn 0.364869 -0.34336555 0.865431
vn 0.34489852 -0.041786708 0.93770933
vn 0.14001486 -0.0073667686 0.9901219
vn 0.5063513 0.26918015 0.8192377
vn 0.39892352 0.034857493 0.9163214
vn 0.18916555 -0.57002175 0.79955715
vn 0.014939161 -0.5144075 0.8574158
vn 0.019769559 -0.7283114 0.6849611
vn 0.17684846 -0.36733308 0.9131216
vn 0.5594116 -0.56881076 0.6029204
vn 0.32518688 -0.5808991 0.7461968
vn 0.0090645915 -0.6607638 0.7505391
vn -0.002421726 -0.5443488 0.8388555
vn 0.4839324 -0.51233023 0.70945555
vn 0.8089648 -0.3457585 0.47542292
vn 0.3669524 -0.42440692 0.82778305
vn 0.17885445 -0.39188525 0.9024616
vn 0.62230754 -0.24544635 0.7432963
vn 0.88074166 -0.0067167184 0.47354928
vn 0.48730588 -0.21282062 0.8469004
vn 0.663121 0.0011898864 0.7485114
vn 0.8112035 0.26060906 0.52348053
vn 0.24627328 -0.6214539 0.74373686
vn -0.0005193398 -0.7546969 0.65607333
vn 0.0021420766 -0.9800529 0.19872501
vn 0.31822506 -0.3972836 0.8607546
vn 0.6112651 -0.6148729 0.4982833
vn 0.6858495 -0.71316826 0.14491926
vn 0.35877693 -0.89773005 0.2556557
vn -0.00080766826 -0.9999987 -0.0014528587
vn 0.43752283 -0.17877255 0.8812571
vn 0.36326286 -0.93168473 -0.0019124792
vn 0.71757615 -0.29801217 0.62950236
vn 0.35801634 -0.9337146 0.0011136475
vn 0.00027016102 -0.99976057 -0.021878468
vn -0.003065512 -0.9672291 -0.2538868
vn 0.36416698 -0.89579684 -0.25481436
vn -0.025934584 -0.723593 -0.68973947
vn 0.26773387 -0.5832592 -0.7668945
vn -0.033396836 -0.5532243 -0.83236265
vn 0.6801519 -0.67446065 -0.2872214
vn 0.7029982 -0.711127 0.009591066
vn 0.6980678 -0.716031 0.0009219959
vn 0.92791945 -0.3727795 0.0009762394
vn 0.9059427 -0.37565246 0.19532822
vn 0.97156286 0.009579537 0.2365879
vn 0.9268566 -0.37104845 -0.057096187
vn 0.78887576 0.03748037 0.61340874
vn 0.9994282 0.033732202 0.0022858945
vn 0.52585113 0.0040980563 0.85056674
vn 0.50518006 0.028283533 0.8625504
vn 0.38496596 0.16524804 0.90801674
vn 0.4182295 0.18830828 0.8886079
vn 0.62715906 0.2132888 0.7491191
vn 0.60604846 0.48127457 0.6333088
vn 0.44993192 0.3464882 0.82310826
vn 0.3312988 0.6305141 0.70192087
vn 0.4383929 0.36439466 0.8216009
vn 0.3203843 0.3122133 0.8943582
vn 0.69578147 0.3294533 0.6382387
vn 0.23648518 0.42756128 0.87250566
vn 0.16026218 0.60973394 0.77623487
vn 0.29283905 0.4706373 0.8323136
vn 0.12155455 0.39656422 0.90992385
vn 0.0025159067 0.6284478 0.77784765
vn 0.112481855 0.61934006 0.7770236
vn 0.2035174 0.38118047 0.90182155
vn 0.022692502 0.40426046 0.9143624
vn -0.15301205 0.60179865 0.78385305
vn 0.02327983 0.638986 0.768866
vn -0.13509813 0.3878648 0.9117617
vn -0.33382767 0.6164386 0.7131358
vn 0.54807484 0.57381475 0.6085644
vn 0.055381592 0.4074606 0.91154194
vn -0.16956294 0.6378517 0.7512614
vn -0.2476368 0.43407708 0.86617154
vn -0.59204876 0.4782769 0.64863664
vn 0.37145624 0.72630054 0.5783665
vn -0.00728007 0.49627626 0.8681341
vn -0.27274147 0.49814877 0.8230796
vn -0.43071654 0.3596472 0.8277301
vn -0.80722964 0.25418648 0.5327001
vn 0.13885647 0.73846036 0.6598448
vn -0.05338046 0.41097403 0.9100829
vn -0.40819025 0.3846146 0.8279205
vn -0.6307218 0.19407007 0.7513501
vn -0.87959486 -0.00010372549 0.47572362
vn 0.010407734 0.7338245 0.6792594
vn 0.16626453 0.97457 0.15023163
vn -0.18429719 0.3603027 0.9144488
vn -0.12451293 0.7297689 0.6722602
vn -0.4529546 0.16139153 0.8768039
vn -0.65955704 0.00075477397 0.7516541
vn -0.80495954 -0.36260432 0.46963638
vn 0.417626 0.9022854 0.10709599
vn 0.18443534 0.98279494 0.009885331
vn 0.017227877 0.97217786 0.2336092
vn 0.6765266 0.7143713 0.17884448
vn -0.5211977 0.033108022 0.8527936
vn -0.6160293 -0.294132 0.7307492
vn -0.56022173 -0.5936529 0.5776918
vn 0.41295564 0.91074747 0.0025880304
vn 0.8899699 0.39811894 0.22238478
vn 0.90544 0.42447427 0.0002609636
vn -0.47423998 -0.26185536 0.84055233
vn -0.5120751 -0.45625913 0.7277408
vn -0.24621464 -0.5553792 0.7943124
vn -0.43127343 -0.33258736 0.83868283
vn -0.4139563 -0.17999497 0.892324
vn -0.17652704 -0.33334076 0.9261329
vn 0.019769559 -0.7283114 0.6849611
vn 0.014939161 -0.5144075 0.8574158
vn 0.0090645915 -0.6607638 0.7505391
vn -0.26138043 -0.58952355 0.76429206
vn -0.3511247 -0.3524833 0.8674485
vn -0.13986315 -0.43324882 0.89035594
vn -0.002421726 -0.5443488 0.8388555
vn -0.0005193398 -0.7546969 0.65607333
vn -0.5134015 0.012538083 0.8580569
vn -0.22707447 -0.6306662 0.7420899
vn -0.72640073 -0.29038566 0.622911
vn -0.3542634 -0.9006734 0.25156483
vn 0.0021420766 -0.9800529 0.19872501
vn -0.61900723 -0.60907984 0.49583447
vn -0.90939474 -0.3657334 0.1980917
vn -0.3906425 0.1564514 0.90715015
vn -0.7922765 0.034889877 0.6091639
vn -0.69527084 0.32836252 0.6393563
vn -0.31822437 0.31977406 0.8924561
vn -0.5538196 0.5620794 0.6142887
vn -0.3674893 0.7271712 0.57980484
vn -0.9703479 0.0021637275 0.24170278
vn -0.8897392 0.39818218 0.22319323
vn -0.68406814 0.70891577 0.17172448
vn -0.4112773 0.90596217 0.10041689
vn -0.9994904 0.03192008 0.00033947828
vn -0.6860112 0.72758967 -0.0014527399
vn -0.19176342 0.9746172 0.11553371
vn -0.90474886 0.42593586 -0.0028335773
vn -0.41095024 0.91165596 0.0018231571
vn -0.0024359322 0.9999926 0.0029943574
vn -0.1836642 0.9829201 0.011640112
vn -0.41655552 0.9086233 -0.029752102
vn -0.68701315 0.72613126 -0.027319236
vn -0.9026534 0.42638314 -0.05843177
vn 0.0017854566 0.79780954 0.60290706
vn 0.28124872 0.9278602 0.2448969
vn -0.2887153 0.92002606 0.2649446
vn 0.74623543 0.6573406 -0.10505223
vn -0.2324017 0.9686402 -0.08789633
vn -0.74998194 0.6514107 -0.11485269
vn 0.24548349 0.9644804 -0.0975466
vn 0.37453866 0.78492206 -0.49357685
vn 0.16961233 0.84879225 -0.5007827
vn -0.0076019405 0.58136725 -0.8136057
vn -0.3785396 0.8119727 -0.44430637
vn -0.15760493 0.8524836 -0.49843
vn -0.3849117 0.7801468 -0.49316722
vn -0.0040192017 0.8240806 -0.56645846
vn 0.40977737 0.91150945 -0.03511389
vn 0.01136848 0.3935851 -0.9192179
vn -0.06633472 0.46195298 -0.8844202
vn 0.07982519 0.42998683 -0.89929926
vn -0.6340849 0.68827665 -0.35243666
vn -0.2630241 0.51681006 -0.81469357
vn -0.78820664 0.36225086 -0.49749836
vn -0.37976256 0.40194446 -0.8331992
vn -0.9950867 0.027909352 -0.094992414
vn -0.9286566 -0.37093836 0.0012836934
vn -0.6996147 -0.7145198 -0.00082198676
vn -0.9233871 -0.37890926 -0.061514508
vn -0.69068664 -0.70921314 0.14131059
vn -0.35856646 -0.93350047 -0.0026356042
vn -0.00080766826 -0.9999987 -0.0014528587
vn 0.00027016102 -0.99976057 -0.021878468
vn -0.355666 -0.9346123 0.0012389651
vn -0.70786756 -0.70632786 0.0049355673
vn -0.36101484 -0.8948685 -0.26244748
vn -0.003065512 -0.9672291 -0.2538868
vn -0.8497241 -0.35864627 -0.3864477
vn -0.24129876 -0.5895643 -0.7708364
vn -0.025934584 -0.723593 -0.68973947
vn -0.6845769 -0.6686898 -0.29018664
vn -0.23646449 -0.4214407 -0.87548405
vn -0.033396836 -0.5532243 -0.83236265
vn 0.015081998 -0.6522722 -0.7578348
vn -0.412516 -0.38099107 -0.8274517
vn -0.53010076 -0.22907777 -0.81640464
vn -0.86638606 0.026115093 -0.49869138
vn -0.3039625 -0.30666393 -0.9019779
vn -0.3731544 -0.7373143 -0.5631372
vn -0.5423879 0.0049332906 -0.84011376
vn -0.34384498 0.16890255 -0.92371124
vn -0.41520333 -0.8950602 -0.16270655
vn 0.015822826 -0.9176621 -0.39704657
vn -0.6168121 -0.6624683 -0.42506298
vn -0.45288506 -0.5386713 -0.7104423
vn -0.56676847 -0.25358716 -0.7838794
vn -0.5245869 -0.2862319 -0.8017979
vn -0.41617766 -0.2660545 -0.86948895
vn -0.6626137 0.018729636 -0.74872714
vn -0.5928166 0.043490823 -0.8041623
vn -0.5248682 0.06973212 -0.84832233
vn -0.6352376 0.21546668 -0.7416518
vn -0.45288008 0.23610668 -0.85974026
vn -0.50811195 0.19353993 -0.83926433
vn -0.622286 0.62763363 -0.46779913
vn -0.39500624 0.314561 -0.8631462
vn -0.4654422 0.47192076 -0.74876857
vn -0.26105312 0.6022084 -0.7544509
vn -0.34620154 0.8599713 -0.37495837
vn -0.072219044 0.47794774 -0.8754143
vn -0.012797452 0.3380722 -0.9410332
vn 0.37149426 0.8371979 -0.40136245
vn -0.2630383 0.5215886 -0.8116379
vn 0.014773905 0.49131224 -0.8708582
vn 0.018398197 0.46685454 -0.8841427
vn 0.030330924 0.49452946 -0.8686315
vn 0.2676959 0.6365062 -0.7233248
vn 0.5064586 0.43716925 -0.7432245
vn 0.6409971 0.6146068 -0.45976213
vn 0.6398132 0.23681243 -0.7311353
vn 0.20061795 0.530156 -0.8238246
vn 0.17896387 0.55382264 -0.8131743
vn 0.36051944 0.8240982 -0.43690717
vn 0.42583865 0.39157978 -0.81567574
vn 0.646952 0.6755988 -0.35358068
vn 0.39035276 0.28200856 -0.8764109
vn 0.4891735 0.23199831 -0.84076524
vn 0.66535485 0.008292026 -0.74648106
vn 0.34934086 0.1710584 -0.92124915
vn 0.4683544 0.21431078 -0.85715526
vn 0.5229991 0.04746119 -0.85101074
vn 0.5743667 -0.2011031 -0.7935115
vn 0.6012194 0.067486584 -0.7962291
vn 0.5282063 0.025001116 -0.84874785
vn 0.4315889 -0.20266409 -0.8790097
vn 0.5854202 -0.6701417 -0.45628202
vn 0.53584266 -0.24296442 -0.8086043
vn 0.42910698 -0.56981415 -0.7008417
vn 0.39319342 -0.90372306 -0.16936181
vn 0.78271574 0.36959213 -0.5007572
vn 0.5411175 -0.22342826 -0.8107229
vn 0.2742655 -0.3566922 -0.8930561
vn 0.3334873 -0.74559975 -0.57694644
vn 0.015822826 -0.9176621 -0.39704657
vn 0.015081998 -0.6522722 -0.7578348
vn 0.26219356 -0.4219826 -0.8678624
vn 0.38911444 -0.3956666 -0.8318881
vn 0.8543955 -0.3499673 -0.38409778
vn 0.8715303 0.02855906 -0.4895093
vn 0.9947842 0.028416017 -0.09796462
vn 0.9045003 0.42232203 -0.059357535
vn 0.6849292 0.72860956 -0.00016975458
vn 0.6855408 0.7276152 -0.024694927
vn -0.24621464 -0.5553792 0.7943124
vn 0.004517851 -0.97082156 0.2397605
vn 0.019769559 -0.7283114 0.6849611
vn -0.35038877 -0.90272295 0.24963775
vn 0.0026414187 -0.5645286 0.8254093
vn -0.56022173 -0.5936529 0.5776918
vn -0.22925614 -0.5181102 0.82401663
vn -0.0018066011 0.28393623 0.9588414
vn -0.67416054 -0.6832075 0.2805977
vn -0.8975908 -0.36485222 0.24741405
vn -0.80495954 -0.36260432 0.46963638
vn -0.87959486 -0.00010372549 0.47572362
vn 0.11291536 0.24663012 0.96250904
vn -0.0013034053 0.8912776 0.45345604
vn -0.39722317 -0.3663402 0.84143245
vn 0.36030015 0.8034485 0.47397712
vn 0.0008331267 0.99999404 0.003372946
vn 0.4011989 0.9159894 0.0016779477
vn 0.16716208 0.14622205 0.97502613
vn 0.6319824 0.57814527 0.5160876
vn 0.71844274 0.69558436 0.0015638442
vn -0.5270333 -0.20786424 0.8240317
vn 0.2480508 0.10180782 0.9633826
vn 0.8060193 0.3289342 0.4920724
vn 0.9140198 0.4056213 0.0062540486
vn 0.99527717 0.09635877 0.011755982
vn 0.21726204 0.0076376735 0.9760834
vn 0.85006666 0.038381185 0.52527475
vn 0.978289 -0.20679954 0.0135864075
vn 0.8361362 -0.243728 0.4913989
vn 0.8558867 -0.5171131 0.0072129937
vn -0.517707 -0.016976155 0.8553896
vn 0.23501475 -0.08236073 0.96849614
vn -0.9587115 -0.027264614 0.28307045
vn -0.55021304 0.16922334 0.8176974
vn -0.9115606 0.32953316 0.24589649
vn -0.80722964 0.25418648 0.5327001
vn -0.59204876 0.4782769 0.64863664
vn -0.70081747 0.61376125 0.363527
vn -0.33382767 0.6164386 0.7131358
vn -0.3417505 0.27985862 0.8971543
vn -0.4748835 0.8144094 0.3335012
vn -0.15301205 0.60179865 0.78385305
vn 0.19472529 -0.14980769 0.96935016
vn -0.20627485 0.9147178 0.3474796
vn 0.0025159067 0.6284478 0.77784765
vn -0.24511024 0.4001327 0.88307124
vn 0.69929093 -0.50042963 0.5104531
vn -0.016078806 0.97548157 0.21949299
vn 0.16026218 0.60973394 0.77623487
vn -0.092131026 0.45422393 0.8861108
vn 0.14733203 -0.22452253 0.9632668
vn 0.49842292 -0.719248 0.48400095
vn 0.6144961 -0.788911 -0.0037556472
vn 0.22768475 0.9135717 0.3369666
vn 0.3312988 0.6305141 0.70192087
vn -0.024403336 0.5686022 0.82225055
vn 0.09472858 -0.30854324 0.94648165
vn 0.23091418 -0.8754038 0.4246725
vn 0.29748553 -0.95472604 -0.0007199247
vn 0.46887326 0.8169837 0.3357014
vn 0.60604846 0.48127457 0.6333088
vn 0.113561764 0.43515512 0.89316493
vn -0.010206942 -0.2877753 0.95764357
vn -0.01167151 -0.8794496 0.47584897
vn 0.0013155872 -0.9999598 0.008873628
vn 0.705913 0.6046042 0.36897212
vn 0.8112035 0.26060906 0.52348053
vn 0.23687454 0.39983228 0.8854517
vn -0.08116703 -0.3118841 0.94664687
vn -0.21269321 -0.8860083 0.41200837
vn -0.2917022 -0.9564321 0.01213718
vn -0.1518411 -0.2286451 0.96159536
vn -0.4989635 -0.7209382 0.48091942
vn -0.61485904 -0.7884419 0.017541053
vn 0.35434383 0.26873505 0.8956685
vn 0.9079365 0.32809347 0.26077947
vn -0.19579545 -0.15001476 0.96910256
vn -0.7058357 -0.48993716 0.51162255
vn -0.86365753 -0.504061 0.0042678956
vn -0.97793895 -0.20884618 -0.0042982106
vn 0.55554515 0.16925307 0.814078
vn 0.95863986 -0.023673682 0.28363568
vn 0.88074166 -0.0067167184 0.47354928
vn 0.8089648 -0.3457585 0.47542292
vn -0.8369336 -0.235945 0.49383426
vn -0.9954758 0.095005006 -0.001387799
vn -0.23140247 -0.075762875 0.9699036
vn -0.85036194 0.03610056 0.5249584
vn -0.9167007 0.39954203 0.005108673
vn 0.51829445 -0.0043804147 0.855191
vn -0.20994157 0.008163336 0.9776799
vn 0.8989502 -0.36547518 0.241488
vn 0.5594116 -0.56881076 0.6029204
vn -0.24915318 0.09327293 0.9639621
vn 0.52248603 -0.21163918 0.82596433
vn 0.6633744 -0.69243616 0.28366616
vn 0.18916555 -0.57002175 0.79955715
vn -0.811467 0.31569317 0.49179184
vn 0.39316556 -0.37408853 0.83992773
vn 0.35571495 -0.90152985 0.24639578
vn 0.019769559 -0.7283114 0.6849611
vn 0.004517851 -0.97082156 0.2397605
vn 0.2384906 -0.52166295 0.81913984
vn 0.0026414187 -0.5645286 0.8254093
vn -0.1608892 0.15034795 0.9754538
vn -0.6274007 0.5870013 0.5116617
vn -0.7173009 0.6967168 0.008072208
vn -0.11441488 0.24268922 0.9633333
vn -0.0018066011 0.28393623 0.9588414
vn -0.36402628 0.8048415 0.46873766
vn -0.40022567 0.9164014 0.0052885697
vn -0.0013034053 0.8912776 0.45345604
vn 0.0008331267 0.99999404 0.003372946
vn -0.8425899 -0.5380812 -0.022597836
vn -0.58569366 -0.74737453 0.31367853
vn -0.6274041 -0.7775963 -0.041328866
vn -0.6323682 -0.45398572 -0.62770015
vn -0.57957053 -0.6731797 -0.45926794
vn -0.71175474 -0.27692497 -0.6455369
vn -0.7369376 -0.53578687 -0.41213518
vn -0.9829228 -0.08947495 -0.1608011
vn -0.99984014 -0.01779162 0.0017657969
vn -0.9998301 -0.018013176 -0.003886502
vn -0.9819614 -0.10409742 0.15784617
vn -0.6234766 -0.20355916 0.7548779
vn -0.8423194 -0.47415337 0.25627446
vn -0.543586 -0.3171825 0.7771161
vn -0.49734136 -0.43421385 0.75107247
vn -0.93893915 -0.19061129 0.28646222
vn -0.9085226 -0.11860587 0.4006488
vn -0.6183737 -0.063317195 0.7833294
vn -0.6819106 -0.0110086 0.73135275
vn -0.86083657 -0.12532918 0.49320692
vn -0.6913388 -0.004429377 0.72251713
vn -0.31675202 -0.03988458 0.94766945
vn -0.67471856 -0.0012504641 0.7380741
vn -0.38853586 -0.05637888 0.9197072
vn -0.61978745 -0.36267203 0.69594
vn -0.918661 -0.01882692 0.39459777
vn -0.5952541 -0.0061223665 0.8035142
vn -0.44048136 -0.012268638 0.8976779
vn -0.8825764 -0.038474508 0.46859217
vn -0.39718267 -0.022630624 0.91746056
vn -0.67659676 -0.5788745 0.45510545
vn -0.3025256 -0.2826651 0.910263
vn -0.18770441 -0.35180417 0.917061
vn -0.50185 -0.750523 0.4299556
vn -0.39602298 -0.53580076 0.74571
vn -0.106638804 -0.23426026 0.9663076
vn -0.23822455 -0.61985326 0.74768376
vn -0.31515062 -0.76844114 0.55693656
vn -0.025348604 -0.28579688 0.9579549
vn -0.0840873 -0.66427845 0.7427405
vn -0.099103205 -0.8562499 0.5069661
vn 0.108424544 -0.40978968 0.9057133
vn 0.093537286 -0.64602053 0.7575674
vn 0.17926912 -0.895277 0.40784997
vn 0.12046717 -0.36682206 0.9224583
vn 0.25059184 -0.5872721 0.76962024
vn 0.31082937 -0.8357446 0.45267645
vn 0.23310807 -0.38880196 0.8913438
vn 0.36656874 -0.5250027 0.76811427
vn 0.45129058 -0.7755977 0.44134453
vn 0.5092783 -0.35996696 0.78170294
vn 0.39533347 -0.17187226 0.9023144
vn 0.74919903 -0.49724138 0.437552
vn 0.60538036 -0.2553513 0.7538636
vn 0.8633872 -0.40567207 0.29998776
vn 0.61711687 -0.3371542 0.71098095
vn 0.6285944 -0.22640976 0.7440482
vn 0.9192838 -0.31201923 0.23991925
vn 0.59559536 -0.24545199 0.76486564
vn 0.6576635 -0.08028636 0.7490212
vn 0.9777935 -0.10515477 0.18127954
vn 0.62249297 -0.07345888 0.7791703
vn 0.59423184 -0.028316151 0.8037952
vn 0.95176864 -0.03400656 0.30492622
vn 0.67801094 0.003709048 0.73504245
vn 0.5139657 -0.001756181 0.85780895
vn 0.69248635 0.00072199694 0.7214306
vn 0.93665844 -0.0060125142 0.35019246
vn 0.39013705 -0.021936685 0.9204955
vn 0.5933589 -0.0038156016 0.80492896
vn 0.88957155 -0.03783477 0.45522636
vn 0.7139662 0.25867745 -0.6506445
vn 0.07140714 0.0097267935 -0.9973999
vn 0.7757233 0.0074834405 -0.6310288
vn 0.7483607 -0.28725505 -0.59786344
vn 0.027585631 0.06285748 -0.9976412
vn -0.013246255 0.0027022809 -0.9999087
vn 0.08636229 0.12427209 -0.98848265
vn 0.6733744 0.44751805 -0.5884679
vn 0.56266385 0.6282708 -0.53729427
vn 0.088033706 -0.06267921 -0.99414355
vn 0.11872687 0.16019675 -0.97991884
vn 0.053738184 0.1099292 -0.99248564
vn 0.30448133 0.7280073 -0.6142445
vn -0.02759799 0.8289206 -0.55868506
vn 0.0007458056 0.16849495 -0.9857022
vn -0.39309037 0.72516215 -0.5653493
vn -0.07359026 0.14390379 -0.98685163
vn -0.0855752 0.06120238 -0.9944502
vn 0.06279404 -0.12816192 -0.98976326
vn -0.6357848 0.46532926 -0.61583
vn -0.8273489 0.18537185 -0.53021795
vn -0.20327628 0.0614794 -0.97718936
vn -0.7791551 -0.120297104 -0.6151796
vn -0.08756551 -0.013252446 -0.9960706
vn -0.23541461 -0.17620698 -0.9557882
vn -0.7412654 -0.45355687 -0.4947844
vn -0.65483814 -0.70665395 -0.268006
vn -0.37863767 -0.38113263 -0.8434284
vn -0.16237608 -0.38523734 -0.90841955
vn -0.35553965 -0.8447891 -0.39990363
vn -0.02762988 -0.96011686 -0.27823052
vn -0.02332305 -0.51581883 -0.8563802
vn 0.01581818 -0.22405681 -0.97444767
vn 0.24678609 -0.76440674 -0.5956332
vn 0.49512288 -0.6456422 -0.5813771
vn 0.045934167 -0.10373459 -0.99354374
vn 0.6323049 -0.5123283 -0.5811285
vn -0.0032685956 -0.90430266 0.42687944
vn 0.13014992 -0.6639482 0.7363654
vn -0.10030378 -0.6200468 0.7781267
vn -0.3731757 -0.8238546 0.42661867
vn 0.02142153 -0.8977493 0.43998563
vn 0.106011316 -0.80460656 0.5842688
vn 0.33440623 -0.8036808 0.49220887
vn 0.27522308 -0.8942127 0.3530379
vn 0.40670946 -0.8612707 0.30463108
vn 0.7447149 -0.5294959 0.40624344
vn 0.3910269 -0.44806388 0.80395067
vn 0.10515684 -0.23257694 0.9668764
vn 0.46245104 -0.28354356 0.84008455
vn 0.8745659 -0.16621007 0.45553115
vn 0.5082555 -0.08753279 0.85674644
vn 0.07519441 -0.046934083 0.99606377
vn -0.02903097 -0.16387704 0.9860535
vn 0.032797266 -0.40851268 0.91216326
vn 0.0009964267 -0.3899153 0.92085016
vn 0.07417935 -0.044482358 0.99625236
vn 0.017164059 -0.20681791 0.97822887
vn 0.6013315 -0.17588975 0.77939934
vn 0.61245227 -0.28263557 0.73825425
vn 0.054668665 -0.4005662 0.91463554
vn 0.4842189 -0.23171228 0.84370697
vn -0.0026703593 -0.028682603 0.999585
vn -0.0124534285 -0.91338927 0.4068967
vn 0.0008185251 -0.025638891 0.99967086
vn -0.061452866 -0.91730446 0.39341596
vn -0.43753678 -0.8670484 0.23830378
vn -0.010849303 -0.39917746 0.9168095
vn -0.22027156 -0.45372948 0.863487
vn -0.7583755 -0.34136042 0.55528337
vn -0.76493156 -0.04302015 0.6426733
vn -0.17906454 -0.03693026 0.983144
vn -0.001839794 -0.0292146 0.9995715
vn -0.32794714 -0.15309142 0.932209
vn -0.8808163 -0.09261881 0.46431062
vn 0.017199159 -0.0999523 0.9948436
vn -0.01733781 -0.09786163 0.99504894
vn 0.026072962 -0.14193112 0.9895331
vn 0.030377408 -0.3726826 0.92746145
vn -0.046339586 -0.3898587 0.919708
vn -0.024551744 -0.37292942 0.9275349
vn 0.015931213 -0.40063488 0.91609925
vn 0.012199438 -0.42237255 0.9063402
vn -0.24862261 -0.39707038 0.8834715
vn -0.8389333 -0.2528445 0.48193425
vn -0.01100624 -0.37042898 0.92879564
vn 0.006722151 -0.4367096 0.89957744
vn 0.004236304 -0.09083018 0.9958574
vn -0.22945192 -0.34255257 0.91104865
vn -0.7904118 -0.22980769 0.5678358
vn -0.7525995 -0.07140772 0.6545952
vn -0.017167343 -0.36935115 0.92913127
vn 0.11153827 -0.30401865 0.94611406
vn 0.45173043 -0.051618565 0.89066
vn -0.023840506 -0.08790474 0.9958436
vn -0.016978921 0.006983283 0.99983144
vn 0.00228292 0.003032535 0.99999285
vn 0.14140122 -0.09304039 0.98557043
vn 0.607373 0.026636971 0.7939701
vn -0.010688748 -0.0935926 0.9955532
vn 0.011857172 -0.060091127 0.9981224
vn 0.0055341693 0.009745281 0.9999372
vn -0.013916727 0.004762472 0.9998919
vn -0.005193586 0.0025131102 0.99998343
vn -0.00237833 0.0009696118 0.9999968
vn -0.17691495 -0.09405459 0.9797218
vn -0.2921079 0.020827984 0.9561585
vn -0.849621 0.039043833 0.5259465
vn -0.26512536 0.06299394 0.96215403
vn -0.7911469 0.1848812 0.5830142
vn -0.006810279 0.0009180113 0.9999764
vn -0.2376475 0.13979252 0.9612397
vn -0.6986893 0.41666782 0.581568
vn -0.14210728 0.109726876 0.98375076
vn -0.5102734 0.5051388 0.6960287
vn -7.3231706E-05 -0.00028165273 1
vn 0.0011411423 0.00010603066 0.9999994
vn -0.058257986 0.1359716 0.98899835
vn -0.28446192 0.61746585 0.7333603
vn -0.22567591 0.79186326 0.5674708
vn 0.0055810036 -0.007458377 0.9999566
vn 0.011757866 -0.013980557 0.9998331
vn -0.08902143 0.24320285 0.9658817
vn -0.065285936 0.56951356 0.81938523
vn -0.00022667526 -0.006201614 0.9999808
vn 0.00031453042 -0.013808468 0.99990463
vn -0.0022937816 0.0352202 0.99937695
vn 0.00045029935 -0.011642646 0.99993217
vn 0.0021681325 -0.023692396 0.99971694
vn 0.024090499 0.082701504 0.9962831
vn 0.14959314 0.62151253 0.768989
vn -0.003141758 -0.008548947 0.9999585
vn -0.005515103 -0.010804052 0.99992645
vn 0.0753398 0.106735006 0.99142903
vn 0.37919006 0.5728026 0.7267132
vn -0.00660943 -0.009001053 0.99993765
vn -0.010447543 -0.024020575 0.9996568
vn 0.060901366 0.04450664 0.9971511
vn 0.5237277 0.37305593 0.76585805
vn -0.0043722335 -0.0019805047 0.99998856
vn -0.007538712 0.0019053943 0.99996984
vn 0.05124235 0.010825359 0.99862754
vn 0.5240983 0.13003597 0.841672
vn -0.0047713947 -0.0019172054 0.99998677
vn -0.006722562 -0.0022008053 0.99997497
vn 0.08994241 0.0065072826 0.9959258
vn -0.0035041475 0.0034342946 0.99998796
vn 0.20874503 0.9779563 0.005187906
vn -0.3296956 0.876591 0.3505553
vn -0.3608644 0.93260443 0.0050774748
vn 0.25788376 0.9063752 0.33463404
vn 0.7949481 0.605255 0.04151934
vn 0.23083565 0.8851612 0.403986
vn -0.34453937 0.84669536 0.4054621
vn -0.35384282 0.9352931 0.004721496
vn 0.73524535 0.5634691 0.3767187
vn 0.99968076 0.0009540267 0.025250096
vn 0.93347484 0.0005555812 0.35864252
vn 0.7950335 -0.6049825 0.04379228
vn 0.7321059 0.5373817 0.41861895
vn 0.24905488 0.96847993 0.0042741457
vn 0.73514336 -0.563191 0.37733284
vn 0.31148186 -0.9502512 0.0012217398
vn 0.23484528 0.9687709 0.07956452
vn 0.7876663 0.602352 0.12943582
vn -0.350166 0.9322201 0.09137495
vn -0.33972678 0.92025685 0.19419837
vn 0.2769164 0.94698423 0.16290516
vn 0.7559195 0.5978186 0.26683074
vn 0.9522094 0 0.305446
vn 0.78646237 0.6176231 0.0043075453
vn 0.91610473 0 0.40093908
vn 0.9999833 0 0.0057859356
vn 0.98826015 0 0.1527803
vn 0.78766644 -0.602352 0.12943594
vn 0.7559195 -0.5978184 0.26683107
vn 0.27691638 -0.94698435 0.16290459
vn 0.7325442 -0.5372166 0.41806388
vn 0.7867594 -0.6172392 0.005036909
vn 0.23484528 -0.9687709 0.079564236
vn -0.33972687 -0.9202571 0.19419716
vn 0.23025012 -0.88540673 0.403782
vn 0.24835551 -0.9686584 0.0045160274
vn -0.3501662 -0.9322201 0.09137453
vn -0.7742638 -0.60753477 0.17724845
vn -0.35395914 -0.93525356 0.003711934
vn -0.8245447 -0.55754083 0.096302256
vn -0.96241254 0 0.27159175
vn -0.8172744 -0.5762302 0.004604385
vn -0.34449536 -0.84630245 0.40631908
vn 0.2101561 -0.92141986 0.32683328
vn -0.35748902 -0.93391556 0.001841227
vn -0.3283818 -0.8774039 0.34975386
vn -0.7466167 -0.5475081 0.37788656
vn -0.82131904 -0.5682595 0.050161105
vn -0.9350402 0 0.35454178
vn -0.9998242 0 0.018749129
vn -0.82131904 0.5682595 0.050161105
vn -0.754959 -0.51236224 0.40929446
vn -0.7466167 0.54750806 0.37788656
vn -0.3608644 0.93260443 0.0050774748
vn -0.3296956 0.876591 0.3505553
vn -0.34453937 0.84669536 0.4054621
vn -0.91820633 -8.838484E-05 0.39610255
vn -0.7553535 0.51228833 0.40865836
vn -0.99997735 -9.893562E-05 0.0067394613
vn -0.81741875 0.5760195 0.0053005274
vn -0.35384282 0.9352931 0.004721496
vn -0.350166 0.9322201 0.09137495
vn -0.9907442 0 0.13574271
vn -0.8245448 0.5575408 0.09630226
vn -0.7742638 0.60753477 0.17724854
vn -0.33972678 0.92025685 0.19419837
vn 0.053145193 0 0.9985868
vn 0.011919259 0 0.99992895
vn 0.01191926 0 0.99992895
vn 0.0049054795 0 0.99998796
vn 0.0049054786 0 0.99998796
vn -0.0070190723 0 0.99997544
vn -0.007019074 0 0.99997544
vn -0.024295408 0 0.9997048
vn -0.02429541 0 0.9997048
vn -0.02415704 0 0.9997081
vn 0.025959259 0 -0.999663
vn -0.0031557006 0 -0.999995
vn -0.0031557006 0 -0.999995
vn 0.00509926 0 -0.999987
vn 0.0026117219 0.00073769205 -0.9999963
vn 0.0006668527 0.00061026006 -0.99999964
vn -0.00092304085 0.0010044404 -0.99999905
vn -0.012013706 0.00080917566 -0.9999275
vn -0.009804423 0 -0.99995196
vn 0.0067671738 0 -0.9999771
g sawnoffshotgun_mesh_0
f 3/3/3 2/2/2 1/1/1
f 6/6/6 5/5/5 4/4/4
f 8/8/8 6/6/6 7/7/7
f 8/8/8 7/7/7 9/9/9
f 9/9/9 10/10/10 8/8/8
f 11/11/11 8/8/8 10/10/10
f 11/11/11 12/12/12 8/8/8
f 13/13/13 9/9/9 7/7/7
f 9/9/9 14/14/14 10/10/10
f 13/13/13 15/15/15 9/9/9
f 14/14/14 9/9/9 15/15/15
f 10/10/10 16/16/16 11/11/11
f 17/17/17 10/10/10 14/14/14
f 10/10/10 17/17/17 16/16/16
f 12/12/12 11/11/11 18/18/18
f 19/19/19 11/11/11 16/16/16
f 19/19/19 20/20/20 11/11/11
f 20/20/20 19/19/19 21/21/21
f 18/18/18 22/22/22 12/12/12
f 21/21/21 23/23/23 18/18/18
f 22/22/22 18/18/18 23/23/23
f 24/24/24 12/12/12 22/22/22
f 12/12/12 24/24/24 25/25/25
f 26/26/26 25/25/25 24/24/24
f 26/26/26 27/27/27 25/25/25
f 16/16/16 28/28/28 19/19/19
f 29/29/29 16/16/16 17/17/17
f 16/16/16 29/29/29 28/28/28
f 30/30/30 21/21/21 19/19/19
f 30/30/30 19/19/19 28/28/28
f 24/24/24 22/22/22 31/31/31
f 26/26/26 24/24/24 32/32/32
f 31/31/31 32/32/32 24/24/24
f 33/33/33 27/27/27 26/26/26
f 32/32/32 33/33/33 26/26/26
f 34/34/34 31/31/31 22/22/22
f 22/22/22 23/23/23 34/34/34
f 23/23/23 21/21/21 35/35/35
f 21/21/21 30/30/30 36/36/36
f 36/36/36 35/35/35 21/21/21
f 37/37/37 34/34/34 23/23/23
f 23/23/23 35/35/35 37/37/37
f 28/28/28 38/38/38 30/30/30
f 39/39/39 36/36/36 30/30/30
f 39/39/39 30/30/30 38/38/38
f 28/28/28 40/40/40 38/38/38
f 40/40/40 28/28/28 29/29/29
f 32/32/32 41/41/41 33/33/33
f 41/41/41 32/32/32 42/42/42
f 43/43/43 33/33/33 41/41/41
f 31/31/31 42/42/42 32/32/32
f 33/33/33 43/43/43 44/44/44
f 33/33/33 44/44/44 27/27/27
f 42/42/42 31/31/31 45/45/45
f 34/34/34 45/45/45 31/31/31
f 45/45/45 34/34/34 46/46/46
f 37/37/37 46/46/46 34/34/34
f 45/45/45 47/47/47 42/42/42
f 45/45/45 48/48/48 47/47/47
f 49/49/49 44/44/44 43/43/43
f 44/44/44 49/49/49 50/50/50
f 49/49/49 43/43/43 51/51/51
f 49/49/49 51/51/51 52/52/52
f 52/52/52 50/50/50 49/49/49
f 53/53/53 42/42/42 47/47/47
f 53/53/53 54/54/54 42/42/42
f 55/55/55 50/50/50 52/52/52
f 55/55/55 52/52/52 56/56/56
f 53/53/53 47/47/47 57/57/57
f 53/53/53 57/57/57 54/54/54
f 55/55/55 58/58/58 50/50/50
f 56/56/56 59/59/59 55/55/55
f 50/50/50 60/60/60 44/44/44
f 61/61/61 44/44/44 60/60/60
f 61/61/61 27/27/27 44/44/44
f 61/61/61 62/62/62 27/27/27
f 62/62/62 61/61/61 60/60/60
f 7/7/7 27/27/27 62/62/62
f 27/27/27 7/7/7 63/63/63
f 7/7/7 62/62/62 13/13/13
f 64/64/64 13/13/13 62/62/62
f 62/62/62 60/60/60 64/64/64
f 64/64/64 65/65/65 13/13/13
f 15/15/15 13/13/13 65/65/65
f 66/66/66 50/50/50 58/58/58
f 60/60/60 50/50/50 67/67/67
f 66/66/66 67/67/67 50/50/50
f 68/68/68 64/64/64 60/60/60
f 60/60/60 67/67/67 68/68/68
f 66/66/66 58/58/58 69/69/69
f 70/70/70 69/69/69 58/58/58
f 67/67/67 66/66/66 71/71/71
f 69/69/69 71/71/71 66/66/66
f 65/65/65 64/64/64 72/72/72
f 68/68/68 72/72/72 64/64/64
f 73/73/73 68/68/68 67/67/67
f 67/67/67 71/71/71 73/73/73
f 72/72/72 68/68/68 74/74/74
f 73/73/73 74/74/74 68/68/68
f 15/15/15 65/65/65 75/75/75
f 65/65/65 72/72/72 76/76/76
f 76/76/76 75/75/75 65/65/65
f 72/72/72 74/74/74 77/77/77
f 77/77/77 76/76/76 72/72/72
f 75/75/75 78/78/78 15/15/15
f 14/14/14 15/15/15 78/78/78
f 78/78/78 79/79/79 14/14/14
f 17/17/17 14/14/14 79/79/79
f 79/79/79 80/80/80 17/17/17
f 29/29/29 17/17/17 80/80/80
f 80/80/80 81/81/81 29/29/29
f 40/40/40 29/29/29 81/81/81
f 74/74/74 73/73/73 82/82/82
f 83/83/83 77/77/77 74/74/74
f 74/74/74 82/82/82 83/83/83
f 84/84/84 82/82/82 73/73/73
f 84/84/84 73/73/73 71/71/71
f 71/71/71 85/85/85 84/84/84
f 71/71/71 69/69/69 85/85/85
f 86/86/86 85/85/85 69/69/69
f 69/69/69 70/70/70 86/86/86
f 82/82/82 84/84/84 87/87/87
f 88/88/88 84/84/84 85/85/85
f 88/88/88 87/87/87 84/84/84
f 89/89/89 83/83/83 82/82/82
f 82/82/82 87/87/87 89/89/89
f 85/85/85 86/86/86 90/90/90
f 85/85/85 90/90/90 88/88/88
f 77/77/77 83/83/83 91/91/91
f 83/83/83 89/89/89 92/92/92
f 92/92/92 91/91/91 83/83/83
f 91/91/91 93/93/93 77/77/77
f 76/76/76 77/77/77 93/93/93
f 93/93/93 94/94/94 76/76/76
f 75/75/75 76/76/76 94/94/94
f 94/94/94 95/95/95 75/75/75
f 78/78/78 75/75/75 95/95/95
f 95/95/95 96/96/96 78/78/78
f 79/79/79 78/78/78 96/96/96
f 96/96/96 97/97/97 79/79/79
f 80/80/80 79/79/79 97/97/97
f 97/97/97 98/98/98 80/80/80
f 81/81/81 80/80/80 98/98/98
f 93/93/93 99/99/99 94/94/94
f 94/94/94 100/100/100 95/95/95
f 100/100/100 94/94/94 99/99/99
f 95/95/95 101/101/101 96/96/96
f 101/101/101 95/95/95 100/100/100
f 96/96/96 102/102/102 97/97/97
f 102/102/102 96/96/96 101/101/101
f 97/97/97 103/103/103 98/98/98
f 103/103/103 97/97/97 102/102/102
f 98/98/98 104/104/104 81/81/81
f 104/104/104 98/98/98 103/103/103
f 99/99/99 93/93/93 105/105/105
f 91/91/91 105/105/105 93/93/93
f 106/106/106 81/81/81 104/104/104
f 81/81/81 106/106/106 40/40/40
f 107/107/107 40/40/40 106/106/106
f 107/107/107 38/38/38 40/40/40
f 38/38/38 107/107/107 108/108/108
f 38/38/38 108/108/108 39/39/39
f 102/102/102 109/109/109 103/103/103
f 103/103/103 110/110/110 104/104/104
f 110/110/110 103/103/103 109/109/109
f 111/111/111 104/104/104 110/110/110
f 106/106/106 104/104/104 111/111/111
f 106/106/106 111/111/111 112/112/112
f 106/106/106 113/113/113 107/107/107
f 106/106/106 112/112/112 113/113/113
f 110/110/110 114/114/114 111/111/111
f 110/110/110 109/109/109 114/114/114
f 109/109/109 102/102/102 115/115/115
f 101/101/101 115/115/115 102/102/102
f 116/116/116 108/108/108 107/107/107
f 116/116/116 107/107/107 113/113/113
f 117/117/117 112/112/112 111/111/111
f 117/117/117 111/111/111 114/114/114
f 118/118/118 114/114/114 109/109/109
f 109/109/109 115/115/115 118/118/118
f 115/115/115 101/101/101 119/119/119
f 100/100/100 119/119/119 101/101/101
f 120/120/120 118/118/118 115/115/115
f 115/115/115 119/119/119 120/120/120
f 120/120/120 121/121/121 118/118/118
f 122/122/122 118/118/118 121/121/121
f 118/118/118 122/122/122 114/114/114
f 114/114/114 123/123/123 117/117/117
f 123/123/123 114/114/114 122/122/122
f 119/119/119 100/100/100 124/124/124
f 99/99/99 124/124/124 100/100/100
f 125/125/125 120/120/120 119/119/119
f 120/120/120 125/125/125 121/121/121
f 119/119/119 124/124/124 125/125/125
f 126/126/126 121/121/121 125/125/125
f 127/127/127 117/117/117 123/123/123
f 117/117/117 127/127/127 112/112/112
f 123/123/123 122/122/122 128/128/128
f 122/122/122 121/121/121 128/128/128
f 127/127/127 123/123/123 129/129/129
f 128/128/128 129/129/129 123/123/123
f 124/124/124 99/99/99 130/130/130
f 105/105/105 130/130/130 99/99/99
f 131/131/131 125/125/125 124/124/124
f 125/125/125 131/131/131 126/126/126
f 132/132/132 126/126/126 131/131/131
f 131/131/131 133/133/133 132/132/132
f 131/131/131 124/124/124 133/133/133
f 130/130/130 133/133/133 124/124/124
f 134/134/134 132/132/132 133/133/133
f 133/133/133 135/135/135 134/134/134
f 133/133/133 130/130/130 135/135/135
f 105/105/105 136/136/136 130/130/130
f 105/105/105 91/91/91 136/136/136
f 137/137/137 135/135/135 130/130/130
f 137/137/137 130/130/130 136/136/136
f 136/136/136 91/91/91 138/138/138
f 92/92/92 138/138/138 91/91/91
f 138/138/138 92/92/92 139/139/139
f 140/140/140 136/136/136 138/138/138
f 139/139/139 140/140/140 138/138/138
f 137/137/137 136/136/136 141/141/141
f 142/142/142 141/141/141 136/136/136
f 142/142/142 139/139/139 141/141/141
f 135/135/135 137/137/137 143/143/143
f 141/141/141 143/143/143 137/137/137
f 144/144/144 134/134/134 135/135/135
f 135/135/135 143/143/143 144/144/144
f 145/145/145 141/141/141 139/139/139
f 141/141/141 145/145/145 143/143/143
f 146/146/146 144/144/144 143/143/143
f 144/144/144 147/147/147 134/134/134
f 146/146/146 147/147/147 144/144/144
f 143/143/143 148/148/148 146/146/146
f 148/148/148 143/143/143 145/145/145
f 149/149/149 146/146/146 148/148/148
f 149/149/149 147/147/147 146/146/146
f 149/149/149 150/150/150 147/147/147
f 148/148/148 151/151/151 149/149/149
f 148/148/148 145/145/145 151/151/151
f 152/152/152 150/150/150 149/149/149
f 152/152/152 149/149/149 151/151/151
f 153/153/153 151/151/151 145/145/145
f 151/151/151 154/154/154 152/152/152
f 151/151/151 153/153/153 154/154/154
f 153/153/153 145/145/145 155/155/155
f 139/139/139 155/155/155 145/145/145
f 152/152/152 156/156/156 150/150/150
f 156/156/156 152/152/152 154/154/154
f 157/157/157 154/154/154 153/153/153
f 153/153/153 155/155/155 157/157/157
f 154/154/154 158/158/158 156/156/156
f 154/154/154 157/157/157 158/158/158
f 159/159/159 156/156/156 158/158/158
f 156/156/156 159/159/159 150/150/150
f 160/160/160 158/158/158 157/157/157
f 161/161/161 150/150/150 159/159/159
f 161/161/161 162/162/162 150/150/150
f 163/163/163 162/162/162 161/161/161
f 163/163/163 164/164/164 162/162/162
f 157/157/157 165/165/165 160/160/160
f 165/165/165 157/157/157 155/155/155
f 166/166/166 160/160/160 165/165/165
f 167/167/167 150/150/150 162/162/162
f 167/167/167 147/147/147 150/150/150
f 168/168/168 147/147/147 167/167/167
f 168/168/168 134/134/134 147/147/147
f 168/168/168 167/167/167 169/169/169
f 162/162/162 169/169/169 167/167/167
f 169/169/169 134/134/134 168/168/168
f 170/170/170 162/162/162 164/164/164
f 164/164/164 171/171/171 170/170/170
f 155/155/155 172/172/172 165/165/165
f 155/155/155 139/139/139 172/172/172
f 173/173/173 172/172/172 139/139/139
f 173/173/173 139/139/139 92/92/92
f 92/92/92 174/174/174 173/173/173
f 173/173/173 174/174/174 172/172/172
f 174/174/174 92/92/92 89/89/89
f 172/172/172 175/175/175 165/165/165
f 175/175/175 172/172/172 174/174/174
f 89/89/89 176/176/176 174/174/174
f 175/175/175 174/174/174 176/176/176
f 176/176/176 89/89/89 87/87/87
f 177/177/177 165/165/165 175/175/175
f 175/175/175 176/176/176 177/177/177
f 177/177/177 166/166/166 165/165/165
f 177/177/177 178/178/178 166/166/166
f 178/178/178 177/177/177 176/176/176
f 87/87/87 179/179/179 176/176/176
f 178/178/178 176/176/176 179/179/179
f 87/87/87 88/88/88 179/179/179
f 179/179/179 180/180/180 178/178/178
f 181/181/181 178/178/178 180/180/180
f 182/182/182 179/179/179 88/88/88
f 179/179/179 182/182/182 180/180/180
f 183/183/183 180/180/180 182/182/182
f 182/182/182 88/88/88 90/90/90
f 182/182/182 90/90/90 183/183/183
f 184/184/184 183/183/183 90/90/90
f 90/90/90 185/185/185 184/184/184
f 186/186/186 184/184/184 185/185/185
f 185/185/185 90/90/90 86/86/86
f 185/185/185 187/187/187 186/186/186
f 188/188/188 186/186/186 187/187/187
f 187/187/187 189/189/189 188/188/188
f 190/190/190 188/188/188 189/189/189
f 190/190/190 189/189/189 191/191/191
f 86/86/86 192/192/192 185/185/185
f 187/187/187 185/185/185 192/192/192
f 187/187/187 192/192/192 189/189/189
f 192/192/192 86/86/86 70/70/70
f 70/70/70 193/193/193 192/192/192
f 193/193/193 70/70/70 59/59/59
f 194/194/194 191/191/191 189/189/189
f 191/191/191 194/194/194 195/195/195
f 196/196/196 195/195/195 194/194/194
f 196/196/196 194/194/194 197/197/197
f 198/198/198 197/197/197 194/194/194
f 194/194/194 189/189/189 198/198/198
f 197/197/197 198/198/198 199/199/199
f 200/200/200 189/189/189 192/192/192
f 200/200/200 198/198/198 189/189/189
f 200/200/200 192/192/192 193/193/193
f 201/201/201 199/199/199 198/198/198
f 198/198/198 200/200/200 201/201/201
f 193/193/193 201/201/201 200/200/200
f 199/199/199 201/201/201 202/202/202
f 203/203/203 202/202/202 201/201/201
f 202/202/202 203/203/203 204/204/204
f 205/205/205 204/204/204 203/203/203
f 193/193/193 206/206/206 201/201/201
f 203/203/203 201/201/201 206/206/206
f 59/59/59 206/206/206 193/193/193
f 206/206/206 59/59/59 207/207/207
f 206/206/206 207/207/207 203/203/203
f 56/56/56 207/207/207 59/59/59
f 208/208/208 205/205/205 203/203/203
f 209/209/209 205/205/205 208/208/208
f 210/210/210 209/209/209 208/208/208
f 203/203/203 211/211/211 208/208/208
f 211/211/211 203/203/203 207/207/207
f 211/211/211 207/207/207 212/212/212
f 213/213/213 212/212/212 207/207/207
f 213/213/213 207/207/207 56/56/56
f 208/208/208 214/214/214 210/210/210
f 214/214/214 208/208/208 211/211/211
f 211/211/211 212/212/212 214/214/214
f 215/215/215 210/210/210 214/214/214
f 216/216/216 213/213/213 56/56/56
f 213/213/213 216/216/216 212/212/212
f 217/217/217 215/215/215 214/214/214
f 215/215/215 217/217/217 218/218/218
f 219/219/219 218/218/218 217/217/217
f 220/220/220 216/216/216 56/56/56
f 220/220/220 56/56/56 221/221/221
f 221/221/221 51/51/51 220/220/220
f 222/222/222 220/220/220 51/51/51
f 214/214/214 223/223/223 217/217/217
f 223/223/223 214/214/214 212/212/212
f 224/224/224 219/219/219 217/217/217
f 224/224/224 217/217/217 223/223/223
f 225/225/225 219/219/219 224/224/224
f 216/216/216 220/220/220 226/226/226
f 226/226/226 212/212/212 216/216/216
f 220/220/220 222/222/222 227/227/227
f 227/227/227 226/226/226 220/220/220
f 224/224/224 223/223/223 228/228/228
f 224/224/224 228/228/228 225/225/225
f 223/223/223 212/212/212 229/229/229
f 223/223/223 229/229/229 228/228/228
f 228/228/228 230/230/230 225/225/225
f 228/228/228 229/229/229 230/230/230
f 225/225/225 230/230/230 231/231/231
f 232/232/232 231/231/231 230/230/230
f 233/233/233 227/227/227 222/222/222
f 222/222/222 51/51/51 233/233/233
f 230/230/230 234/234/234 232/232/232
f 234/234/234 230/230/230 229/229/229
f 235/235/235 234/234/234 229/229/229
f 229/229/229 212/212/212 236/236/236
f 235/235/235 229/229/229 236/236/236
f 226/226/226 236/236/236 212/212/212
f 236/236/236 226/226/226 235/235/235
f 227/227/227 237/237/237 226/226/226
f 227/227/227 233/233/233 237/237/237
f 235/235/235 226/226/226 237/237/237
f 238/238/238 232/232/232 234/234/234
f 234/234/234 235/235/235 238/238/238
f 232/232/232 238/238/238 239/239/239
f 240/240/240 239/239/239 238/238/238
f 241/241/241 238/238/238 235/235/235
f 238/238/238 241/241/241 240/240/240
f 242/242/242 235/235/235 237/237/237
f 235/235/235 242/242/242 241/241/241
f 243/243/243 237/237/237 233/233/233
f 244/244/244 242/242/242 237/237/237
f 244/244/244 237/237/237 243/243/243
f 233/233/233 245/245/245 243/243/243
f 245/245/245 233/233/233 51/51/51
f 242/242/242 244/244/244 246/246/246
f 247/247/247 241/241/241 242/242/242
f 247/247/247 242/242/242 246/246/246
f 248/248/248 241/241/241 247/247/247
f 246/246/246 248/248/248 247/247/247
f 249/249/249 246/246/246 244/244/244
f 244/244/244 243/243/243 249/249/249
f 246/246/246 249/249/249 248/248/248
f 250/250/250 240/240/240 241/241/241
f 248/248/248 250/250/250 241/241/241
f 250/250/250 251/251/251 240/240/240
f 250/250/250 248/248/248 251/251/251
f 252/252/252 240/240/240 251/251/251
f 252/252/252 253/253/253 240/240/240
f 251/251/251 254/254/254 252/252/252
f 253/253/253 252/252/252 254/254/254
f 254/254/254 251/251/251 248/248/248
f 253/253/253 254/254/254 255/255/255
f 248/248/248 256/256/256 254/254/254
f 256/256/256 248/248/248 249/249/249
f 257/257/257 254/254/254 256/256/256
f 257/257/257 255/255/255 254/254/254
f 256/256/256 249/249/249 257/257/257
f 258/258/258 249/249/249 243/243/243
f 258/258/258 257/257/257 249/249/249
f 257/257/257 259/259/259 255/255/255
f 255/255/255 259/259/259 260/260/260
f 261/261/261 260/260/260 259/259/259
f 243/243/243 262/262/262 258/258/258
f 262/262/262 243/243/243 245/245/245
f 258/258/258 263/263/263 257/257/257
f 259/259/259 257/257/257 263/263/263
f 263/263/263 258/258/258 262/262/262
f 259/259/259 264/264/264 261/261/261
f 265/265/265 261/261/261 264/264/264
f 264/264/264 259/259/259 266/266/266
f 263/263/263 266/266/266 259/259/259
f 263/263/263 262/262/262 267/267/267
f 263/263/263 267/267/267 268/268/268
f 266/266/266 263/263/263 268/268/268
f 269/269/269 267/267/267 262/262/262
f 245/245/245 270/270/270 262/262/262
f 269/269/269 262/262/262 270/270/270
f 245/245/245 51/51/51 270/270/270
f 270/270/270 51/51/51 269/269/269
f 266/266/266 271/271/271 264/264/264
f 271/271/271 266/266/266 268/268/268
f 264/264/264 271/271/271 272/272/272
f 273/273/273 269/269/269 51/51/51
f 269/269/269 273/273/273 267/267/267
f 273/273/273 51/51/51 274/274/274
f 268/268/268 275/275/275 271/271/271
f 275/275/275 268/268/268 267/267/267
f 276/276/276 272/272/272 271/271/271
f 276/276/276 277/277/277 272/272/272
f 278/278/278 277/277/277 276/276/276
f 271/271/271 279/279/279 276/276/276
f 279/279/279 271/271/271 275/275/275
f 278/278/278 276/276/276 279/279/279
f 275/275/275 280/280/280 279/279/279
f 275/275/275 267/267/267 280/280/280
f 273/273/273 274/274/274 54/54/54
f 281/281/281 54/54/54 274/274/274
f 281/281/281 282/282/282 54/54/54
f 54/54/54 283/283/283 273/273/273
f 283/283/283 54/54/54 57/57/57
f 273/273/273 283/283/283 284/284/284
f 284/284/284 267/267/267 273/273/273
f 285/285/285 284/284/284 283/283/283
f 284/284/284 285/285/285 267/267/267
f 57/57/57 285/285/285 283/283/283
f 286/286/286 267/267/267 285/285/285
f 267/267/267 286/286/286 280/280/280
f 287/287/287 279/279/279 280/280/280
f 279/279/279 287/287/287 278/278/278
f 285/285/285 57/57/57 288/288/288
f 285/285/285 288/288/288 286/286/286
f 289/289/289 286/286/286 288/288/288
f 290/290/290 280/280/280 286/286/286
f 280/280/280 290/290/290 287/287/287
f 289/289/289 290/290/290 286/286/286
f 291/291/291 287/287/287 290/290/290
f 290/290/290 289/289/289 291/291/291
f 292/292/292 278/278/278 287/287/287
f 287/287/287 291/291/291 292/292/292
f 292/292/292 293/293/293 278/278/278
f 294/294/294 278/278/278 293/293/293
f 292/292/292 295/295/295 293/293/293
f 292/292/292 291/291/291 295/295/295
f 291/291/291 296/296/296 295/295/295
f 296/296/296 289/289/289 297/297/297
f 298/298/298 297/297/297 289/289/289
f 289/289/289 288/288/288 298/298/298
f 299/299/299 295/295/295 296/296/296
f 296/296/296 297/297/297 299/299/299
f 300/300/300 296/296/296 291/291/291
f 300/300/300 291/291/291 289/289/289
f 300/300/300 289/289/289 296/296/296
f 301/301/301 298/298/298 288/288/288
f 288/288/288 302/302/302 301/301/301
f 302/302/302 288/288/288 57/57/57
f 57/57/57 47/47/47 302/302/302
f 303/303/303 302/302/302 47/47/47
f 303/303/303 47/47/47 46/46/46
f 304/304/304 301/301/301 302/302/302
f 302/302/302 303/303/303 304/304/304
f 301/301/301 305/305/305 298/298/298
f 301/301/301 304/304/304 305/305/305
f 46/46/46 306/306/306 303/303/303
f 46/46/46 37/37/37 306/306/306
f 307/307/307 304/304/304 303/303/303
f 307/307/307 303/303/303 306/306/306
f 306/306/306 308/308/308 307/307/307
f 309/309/309 306/306/306 37/37/37
f 309/309/309 37/37/37 35/35/35
f 306/306/306 309/309/309 310/310/310
f 304/304/304 307/307/307 311/311/311
f 311/311/311 305/305/305 304/304/304
f 312/312/312 298/298/298 305/305/305
f 298/298/298 312/312/312 297/297/297
f 35/35/35 313/313/313 309/309/309
f 35/35/35 36/36/36 313/313/313
f 314/314/314 310/310/310 309/309/309
f 314/314/314 309/309/309 313/313/313
f 315/315/315 307/307/307 310/310/310
f 315/315/315 311/311/311 307/307/307
f 316/316/316 313/313/313 36/36/36
f 36/36/36 39/39/39 316/316/316
f 310/310/310 317/317/317 315/315/315
f 310/310/310 314/314/314 317/317/317
f 313/313/313 318/318/318 314/314/314
f 313/313/313 316/316/316 318/318/318
f 319/319/319 316/316/316 39/39/39
f 319/319/319 39/39/39 108/108/108
f 315/315/315 320/320/320 311/311/311
f 320/320/320 315/315/315 317/317/317
f 317/317/317 321/321/321 320/320/320
f 322/322/322 317/317/317 314/314/314
f 322/322/322 314/314/314 318/318/318
f 317/317/317 322/322/322 321/321/321
f 318/318/318 323/323/323 322/322/322
f 324/324/324 318/318/318 316/316/316
f 316/316/316 319/319/319 324/324/324
f 318/318/318 324/324/324 323/323/323
f 108/108/108 325/325/325 319/319/319
f 108/108/108 116/116/116 325/325/325
f 326/326/326 324/324/324 319/319/319
f 326/326/326 319/319/319 325/325/325
f 327/327/327 321/321/321 322/322/322
f 327/327/327 322/322/322 323/323/323
f 327/327/327 328/328/328 321/321/321
f 327/327/327 323/323/323 328/328/328
f 329/329/329 325/325/325 116/116/116
f 116/116/116 113/113/113 329/329/329
f 330/330/330 323/323/323 324/324/324
f 324/324/324 326/326/326 330/330/330
f 325/325/325 331/331/331 326/326/326
f 329/329/329 332/332/332 325/325/325
f 331/331/331 325/325/325 332/332/332
f 333/333/333 329/329/329 113/113/113
f 329/329/329 333/333/333 332/332/332
f 334/334/334 330/330/330 326/326/326
f 334/334/334 326/326/326 331/331/331
f 330/330/330 335/335/335 323/323/323
f 330/330/330 334/334/334 335/335/335
f 336/336/336 328/328/328 323/323/323
f 336/336/336 323/323/323 335/335/335
f 113/113/113 337/337/337 333/333/333
f 337/337/337 113/113/113 112/112/112
f 331/331/331 338/338/338 334/334/334
f 339/339/339 335/335/335 334/334/334
f 339/339/339 334/334/334 338/338/338
f 335/335/335 340/340/340 336/336/336
f 335/335/335 339/339/339 340/340/340
f 338/338/338 331/331/331 341/341/341
f 332/332/332 341/341/341 331/331/331
f 338/338/338 342/342/342 339/339/339
f 338/338/338 341/341/341 342/342/342
f 336/336/336 343/343/343 328/328/328
f 343/343/343 336/336/336 340/340/340
f 344/344/344 339/339/339 342/342/342
f 344/344/344 340/340/340 339/339/339
f 341/341/341 332/332/332 345/345/345
f 346/346/346 342/342/342 341/341/341
f 341/341/341 345/345/345 346/346/346
f 342/342/342 347/347/347 344/344/344
f 342/342/342 346/346/346 347/347/347
f 348/348/348 347/347/347 346/346/346
f 349/349/349 345/345/345 332/332/332
f 349/349/349 332/332/332 333/333/333
f 350/350/350 346/346/346 345/345/345
f 346/346/346 350/350/350 348/348/348
f 345/345/345 349/349/349 351/351/351
f 345/345/345 351/351/351 350/350/350
f 349/349/349 333/333/333 352/352/352
f 352/352/352 351/351/351 349/349/349
f 353/353/353 352/352/352 333/333/333
f 353/353/353 333/333/333 337/337/337
f 340/340/340 344/344/344 354/354/354
f 355/355/355 344/344/344 347/347/347
f 355/355/355 354/354/354 344/344/344
f 354/354/354 356/356/356 340/340/340
f 340/340/340 356/356/356 343/343/343
f 354/354/354 355/355/355 357/357/357
f 354/354/354 358/358/358 356/356/356
f 359/359/359 357/357/357 355/355/355
f 359/359/359 360/360/360 357/357/357
f 359/359/359 355/355/355 361/361/361
f 347/347/347 361/361/361 355/355/355
f 359/359/359 361/361/361 360/360/360
f 343/343/343 356/356/356 362/362/362
f 362/362/362 328/328/328 343/343/343
f 358/358/358 363/363/363 356/356/356
f 358/358/358 360/360/360 363/363/363
f 356/356/356 363/363/363 364/364/364
f 364/364/364 362/362/362 356/356/356
f 365/365/365 364/364/364 363/363/363
f 363/363/363 360/360/360 365/365/365
f 364/364/364 366/366/366 362/362/362
f 364/364/364 365/365/365 366/366/366
f 361/361/361 347/347/347 367/367/367
f 348/348/348 367/367/367 347/347/347
f 362/362/362 368/368/368 328/328/328
f 368/368/368 362/362/362 366/366/366
f 367/367/367 348/348/348 369/369/369
f 369/369/369 370/370/370 367/367/367
f 367/367/367 371/371/371 361/361/361
f 371/371/371 367/367/367 370/370/370
f 372/372/372 360/360/360 361/361/361
f 372/372/372 361/361/361 371/371/371
f 373/373/373 365/365/365 360/360/360
f 374/374/374 366/366/366 365/365/365
f 365/365/365 373/373/373 374/374/374
f 366/366/366 374/374/374 375/375/375
f 375/375/375 376/376/376 366/366/366
f 368/368/368 366/366/366 376/376/376
f 360/360/360 372/372/372 377/377/377
f 360/360/360 377/377/377 373/373/373
f 371/371/371 378/378/378 372/372/372
f 370/370/370 379/379/379 371/371/371
f 378/378/378 371/371/371 379/379/379
f 380/380/380 377/377/377 372/372/372
f 380/380/380 372/372/372 378/378/378
f 368/368/368 376/376/376 381/381/381
f 368/368/368 381/381/381 382/382/382
f 382/382/382 328/328/328 368/368/368
f 383/383/383 328/328/328 382/382/382
f 383/383/383 321/321/321 328/328/328
f 382/382/382 384/384/384 383/383/383
f 385/385/385 384/384/384 382/382/382
f 383/383/383 386/386/386 321/321/321
f 386/386/386 383/383/383 384/384/384
f 385/385/385 381/381/381 387/387/387
f 385/385/385 387/387/387 384/384/384
f 388/388/388 321/321/321 386/386/386
f 388/388/388 320/320/320 321/321/321
f 388/388/388 389/389/389 320/320/320
f 388/388/388 386/386/386 389/389/389
f 311/311/311 320/320/320 389/389/389
f 389/389/389 390/390/390 311/311/311
f 305/305/305 311/311/311 390/390/390
f 305/305/305 390/390/390 312/312/312
f 391/391/391 389/389/389 386/386/386
f 389/389/389 391/391/391 390/390/390
f 384/384/384 392/392/392 386/386/386
f 391/391/391 386/386/386 392/392/392
f 393/393/393 390/390/390 391/391/391
f 391/391/391 392/392/392 393/393/393
f 394/394/394 312/312/312 390/390/390
f 390/390/390 393/393/393 394/394/394
f 395/395/395 384/384/384 387/387/387
f 392/392/392 384/384/384 395/395/395
f 312/312/312 394/394/394 396/396/396
f 396/396/396 297/297/297 312/312/312
f 387/387/387 397/397/397 395/395/395
f 398/398/398 395/395/395 397/397/397
f 392/392/392 395/395/395 398/398/398
f 387/387/387 399/399/399 397/397/397
f 398/398/398 397/397/397 400/400/400
f 399/399/399 387/387/387 381/381/381
f 392/392/392 398/398/398 401/401/401
f 401/401/401 393/393/393 392/392/392
f 401/401/401 398/398/398 402/402/402
f 400/400/400 402/402/402 398/398/398
f 393/393/393 401/401/401 403/403/403
f 402/402/402 403/403/403 401/401/401
f 404/404/404 403/403/403 402/402/402
f 403/403/403 405/405/405 393/393/393
f 405/405/405 394/394/394 393/393/393
f 405/405/405 403/403/403 406/406/406
f 405/405/405 406/406/406 394/394/394
f 404/404/404 406/406/406 403/403/403
f 407/407/407 394/394/394 406/406/406
f 406/406/406 404/404/404 407/407/407
f 407/407/407 396/396/396 394/394/394
f 407/407/407 408/408/408 396/396/396
f 407/407/407 404/404/404 408/408/408
f 396/396/396 408/408/408 297/297/297
f 409/409/409 297/297/297 408/408/408
f 410/410/410 408/408/408 404/404/404
f 410/410/410 409/409/409 408/408/408
f 411/411/411 297/297/297 409/409/409
f 411/411/411 299/299/299 297/297/297
f 299/299/299 411/411/411 412/412/412
f 412/412/412 413/413/413 299/299/299
f 411/411/411 409/409/409 414/414/414
f 414/414/414 412/412/412 411/411/411
f 415/415/415 413/413/413 412/412/412
f 412/412/412 414/414/414 415/415/415
f 415/415/415 416/416/416 413/413/413
f 417/417/417 413/413/413 416/416/416
f 418/418/418 414/414/414 409/409/409
f 418/418/418 409/409/409 410/410/410
f 419/419/419 415/415/415 414/414/414
f 414/414/414 418/418/418 419/419/419
f 415/415/415 419/419/419 416/416/416
f 418/418/418 410/410/410 420/420/420
f 420/420/420 419/419/419 418/418/418
f 420/420/420 421/421/421 419/419/419
f 422/422/422 420/420/420 410/410/410
f 420/420/420 422/422/422 421/421/421
f 410/410/410 404/404/404 422/422/422
f 416/416/416 423/423/423 417/417/417
f 424/424/424 417/417/417 423/423/423
f 424/424/424 423/423/423 425/425/425
f 425/425/425 426/426/426 424/424/424
f 423/423/423 427/427/427 425/425/425
f 423/423/423 416/416/416 427/427/427
f 428/428/428 425/425/425 427/427/427
f 427/427/427 429/429/429 428/428/428
f 429/429/429 427/427/427 416/416/416
f 430/430/430 428/428/428 429/429/429
f 431/431/431 416/416/416 419/419/419
f 431/431/431 419/419/419 421/421/421
f 432/432/432 431/431/431 421/421/421
f 431/431/431 433/433/433 416/416/416
f 429/429/429 416/416/416 433/433/433
f 432/432/432 433/433/433 431/431/431
f 429/429/429 434/434/434 430/430/430
f 434/434/434 429/429/429 433/433/433
f 435/435/435 430/430/430 434/434/434
f 435/435/435 434/434/434 436/436/436
f 437/437/437 436/436/436 434/434/434
f 437/437/437 434/434/434 433/433/433
f 438/438/438 436/436/436 437/437/437
f 432/432/432 439/439/439 433/433/433
f 437/437/437 433/433/433 439/439/439
f 438/438/438 437/437/437 440/440/440
f 438/438/438 440/440/440 441/441/441
f 440/440/440 437/437/437 442/442/442
f 440/440/440 442/442/442 441/441/441
f 442/442/442 437/437/437 439/439/439
f 443/443/443 441/441/441 442/442/442
f 441/441/441 443/443/443 444/444/444
f 443/443/443 442/442/442 445/445/445
f 443/443/443 445/445/445 444/444/444
f 442/442/442 439/439/439 446/446/446
f 446/446/446 445/445/445 442/442/442
f 447/447/447 444/444/444 445/445/445
f 444/444/444 447/447/447 448/448/448
f 449/449/449 448/448/448 447/447/447
f 439/439/439 432/432/432 450/450/450
f 450/450/450 446/446/446 439/439/439
f 432/432/432 451/451/451 450/450/450
f 451/451/451 432/432/432 452/452/452
f 445/445/445 446/446/446 453/453/453
f 445/445/445 453/453/453 447/447/447
f 447/447/447 454/454/454 449/449/449
f 455/455/455 449/449/449 454/454/454
f 450/450/450 456/456/456 446/446/446
f 456/456/456 450/450/450 451/451/451
f 454/454/454 447/447/447 457/457/457
f 457/457/457 447/447/447 453/453/453
f 456/456/456 458/458/458 446/446/446
f 453/453/453 446/446/446 458/458/458
f 459/459/459 452/452/452 432/432/432
f 432/432/432 421/421/421 459/459/459
f 456/456/456 451/451/451 460/460/460
f 456/456/456 460/460/460 458/458/458
f 457/457/457 461/461/461 454/454/454
f 462/462/462 454/454/454 461/461/461
f 462/462/462 461/461/461 463/463/463
f 462/462/462 463/463/463 464/464/464
f 464/464/464 463/463/463 465/465/465
f 458/458/458 466/466/466 453/453/453
f 453/453/453 466/466/466 457/457/457
f 465/465/465 463/463/463 467/467/467
f 465/465/465 467/467/467 468/468/468
f 469/469/469 468/468/468 467/467/467
f 469/469/469 467/467/467 470/470/470
f 471/471/471 467/467/467 463/463/463
f 467/467/467 471/471/471 472/472/472
f 472/472/472 470/470/470 467/467/467
f 470/470/470 472/472/472 473/473/473
f 474/474/474 473/473/473 472/472/472
f 472/472/472 471/471/471 474/474/474
f 473/473/473 474/474/474 475/475/475
f 475/475/475 474/474/474 476/476/476
f 477/477/477 476/476/476 474/474/474
f 476/476/476 477/477/477 478/478/478
f 479/479/479 478/478/478 477/477/477
f 477/477/477 480/480/480 479/479/479
f 477/477/477 474/474/474 480/480/480
f 481/481/481 479/479/479 480/480/480
f 482/482/482 479/479/479 481/481/481
f 482/482/482 481/481/481 483/483/483
f 481/481/481 480/480/480 484/484/484
f 484/484/484 483/483/483 481/481/481
f 485/485/485 480/480/480 474/474/474
f 486/486/486 474/474/474 471/471/471
f 486/486/486 485/485/485 474/474/474
f 480/480/480 485/485/485 487/487/487
f 487/487/487 484/484/484 480/480/480
f 485/485/485 486/486/486 488/488/488
f 488/488/488 487/487/487 485/485/485
f 489/489/489 488/488/488 486/486/486
f 486/486/486 471/471/471 489/489/489
f 488/488/488 490/490/490 487/487/487
f 490/490/490 488/488/488 489/489/489
f 484/484/484 491/491/491 483/483/483
f 484/484/484 487/487/487 492/492/492
f 491/491/491 484/484/484 492/492/492
f 493/493/493 492/492/492 487/487/487
f 493/493/493 487/487/487 490/490/490
f 492/492/492 493/493/493 491/491/491
f 494/494/494 483/483/483 491/491/491
f 494/494/494 491/491/491 495/495/495
f 483/483/483 494/494/494 496/496/496
f 497/497/497 496/496/496 494/494/494
f 494/494/494 495/495/495 497/497/497
f 496/496/496 497/497/497 498/498/498
f 499/499/499 491/491/491 493/493/493
f 499/499/499 495/495/495 491/491/491
f 499/499/499 493/493/493 495/495/495
f 500/500/500 498/498/498 497/497/497
f 498/498/498 500/500/500 501/501/501
f 493/493/493 490/490/490 502/502/502
f 502/502/502 495/495/495 493/493/493
f 495/495/495 502/502/502 503/503/503
f 504/504/504 495/495/495 503/503/503
f 504/504/504 497/497/497 495/495/495
f 497/497/497 504/504/504 500/500/500
f 505/505/505 502/502/502 490/490/490
f 502/502/502 505/505/505 503/503/503
f 506/506/506 500/500/500 504/504/504
f 504/504/504 503/503/503 506/506/506
f 507/507/507 501/501/501 500/500/500
f 500/500/500 506/506/506 507/507/507
f 507/507/507 508/508/508 501/501/501
f 509/509/509 501/501/501 508/508/508
f 509/509/509 508/508/508 510/510/510
f 510/510/510 508/508/508 511/511/511
f 512/512/512 507/507/507 506/506/506
f 507/507/507 512/512/512 508/508/508
f 490/490/490 513/513/513 505/505/505
f 513/513/513 490/490/490 489/489/489
f 513/513/513 489/489/489 514/514/514
f 514/514/514 489/489/489 471/471/471
f 506/506/506 515/515/515 512/512/512
f 515/515/515 506/506/506 503/503/503
f 516/516/516 505/505/505 513/513/513
f 513/513/513 514/514/514 516/516/516
f 517/517/517 511/511/511 508/508/508
f 518/518/518 508/508/508 512/512/512
f 508/508/508 518/518/518 517/517/517
f 517/517/517 519/519/519 511/511/511
f 520/520/520 511/511/511 519/519/519
f 519/519/519 521/521/521 520/520/520
f 522/522/522 520/520/520 521/521/521
f 522/522/522 521/521/521 523/523/523
f 524/524/524 523/523/523 521/521/521
f 523/523/523 524/524/524 525/525/525
f 521/521/521 519/519/519 526/526/526
f 521/521/521 526/526/526 524/524/524
f 519/519/519 517/517/517 527/527/527
f 527/527/527 526/526/526 519/519/519
f 528/528/528 517/517/517 518/518/518
f 528/528/528 527/527/527 517/517/517
f 528/528/528 518/518/518 529/529/529
f 529/529/529 527/527/527 528/528/528
f 518/518/518 512/512/512 530/530/530
f 530/530/530 529/529/529 518/518/518
f 527/527/527 529/529/529 380/380/380
f 527/527/527 380/380/380 526/526/526
f 377/377/377 380/380/380 529/529/529
f 529/529/529 530/530/530 377/377/377
f 378/378/378 526/526/526 380/380/380
f 526/526/526 378/378/378 531/531/531
f 531/531/531 524/524/524 526/526/526
f 379/379/379 531/531/531 378/378/378
f 532/532/532 530/530/530 512/512/512
f 532/532/532 512/512/512 515/515/515
f 533/533/533 377/377/377 530/530/530
f 530/530/530 532/532/532 533/533/533
f 533/533/533 373/373/373 377/377/377
f 534/534/534 533/533/533 532/532/532
f 532/532/532 515/515/515 534/534/534
f 533/533/533 534/534/534 373/373/373
f 535/535/535 534/534/534 515/515/515
f 515/515/515 503/503/503 535/535/535
f 536/536/536 373/373/373 534/534/534
f 536/536/536 374/374/374 373/373/373
f 535/535/535 537/537/537 534/534/534
f 536/536/536 534/534/534 537/537/537
f 535/535/535 503/503/503 537/537/537
f 536/536/536 537/537/537 374/374/374
f 538/538/538 537/537/537 503/503/503
f 538/538/538 503/503/503 505/505/505
f 539/539/539 374/374/374 537/537/537
f 537/537/537 538/538/538 539/539/539
f 539/539/539 375/375/375 374/374/374
f 539/539/539 540/540/540 375/375/375
f 538/538/538 505/505/505 541/541/541
f 541/541/541 539/539/539 538/538/538
f 541/541/541 540/540/540 539/539/539
f 516/516/516 541/541/541 505/505/505
f 541/541/541 516/516/516 540/540/540
f 542/542/542 540/540/540 516/516/516
f 542/542/542 516/516/516 514/514/514
f 514/514/514 543/543/543 542/542/542
f 542/542/542 544/544/544 540/540/540
f 544/544/544 542/542/542 543/543/543
f 543/543/543 514/514/514 545/545/545
f 514/514/514 471/471/471 545/545/545
f 543/543/543 546/546/546 544/544/544
f 543/543/543 545/545/545 546/546/546
f 547/547/547 540/540/540 544/544/544
f 547/547/547 544/544/544 546/546/546
f 548/548/548 545/545/545 471/471/471
f 471/471/471 463/463/463 548/548/548
f 546/546/546 545/545/545 549/549/549
f 548/548/548 549/549/549 545/545/545
f 550/550/550 548/548/548 463/463/463
f 550/550/550 549/549/549 548/548/548
f 550/550/550 463/463/463 461/461/461
f 461/461/461 551/551/551 550/550/550
f 549/549/549 550/550/550 551/551/551
f 457/457/457 551/551/551 461/461/461
f 546/546/546 549/549/549 552/552/552
f 546/546/546 552/552/552 547/547/547
f 553/553/553 540/540/540 547/547/547
f 553/553/553 375/375/375 540/540/540
f 457/457/457 554/554/554 551/551/551
f 554/554/554 457/457/457 466/466/466
f 551/551/551 555/555/555 549/549/549
f 552/552/552 549/549/549 555/555/555
f 555/555/555 551/551/551 554/554/554
f 556/556/556 553/553/553 547/547/547
f 556/556/556 547/547/547 552/552/552
f 555/555/555 557/557/557 552/552/552
f 555/555/555 554/554/554 557/557/557
f 556/556/556 552/552/552 557/557/557
f 558/558/558 553/553/553 556/556/556
f 556/556/556 557/557/557 558/558/558
f 558/558/558 375/375/375 553/553/553
f 558/558/558 559/559/559 375/375/375
f 560/560/560 557/557/557 554/554/554
f 560/560/560 558/558/558 557/557/557
f 554/554/554 466/466/466 560/560/560
f 558/558/558 560/560/560 559/559/559
f 561/561/561 560/560/560 466/466/466
f 561/561/561 559/559/559 560/560/560
f 466/466/466 458/458/458 561/561/561
f 562/562/562 561/561/561 458/458/458
f 561/561/561 562/562/562 559/559/559
f 562/562/562 458/458/458 460/460/460
f 563/563/563 375/375/375 559/559/559
f 376/376/376 375/375/375 563/563/563
f 376/376/376 563/563/563 564/564/564
f 563/563/563 559/559/559 564/564/564
f 376/376/376 564/564/564 381/381/381
f 565/565/565 559/559/559 562/562/562
f 562/562/562 460/460/460 565/565/565
f 565/565/565 564/564/564 559/559/559
f 564/564/564 399/399/399 381/381/381
f 564/564/564 565/565/565 566/566/566
f 564/564/564 566/566/566 399/399/399
f 566/566/566 565/565/565 460/460/460
f 566/566/566 397/397/397 399/399/399
f 460/460/460 567/567/567 566/566/566
f 566/566/566 567/567/567 397/397/397
f 460/460/460 451/451/451 567/567/567
f 567/567/567 568/568/568 397/397/397
f 568/568/568 567/567/567 451/451/451
f 569/569/569 568/568/568 451/451/451
f 569/569/569 451/451/451 570/570/570
f 569/569/569 570/570/570 568/568/568
f 452/452/452 570/570/570 451/451/451
f 571/571/571 568/568/568 570/570/570
f 571/571/571 397/397/397 568/568/568
f 570/570/570 452/452/452 571/571/571
f 572/572/572 397/397/397 571/571/571
f 571/571/571 452/452/452 572/572/572
f 573/573/573 397/397/397 572/572/572
f 573/573/573 400/400/400 397/397/397
f 574/574/574 573/573/573 572/572/572
f 574/574/574 572/572/572 452/452/452
f 573/573/573 574/574/574 400/400/400
f 574/574/574 452/452/452 575/575/575
f 575/575/575 400/400/400 574/574/574
f 459/459/459 575/575/575 452/452/452
f 575/575/575 576/576/576 400/400/400
f 400/400/400 576/576/576 402/402/402
f 459/459/459 577/577/577 575/575/575
f 575/575/575 577/577/577 576/576/576
f 577/577/577 459/459/459 421/421/421
f 577/577/577 421/421/421 578/578/578
f 578/578/578 576/576/576 577/577/577
f 578/578/578 421/421/421 422/422/422
f 578/578/578 422/422/422 576/576/576
f 576/576/576 579/579/579 402/402/402
f 579/579/579 576/576/576 422/422/422
f 402/402/402 579/579/579 404/404/404
f 579/579/579 422/422/422 404/404/404
f 581/581/581 166/166/166 580/580/580
f 583/583/583 582/582/582 381/381/381
f 586/586/586 585/585/585 584/584/584
f 589/589/589 588/588/588 587/587/587
f 592/592/592 591/591/591 590/590/590
f 595/595/595 594/594/594 593/593/593
f 598/598/598 597/597/597 596/596/596
f 601/601/601 600/600/600 599/599/599
f 604/604/604 603/603/603 602/602/602
f 605/605/605 602/602/602 603/603/603
f 603/603/603 606/606/606 605/605/605
f 605/605/605 607/607/607 602/602/602
f 608/608/608 602/602/602 607/607/607
f 608/608/608 607/607/607 609/609/609
f 610/610/610 609/609/609 607/607/607
f 607/607/607 611/611/611 610/610/610
f 607/607/607 605/605/605 611/611/611
f 612/612/612 610/610/610 611/611/611
f 613/613/613 605/605/605 606/606/606
f 613/613/613 611/611/611 605/605/605
f 606/606/606 614/614/614 613/613/613
f 611/611/611 615/615/615 612/612/612
f 611/611/611 613/613/613 615/615/615
f 616/616/616 612/612/612 615/615/615
f 617/617/617 613/613/613 614/614/614
f 617/617/617 615/615/615 613/613/613
f 614/614/614 618/618/618 617/617/617
f 615/615/615 619/619/619 616/616/616
f 615/615/615 617/617/617 619/619/619
f 620/620/620 616/616/616 619/619/619
f 621/621/621 617/617/617 618/618/618
f 621/621/621 619/619/619 617/617/617
f 618/618/618 622/622/622 621/621/621
f 619/619/619 623/623/623 620/620/620
f 619/619/619 621/621/621 623/623/623
f 624/624/624 620/620/620 623/623/623
f 625/625/625 621/621/621 622/622/622
f 625/625/625 623/623/623 621/621/621
f 622/622/622 626/626/626 625/625/625
f 623/623/623 627/627/627 624/624/624
f 623/623/623 625/625/625 627/627/627
f 628/628/628 624/624/624 627/627/627
f 629/629/629 625/625/625 626/626/626
f 629/629/629 627/627/627 625/625/625
f 626/626/626 630/630/630 629/629/629
f 627/627/627 631/631/631 628/628/628
f 627/627/627 629/629/629 631/631/631
f 632/632/632 628/628/628 631/631/631
f 633/633/633 629/629/629 630/630/630
f 633/633/633 631/631/631 629/629/629
f 630/630/630 634/634/634 633/633/633
f 631/631/631 635/635/635 632/632/632
f 631/631/631 633/633/633 635/635/635
f 636/636/636 632/632/632 635/635/635
f 637/637/637 633/633/633 634/634/634
f 637/637/637 635/635/635 633/633/633
f 634/634/634 638/638/638 637/637/637
f 635/635/635 639/639/639 636/636/636
f 635/635/635 637/637/637 639/639/639
f 640/640/640 636/636/636 639/639/639
f 641/641/641 637/637/637 638/638/638
f 641/641/641 639/639/639 637/637/637
f 638/638/638 642/642/642 641/641/641
f 639/639/639 643/643/643 640/640/640
f 639/639/639 641/641/641 643/643/643
f 644/644/644 640/640/640 643/643/643
f 645/645/645 641/641/641 642/642/642
f 645/645/645 643/643/643 641/641/641
f 642/642/642 646/646/646 645/645/645
f 643/643/643 647/647/647 644/644/644
f 643/643/643 645/645/645 647/647/647
f 648/648/648 644/644/644 647/647/647
f 649/649/649 645/645/645 646/646/646
f 649/649/649 647/647/647 645/645/645
f 646/646/646 650/650/650 649/649/649
f 647/647/647 651/651/651 648/648/648
f 647/647/647 649/649/649 651/651/651
f 652/652/652 648/648/648 651/651/651
f 653/653/653 649/649/649 650/650/650
f 653/653/653 651/651/651 649/649/649
f 650/650/650 654/654/654 653/653/653
f 651/651/651 655/655/655 652/652/652
f 651/651/651 653/653/653 655/655/655
f 656/656/656 652/652/652 655/655/655
f 657/657/657 653/653/653 654/654/654
f 657/657/657 655/655/655 653/653/653
f 654/654/654 658/658/658 657/657/657
f 655/655/655 659/659/659 656/656/656
f 655/655/655 657/657/657 659/659/659
f 660/660/660 656/656/656 659/659/659
f 661/661/661 657/657/657 658/658/658
f 661/661/661 659/659/659 657/657/657
f 658/658/658 662/662/662 661/661/661
f 659/659/659 663/663/663 660/660/660
f 659/659/659 661/661/661 663/663/663
f 664/664/664 660/660/660 663/663/663
f 665/665/665 661/661/661 662/662/662
f 665/665/665 663/663/663 661/661/661
f 662/662/662 666/666/666 665/665/665
f 663/663/663 667/667/667 664/664/664
f 663/663/663 665/665/665 667/667/667
f 668/668/668 664/664/664 667/667/667
f 669/669/669 665/665/665 666/666/666
f 669/669/669 667/667/667 665/665/665
f 666/666/666 670/670/670 669/669/669
f 667/667/667 671/671/671 668/668/668
f 667/667/667 669/669/669 671/671/671
f 672/672/672 668/668/668 671/671/671
f 672/672/672 671/671/671 673/673/673
f 674/674/674 669/669/669 670/670/670
f 674/674/674 671/671/671 669/669/669
f 675/675/675 673/673/673 671/671/671
f 671/671/671 674/674/674 675/675/675
f 673/673/673 675/675/675 676/676/676
f 674/674/674 670/670/670 677/677/677
f 677/677/677 675/675/675 674/674/674
f 678/678/678 677/677/677 670/670/670
f 679/679/679 676/676/676 675/675/675
f 675/675/675 677/677/677 679/679/679
f 677/677/677 678/678/678 680/680/680
f 680/680/680 679/679/679 677/677/677
f 681/681/681 680/680/680 678/678/678
f 681/681/681 682/682/682 680/680/680
f 679/679/679 683/683/683 676/676/676
f 679/679/679 680/680/680 683/683/683
f 684/684/684 676/676/676 683/683/683
f 685/685/685 680/680/680 682/682/682
f 685/685/685 683/683/683 680/680/680
f 682/682/682 686/686/686 685/685/685
f 683/683/683 687/687/687 684/684/684
f 683/683/683 685/685/685 687/687/687
f 688/688/688 684/684/684 687/687/687
f 689/689/689 685/685/685 686/686/686
f 689/689/689 687/687/687 685/685/685
f 686/686/686 690/690/690 689/689/689
f 687/687/687 691/691/691 688/688/688
f 687/687/687 689/689/689 691/691/691
f 692/692/692 688/688/688 691/691/691
f 693/693/693 689/689/689 690/690/690
f 693/693/693 691/691/691 689/689/689
f 690/690/690 694/694/694 693/693/693
f 691/691/691 695/695/695 692/692/692
f 691/691/691 693/693/693 695/695/695
f 696/696/696 692/692/692 695/695/695
f 697/697/697 693/693/693 694/694/694
f 697/697/697 695/695/695 693/693/693
f 694/694/694 698/698/698 697/697/697
f 695/695/695 699/699/699 696/696/696
f 695/695/695 697/697/697 699/699/699
f 700/700/700 696/696/696 699/699/699
f 701/701/701 697/697/697 698/698/698
f 701/701/701 699/699/699 697/697/697
f 698/698/698 702/702/702 701/701/701
f 703/703/703 701/701/701 702/702/702
f 703/703/703 704/704/704 701/701/701
f 699/699/699 701/701/701 704/704/704
f 699/699/699 704/704/704 700/700/700
f 705/705/705 700/700/700 704/704/704
f 708/708/708 707/707/707 706/706/706
f 709/709/709 706/706/706 707/707/707
f 706/706/706 709/709/709 710/710/710
f 711/711/711 710/710/710 709/709/709
f 710/710/710 711/711/711 712/712/712
f 713/713/713 712/712/712 711/711/711
f 712/712/712 713/713/713 714/714/714
f 715/715/715 714/714/714 713/713/713
f 714/714/714 715/715/715 716/716/716
f 709/709/709 707/707/707 717/717/717
f 711/711/711 709/709/709 718/718/718
f 717/717/717 718/718/718 709/709/709
f 713/713/713 711/711/711 719/719/719
f 718/718/718 719/719/719 711/711/711
f 715/715/715 713/713/713 720/720/720
f 719/719/719 720/720/720 713/713/713
f 721/721/721 717/717/717 707/707/707
f 707/707/707 722/722/722 721/721/721
f 723/723/723 716/716/716 715/715/715
f 720/720/720 724/724/724 715/715/715
f 723/723/723 715/715/715 724/724/724
f 723/723/723 725/725/725 716/716/716
f 726/726/726 716/716/716 725/725/725
f 724/724/724 727/727/727 723/723/723
f 725/725/725 723/723/723 727/727/727
f 725/725/725 728/728/728 726/726/726
f 729/729/729 726/726/726 728/728/728
f 729/729/729 728/728/728 730/730/730
f 731/731/731 730/730/730 728/728/728
f 730/730/730 731/731/731 732/732/732
f 733/733/733 732/732/732 731/731/731
f 732/732/732 733/733/733 734/734/734
f 735/735/735 734/734/734 733/733/733
f 734/734/734 735/735/735 736/736/736
f 728/728/728 725/725/725 737/737/737
f 731/731/731 728/728/728 738/738/738
f 737/737/737 738/738/738 728/728/728
f 733/733/733 731/731/731 739/739/739
f 738/738/738 739/739/739 731/731/731
f 740/740/740 725/725/725 727/727/727
f 740/740/740 737/737/737 725/725/725
f 735/735/735 733/733/733 741/741/741
f 739/739/739 741/741/741 733/733/733
f 742/742/742 736/736/736 735/735/735
f 741/741/741 743/743/743 735/735/735
f 742/742/742 735/735/735 743/743/743
f 742/742/742 744/744/744 736/736/736
f 745/745/745 736/736/736 744/744/744
f 745/745/745 744/744/744 746/746/746
f 744/744/744 742/742/742 747/747/747
f 743/743/743 747/747/747 742/742/742
f 748/748/748 746/746/746 744/744/744
f 744/744/744 747/747/747 748/748/748
f 746/746/746 748/748/748 749/749/749
f 750/750/750 749/749/749 748/748/748
f 749/749/749 750/750/750 751/751/751
f 752/752/752 748/748/748 747/747/747
f 748/748/748 752/752/752 750/750/750
f 753/753/753 751/751/751 750/750/750
f 751/751/751 753/753/753 754/754/754
f 755/755/755 754/754/754 753/753/753
f 754/754/754 755/755/755 756/756/756
f 747/747/747 743/743/743 757/757/757
f 752/752/752 747/747/747 758/758/758
f 757/757/757 758/758/758 747/747/747
f 757/757/757 759/759/759 758/758/758
f 757/757/757 760/760/760 759/759/759
f 760/760/760 757/757/757 743/743/743
f 743/743/743 741/741/741 760/760/760
f 761/761/761 760/760/760 741/741/741
f 741/741/741 739/739/739 761/761/761
f 762/762/762 761/761/761 739/739/739
f 739/739/739 738/738/738 762/762/762
f 761/761/761 763/763/763 760/760/760
f 761/761/761 762/762/762 763/763/763
f 764/764/764 762/762/762 738/738/738
f 738/738/738 737/737/737 764/764/764
f 765/765/765 759/759/759 760/760/760
f 765/765/765 760/760/760 763/763/763
f 762/762/762 764/764/764 766/766/766
f 766/766/766 763/763/763 762/762/762
f 765/765/765 763/763/763 767/767/767
f 765/765/765 767/767/767 759/759/759
f 768/768/768 764/764/764 737/737/737
f 737/737/737 740/740/740 768/768/768
f 769/769/769 768/768/768 740/740/740
f 740/740/740 727/727/727 769/769/769
f 768/768/768 770/770/770 764/764/764
f 768/768/768 769/769/769 770/770/770
f 771/771/771 769/769/769 727/727/727
f 727/727/727 724/724/724 771/771/771
f 766/766/766 772/772/772 763/763/763
f 767/767/767 763/763/763 772/772/772
f 773/773/773 766/766/766 764/764/764
f 773/773/773 764/764/764 770/770/770
f 774/774/774 770/770/770 769/769/769
f 769/769/769 771/771/771 774/774/774
f 775/775/775 771/771/771 724/724/724
f 724/724/724 720/720/720 775/775/775
f 773/773/773 776/776/776 766/766/766
f 772/772/772 766/766/766 776/776/776
f 770/770/770 777/777/777 773/773/773
f 774/774/774 777/777/777 770/770/770
f 776/776/776 773/773/773 777/777/777
f 777/777/777 778/778/778 776/776/776
f 777/777/777 774/774/774 779/779/779
f 777/777/777 779/779/779 778/778/778
f 780/780/780 774/774/774 771/771/771
f 771/771/771 775/775/775 780/780/780
f 781/781/781 775/775/775 720/720/720
f 720/720/720 719/719/719 781/781/781
f 776/776/776 782/782/782 772/772/772
f 782/782/782 776/776/776 778/778/778
f 783/783/783 779/779/779 774/774/774
f 780/780/780 783/783/783 774/774/774
f 784/784/784 780/780/780 775/775/775
f 775/775/775 781/781/781 784/784/784
f 785/785/785 781/781/781 719/719/719
f 719/719/719 718/718/718 785/785/785
f 784/784/784 786/786/786 780/780/780
f 783/783/783 780/780/780 786/786/786
f 787/787/787 784/784/784 781/781/781
f 781/781/781 785/785/785 787/787/787
f 784/784/784 787/787/787 786/786/786
f 788/788/788 785/785/785 718/718/718
f 718/718/718 717/717/717 788/788/788
f 789/789/789 787/787/787 785/785/785
f 785/785/785 788/788/788 789/789/789
f 790/790/790 786/786/786 787/787/787
f 787/787/787 789/789/789 790/790/790
f 786/786/786 791/791/791 783/783/783
f 786/786/786 790/790/790 791/791/791
f 792/792/792 783/783/783 791/791/791
f 783/783/783 792/792/792 779/779/779
f 793/793/793 779/779/779 792/792/792
f 794/794/794 791/791/791 790/790/790
f 793/793/793 795/795/795 779/779/779
f 790/790/790 796/796/796 794/794/794
f 796/796/796 790/790/790 789/789/789
f 797/797/797 794/794/794 796/796/796
f 797/797/797 796/796/796 798/798/798
f 799/799/799 779/779/779 795/795/795
f 795/795/795 800/800/800 799/799/799
f 799/799/799 778/778/778 779/779/779
f 801/801/801 799/799/799 800/800/800
f 799/799/799 801/801/801 778/778/778
f 800/800/800 802/802/802 801/801/801
f 796/796/796 789/789/789 803/803/803
f 803/803/803 798/798/798 796/796/796
f 804/804/804 803/803/803 789/789/789
f 804/804/804 789/789/789 788/788/788
f 803/803/803 805/805/805 798/798/798
f 803/803/803 804/804/804 805/805/805
f 806/806/806 798/798/798 805/805/805
f 806/806/806 805/805/805 807/807/807
f 788/788/788 808/808/808 804/804/804
f 808/808/808 788/788/788 717/717/717
f 717/717/717 721/721/721 808/808/808
f 809/809/809 805/805/805 804/804/804
f 809/809/809 804/804/804 808/808/808
f 810/810/810 807/807/807 805/805/805
f 805/805/805 809/809/809 810/810/810
f 810/810/810 811/811/811 807/807/807
f 812/812/812 807/807/807 811/811/811
f 812/812/812 811/811/811 813/813/813
f 814/814/814 808/808/808 721/721/721
f 808/808/808 814/814/814 809/809/809
f 815/815/815 810/810/810 809/809/809
f 810/810/810 815/815/815 811/811/811
f 815/815/815 809/809/809 814/814/814
f 721/721/721 816/816/816 814/814/814
f 816/816/816 721/721/721 722/722/722
f 814/814/814 817/817/817 815/815/815
f 817/817/817 814/814/814 816/816/816
f 816/816/816 722/722/722 818/818/818
f 819/819/819 818/818/818 722/722/722
f 818/818/818 819/819/819 820/820/820
f 818/818/818 821/821/821 816/816/816
f 817/817/817 816/816/816 821/821/821
f 818/818/818 820/820/820 821/821/821
f 821/821/821 822/822/822 817/817/817
f 823/823/823 817/817/817 822/822/822
f 823/823/823 815/815/815 817/817/817
f 823/823/823 811/811/811 815/815/815
f 823/823/823 822/822/822 811/811/811
f 824/824/824 820/820/820 819/819/819
f 824/824/824 825/825/825 820/820/820
f 819/819/819 826/826/826 824/824/824
f 827/827/827 824/824/824 826/826/826
f 824/824/824 827/827/827 825/825/825
f 828/828/828 825/825/825 827/827/827
f 828/828/828 829/829/829 825/825/825
f 821/821/821 830/830/830 822/822/822
f 830/830/830 821/821/821 820/820/820
f 831/831/831 811/811/811 822/822/822
f 831/831/831 813/813/813 811/811/811
f 813/813/813 831/831/831 832/832/832
f 833/833/833 832/832/832 831/831/831
f 832/832/832 833/833/833 834/834/834
f 833/833/833 831/831/831 835/835/835
f 822/822/822 835/835/835 831/831/831
f 836/836/836 834/834/834 833/833/833
f 833/833/833 835/835/835 836/836/836
f 834/834/834 836/836/836 837/837/837
f 838/838/838 825/825/825 829/829/829
f 829/829/829 839/839/839 838/838/838
f 840/840/840 838/838/838 839/839/839
f 839/839/839 756/756/756 840/840/840
f 838/838/838 841/841/841 825/825/825
f 838/838/838 840/840/840 841/841/841
f 842/842/842 840/840/840 756/756/756
f 842/842/842 756/756/756 755/755/755
f 840/840/840 842/842/842 843/843/843
f 843/843/843 841/841/841 840/840/840
f 842/842/842 755/755/755 844/844/844
f 844/844/844 843/843/843 842/842/842
f 845/845/845 825/825/825 841/841/841
f 845/845/845 820/820/820 825/825/825
f 845/845/845 846/846/846 820/820/820
f 830/830/830 820/820/820 846/846/846
f 841/841/841 847/847/847 845/845/845
f 846/846/846 845/845/845 847/847/847
f 843/843/843 848/848/848 841/841/841
f 847/847/847 841/841/841 848/848/848
f 846/846/846 849/849/849 830/830/830
f 846/846/846 847/847/847 849/849/849
f 848/848/848 843/843/843 850/850/850
f 844/844/844 850/850/850 843/843/843
f 851/851/851 844/844/844 755/755/755
f 755/755/755 753/753/753 851/851/851
f 848/848/848 852/852/852 847/847/847
f 848/848/848 850/850/850 852/852/852
f 850/850/850 844/844/844 853/853/853
f 851/851/851 853/853/853 844/844/844
f 854/854/854 830/830/830 849/849/849
f 854/854/854 822/822/822 830/830/830
f 855/855/855 849/849/849 847/847/847
f 855/855/855 847/847/847 852/852/852
f 854/854/854 856/856/856 822/822/822
f 835/835/835 822/822/822 856/856/856
f 849/849/849 857/857/857 854/854/854
f 855/855/855 857/857/857 849/849/849
f 856/856/856 854/854/854 857/857/857
f 850/850/850 853/853/853 858/858/858
f 858/858/858 852/852/852 850/850/850
f 852/852/852 859/859/859 855/855/855
f 857/857/857 855/855/855 859/859/859
f 858/858/858 860/860/860 852/852/852
f 859/859/859 852/852/852 860/860/860
f 853/853/853 851/851/851 861/861/861
f 862/862/862 858/858/858 853/853/853
f 853/853/853 861/861/861 862/862/862
f 863/863/863 861/861/861 851/851/851
f 861/861/861 863/863/863 864/864/864
f 863/863/863 851/851/851 753/753/753
f 863/863/863 753/753/753 865/865/865
f 865/865/865 864/864/864 863/863/863
f 750/750/750 865/865/865 753/753/753
f 866/866/866 865/865/865 750/750/750
f 865/865/865 866/866/866 864/864/864
f 866/866/866 750/750/750 752/752/752
f 866/866/866 752/752/752 867/867/867
f 867/867/867 864/864/864 866/866/866
f 758/758/758 867/867/867 752/752/752
f 758/758/758 868/868/868 867/867/867
f 868/868/868 758/758/758 759/759/759
f 869/869/869 862/862/862 861/861/861
f 861/861/861 864/864/864 869/869/869
f 867/867/867 870/870/870 864/864/864
f 870/870/870 867/867/867 868/868/868
f 871/871/871 869/869/869 864/864/864
f 871/871/871 864/864/864 870/870/870
f 871/871/871 872/872/872 869/869/869
f 871/871/871 870/870/870 872/872/872
f 869/869/869 873/873/873 862/862/862
f 873/873/873 869/869/869 872/872/872
f 874/874/874 862/862/862 873/873/873
f 862/862/862 874/874/874 858/858/858
f 875/875/875 858/858/858 874/874/874
f 875/875/875 860/860/860 858/858/858
f 868/868/868 876/876/876 870/870/870
f 877/877/877 872/872/872 870/870/870
f 877/877/877 870/870/870 876/876/876
f 877/877/877 878/878/878 872/872/872
f 877/877/877 876/876/876 878/878/878
f 872/872/872 879/879/879 873/873/873
f 879/879/879 872/872/872 878/878/878
f 873/873/873 880/880/880 874/874/874
f 880/880/880 873/873/873 879/879/879
f 874/874/874 881/881/881 875/875/875
f 881/881/881 874/874/874 880/880/880
f 876/876/876 868/868/868 882/882/882
f 759/759/759 882/882/882 868/868/868
f 880/880/880 879/879/879 883/883/883
f 879/879/879 878/878/878 884/884/884
f 884/884/884 883/883/883 879/879/879
f 881/881/881 880/880/880 885/885/885
f 883/883/883 885/885/885 880/880/880
f 886/886/886 875/875/875 881/881/881
f 885/885/885 887/887/887 881/881/881
f 886/886/886 881/881/881 887/887/887
f 883/883/883 888/888/888 885/885/885
f 884/884/884 889/889/889 883/883/883
f 888/888/888 883/883/883 889/889/889
f 889/889/889 884/884/884 890/890/890
f 891/891/891 884/884/884 878/878/878
f 891/891/891 890/890/890 884/884/884
f 891/891/891 878/878/878 892/892/892
f 892/892/892 890/890/890 891/891/891
f 885/885/885 893/893/893 887/887/887
f 893/893/893 885/885/885 888/888/888
f 894/894/894 892/892/892 878/878/878
f 894/894/894 878/878/878 876/876/876
f 894/894/894 876/876/876 895/895/895
f 894/894/894 895/895/895 892/892/892
f 882/882/882 895/895/895 876/876/876
f 896/896/896 892/892/892 895/895/895
f 892/892/892 896/896/896 890/890/890
f 895/895/895 882/882/882 897/897/897
f 895/895/895 897/897/897 896/896/896
f 898/898/898 897/897/897 882/882/882
f 882/882/882 759/759/759 898/898/898
f 899/899/899 898/898/898 759/759/759
f 899/899/899 759/759/759 767/767/767
f 767/767/767 900/900/900 899/899/899
f 899/899/899 901/901/901 898/898/898
f 901/901/901 899/899/899 900/900/900
f 900/900/900 767/767/767 902/902/902
f 772/772/772 902/902/902 767/767/767
f 902/902/902 772/772/772 782/782/782
f 897/897/897 898/898/898 903/903/903
f 904/904/904 898/898/898 901/901/901
f 904/904/904 903/903/903 898/898/898
f 901/901/901 900/900/900 905/905/905
f 901/901/901 905/905/905 904/904/904
f 900/900/900 902/902/902 906/906/906
f 906/906/906 905/905/905 900/900/900
f 902/902/902 782/782/782 907/907/907
f 907/907/907 906/906/906 902/902/902
f 897/897/897 903/903/903 908/908/908
f 908/908/908 896/896/896 897/897/897
f 909/909/909 907/907/907 782/782/782
f 782/782/782 778/778/778 909/909/909
f 910/910/910 909/909/909 778/778/778
f 910/910/910 778/778/778 801/801/801
f 910/910/910 801/801/801 911/911/911
f 910/910/910 911/911/911 909/909/909
f 912/912/912 911/911/911 801/801/801
f 912/912/912 801/801/801 802/802/802
f 802/802/802 913/913/913 912/912/912
f 914/914/914 912/912/912 913/913/913
f 913/913/913 915/915/915 914/914/914
f 911/911/911 912/912/912 916/916/916
f 914/914/914 916/916/916 912/912/912
f 917/917/917 909/909/909 911/911/911
f 911/911/911 916/916/916 917/917/917
f 907/907/907 909/909/909 918/918/918
f 917/917/917 918/918/918 909/909/909
f 918/918/918 919/919/919 907/907/907
f 906/906/906 907/907/907 919/919/919
f 919/919/919 920/920/920 906/906/906
f 905/905/905 906/906/906 920/920/920
f 921/921/921 914/914/914 915/915/915
f 916/916/916 914/914/914 922/922/922
f 921/921/921 922/922/922 914/914/914
f 922/922/922 921/921/921 923/923/923
f 924/924/924 923/923/923 921/921/921
f 921/921/921 915/915/915 924/924/924
f 925/925/925 924/924/924 915/915/915
f 924/924/924 925/925/925 926/926/926
f 924/924/924 926/926/926 923/923/923
f 927/927/927 926/926/926 925/925/925
f 927/927/927 928/928/928 926/926/926
f 916/916/916 922/922/922 929/929/929
f 929/929/929 917/917/917 916/916/916
f 929/929/929 930/930/930 917/917/917
f 918/918/918 917/917/917 930/930/930
f 930/930/930 931/931/931 918/918/918
f 919/919/919 918/918/918 931/931/931
f 931/931/931 932/932/932 919/919/919
f 920/920/920 919/919/919 932/932/932
f 933/933/933 926/926/926 928/928/928
f 933/933/933 928/928/928 934/934/934
f 933/933/933 934/934/934 926/926/926
f 935/935/935 934/934/934 928/928/928
f 923/923/923 926/926/926 934/934/934
f 934/934/934 935/935/935 936/936/936
f 934/934/934 936/936/936 923/923/923
f 937/937/937 936/936/936 935/935/935
f 936/936/936 937/937/937 938/938/938
f 939/939/939 938/938/938 937/937/937
f 938/938/938 940/940/940 936/936/936
f 923/923/923 936/936/936 940/940/940
f 941/941/941 923/923/923 940/940/940
f 938/938/938 939/939/939 942/942/942
f 942/942/942 940/940/940 938/938/938
f 943/943/943 942/942/942 939/939/939
f 944/944/944 942/942/942 943/943/943
f 942/942/942 945/945/945 940/940/940
f 944/944/944 945/945/945 942/942/942
f 946/946/946 940/940/940 945/945/945
f 940/940/940 946/946/946 941/941/941
f 945/945/945 944/944/944 947/947/947
f 945/945/945 947/947/947 946/946/946
f 948/948/948 947/947/947 944/944/944
f 948/948/948 949/949/949 947/947/947
f 950/950/950 923/923/923 941/941/941
f 923/923/923 950/950/950 922/922/922
f 951/951/951 922/922/922 950/950/950
f 951/951/951 929/929/929 922/922/922
f 950/950/950 952/952/952 951/951/951
f 950/950/950 941/941/941 952/952/952
f 951/951/951 953/953/953 929/929/929
f 953/953/953 951/951/951 952/952/952
f 930/930/930 929/929/929 953/953/953
f 953/953/953 954/954/954 930/930/930
f 931/931/931 930/930/930 954/954/954
f 952/952/952 955/955/955 953/953/953
f 954/954/954 953/953/953 955/955/955
f 955/955/955 956/956/956 954/954/954
f 954/954/954 957/957/957 931/931/931
f 957/957/957 954/954/954 956/956/956
f 932/932/932 931/931/931 957/957/957
f 955/955/955 952/952/952 958/958/958
f 958/958/958 952/952/952 941/941/941
f 955/955/955 958/958/958 956/956/956
f 957/957/957 959/959/959 932/932/932
f 956/956/956 960/960/960 957/957/957
f 959/959/959 957/957/957 960/960/960
f 961/961/961 932/932/932 959/959/959
f 932/932/932 961/961/961 920/920/920
f 962/962/962 920/920/920 961/961/961
f 920/920/920 962/962/962 905/905/905
f 963/963/963 905/905/905 962/962/962
f 963/963/963 904/904/904 905/905/905
f 963/963/963 964/964/964 904/904/904
f 963/963/963 962/962/962 964/964/964
f 903/903/903 904/904/904 964/964/964
f 962/962/962 961/961/961 965/965/965
f 965/965/965 964/964/964 962/962/962
f 961/961/961 959/959/959 966/966/966
f 966/966/966 965/965/965 961/961/961
f 959/959/959 960/960/960 967/967/967
f 967/967/967 966/966/966 959/959/959
f 964/964/964 968/968/968 903/903/903
f 965/965/965 969/969/969 964/964/964
f 968/968/968 964/964/964 969/969/969
f 966/966/966 970/970/970 965/965/965
f 969/969/969 965/965/965 970/970/970
f 967/967/967 971/971/971 966/966/966
f 970/970/970 966/966/966 971/971/971
f 972/972/972 903/903/903 968/968/968
f 972/972/972 908/908/908 903/903/903
f 908/908/908 972/972/972 973/973/973
f 908/908/908 973/973/973 896/896/896
f 972/972/972 968/968/968 974/974/974
f 974/974/974 973/973/973 972/972/972
f 968/968/968 969/969/969 975/975/975
f 975/975/975 974/974/974 968/968/968
f 969/969/969 970/970/970 976/976/976
f 976/976/976 975/975/975 969/969/969
f 970/970/970 971/971/971 977/977/977
f 977/977/977 976/976/976 970/970/970
f 978/978/978 896/896/896 973/973/973
f 978/978/978 890/890/890 896/896/896
f 975/975/975 979/979/979 974/974/974
f 980/980/980 974/974/974 979/979/979
f 974/974/974 980/980/980 973/973/973
f 979/979/979 975/975/975 981/981/981
f 976/976/976 981/981/981 975/975/975
f 982/982/982 973/973/973 980/980/980
f 973/973/973 982/982/982 978/978/978
f 981/981/981 976/976/976 983/983/983
f 977/977/977 983/983/983 976/976/976
f 984/984/984 978/978/978 982/982/982
f 978/978/978 984/984/984 890/890/890
f 985/985/985 890/890/890 984/984/984
f 890/890/890 985/985/985 889/889/889
f 986/986/986 889/889/889 985/985/985
f 889/889/889 986/986/986 888/888/888
f 987/987/987 888/888/888 986/986/986
f 888/888/888 987/987/987 988/988/988
f 983/983/983 977/977/977 989/989/989
f 990/990/990 989/989/989 977/977/977
f 990/990/990 977/977/977 971/971/971
f 989/989/989 990/990/990 991/991/991
f 971/971/971 992/992/992 990/990/990
f 971/971/971 967/967/967 992/992/992
f 993/993/993 991/991/991 990/990/990
f 993/993/993 990/990/990 992/992/992
f 991/991/991 993/993/993 994/994/994
f 995/995/995 992/992/992 967/967/967
f 995/995/995 967/967/967 960/960/960
f 992/992/992 996/996/996 993/993/993
f 992/992/992 995/995/995 996/996/996
f 997/997/997 994/994/994 993/993/993
f 997/997/997 993/993/993 996/996/996
f 997/997/997 998/998/998 994/994/994
f 997/997/997 996/996/996 998/998/998
f 999/999/999 994/994/994 998/998/998
f 998/998/998 1000/1000/1000 999/999/999
f 995/995/995 960/960/960 1001/1001/1001
f 1001/1001/1001 996/996/996 995/995/995
f 1002/1002/1002 998/998/998 996/996/996
f 998/998/998 1002/1002/1002 1000/1000/1000
f 996/996/996 1001/1001/1001 1002/1002/1002
f 1003/1003/1003 1001/1001/1001 960/960/960
f 960/960/960 956/956/956 1003/1003/1003
f 1003/1003/1003 956/956/956 1004/1004/1004
f 1005/1005/1005 1002/1002/1002 1001/1001/1001
f 1001/1001/1001 1003/1003/1003 1005/1005/1005
f 1006/1006/1006 1000/1000/1000 1002/1002/1002
f 1002/1002/1002 1005/1005/1005 1006/1006/1006
f 1007/1007/1007 1004/1004/1004 956/956/956
f 1007/1007/1007 956/956/956 958/958/958
f 1003/1003/1003 1004/1004/1004 1008/1008/1008
f 1008/1008/1008 1005/1005/1005 1003/1003/1003
f 1009/1009/1009 1006/1006/1006 1005/1005/1005
f 1006/1006/1006 1010/1010/1010 1000/1000/1000
f 1006/1006/1006 1009/1009/1009 1010/1010/1010
f 1008/1008/1008 1011/1011/1011 1005/1005/1005
f 1009/1009/1009 1005/1005/1005 1011/1011/1011
f 1007/1007/1007 958/958/958 1012/1012/1012
f 1007/1007/1007 1013/1013/1013 1004/1004/1004
f 1013/1013/1013 1007/1007/1007 1012/1012/1012
f 1012/1012/1012 1014/1014/1014 1013/1013/1013
f 1015/1015/1015 1012/1012/1012 958/958/958
f 1012/1012/1012 1015/1015/1015 1014/1014/1014
f 958/958/958 941/941/941 1015/1015/1015
f 1016/1016/1016 1015/1015/1015 941/941/941
f 1016/1016/1016 941/941/941 946/946/946
f 946/946/946 1017/1017/1017 1016/1016/1016
f 1017/1017/1017 946/946/946 947/947/947
f 1016/1016/1016 1018/1018/1018 1015/1015/1015
f 1018/1018/1018 1016/1016/1016 1017/1017/1017
f 947/947/947 1019/1019/1019 1017/1017/1017
f 1019/1019/1019 947/947/947 949/949/949
f 1020/1020/1020 1014/1014/1014 1015/1015/1015
f 1020/1020/1020 1015/1015/1015 1018/1018/1018
f 1017/1017/1017 1021/1021/1021 1018/1018/1018
f 1021/1021/1021 1017/1017/1017 1019/1019/1019
f 949/949/949 1022/1022/1022 1019/1019/1019
f 1022/1022/1022 949/949/949 1023/1023/1023
f 1023/1023/1023 1024/1024/1024 1022/1022/1022
f 1025/1025/1025 1022/1022/1022 1024/1024/1024
f 1026/1026/1026 1019/1019/1019 1022/1022/1022
f 1022/1022/1022 1025/1025/1025 1026/1026/1026
f 1019/1019/1019 1026/1026/1026 1021/1021/1021
f 1027/1027/1027 1026/1026/1026 1025/1025/1025
f 1026/1026/1026 1027/1027/1027 1028/1028/1028
f 1028/1028/1028 1021/1021/1021 1026/1026/1026
f 1029/1029/1029 1028/1028/1028 1027/1027/1027
f 1030/1030/1030 1018/1018/1018 1021/1021/1021
f 1018/1018/1018 1030/1030/1030 1020/1020/1020
f 1021/1021/1021 1028/1028/1028 1030/1030/1030
f 1028/1028/1028 1029/1029/1029 1031/1031/1031
f 1031/1031/1031 1030/1030/1030 1028/1028/1028
f 1032/1032/1032 1031/1031/1031 1029/1029/1029
f 1033/1033/1033 1020/1020/1020 1030/1030/1030
f 1030/1030/1030 1031/1031/1031 1033/1033/1033
f 1020/1020/1020 1033/1033/1033 1014/1014/1014
f 1031/1031/1031 1032/1032/1032 1034/1034/1034
f 1034/1034/1034 1033/1033/1033 1031/1031/1031
f 1035/1035/1035 1034/1034/1034 1032/1032/1032
f 1033/1033/1033 1034/1034/1034 1036/1036/1036
f 1036/1036/1036 1014/1014/1014 1033/1033/1033
f 1034/1034/1034 1035/1035/1035 1037/1037/1037
f 1037/1037/1037 1036/1036/1036 1034/1034/1034
f 1038/1038/1038 1037/1037/1037 1035/1035/1035
f 1037/1037/1037 1038/1038/1038 1039/1039/1039
f 1039/1039/1039 1036/1036/1036 1037/1037/1037
f 1040/1040/1040 1039/1039/1039 1038/1038/1038
f 1036/1036/1036 1041/1041/1041 1014/1014/1014
f 1039/1039/1039 1041/1041/1041 1036/1036/1036
f 1039/1039/1039 1040/1040/1040 1042/1042/1042
f 1041/1041/1041 1039/1039/1039 1042/1042/1042
f 1043/1043/1043 1042/1042/1042 1040/1040/1040
f 1043/1043/1043 1044/1044/1044 1042/1042/1042
f 1045/1045/1045 1042/1042/1042 1044/1044/1044
f 1045/1045/1045 1046/1046/1046 1042/1042/1042
f 1041/1041/1041 1042/1042/1042 1046/1046/1046
f 1045/1045/1045 1047/1047/1047 1046/1046/1046
f 1048/1048/1048 1014/1014/1014 1041/1041/1041
f 1048/1048/1048 1013/1013/1013 1014/1014/1014
f 1049/1049/1049 1046/1046/1046 1047/1047/1047
f 1047/1047/1047 1050/1050/1050 1049/1049/1049
f 1046/1046/1046 1051/1051/1051 1041/1041/1041
f 1048/1048/1048 1041/1041/1041 1051/1051/1051
f 1046/1046/1046 1049/1049/1049 1051/1051/1051
f 1013/1013/1013 1048/1048/1048 1052/1052/1052
f 1051/1051/1051 1052/1052/1052 1048/1048/1048
f 1052/1052/1052 1004/1004/1004 1013/1013/1013
f 1053/1053/1053 1051/1051/1051 1049/1049/1049
f 1053/1053/1053 1052/1052/1052 1051/1051/1051
f 1049/1049/1049 1054/1054/1054 1053/1053/1053
f 1054/1054/1054 1049/1049/1049 1050/1050/1050
f 1053/1053/1053 1054/1054/1054 1052/1052/1052
f 1052/1052/1052 1055/1055/1055 1004/1004/1004
f 1055/1055/1055 1052/1052/1052 1054/1054/1054
f 1054/1054/1054 1050/1050/1050 1056/1056/1056
f 1054/1054/1054 1056/1056/1056 1055/1055/1055
f 1057/1057/1057 1056/1056/1056 1050/1050/1050
f 1058/1058/1058 1004/1004/1004 1055/1055/1055
f 1058/1058/1058 1008/1008/1008 1004/1004/1004
f 1056/1056/1056 1057/1057/1057 1059/1059/1059
f 1060/1060/1060 1059/1059/1059 1057/1057/1057
f 1061/1061/1061 1055/1055/1055 1056/1056/1056
f 1055/1055/1055 1061/1061/1061 1058/1058/1058
f 1056/1056/1056 1059/1059/1059 1061/1061/1061
f 1058/1058/1058 1062/1062/1062 1008/1008/1008
f 1062/1062/1062 1058/1058/1058 1061/1061/1061
f 1063/1063/1063 1008/1008/1008 1062/1062/1062
f 1062/1062/1062 1061/1061/1061 1063/1063/1063
f 1011/1011/1011 1008/1008/1008 1063/1063/1063
f 1059/1059/1059 1060/1060/1060 1064/1064/1064
f 1065/1065/1065 1064/1064/1064 1060/1060/1060
f 1064/1064/1064 1065/1065/1065 1066/1066/1066
f 1067/1067/1067 1066/1066/1066 1065/1065/1065
f 1067/1067/1067 1068/1068/1068 1066/1066/1066
f 1069/1069/1069 1061/1061/1061 1059/1059/1059
f 1059/1059/1059 1064/1064/1064 1069/1069/1069
f 1069/1069/1069 1063/1063/1063 1061/1061/1061
f 1064/1064/1064 1066/1066/1066 1069/1069/1069
f 1011/1011/1011 1063/1063/1063 1070/1070/1070
f 1069/1069/1069 1070/1070/1070 1063/1063/1063
f 1070/1070/1070 1069/1069/1069 1066/1066/1066
f 1011/1011/1011 1070/1070/1070 1009/1009/1009
f 1071/1071/1071 1009/1009/1009 1070/1070/1070
f 1070/1070/1070 1066/1066/1066 1071/1071/1071
f 1071/1071/1071 1010/1010/1010 1009/1009/1009
f 1072/1072/1072 1066/1066/1066 1068/1068/1068
f 1072/1072/1072 1071/1071/1071 1066/1066/1066
f 1068/1068/1068 1073/1073/1073 1072/1072/1072
f 1072/1072/1072 1073/1073/1073 1071/1071/1071
f 1010/1010/1010 1071/1071/1071 1073/1073/1073
f 1073/1073/1073 1000/1000/1000 1010/1010/1010
f 1000/1000/1000 1073/1073/1073 1074/1074/1074
f 1000/1000/1000 1074/1074/1074 1075/1075/1075
f 1076/1076/1076 1075/1075/1075 1074/1074/1074
f 1076/1076/1076 1077/1077/1077 1075/1075/1075
f 1075/1075/1075 999/999/999 1000/1000/1000
f 1078/1078/1078 1075/1075/1075 1077/1077/1077
f 1075/1075/1075 1078/1078/1078 999/999/999
f 1079/1079/1079 999/999/999 1078/1078/1078
f 1082/1082/1082 1081/1081/1081 1080/1080/1080
f 1083/1083/1083 1080/1080/1080 1081/1081/1081
f 1080/1080/1080 1083/1083/1083 1084/1084/1084
f 1083/1083/1083 1081/1081/1081 1085/1085/1085
f 1086/1086/1086 1085/1085/1085 1081/1081/1081
f 1087/1087/1087 1084/1084/1084 1083/1083/1083
f 1084/1084/1084 1087/1087/1087 1088/1088/1088
f 1085/1085/1085 1089/1089/1089 1083/1083/1083
f 1087/1087/1087 1083/1083/1083 1089/1089/1089
f 1085/1085/1085 1086/1086/1086 1090/1090/1090
f 1085/1085/1085 1090/1090/1090 1089/1089/1089
f 1091/1091/1091 1090/1090/1090 1086/1086/1086
f 1090/1090/1090 1091/1091/1091 1092/1092/1092
f 1093/1093/1093 1092/1092/1092 1091/1091/1091
f 1093/1093/1093 1094/1094/1094 1092/1092/1092
f 1095/1095/1095 1092/1092/1092 1094/1094/1094
f 1095/1095/1095 1094/1094/1094 1096/1096/1096
f 1096/1096/1096 1097/1097/1097 1095/1095/1095
f 1092/1092/1092 1098/1098/1098 1090/1090/1090
f 1098/1098/1098 1092/1092/1092 1095/1095/1095
f 1099/1099/1099 1089/1089/1089 1090/1090/1090
f 1099/1099/1099 1090/1090/1090 1098/1098/1098
f 1089/1089/1089 1100/1100/1100 1087/1087/1087
f 1089/1089/1089 1099/1099/1099 1100/1100/1100
f 1098/1098/1098 1101/1101/1101 1099/1099/1099
f 1098/1098/1098 1095/1095/1095 1101/1101/1101
f 1102/1102/1102 1087/1087/1087 1100/1100/1100
f 1102/1102/1102 1088/1088/1088 1087/1087/1087
f 1103/1103/1103 1100/1100/1100 1099/1099/1099
f 1103/1103/1103 1099/1099/1099 1101/1101/1101
f 1102/1102/1102 1100/1100/1100 1104/1104/1104
f 1102/1102/1102 1104/1104/1104 1088/1088/1088
f 1100/1100/1100 1103/1103/1103 1105/1105/1105
f 1105/1105/1105 1104/1104/1104 1100/1100/1100
f 1106/1106/1106 1095/1095/1095 1097/1097/1097
f 1106/1106/1106 1097/1097/1097 1107/1107/1107
f 1108/1108/1108 1107/1107/1107 1097/1097/1097
f 1108/1108/1108 1109/1109/1109 1107/1107/1107
f 1095/1095/1095 1106/1106/1106 1110/1110/1110
f 1110/1110/1110 1101/1101/1101 1095/1095/1095
f 1106/1106/1106 1107/1107/1107 1111/1111/1111
f 1111/1111/1111 1110/1110/1110 1106/1106/1106
f 1101/1101/1101 1112/1112/1112 1103/1103/1103
f 1110/1110/1110 1113/1113/1113 1101/1101/1101
f 1112/1112/1112 1101/1101/1101 1113/1113/1113
f 1114/1114/1114 1103/1103/1103 1112/1112/1112
f 1114/1114/1114 1105/1105/1105 1103/1103/1103
f 1113/1113/1113 1110/1110/1110 1115/1115/1115
f 1111/1111/1111 1115/1115/1115 1110/1110/1110
f 1112/1112/1112 1113/1113/1113 1116/1116/1116
f 1112/1112/1112 1116/1116/1116 1114/1114/1114
f 1115/1115/1115 1116/1116/1116 1113/1113/1113
f 1114/1114/1114 1117/1117/1117 1105/1105/1105
f 1117/1117/1117 1114/1114/1114 1116/1116/1116
f 1118/1118/1118 1105/1105/1105 1117/1117/1117
f 1105/1105/1105 1118/1118/1118 1104/1104/1104
f 1117/1117/1117 1116/1116/1116 1119/1119/1119
f 1120/1120/1120 1116/1116/1116 1115/1115/1115
f 1120/1120/1120 1119/1119/1119 1116/1116/1116
f 1118/1118/1118 1117/1117/1117 1121/1121/1121
f 1119/1119/1119 1121/1121/1121 1117/1117/1117
f 1122/1122/1122 1104/1104/1104 1118/1118/1118
f 1121/1121/1121 1123/1123/1123 1118/1118/1118
f 1122/1122/1122 1118/1118/1118 1123/1123/1123
f 1104/1104/1104 1122/1122/1122 1124/1124/1124
f 1124/1124/1124 1088/1088/1088 1104/1104/1104
f 1124/1124/1124 1125/1125/1125 1088/1088/1088
f 1126/1126/1126 1088/1088/1088 1125/1125/1125
f 1125/1125/1125 1124/1124/1124 1127/1127/1127
f 1123/1123/1123 1127/1127/1127 1122/1122/1122
f 1125/1125/1125 1127/1127/1127 1128/1128/1128
f 1129/1129/1129 1124/1124/1124 1122/1122/1122
f 1129/1129/1129 1127/1127/1127 1124/1124/1124
f 1129/1129/1129 1122/1122/1122 1127/1127/1127
f 1127/1127/1127 1123/1123/1123 1130/1130/1130
f 1130/1130/1130 1128/1128/1128 1127/1127/1127
f 1123/1123/1123 1121/1121/1121 1131/1131/1131
f 1131/1131/1131 1130/1130/1130 1123/1123/1123
f 1121/1121/1121 1119/1119/1119 1132/1132/1132
f 1132/1132/1132 1131/1131/1131 1121/1121/1121
f 1130/1130/1130 1133/1133/1133 1128/1128/1128
f 1134/1134/1134 1128/1128/1128 1133/1133/1133
f 1131/1131/1131 1135/1135/1135 1130/1130/1130
f 1131/1131/1131 1132/1132/1132 1135/1135/1135
f 1133/1133/1133 1130/1130/1130 1135/1135/1135
f 1136/1136/1136 1132/1132/1132 1119/1119/1119
f 1119/1119/1119 1120/1120/1120 1136/1136/1136
f 1133/1133/1133 1137/1137/1137 1134/1134/1134
f 1138/1138/1138 1134/1134/1134 1137/1137/1137
f 1137/1137/1137 1133/1133/1133 1139/1139/1139
f 1135/1135/1135 1139/1139/1139 1133/1133/1133
f 1137/1137/1137 1140/1140/1140 1138/1138/1138
f 1137/1137/1137 1139/1139/1139 1140/1140/1140
f 1141/1141/1141 1138/1138/1138 1140/1140/1140
f 1142/1142/1142 1135/1135/1135 1132/1132/1132
f 1132/1132/1132 1136/1136/1136 1142/1142/1142
f 1143/1143/1143 1136/1136/1136 1120/1120/1120
f 1120/1120/1120 1115/1115/1115 1143/1143/1143
f 1140/1140/1140 1144/1144/1144 1141/1141/1141
f 1145/1145/1145 1141/1141/1141 1144/1144/1144
f 1135/1135/1135 1146/1146/1146 1139/1139/1139
f 1142/1142/1142 1146/1146/1146 1135/1135/1135
f 1147/1147/1147 1140/1140/1140 1139/1139/1139
f 1140/1140/1140 1147/1147/1147 1144/1144/1144
f 1148/1148/1148 1142/1142/1142 1136/1136/1136
f 1136/1136/1136 1143/1143/1143 1148/1148/1148
f 1149/1149/1149 1143/1143/1143 1115/1115/1115
f 1115/1115/1115 1111/1111/1111 1149/1149/1149
f 1150/1150/1150 1143/1143/1143 1149/1149/1149
f 1150/1150/1150 1148/1148/1148 1143/1143/1143
f 1151/1151/1151 1149/1149/1149 1111/1111/1111
f 1149/1149/1149 1151/1151/1151 1150/1150/1150
f 1144/1144/1144 1152/1152/1152 1145/1145/1145
f 1153/1153/1153 1145/1145/1145 1152/1152/1152
f 1139/1139/1139 1154/1154/1154 1147/1147/1147
f 1154/1154/1154 1139/1139/1139 1146/1146/1146
f 1150/1150/1150 1155/1155/1155 1148/1148/1148
f 1155/1155/1155 1150/1150/1150 1151/1151/1151
f 1111/1111/1111 1156/1156/1156 1151/1151/1151
f 1156/1156/1156 1111/1111/1111 1107/1107/1107
f 1152/1152/1152 1157/1157/1157 1153/1153/1153
f 1158/1158/1158 1153/1153/1153 1157/1157/1157
f 1158/1158/1158 1157/1157/1157 1159/1159/1159
f 1160/1160/1160 1147/1147/1147 1154/1154/1154
f 1154/1154/1154 1161/1161/1161 1160/1160/1160
f 1154/1154/1154 1146/1146/1146 1161/1161/1161
f 1162/1162/1162 1161/1161/1161 1146/1146/1146
f 1146/1146/1146 1142/1142/1142 1162/1162/1162
f 1163/1163/1163 1162/1162/1162 1142/1142/1142
f 1142/1142/1142 1148/1148/1148 1163/1163/1163
f 1164/1164/1164 1160/1160/1160 1161/1161/1161
f 1165/1165/1165 1163/1163/1163 1148/1148/1148
f 1163/1163/1163 1165/1165/1165 1166/1166/1166
f 1166/1166/1166 1165/1165/1165 1167/1167/1167
f 1165/1165/1165 1148/1148/1148 1155/1155/1155
f 1168/1168/1168 1167/1167/1167 1165/1165/1165
f 1165/1165/1165 1155/1155/1155 1168/1168/1168
f 1167/1167/1167 1168/1168/1168 1169/1169/1169
f 1147/1147/1147 1160/1160/1160 1170/1170/1170
f 1170/1170/1170 1144/1144/1144 1147/1147/1147
f 1160/1160/1160 1164/1164/1164 1171/1171/1171
f 1171/1171/1171 1170/1170/1170 1160/1160/1160
f 1172/1172/1172 1171/1171/1171 1164/1164/1164
f 1172/1172/1172 1173/1173/1173 1171/1171/1171
f 1170/1170/1170 1174/1174/1174 1144/1144/1144
f 1170/1170/1170 1171/1171/1171 1174/1174/1174
f 1152/1152/1152 1144/1144/1144 1174/1174/1174
f 1175/1175/1175 1171/1171/1171 1173/1173/1173
f 1175/1175/1175 1174/1174/1174 1171/1171/1171
f 1173/1173/1173 1176/1176/1176 1175/1175/1175
f 1177/1177/1177 1169/1169/1169 1168/1168/1168
f 1169/1169/1169 1177/1177/1177 1178/1178/1178
f 1174/1174/1174 1179/1179/1179 1152/1152/1152
f 1157/1157/1157 1152/1152/1152 1179/1179/1179
f 1180/1180/1180 1174/1174/1174 1175/1175/1175
f 1180/1180/1180 1175/1175/1175 1176/1176/1176
f 1174/1174/1174 1180/1180/1180 1179/1179/1179
f 1176/1176/1176 1181/1181/1181 1180/1180/1180
f 1176/1176/1176 1182/1182/1182 1181/1181/1181
f 1168/1168/1168 1183/1183/1183 1177/1177/1177
f 1184/1184/1184 1177/1177/1177 1183/1183/1183
f 1183/1183/1183 1168/1168/1168 1155/1155/1155
f 1155/1155/1155 1151/1151/1151 1183/1183/1183
f 1185/1185/1185 1183/1183/1183 1151/1151/1151
f 1183/1183/1183 1185/1185/1185 1184/1184/1184
f 1151/1151/1151 1156/1156/1156 1185/1185/1185
f 1181/1181/1181 1182/1182/1182 1186/1186/1186
f 1187/1187/1187 1186/1186/1186 1182/1182/1182
f 1188/1188/1188 1177/1177/1177 1184/1184/1184
f 1188/1188/1188 1178/1178/1178 1177/1177/1177
f 1188/1188/1188 1189/1189/1189 1178/1178/1178
f 1188/1188/1188 1184/1184/1184 1189/1189/1189
f 1190/1190/1190 1178/1178/1178 1189/1189/1189
f 1190/1190/1190 1189/1189/1189 1191/1191/1191
f 1192/1192/1192 1191/1191/1191 1189/1189/1189
f 1189/1189/1189 1184/1184/1184 1192/1192/1192
f 1192/1192/1192 1193/1193/1193 1191/1191/1191
f 1194/1194/1194 1191/1191/1191 1193/1193/1193
f 1194/1194/1194 1193/1193/1193 1195/1195/1195
f 1196/1196/1196 1192/1192/1192 1184/1184/1184
f 1192/1192/1192 1196/1196/1196 1193/1193/1193
f 1197/1197/1197 1195/1195/1195 1193/1193/1193
f 1195/1195/1195 1197/1197/1197 1198/1198/1198
f 1186/1186/1186 1187/1187/1187 1199/1199/1199
f 1199/1199/1199 1200/1200/1200 1186/1186/1186
f 1201/1201/1201 1199/1199/1199 1187/1187/1187
f 1199/1199/1199 1201/1201/1201 1202/1202/1202
f 1202/1202/1202 1200/1200/1200 1199/1199/1199
f 1203/1203/1203 1202/1202/1202 1201/1201/1201
f 1203/1203/1203 1204/1204/1204 1202/1202/1202
f 1205/1205/1205 1202/1202/1202 1204/1204/1204
f 1202/1202/1202 1205/1205/1205 1200/1200/1200
f 1205/1205/1205 1204/1204/1204 1206/1206/1206
f 1207/1207/1207 1206/1206/1206 1204/1204/1204
f 1207/1207/1207 1208/1208/1208 1206/1206/1206
f 1193/1193/1193 1209/1209/1209 1197/1197/1197
f 1209/1209/1209 1193/1193/1193 1196/1196/1196
f 1210/1210/1210 1186/1186/1186 1200/1200/1200
f 1186/1186/1186 1210/1210/1210 1181/1181/1181
f 1200/1200/1200 1205/1205/1205 1211/1211/1211
f 1206/1206/1206 1211/1211/1211 1205/1205/1205
f 1212/1212/1212 1206/1206/1206 1208/1208/1208
f 1211/1211/1211 1206/1206/1206 1213/1213/1213
f 1212/1212/1212 1213/1213/1213 1206/1206/1206
f 1211/1211/1211 1214/1214/1214 1200/1200/1200
f 1211/1211/1211 1213/1213/1213 1214/1214/1214
f 1212/1212/1212 1208/1208/1208 1215/1215/1215
f 1216/1216/1216 1215/1215/1215 1208/1208/1208
f 1200/1200/1200 1217/1217/1217 1210/1210/1210
f 1217/1217/1217 1200/1200/1200 1214/1214/1214
f 1218/1218/1218 1210/1210/1210 1217/1217/1217
f 1217/1217/1217 1214/1214/1214 1218/1218/1218
f 1219/1219/1219 1181/1181/1181 1210/1210/1210
f 1210/1210/1210 1218/1218/1218 1219/1219/1219
f 1213/1213/1213 1212/1212/1212 1220/1220/1220
f 1215/1215/1215 1220/1220/1220 1212/1212/1212
f 1215/1215/1215 1216/1216/1216 1221/1221/1221
f 1222/1222/1222 1221/1221/1221 1216/1216/1216
f 1223/1223/1223 1214/1214/1214 1213/1213/1213
f 1214/1214/1214 1223/1223/1223 1218/1218/1218
f 1223/1223/1223 1213/1213/1213 1224/1224/1224
f 1220/1220/1220 1224/1224/1224 1213/1213/1213
f 1220/1220/1220 1215/1215/1215 1225/1225/1225
f 1221/1221/1221 1225/1225/1225 1215/1215/1215
f 1225/1225/1225 1221/1221/1221 1226/1226/1226
f 1225/1225/1225 1226/1226/1226 1227/1227/1227
f 1225/1225/1225 1227/1227/1227 1220/1220/1220
f 1224/1224/1224 1220/1220/1220 1227/1227/1227
f 1228/1228/1228 1226/1226/1226 1221/1221/1221
f 1221/1221/1221 1222/1222/1222 1228/1228/1228
f 1229/1229/1229 1228/1228/1228 1222/1222/1222
f 1228/1228/1228 1229/1229/1229 1230/1230/1230
f 1228/1228/1228 1230/1230/1230 1226/1226/1226
f 1231/1231/1231 1230/1230/1230 1229/1229/1229
f 1231/1231/1231 1232/1232/1232 1230/1230/1230
f 1233/1233/1233 1230/1230/1230 1232/1232/1232
f 1230/1230/1230 1233/1233/1233 1226/1226/1226
f 1232/1232/1232 1234/1234/1234 1233/1233/1233
f 1235/1235/1235 1233/1233/1233 1234/1234/1234
f 1233/1233/1233 1235/1235/1235 1226/1226/1226
f 1236/1236/1236 1226/1226/1226 1235/1235/1235
f 1236/1236/1236 1237/1237/1237 1226/1226/1226
f 1227/1227/1227 1237/1237/1237 1224/1224/1224
f 1238/1238/1238 1227/1227/1227 1226/1226/1226
f 1238/1238/1238 1237/1237/1237 1227/1227/1227
f 1238/1238/1238 1226/1226/1226 1237/1237/1237
f 1239/1239/1239 1224/1224/1224 1237/1237/1237
f 1237/1237/1237 1240/1240/1240 1239/1239/1239
f 1239/1239/1239 1241/1241/1241 1224/1224/1224
f 1223/1223/1223 1224/1224/1224 1241/1241/1241
f 1241/1241/1241 1218/1218/1218 1223/1223/1223
f 1218/1218/1218 1241/1241/1241 1242/1242/1242
f 1242/1242/1242 1219/1219/1219 1218/1218/1218
f 1241/1241/1241 1239/1239/1239 1243/1243/1243
f 1243/1243/1243 1242/1242/1242 1241/1241/1241
f 1244/1244/1244 1239/1239/1239 1240/1240/1240
f 1244/1244/1244 1243/1243/1243 1239/1239/1239
f 1242/1242/1242 1245/1245/1245 1219/1219/1219
f 1242/1242/1242 1243/1243/1243 1245/1245/1245
f 1244/1244/1244 1240/1240/1240 1246/1246/1246
f 1247/1247/1247 1246/1246/1246 1240/1240/1240
f 1246/1246/1246 1247/1247/1247 1248/1248/1248
f 1249/1249/1249 1248/1248/1248 1247/1247/1247
f 1248/1248/1248 1249/1249/1249 1250/1250/1250
f 1250/1250/1250 1251/1251/1251 1248/1248/1248
f 1246/1246/1246 1252/1252/1252 1244/1244/1244
f 1243/1243/1243 1244/1244/1244 1252/1252/1252
f 1246/1246/1246 1248/1248/1248 1252/1252/1252
f 1253/1253/1253 1219/1219/1219 1245/1245/1245
f 1219/1219/1219 1253/1253/1253 1181/1181/1181
f 1245/1245/1245 1243/1243/1243 1254/1254/1254
f 1252/1252/1252 1254/1254/1254 1243/1243/1243
f 1255/1255/1255 1181/1181/1181 1253/1253/1253
f 1255/1255/1255 1180/1180/1180 1181/1181/1181
f 1180/1180/1180 1255/1255/1255 1256/1256/1256
f 1256/1256/1256 1179/1179/1179 1180/1180/1180
f 1255/1255/1255 1253/1253/1253 1257/1257/1257
f 1257/1257/1257 1256/1256/1256 1255/1255/1255
f 1253/1253/1253 1245/1245/1245 1258/1258/1258
f 1258/1258/1258 1257/1257/1257 1253/1253/1253
f 1258/1258/1258 1245/1245/1245 1259/1259/1259
f 1254/1254/1254 1259/1259/1259 1245/1245/1245
f 1258/1258/1258 1259/1259/1259 1257/1257/1257
f 1179/1179/1179 1256/1256/1256 1260/1260/1260
f 1179/1179/1179 1260/1260/1260 1157/1157/1157
f 1256/1256/1256 1257/1257/1257 1261/1261/1261
f 1261/1261/1261 1260/1260/1260 1256/1256/1256
f 1262/1262/1262 1157/1157/1157 1260/1260/1260
f 1262/1262/1262 1159/1159/1159 1157/1157/1157
f 1260/1260/1260 1263/1263/1263 1262/1262/1262
f 1260/1260/1260 1261/1261/1261 1263/1263/1263
f 1264/1264/1264 1261/1261/1261 1257/1257/1257
f 1264/1264/1264 1257/1257/1257 1259/1259/1259
f 1262/1262/1262 1265/1265/1265 1159/1159/1159
f 1265/1265/1265 1262/1262/1262 1263/1263/1263
f 1261/1261/1261 1264/1264/1264 1266/1266/1266
f 1266/1266/1266 1263/1263/1263 1261/1261/1261
f 1264/1264/1264 1259/1259/1259 1267/1267/1267
f 1267/1267/1267 1266/1266/1266 1264/1264/1264
f 1268/1268/1268 1159/1159/1159 1265/1265/1265
f 1159/1159/1159 1268/1268/1268 1269/1269/1269
f 1270/1270/1270 1269/1269/1269 1268/1268/1268
f 1263/1263/1263 1271/1271/1271 1265/1265/1265
f 1268/1268/1268 1265/1265/1265 1271/1271/1271
f 1270/1270/1270 1268/1268/1268 1272/1272/1272
f 1271/1271/1271 1272/1272/1272 1268/1268/1268
f 1270/1270/1270 1272/1272/1272 1273/1273/1273
f 1266/1266/1266 1274/1274/1274 1263/1263/1263
f 1271/1271/1271 1263/1263/1263 1274/1274/1274
f 1275/1275/1275 1267/1267/1267 1259/1259/1259
f 1259/1259/1259 1254/1254/1254 1275/1275/1275
f 1267/1267/1267 1276/1276/1276 1266/1266/1266
f 1274/1274/1274 1266/1266/1266 1276/1276/1276
f 1275/1275/1275 1277/1277/1277 1267/1267/1267
f 1275/1275/1275 1254/1254/1254 1277/1277/1277
f 1276/1276/1276 1267/1267/1267 1277/1277/1277
f 1274/1274/1274 1278/1278/1278 1271/1271/1271
f 1272/1272/1272 1271/1271/1271 1278/1278/1278
f 1279/1279/1279 1273/1273/1273 1272/1272/1272
f 1273/1273/1273 1279/1279/1279 1280/1280/1280
f 1276/1276/1276 1281/1281/1281 1274/1274/1274
f 1278/1278/1278 1274/1274/1274 1281/1281/1281
f 1278/1278/1278 1282/1282/1282 1272/1272/1272
f 1279/1279/1279 1272/1272/1272 1282/1282/1282
f 1278/1278/1278 1281/1281/1281 1282/1282/1282
f 1283/1283/1283 1280/1280/1280 1279/1279/1279
f 1280/1280/1280 1283/1283/1283 1284/1284/1284
f 1285/1285/1285 1284/1284/1284 1283/1283/1283
f 1285/1285/1285 1283/1283/1283 1286/1286/1286
f 1283/1283/1283 1279/1279/1279 1287/1287/1287
f 1287/1287/1287 1286/1286/1286 1283/1283/1283
f 1282/1282/1282 1287/1287/1287 1279/1279/1279
f 1286/1286/1286 1287/1287/1287 1288/1288/1288
f 1282/1282/1282 1289/1289/1289 1287/1287/1287
f 1289/1289/1289 1282/1282/1282 1281/1281/1281
f 1290/1290/1290 1288/1288/1288 1287/1287/1287
f 1290/1290/1290 1287/1287/1287 1289/1289/1289
f 1288/1288/1288 1290/1290/1290 1251/1251/1251
f 1291/1291/1291 1251/1251/1251 1290/1290/1290
f 1290/1290/1290 1289/1289/1289 1291/1291/1291
f 1291/1291/1291 1248/1248/1248 1251/1251/1251
f 1292/1292/1292 1291/1291/1291 1289/1289/1289
f 1289/1289/1289 1281/1281/1281 1292/1292/1292
f 1292/1292/1292 1248/1248/1248 1291/1291/1291
f 1293/1293/1293 1292/1292/1292 1281/1281/1281
f 1281/1281/1281 1276/1276/1276 1293/1293/1293
f 1277/1277/1277 1293/1293/1293 1276/1276/1276
f 1248/1248/1248 1292/1292/1292 1294/1294/1294
f 1293/1293/1293 1294/1294/1294 1292/1292/1292
f 1293/1293/1293 1277/1277/1277 1294/1294/1294
f 1294/1294/1294 1252/1252/1252 1248/1248/1248
f 1295/1295/1295 1294/1294/1294 1277/1277/1277
f 1294/1294/1294 1295/1295/1295 1252/1252/1252
f 1295/1295/1295 1277/1277/1277 1254/1254/1254
f 1254/1254/1254 1252/1252/1252 1295/1295/1295
f 1298/1298/1298 1297/1297/1297 1296/1296/1296
f 1299/1299/1299 1296/1296/1296 1297/1297/1297
f 1299/1299/1299 1300/1300/1300 1296/1296/1296
f 1301/1301/1301 1299/1299/1299 1297/1297/1297
f 1299/1299/1299 1301/1301/1301 1302/1302/1302
f 1299/1299/1299 1302/1302/1302 1303/1303/1303
f 1299/1299/1299 1303/1303/1303 1300/1300/1300
f 1304/1304/1304 1296/1296/1296 1300/1300/1300
f 1296/1296/1296 1304/1304/1304 1305/1305/1305
f 1304/1304/1304 1306/1306/1306 1305/1305/1305
f 1304/1304/1304 1300/1300/1300 1306/1306/1306
f 1303/1303/1303 1302/1302/1302 1307/1307/1307
f 1308/1308/1308 1307/1307/1307 1302/1302/1302
f 1306/1306/1306 1309/1309/1309 1305/1305/1305
f 1310/1310/1310 1305/1305/1305 1309/1309/1309
f 1310/1310/1310 1309/1309/1309 1311/1311/1311
f 1307/1307/1307 1308/1308/1308 1312/1312/1312
f 1313/1313/1313 1312/1312/1312 1308/1308/1308
f 1312/1312/1312 1313/1313/1313 1314/1314/1314
f 1315/1315/1315 1314/1314/1314 1313/1313/1313
f 1312/1312/1312 1316/1316/1316 1307/1307/1307
f 1312/1312/1312 1314/1314/1314 1316/1316/1316
f 1307/1307/1307 1317/1317/1317 1303/1303/1303
f 1317/1317/1317 1307/1307/1307 1316/1316/1316
f 1314/1314/1314 1315/1315/1315 1318/1318/1318
f 1319/1319/1319 1318/1318/1318 1315/1315/1315
f 1320/1320/1320 1311/1311/1311 1309/1309/1309
f 1311/1311/1311 1320/1320/1320 1321/1321/1321
f 1322/1322/1322 1303/1303/1303 1317/1317/1317
f 1322/1322/1322 1317/1317/1317 1323/1323/1323
f 1322/1322/1322 1300/1300/1300 1303/1303/1303
f 1322/1322/1322 1323/1323/1323 1300/1300/1300
f 1324/1324/1324 1316/1316/1316 1314/1314/1314
f 1314/1314/1314 1318/1318/1318 1324/1324/1324
f 1318/1318/1318 1319/1319/1319 1325/1325/1325
f 1326/1326/1326 1325/1325/1325 1319/1319/1319
f 1326/1326/1326 1327/1327/1327 1325/1325/1325
f 1325/1325/1325 1328/1328/1328 1318/1318/1318
f 1325/1325/1325 1327/1327/1327 1328/1328/1328
f 1329/1329/1329 1328/1328/1328 1327/1327/1327
f 1330/1330/1330 1300/1300/1300 1323/1323/1323
f 1330/1330/1330 1306/1306/1306 1300/1300/1300
f 1306/1306/1306 1330/1330/1330 1331/1331/1331
f 1309/1309/1309 1306/1306/1306 1331/1331/1331
f 1332/1332/1332 1324/1324/1324 1318/1318/1318
f 1332/1332/1332 1318/1318/1318 1328/1328/1328
f 1332/1332/1332 1333/1333/1333 1324/1324/1324
f 1332/1332/1332 1328/1328/1328 1333/1333/1333
f 1334/1334/1334 1328/1328/1328 1329/1329/1329
f 1334/1334/1334 1333/1333/1333 1328/1328/1328
f 1334/1334/1334 1329/1329/1329 1333/1333/1333
f 1330/1330/1330 1323/1323/1323 1335/1335/1335
f 1335/1335/1335 1331/1331/1331 1330/1330/1330
f 1309/1309/1309 1331/1331/1331 1336/1336/1336
f 1309/1309/1309 1336/1336/1336 1320/1320/1320
f 1337/1337/1337 1324/1324/1324 1333/1333/1333
f 1324/1324/1324 1337/1337/1337 1316/1316/1316
f 1338/1338/1338 1316/1316/1316 1337/1337/1337
f 1316/1316/1316 1338/1338/1338 1317/1317/1317
f 1337/1337/1337 1333/1333/1333 1339/1339/1339
f 1337/1337/1337 1339/1339/1339 1338/1338/1338
f 1340/1340/1340 1338/1338/1338 1339/1339/1339
f 1341/1341/1341 1317/1317/1317 1338/1338/1338
f 1341/1341/1341 1323/1323/1323 1317/1317/1317
f 1338/1338/1338 1340/1340/1340 1341/1341/1341
f 1342/1342/1342 1339/1339/1339 1333/1333/1333
f 1342/1342/1342 1333/1333/1333 1329/1329/1329
f 1341/1341/1341 1343/1343/1343 1323/1323/1323
f 1343/1343/1343 1341/1341/1341 1340/1340/1340
f 1340/1340/1340 1344/1344/1344 1343/1343/1343
f 1339/1339/1339 1345/1345/1345 1340/1340/1340
f 1339/1339/1339 1342/1342/1342 1345/1345/1345
f 1346/1346/1346 1323/1323/1323 1343/1343/1343
f 1346/1346/1346 1335/1335/1335 1323/1323/1323
f 1343/1343/1343 1347/1347/1347 1346/1346/1346
f 1335/1335/1335 1346/1346/1346 1347/1347/1347
f 1348/1348/1348 1343/1343/1343 1344/1344/1344
f 1347/1347/1347 1343/1343/1343 1348/1348/1348
f 1349/1349/1349 1342/1342/1342 1329/1329/1329
f 1350/1350/1350 1345/1345/1345 1342/1342/1342
f 1350/1350/1350 1342/1342/1342 1349/1349/1349
f 1350/1350/1350 1351/1351/1351 1345/1345/1345
f 1350/1350/1350 1349/1349/1349 1351/1351/1351
f 1352/1352/1352 1351/1351/1351 1349/1349/1349
f 1352/1352/1352 1349/1349/1349 1353/1353/1353
f 1329/1329/1329 1353/1353/1353 1349/1349/1349
f 1353/1353/1353 1329/1329/1329 1354/1354/1354
f 1327/1327/1327 1354/1354/1354 1329/1329/1329
f 1354/1354/1354 1327/1327/1327 1355/1355/1355
f 1356/1356/1356 1355/1355/1355 1327/1327/1327
f 1357/1357/1357 1355/1355/1355 1356/1356/1356
f 1358/1358/1358 1345/1345/1345 1351/1351/1351
f 1358/1358/1358 1351/1351/1351 1359/1359/1359
f 1359/1359/1359 1360/1360/1360 1358/1358/1358
f 1345/1345/1345 1358/1358/1358 1361/1361/1361
f 1361/1361/1361 1340/1340/1340 1345/1345/1345
f 1362/1362/1362 1358/1358/1358 1360/1360/1360
f 1362/1362/1362 1361/1361/1361 1358/1358/1358
f 1340/1340/1340 1361/1361/1361 1363/1363/1363
f 1361/1361/1361 1362/1362/1362 1363/1363/1363
f 1363/1363/1363 1344/1344/1344 1340/1340/1340
f 1362/1362/1362 1360/1360/1360 1364/1364/1364
f 1364/1364/1364 1363/1363/1363 1362/1362/1362
f 1363/1363/1363 1364/1364/1364 1344/1344/1344
f 1365/1365/1365 1364/1364/1364 1360/1360/1360
f 1364/1364/1364 1365/1365/1365 1366/1366/1366
f 1366/1366/1366 1344/1344/1344 1364/1364/1364
f 1367/1367/1367 1366/1366/1366 1365/1365/1365
f 1368/1368/1368 1344/1344/1344 1366/1366/1366
f 1366/1366/1366 1367/1367/1367 1368/1368/1368
f 1369/1369/1369 1368/1368/1368 1367/1367/1367
f 1369/1369/1369 1367/1367/1367 1370/1370/1370
f 1369/1369/1369 1371/1371/1371 1368/1368/1368
f 1368/1368/1368 1372/1372/1372 1344/1344/1344
f 1372/1372/1372 1368/1368/1368 1371/1371/1371
f 1348/1348/1348 1344/1344/1344 1372/1372/1372
f 1372/1372/1372 1373/1373/1373 1348/1348/1348
f 1372/1372/1372 1371/1371/1371 1373/1373/1373
f 1348/1348/1348 1373/1373/1373 1347/1347/1347
f 1374/1374/1374 1373/1373/1373 1371/1371/1371
f 1371/1371/1371 1375/1375/1375 1374/1374/1374
f 1374/1374/1374 1375/1375/1375 1376/1376/1376
f 1377/1377/1377 1376/1376/1376 1375/1375/1375
f 1374/1374/1374 1376/1376/1376 1378/1378/1378
f 1374/1374/1374 1378/1378/1378 1373/1373/1373
f 1379/1379/1379 1378/1378/1378 1376/1376/1376
f 1380/1380/1380 1347/1347/1347 1373/1373/1373
f 1380/1380/1380 1373/1373/1373 1378/1378/1378
f 1378/1378/1378 1379/1379/1379 1381/1381/1381
f 1378/1378/1378 1381/1381/1381 1380/1380/1380
f 1382/1382/1382 1381/1381/1381 1379/1379/1379
f 1382/1382/1382 1383/1383/1383 1381/1381/1381
f 1347/1347/1347 1380/1380/1380 1384/1384/1384
f 1347/1347/1347 1384/1384/1384 1335/1335/1335
f 1385/1385/1385 1380/1380/1380 1381/1381/1381
f 1385/1385/1385 1384/1384/1384 1380/1380/1380
f 1386/1386/1386 1381/1381/1381 1383/1383/1383
f 1385/1385/1385 1381/1381/1381 1386/1386/1386
f 1386/1386/1386 1383/1383/1383 1387/1387/1387
f 1388/1388/1388 1387/1387/1387 1383/1383/1383
f 1386/1386/1386 1389/1389/1389 1385/1385/1385
f 1384/1384/1384 1385/1385/1385 1389/1389/1389
f 1386/1386/1386 1387/1387/1387 1389/1389/1389
f 1390/1390/1390 1335/1335/1335 1384/1384/1384
f 1335/1335/1335 1390/1390/1390 1331/1331/1331
f 1336/1336/1336 1331/1331/1331 1390/1390/1390
f 1390/1390/1390 1391/1391/1391 1336/1336/1336
f 1390/1390/1390 1384/1384/1384 1392/1392/1392
f 1389/1389/1389 1392/1392/1392 1384/1384/1384
f 1390/1390/1390 1392/1392/1392 1391/1391/1391
f 1387/1387/1387 1388/1388/1388 1393/1393/1393
f 1394/1394/1394 1393/1393/1393 1388/1388/1388
f 1395/1395/1395 1389/1389/1389 1387/1387/1387
f 1387/1387/1387 1393/1393/1393 1395/1395/1395
f 1393/1393/1393 1394/1394/1394 1396/1396/1396
f 1397/1397/1397 1396/1396/1396 1394/1394/1394
f 1392/1392/1392 1389/1389/1389 1398/1398/1398
f 1395/1395/1395 1398/1398/1398 1389/1389/1389
f 1399/1399/1399 1395/1395/1395 1393/1393/1393
f 1393/1393/1393 1396/1396/1396 1399/1399/1399
f 1396/1396/1396 1397/1397/1397 1400/1400/1400
f 1401/1401/1401 1400/1400/1400 1397/1397/1397
f 1398/1398/1398 1395/1395/1395 1402/1402/1402
f 1399/1399/1399 1402/1402/1402 1395/1395/1395
f 1403/1403/1403 1399/1399/1399 1396/1396/1396
f 1396/1396/1396 1400/1400/1400 1403/1403/1403
f 1400/1400/1400 1401/1401/1401 1404/1404/1404
f 1405/1405/1405 1404/1404/1404 1401/1401/1401
f 1402/1402/1402 1399/1399/1399 1406/1406/1406
f 1403/1403/1403 1406/1406/1406 1399/1399/1399
f 1407/1407/1407 1403/1403/1403 1400/1400/1400
f 1400/1400/1400 1404/1404/1404 1407/1407/1407
f 1404/1404/1404 1405/1405/1405 1408/1408/1408
f 1409/1409/1409 1408/1408/1408 1405/1405/1405
f 1406/1406/1406 1403/1403/1403 1410/1410/1410
f 1407/1407/1407 1410/1410/1410 1403/1403/1403
f 1411/1411/1411 1407/1407/1407 1404/1404/1404
f 1404/1404/1404 1408/1408/1408 1411/1411/1411
f 1408/1408/1408 1409/1409/1409 1412/1412/1412
f 1413/1413/1413 1412/1412/1412 1409/1409/1409
f 1410/1410/1410 1407/1407/1407 1414/1414/1414
f 1411/1411/1411 1414/1414/1414 1407/1407/1407
f 1415/1415/1415 1411/1411/1411 1408/1408/1408
f 1408/1408/1408 1412/1412/1412 1415/1415/1415
f 1412/1412/1412 1413/1413/1413 1416/1416/1416
f 1417/1417/1417 1416/1416/1416 1413/1413/1413
f 1414/1414/1414 1411/1411/1411 1418/1418/1418
f 1415/1415/1415 1418/1418/1418 1411/1411/1411
f 1416/1416/1416 1417/1417/1417 1419/1419/1419
f 1420/1420/1420 1419/1419/1419 1417/1417/1417
f 1419/1419/1419 1420/1420/1420 1421/1421/1421
f 1422/1422/1422 1421/1421/1421 1420/1420/1420
f 1421/1421/1421 1422/1422/1422 1423/1423/1423
f 1424/1424/1424 1423/1423/1423 1422/1422/1422
f 1423/1423/1423 1424/1424/1424 1425/1425/1425
f 1426/1426/1426 1425/1425/1425 1424/1424/1424
f 1425/1425/1425 1426/1426/1426 1427/1427/1427
f 1428/1428/1428 1427/1427/1427 1426/1426/1426
f 1427/1427/1427 1428/1428/1428 1429/1429/1429
f 1430/1430/1430 1429/1429/1429 1428/1428/1428
f 1429/1429/1429 1430/1430/1430 1431/1431/1431
f 1431/1431/1431 1432/1432/1432 1429/1429/1429
f 1433/1433/1433 1431/1431/1431 1430/1430/1430
f 1431/1431/1431 1433/1433/1433 1434/1434/1434
f 1431/1431/1431 1434/1434/1434 1432/1432/1432
f 1435/1435/1435 1434/1434/1434 1433/1433/1433
f 1429/1429/1429 1436/1436/1436 1427/1427/1427
f 1436/1436/1436 1429/1429/1429 1432/1432/1432
f 1432/1432/1432 1437/1437/1437 1436/1436/1436
f 1427/1427/1427 1438/1438/1438 1425/1425/1425
f 1438/1438/1438 1427/1427/1427 1436/1436/1436
f 1425/1425/1425 1439/1439/1439 1423/1423/1423
f 1439/1439/1439 1425/1425/1425 1438/1438/1438
f 1434/1434/1434 1435/1435/1435 1440/1440/1440
f 1441/1441/1441 1440/1440/1440 1435/1435/1435
f 1440/1440/1440 1442/1442/1442 1434/1434/1434
f 1443/1443/1443 1434/1434/1434 1442/1442/1442
f 1443/1443/1443 1432/1432/1432 1434/1434/1434
f 1443/1443/1443 1442/1442/1442 1444/1444/1444
f 1443/1443/1443 1444/1444/1444 1432/1432/1432
f 1445/1445/1445 1432/1432/1432 1444/1444/1444
f 1432/1432/1432 1445/1445/1445 1437/1437/1437
f 1444/1444/1444 1446/1446/1446 1445/1445/1445
f 1447/1447/1447 1423/1423/1423 1439/1439/1439
f 1423/1423/1423 1447/1447/1447 1421/1421/1421
f 1448/1448/1448 1445/1445/1445 1446/1446/1446
f 1446/1446/1446 1449/1449/1449 1448/1448/1448
f 1450/1450/1450 1448/1448/1448 1449/1449/1449
f 1449/1449/1449 1451/1451/1451 1450/1450/1450
f 1448/1448/1448 1452/1452/1452 1445/1445/1445
f 1448/1448/1448 1450/1450/1450 1452/1452/1452
f 1453/1453/1453 1437/1437/1437 1445/1445/1445
f 1453/1453/1453 1445/1445/1445 1452/1452/1452
f 1454/1454/1454 1421/1421/1421 1447/1447/1447
f 1421/1421/1421 1454/1454/1454 1419/1419/1419
f 1453/1453/1453 1455/1455/1455 1437/1437/1437
f 1453/1453/1453 1452/1452/1452 1455/1455/1455
f 1452/1452/1452 1456/1456/1456 1455/1455/1455
f 1457/1457/1457 1452/1452/1452 1450/1450/1450
f 1452/1452/1452 1457/1457/1457 1456/1456/1456
f 1458/1458/1458 1450/1450/1450 1451/1451/1451
f 1450/1450/1450 1458/1458/1458 1457/1457/1457
f 1459/1459/1459 1419/1419/1419 1454/1454/1454
f 1419/1419/1419 1459/1459/1459 1416/1416/1416
f 1458/1458/1458 1451/1451/1451 1460/1460/1460
f 1461/1461/1461 1460/1460/1460 1451/1451/1451
f 1460/1460/1460 1461/1461/1461 1462/1462/1462
f 1463/1463/1463 1462/1462/1462 1461/1461/1461
f 1460/1460/1460 1464/1464/1464 1458/1458/1458
f 1460/1460/1460 1462/1462/1462 1464/1464/1464
f 1465/1465/1465 1457/1457/1457 1458/1458/1458
f 1465/1465/1465 1458/1458/1458 1464/1464/1464
f 1462/1462/1462 1463/1463/1463 1466/1466/1466
f 1467/1467/1467 1466/1466/1466 1463/1463/1463
f 1468/1468/1468 1464/1464/1464 1462/1462/1462
f 1462/1462/1462 1466/1466/1466 1468/1468/1468
f 1469/1469/1469 1416/1416/1416 1459/1459/1459
f 1416/1416/1416 1469/1469/1469 1412/1412/1412
f 1457/1457/1457 1465/1465/1465 1470/1470/1470
f 1470/1470/1470 1456/1456/1456 1457/1457/1457
f 1464/1464/1464 1471/1471/1471 1465/1465/1465
f 1464/1464/1464 1468/1468/1468 1471/1471/1471
f 1466/1466/1466 1467/1467/1467 1472/1472/1472
f 1473/1473/1473 1472/1472/1472 1467/1467/1467
f 1474/1474/1474 1412/1412/1412 1469/1469/1469
f 1474/1474/1474 1415/1415/1415 1412/1412/1412
f 1474/1474/1474 1475/1475/1475 1415/1415/1415
f 1418/1418/1418 1415/1415/1415 1475/1475/1475
f 1469/1469/1469 1476/1476/1476 1474/1474/1474
f 1475/1475/1475 1474/1474/1474 1476/1476/1476
f 1477/1477/1477 1470/1470/1470 1465/1465/1465
f 1477/1477/1477 1478/1478/1478 1470/1470/1470
f 1477/1477/1477 1465/1465/1465 1471/1471/1471
f 1471/1471/1471 1479/1479/1479 1477/1477/1477
f 1478/1478/1478 1477/1477/1477 1479/1479/1479
f 1472/1472/1472 1473/1473/1473 1480/1480/1480
f 1481/1481/1481 1480/1480/1480 1473/1473/1473
f 1480/1480/1480 1481/1481/1481 1482/1482/1482
f 1483/1483/1483 1482/1482/1482 1481/1481/1481
f 1480/1480/1480 1484/1484/1484 1472/1472/1472
f 1480/1480/1480 1482/1482/1482 1484/1484/1484
f 1482/1482/1482 1483/1483/1483 1485/1485/1485
f 1486/1486/1486 1485/1485/1485 1483/1483/1483
f 1471/1471/1471 1487/1487/1487 1479/1479/1479
f 1487/1487/1487 1471/1471/1471 1468/1468/1468
f 1488/1488/1488 1472/1472/1472 1484/1484/1484
f 1472/1472/1472 1488/1488/1488 1466/1466/1466
f 1489/1489/1489 1468/1468/1468 1466/1466/1466
f 1489/1489/1489 1466/1466/1466 1488/1488/1488
f 1489/1489/1489 1490/1490/1490 1468/1468/1468
f 1487/1487/1487 1468/1468/1468 1490/1490/1490
f 1488/1488/1488 1491/1491/1491 1489/1489/1489
f 1490/1490/1490 1489/1489/1489 1491/1491/1491
f 1491/1491/1491 1488/1488/1488 1492/1492/1492
f 1484/1484/1484 1492/1492/1492 1488/1488/1488
f 1493/1493/1493 1484/1484/1484 1482/1482/1482
f 1482/1482/1482 1485/1485/1485 1493/1493/1493
f 1491/1491/1491 1494/1494/1494 1490/1490/1490
f 1491/1491/1491 1492/1492/1492 1494/1494/1494
f 1490/1490/1490 1495/1495/1495 1487/1487/1487
f 1495/1495/1495 1490/1490/1490 1494/1494/1494
f 1493/1493/1493 1496/1496/1496 1484/1484/1484
f 1492/1492/1492 1484/1484/1484 1496/1496/1496
f 1496/1496/1496 1497/1497/1497 1492/1492/1492
f 1493/1493/1493 1498/1498/1498 1496/1496/1496
f 1498/1498/1498 1493/1493/1493 1485/1485/1485
f 1499/1499/1499 1487/1487/1487 1495/1495/1495
f 1499/1499/1499 1479/1479/1479 1487/1487/1487
f 1499/1499/1499 1495/1495/1495 1500/1500/1500
f 1499/1499/1499 1500/1500/1500 1479/1479/1479
f 1495/1495/1495 1494/1494/1494 1501/1501/1501
f 1501/1501/1501 1500/1500/1500 1495/1495/1495
f 1502/1502/1502 1494/1494/1494 1492/1492/1492
f 1502/1502/1502 1492/1492/1492 1497/1497/1497
f 1503/1503/1503 1479/1479/1479 1500/1500/1500
f 1478/1478/1478 1479/1479/1479 1503/1503/1503
f 1494/1494/1494 1502/1502/1502 1504/1504/1504
f 1504/1504/1504 1501/1501/1501 1494/1494/1494
f 1500/1500/1500 1505/1505/1505 1503/1503/1503
f 1500/1500/1500 1501/1501/1501 1505/1505/1505
f 1506/1506/1506 1503/1503/1503 1505/1505/1505
f 1503/1503/1503 1506/1506/1506 1478/1478/1478
f 1507/1507/1507 1505/1505/1505 1501/1501/1501
f 1501/1501/1501 1504/1504/1504 1507/1507/1507
f 1508/1508/1508 1478/1478/1478 1506/1506/1506
f 1509/1509/1509 1507/1507/1507 1504/1504/1504
f 1508/1508/1508 1510/1510/1510 1478/1478/1478
f 1511/1511/1511 1504/1504/1504 1502/1502/1502
f 1504/1504/1504 1511/1511/1511 1509/1509/1509
f 1512/1512/1512 1509/1509/1509 1511/1511/1511
f 1502/1502/1502 1497/1497/1497 1511/1511/1511
f 1511/1511/1511 1513/1513/1513 1512/1512/1512
f 1513/1513/1513 1511/1511/1511 1497/1497/1497
f 1514/1514/1514 1512/1512/1512 1513/1513/1513
f 1514/1514/1514 1513/1513/1513 1515/1515/1515
f 1516/1516/1516 1515/1515/1515 1513/1513/1513
f 1513/1513/1513 1497/1497/1497 1516/1516/1516
f 1515/1515/1515 1516/1516/1516 1517/1517/1517
f 1518/1518/1518 1478/1478/1478 1510/1510/1510
f 1518/1518/1518 1470/1470/1470 1478/1478/1478
f 1518/1518/1518 1510/1510/1510 1519/1519/1519
f 1518/1518/1518 1519/1519/1519 1470/1470/1470
f 1520/1520/1520 1519/1519/1519 1510/1510/1510
f 1470/1470/1470 1519/1519/1519 1456/1456/1456
f 1519/1519/1519 1520/1520/1520 1521/1521/1521
f 1521/1521/1521 1456/1456/1456 1519/1519/1519
f 1522/1522/1522 1521/1521/1521 1520/1520/1520
f 1522/1522/1522 1523/1523/1523 1521/1521/1521
f 1524/1524/1524 1456/1456/1456 1521/1521/1521
f 1524/1524/1524 1521/1521/1521 1523/1523/1523
f 1524/1524/1524 1523/1523/1523 1525/1525/1525
f 1526/1526/1526 1525/1525/1525 1523/1523/1523
f 1526/1526/1526 1527/1527/1527 1525/1525/1525
f 1456/1456/1456 1524/1524/1524 1528/1528/1528
f 1528/1528/1528 1455/1455/1455 1456/1456/1456
f 1525/1525/1525 1529/1529/1529 1524/1524/1524
f 1529/1529/1529 1528/1528/1528 1524/1524/1524
f 1455/1455/1455 1528/1528/1528 1530/1530/1530
f 1530/1530/1530 1437/1437/1437 1455/1455/1455
f 1528/1528/1528 1529/1529/1529 1531/1531/1531
f 1531/1531/1531 1530/1530/1530 1528/1528/1528
f 1529/1529/1529 1525/1525/1525 1532/1532/1532
f 1532/1532/1532 1531/1531/1531 1529/1529/1529
f 1533/1533/1533 1525/1525/1525 1527/1527/1527
f 1534/1534/1534 1532/1532/1532 1525/1525/1525
f 1525/1525/1525 1533/1533/1533 1534/1534/1534
f 1532/1532/1532 1535/1535/1535 1531/1531/1531
f 1532/1532/1532 1534/1534/1534 1535/1535/1535
f 1533/1533/1533 1527/1527/1527 1536/1536/1536
f 1321/1321/1321 1536/1536/1536 1527/1527/1527
f 1536/1536/1536 1321/1321/1321 1320/1320/1320
f 1320/1320/1320 1537/1537/1537 1536/1536/1536
f 1537/1537/1537 1320/1320/1320 1336/1336/1336
f 1536/1536/1536 1538/1538/1538 1533/1533/1533
f 1538/1538/1538 1536/1536/1536 1537/1537/1537
f 1336/1336/1336 1539/1539/1539 1537/1537/1537
f 1539/1539/1539 1336/1336/1336 1391/1391/1391
f 1540/1540/1540 1537/1537/1537 1539/1539/1539
f 1537/1537/1537 1540/1540/1540 1538/1538/1538
f 1541/1541/1541 1533/1533/1533 1538/1538/1538
f 1541/1541/1541 1534/1534/1534 1533/1533/1533
f 1538/1538/1538 1542/1542/1542 1541/1541/1541
f 1542/1542/1542 1538/1538/1538 1540/1540/1540
f 1539/1539/1539 1543/1543/1543 1540/1540/1540
f 1539/1539/1539 1391/1391/1391 1543/1543/1543
f 1544/1544/1544 1540/1540/1540 1543/1543/1543
f 1540/1540/1540 1544/1544/1544 1542/1542/1542
f 1545/1545/1545 1543/1543/1543 1391/1391/1391
f 1546/1546/1546 1542/1542/1542 1544/1544/1544
f 1545/1545/1545 1391/1391/1391 1547/1547/1547
f 1548/1548/1548 1541/1541/1541 1542/1542/1542
f 1542/1542/1542 1546/1546/1546 1548/1548/1548
f 1541/1541/1541 1548/1548/1548 1534/1534/1534
f 1549/1549/1549 1548/1548/1548 1546/1546/1546
f 1550/1550/1550 1547/1547/1547 1391/1391/1391
f 1550/1550/1550 1391/1391/1391 1392/1392/1392
f 1547/1547/1547 1550/1550/1550 1551/1551/1551
f 1552/1552/1552 1534/1534/1534 1548/1548/1548
f 1548/1548/1548 1549/1549/1549 1552/1552/1552
f 1553/1553/1553 1552/1552/1552 1549/1549/1549
f 1552/1552/1552 1535/1535/1535 1534/1534/1534
f 1552/1552/1552 1553/1553/1553 1535/1535/1535
f 1554/1554/1554 1535/1535/1535 1553/1553/1553
f 1550/1550/1550 1392/1392/1392 1555/1555/1555
f 1555/1555/1555 1551/1551/1551 1550/1550/1550
f 1398/1398/1398 1555/1555/1555 1392/1392/1392
f 1551/1551/1551 1555/1555/1555 1556/1556/1556
f 1535/1535/1535 1554/1554/1554 1557/1557/1557
f 1557/1557/1557 1531/1531/1531 1535/1535/1535
f 1558/1558/1558 1557/1557/1557 1554/1554/1554
f 1555/1555/1555 1398/1398/1398 1559/1559/1559
f 1559/1559/1559 1556/1556/1556 1555/1555/1555
f 1402/1402/1402 1559/1559/1559 1398/1398/1398
f 1556/1556/1556 1559/1559/1559 1560/1560/1560
f 1557/1557/1557 1561/1561/1561 1531/1531/1531
f 1557/1557/1557 1558/1558/1558 1561/1561/1561
f 1530/1530/1530 1531/1531/1531 1561/1561/1561
f 1562/1562/1562 1561/1561/1561 1558/1558/1558
f 1559/1559/1559 1402/1402/1402 1563/1563/1563
f 1563/1563/1563 1560/1560/1560 1559/1559/1559
f 1406/1406/1406 1563/1563/1563 1402/1402/1402
f 1560/1560/1560 1563/1563/1563 1564/1564/1564
f 1561/1561/1561 1565/1565/1565 1530/1530/1530
f 1561/1561/1561 1562/1562/1562 1565/1565/1565
f 1437/1437/1437 1530/1530/1530 1565/1565/1565
f 1566/1566/1566 1565/1565/1565 1562/1562/1562
f 1563/1563/1563 1406/1406/1406 1567/1567/1567
f 1567/1567/1567 1564/1564/1564 1563/1563/1563
f 1410/1410/1410 1567/1567/1567 1406/1406/1406
f 1564/1564/1564 1567/1567/1567 1568/1568/1568
f 1567/1567/1567 1410/1410/1410 1569/1569/1569
f 1569/1569/1569 1568/1568/1568 1567/1567/1567
f 1414/1414/1414 1569/1569/1569 1410/1410/1410
f 1568/1568/1568 1569/1569/1569 1570/1570/1570
f 1569/1569/1569 1414/1414/1414 1571/1571/1571
f 1571/1571/1571 1570/1570/1570 1569/1569/1569
f 1418/1418/1418 1571/1571/1571 1414/1414/1414
f 1570/1570/1570 1571/1571/1571 1572/1572/1572
f 1571/1571/1571 1418/1418/1418 1573/1573/1573
f 1573/1573/1573 1572/1572/1572 1571/1571/1571
f 1475/1475/1475 1573/1573/1573 1418/1418/1418
f 1572/1572/1572 1573/1573/1573 1574/1574/1574
f 1573/1573/1573 1475/1475/1475 1575/1575/1575
f 1575/1575/1575 1574/1574/1574 1573/1573/1573
f 1574/1574/1574 1575/1575/1575 1576/1576/1576
f 1476/1476/1476 1575/1575/1575 1475/1475/1475
f 1577/1577/1577 1576/1576/1576 1575/1575/1575
f 1575/1575/1575 1476/1476/1476 1577/1577/1577
f 1576/1576/1576 1577/1577/1577 1578/1578/1578
f 1579/1579/1579 1577/1577/1577 1476/1476/1476
f 1476/1476/1476 1469/1469/1469 1579/1579/1579
f 1459/1459/1459 1579/1579/1579 1469/1469/1469
f 1580/1580/1580 1578/1578/1578 1577/1577/1577
f 1577/1577/1577 1579/1579/1579 1580/1580/1580
f 1578/1578/1578 1580/1580/1580 1581/1581/1581
f 1579/1579/1579 1459/1459/1459 1582/1582/1582
f 1582/1582/1582 1580/1580/1580 1579/1579/1579
f 1454/1454/1454 1582/1582/1582 1459/1459/1459
f 1583/1583/1583 1581/1581/1581 1580/1580/1580
f 1580/1580/1580 1582/1582/1582 1583/1583/1583
f 1581/1581/1581 1583/1583/1583 1584/1584/1584
f 1582/1582/1582 1454/1454/1454 1585/1585/1585
f 1585/1585/1585 1583/1583/1583 1582/1582/1582
f 1447/1447/1447 1585/1585/1585 1454/1454/1454
f 1586/1586/1586 1584/1584/1584 1583/1583/1583
f 1583/1583/1583 1585/1585/1585 1586/1586/1586
f 1584/1584/1584 1586/1586/1586 1587/1587/1587
f 1585/1585/1585 1447/1447/1447 1588/1588/1588
f 1588/1588/1588 1586/1586/1586 1585/1585/1585
f 1439/1439/1439 1588/1588/1588 1447/1447/1447
f 1589/1589/1589 1587/1587/1587 1586/1586/1586
f 1586/1586/1586 1588/1588/1588 1589/1589/1589
f 1587/1587/1587 1589/1589/1589 1590/1590/1590
f 1588/1588/1588 1439/1439/1439 1591/1591/1591
f 1591/1591/1591 1589/1589/1589 1588/1588/1588
f 1438/1438/1438 1591/1591/1591 1439/1439/1439
f 1592/1592/1592 1590/1590/1590 1589/1589/1589
f 1589/1589/1589 1591/1591/1591 1592/1592/1592
f 1590/1590/1590 1592/1592/1592 1566/1566/1566
f 1565/1565/1565 1566/1566/1566 1592/1592/1592
f 1591/1591/1591 1438/1438/1438 1593/1593/1593
f 1593/1593/1593 1592/1592/1592 1591/1591/1591
f 1592/1592/1592 1593/1593/1593 1565/1565/1565
f 1436/1436/1436 1593/1593/1593 1438/1438/1438
f 1437/1437/1437 1565/1565/1565 1593/1593/1593
f 1593/1593/1593 1436/1436/1436 1437/1437/1437
f 1596/1596/1596 1595/1595/1595 1594/1594/1594
f 1596/1596/1596 1597/1597/1597 1595/1595/1595
f 1596/1596/1596 1598/1598/1598 1597/1597/1597
f 1599/1599/1599 1595/1595/1595 1597/1597/1597
f 1595/1595/1595 1599/1599/1599 1600/1600/1600
f 1601/1601/1601 1600/1600/1600 1599/1599/1599
f 1600/1600/1600 1601/1601/1601 1602/1602/1602
f 1603/1603/1603 1602/1602/1602 1601/1601/1601
f 1603/1603/1603 1601/1601/1601 1604/1604/1604
f 1603/1603/1603 1605/1605/1605 1602/1602/1602
f 1603/1603/1603 1604/1604/1604 1605/1605/1605
f 1601/1601/1601 1599/1599/1599 1606/1606/1606
f 1606/1606/1606 1604/1604/1604 1601/1601/1601
f 1606/1606/1606 1607/1607/1607 1604/1604/1604
f 1604/1604/1604 1607/1607/1607 1608/1608/1608
f 1609/1609/1609 1606/1606/1606 1599/1599/1599
f 1599/1599/1599 1597/1597/1597 1609/1609/1609
f 1606/1606/1606 1609/1609/1609 1610/1610/1610
f 1610/1610/1610 1607/1607/1607 1606/1606/1606
f 1611/1611/1611 1609/1609/1609 1597/1597/1597
f 1611/1611/1611 1610/1610/1610 1609/1609/1609
f 1610/1610/1610 1611/1611/1611 1612/1612/1612
f 1613/1613/1613 1612/1612/1612 1611/1611/1611
f 1597/1597/1597 1614/1614/1614 1611/1611/1611
f 1613/1613/1613 1611/1611/1611 1614/1614/1614
f 1614/1614/1614 1597/1597/1597 1598/1598/1598
f 1613/1613/1613 1615/1615/1615 1612/1612/1612
f 1613/1613/1613 1614/1614/1614 1615/1615/1615
f 1598/1598/1598 1616/1616/1616 1614/1614/1614
f 1598/1598/1598 1617/1617/1617 1616/1616/1616
f 1618/1618/1618 1614/1614/1614 1616/1616/1616
f 1618/1618/1618 1615/1615/1615 1614/1614/1614
f 1618/1618/1618 1616/1616/1616 1619/1619/1619
f 1618/1618/1618 1619/1619/1619 1615/1615/1615
f 1620/1620/1620 1619/1619/1619 1616/1616/1616
f 1620/1620/1620 1621/1621/1621 1619/1619/1619
f 1622/1622/1622 1615/1615/1615 1619/1619/1619
f 1622/1622/1622 1612/1612/1612 1615/1615/1615
f 1623/1623/1623 1619/1619/1619 1621/1621/1621
f 1619/1619/1619 1623/1623/1623 1622/1622/1622
f 1621/1621/1621 1624/1624/1624 1623/1623/1623
f 1612/1612/1612 1622/1622/1622 1625/1625/1625
f 1625/1625/1625 1622/1622/1622 1623/1623/1623
f 1626/1626/1626 1623/1623/1623 1624/1624/1624
f 1626/1626/1626 1624/1624/1624 1627/1627/1627
f 1625/1625/1625 1623/1623/1623 1628/1628/1628
f 1626/1626/1626 1628/1628/1628 1623/1623/1623
f 1627/1627/1627 1629/1629/1629 1626/1626/1626
f 1628/1628/1628 1626/1626/1626 1629/1629/1629
f 1627/1627/1627 1630/1630/1630 1629/1629/1629
f 1628/1628/1628 1631/1631/1631 1625/1625/1625
f 1612/1612/1612 1625/1625/1625 1631/1631/1631
f 1628/1628/1628 1629/1629/1629 1631/1631/1631
f 1632/1632/1632 1629/1629/1629 1630/1630/1630
f 1632/1632/1632 1630/1630/1630 1633/1633/1633
f 1634/1634/1634 1633/1633/1633 1630/1630/1630
f 1629/1629/1629 1632/1632/1632 1635/1635/1635
f 1635/1635/1635 1631/1631/1631 1629/1629/1629
f 1632/1632/1632 1633/1633/1633 1635/1635/1635
f 1631/1631/1631 1636/1636/1636 1612/1612/1612
f 1631/1631/1631 1635/1635/1635 1636/1636/1636
f 1633/1633/1633 1634/1634/1634 1637/1637/1637
f 1638/1638/1638 1637/1637/1637 1634/1634/1634
f 1637/1637/1637 1638/1638/1638 1639/1639/1639
f 1640/1640/1640 1639/1639/1639 1638/1638/1638
f 1641/1641/1641 1639/1639/1639 1640/1640/1640
f 1642/1642/1642 1612/1612/1612 1636/1636/1636
f 1612/1612/1612 1642/1642/1642 1610/1610/1610
f 1637/1637/1637 1643/1643/1643 1633/1633/1633
f 1644/1644/1644 1643/1643/1643 1637/1637/1637
f 1645/1645/1645 1610/1610/1610 1642/1642/1642
f 1610/1610/1610 1645/1645/1645 1607/1607/1607
f 1643/1643/1643 1644/1644/1644 1646/1646/1646
f 1646/1646/1646 1647/1647/1647 1643/1643/1643
f 1648/1648/1648 1646/1646/1646 1644/1644/1644
f 1646/1646/1646 1648/1648/1648 1649/1649/1649
f 1646/1646/1646 1649/1649/1649 1647/1647/1647
f 1650/1650/1650 1649/1649/1649 1648/1648/1648
f 1651/1651/1651 1633/1633/1633 1643/1643/1643
f 1651/1651/1651 1643/1643/1643 1647/1647/1647
f 1652/1652/1652 1633/1633/1633 1651/1651/1651
f 1651/1651/1651 1647/1647/1647 1652/1652/1652
f 1633/1633/1633 1652/1652/1652 1635/1635/1635
f 1653/1653/1653 1635/1635/1635 1652/1652/1652
f 1653/1653/1653 1652/1652/1652 1647/1647/1647
f 1653/1653/1653 1636/1636/1636 1635/1635/1635
f 1653/1653/1653 1647/1647/1647 1636/1636/1636
f 1654/1654/1654 1636/1636/1636 1647/1647/1647
f 1654/1654/1654 1647/1647/1647 1649/1649/1649
f 1636/1636/1636 1654/1654/1654 1642/1642/1642
f 1655/1655/1655 1642/1642/1642 1654/1654/1654
f 1654/1654/1654 1649/1649/1649 1655/1655/1655
f 1642/1642/1642 1655/1655/1655 1645/1645/1645
f 1649/1649/1649 1650/1650/1650 1656/1656/1656
f 1656/1656/1656 1655/1655/1655 1649/1649/1649
f 1657/1657/1657 1656/1656/1656 1650/1650/1650
f 1655/1655/1655 1656/1656/1656 1658/1658/1658
f 1658/1658/1658 1645/1645/1645 1655/1655/1655
f 1658/1658/1658 1659/1659/1659 1645/1645/1645
f 1656/1656/1656 1657/1657/1657 1660/1660/1660
f 1660/1660/1660 1658/1658/1658 1656/1656/1656
f 1658/1658/1658 1660/1660/1660 1659/1659/1659
f 1661/1661/1661 1660/1660/1660 1657/1657/1657
f 1660/1660/1660 1661/1661/1661 1662/1662/1662
f 1662/1662/1662 1659/1659/1659 1660/1660/1660
f 1663/1663/1663 1662/1662/1662 1661/1661/1661
f 1664/1664/1664 1662/1662/1662 1663/1663/1663
f 1662/1662/1662 1664/1664/1664 1659/1659/1659
f 1664/1664/1664 1663/1663/1663 1665/1665/1665
f 1665/1665/1665 1666/1666/1666 1664/1664/1664
f 1666/1666/1666 1667/1667/1667 1664/1664/1664
f 1668/1668/1668 1664/1664/1664 1667/1667/1667
f 1668/1668/1668 1669/1669/1669 1664/1664/1664
f 1668/1668/1668 1670/1670/1670 1669/1669/1669
f 1671/1671/1671 1645/1645/1645 1659/1659/1659
f 1671/1671/1671 1659/1659/1659 1672/1672/1672
f 1671/1671/1671 1607/1607/1607 1645/1645/1645
f 1671/1671/1671 1672/1672/1672 1607/1607/1607
f 1673/1673/1673 1659/1659/1659 1664/1664/1664
f 1673/1673/1673 1664/1664/1664 1669/1669/1669
f 1673/1673/1673 1672/1672/1672 1659/1659/1659
f 1673/1673/1673 1669/1669/1669 1672/1672/1672
f 1669/1669/1669 1670/1670/1670 1674/1674/1674
f 1674/1674/1674 1672/1672/1672 1669/1669/1669
f 1670/1670/1670 1675/1675/1675 1674/1674/1674
f 1676/1676/1676 1607/1607/1607 1672/1672/1672
f 1676/1676/1676 1608/1608/1608 1607/1607/1607
f 1674/1674/1674 1677/1677/1677 1672/1672/1672
f 1676/1676/1676 1672/1672/1672 1677/1677/1677
f 1678/1678/1678 1674/1674/1674 1675/1675/1675
f 1678/1678/1678 1677/1677/1677 1674/1674/1674
f 1677/1677/1677 1679/1679/1679 1676/1676/1676
f 1608/1608/1608 1676/1676/1676 1679/1679/1679
f 1678/1678/1678 1679/1679/1679 1677/1677/1677
f 1679/1679/1679 1680/1680/1680 1608/1608/1608
f 1678/1678/1678 1675/1675/1675 1681/1681/1681
f 1682/1682/1682 1681/1681/1681 1675/1675/1675
f 1679/1679/1679 1678/1678/1678 1683/1683/1683
f 1679/1679/1679 1683/1683/1683 1680/1680/1680
f 1681/1681/1681 1683/1683/1683 1678/1678/1678
f 1681/1681/1681 1682/1682/1682 1684/1684/1684
f 1685/1685/1685 1684/1684/1684 1682/1682/1682
f 1683/1683/1683 1681/1681/1681 1686/1686/1686
f 1684/1684/1684 1686/1686/1686 1681/1681/1681
f 1684/1684/1684 1685/1685/1685 1687/1687/1687
f 1688/1688/1688 1687/1687/1687 1685/1685/1685
f 1688/1688/1688 1689/1689/1689 1687/1687/1687
f 1687/1687/1687 1690/1690/1690 1684/1684/1684
f 1686/1686/1686 1684/1684/1684 1690/1690/1690
f 1691/1691/1691 1687/1687/1687 1689/1689/1689
f 1687/1687/1687 1691/1691/1691 1690/1690/1690
f 1691/1691/1691 1689/1689/1689 1692/1692/1692
f 1693/1693/1693 1692/1692/1692 1689/1689/1689
f 1693/1693/1693 1694/1694/1694 1692/1692/1692
f 1686/1686/1686 1695/1695/1695 1683/1683/1683
f 1690/1690/1690 1696/1696/1696 1686/1686/1686
f 1695/1695/1695 1686/1686/1686 1696/1696/1696
f 1697/1697/1697 1683/1683/1683 1695/1695/1695
f 1697/1697/1697 1680/1680/1680 1683/1683/1683
f 1695/1695/1695 1698/1698/1698 1697/1697/1697
f 1699/1699/1699 1697/1697/1697 1698/1698/1698
f 1697/1697/1697 1699/1699/1699 1680/1680/1680
f 1698/1698/1698 1695/1695/1695 1700/1700/1700
f 1696/1696/1696 1700/1700/1700 1695/1695/1695
f 1701/1701/1701 1680/1680/1680 1699/1699/1699
f 1700/1700/1700 1696/1696/1696 1702/1702/1702
f 1701/1701/1701 1703/1703/1703 1680/1680/1680
f 1704/1704/1704 1702/1702/1702 1696/1696/1696
f 1696/1696/1696 1690/1690/1690 1704/1704/1704
f 1702/1702/1702 1704/1704/1704 1705/1705/1705
f 1706/1706/1706 1680/1680/1680 1703/1703/1703
f 1706/1706/1706 1608/1608/1608 1680/1680/1680
f 1706/1706/1706 1703/1703/1703 1707/1707/1707
f 1706/1706/1706 1707/1707/1707 1608/1608/1608
f 1708/1708/1708 1707/1707/1707 1703/1703/1703
f 1709/1709/1709 1704/1704/1704 1690/1690/1690
f 1709/1709/1709 1690/1690/1690 1691/1691/1691
f 1710/1710/1710 1705/1705/1705 1704/1704/1704
f 1705/1705/1705 1710/1710/1710 1711/1711/1711
f 1691/1691/1691 1712/1712/1712 1709/1709/1709
f 1691/1691/1691 1692/1692/1692 1712/1712/1712
f 1709/1709/1709 1713/1713/1713 1704/1704/1704
f 1710/1710/1710 1704/1704/1704 1713/1713/1713
f 1713/1713/1713 1709/1709/1709 1712/1712/1712
f 1714/1714/1714 1711/1711/1711 1710/1710/1710
f 1710/1710/1710 1713/1713/1713 1714/1714/1714
f 1711/1711/1711 1714/1714/1714 1715/1715/1715
f 1707/1707/1707 1708/1708/1708 1716/1716/1716
f 1717/1717/1717 1716/1716/1716 1708/1708/1708
f 1718/1718/1718 1715/1715/1715 1714/1714/1714
f 1715/1715/1715 1718/1718/1718 1719/1719/1719
f 1716/1716/1716 1717/1717/1717 1720/1720/1720
f 1721/1721/1721 1720/1720/1720 1717/1717/1717
f 1722/1722/1722 1719/1719/1719 1718/1718/1718
f 1719/1719/1719 1722/1722/1722 1723/1723/1723
f 1724/1724/1724 1723/1723/1723 1722/1722/1722
f 1723/1723/1723 1724/1724/1724 1725/1725/1725
f 1722/1722/1722 1718/1718/1718 1726/1726/1726
f 1722/1722/1722 1726/1726/1726 1724/1724/1724
f 1718/1718/1718 1714/1714/1714 1727/1727/1727
f 1727/1727/1727 1726/1726/1726 1718/1718/1718
f 1728/1728/1728 1725/1725/1725 1724/1724/1724
f 1725/1725/1725 1728/1728/1728 1729/1729/1729
f 1720/1720/1720 1721/1721/1721 1730/1730/1730
f 1731/1731/1731 1730/1730/1730 1721/1721/1721
f 1732/1732/1732 1727/1727/1727 1714/1714/1714
f 1732/1732/1732 1714/1714/1714 1713/1713/1713
f 1732/1732/1732 1713/1713/1713 1733/1733/1733
f 1712/1712/1712 1733/1733/1733 1713/1713/1713
f 1727/1727/1727 1732/1732/1732 1734/1734/1734
f 1733/1733/1733 1734/1734/1734 1732/1732/1732
f 1733/1733/1733 1712/1712/1712 1735/1735/1735
f 1692/1692/1692 1735/1735/1735 1712/1712/1712
f 1734/1734/1734 1736/1736/1736 1727/1727/1727
f 1726/1726/1726 1727/1727/1727 1736/1736/1736
f 1734/1734/1734 1733/1733/1733 1737/1737/1737
f 1735/1735/1735 1737/1737/1737 1733/1733/1733
f 1736/1736/1736 1734/1734/1734 1737/1737/1737
f 1692/1692/1692 1738/1738/1738 1735/1735/1735
f 1738/1738/1738 1692/1692/1692 1694/1694/1694
f 1735/1735/1735 1738/1738/1738 1739/1739/1739
f 1735/1735/1735 1739/1739/1739 1737/1737/1737
f 1738/1738/1738 1694/1694/1694 1740/1740/1740
f 1740/1740/1740 1739/1739/1739 1738/1738/1738
f 1741/1741/1741 1740/1740/1740 1694/1694/1694
f 1740/1740/1740 1741/1741/1741 1742/1742/1742
f 1742/1742/1742 1739/1739/1739 1740/1740/1740
f 1743/1743/1743 1742/1742/1742 1741/1741/1741
f 1743/1743/1743 1517/1517/1517 1742/1742/1742
f 1744/1744/1744 1742/1742/1742 1517/1517/1517
f 1744/1744/1744 1517/1517/1517 1516/1516/1516
f 1739/1739/1739 1742/1742/1742 1745/1745/1745
f 1744/1744/1744 1745/1745/1745 1742/1742/1742
f 1746/1746/1746 1737/1737/1737 1739/1739/1739
f 1739/1739/1739 1745/1745/1745 1746/1746/1746
f 1744/1744/1744 1516/1516/1516 1747/1747/1747
f 1747/1747/1747 1516/1516/1516 1497/1497/1497
f 1747/1747/1747 1748/1748/1748 1744/1744/1744
f 1747/1747/1747 1497/1497/1497 1748/1748/1748
f 1745/1745/1745 1744/1744/1744 1748/1748/1748
f 1496/1496/1496 1748/1748/1748 1497/1497/1497
f 1748/1748/1748 1496/1496/1496 1498/1498/1498
f 1748/1748/1748 1498/1498/1498 1745/1745/1745
f 1749/1749/1749 1745/1745/1745 1498/1498/1498
f 1749/1749/1749 1746/1746/1746 1745/1745/1745
f 1498/1498/1498 1485/1485/1485 1749/1749/1749
f 1737/1737/1737 1746/1746/1746 1750/1750/1750
f 1737/1737/1737 1750/1750/1750 1736/1736/1736
f 1751/1751/1751 1749/1749/1749 1485/1485/1485
f 1485/1485/1485 1486/1486/1486 1751/1751/1751
f 1752/1752/1752 1751/1751/1751 1486/1486/1486
f 1752/1752/1752 1753/1753/1753 1751/1751/1751
f 1746/1746/1746 1749/1749/1749 1754/1754/1754
f 1751/1751/1751 1754/1754/1754 1749/1749/1749
f 1754/1754/1754 1751/1751/1751 1753/1753/1753
f 1754/1754/1754 1750/1750/1750 1746/1746/1746
f 1753/1753/1753 1755/1755/1755 1754/1754/1754
f 1750/1750/1750 1754/1754/1754 1755/1755/1755
f 1755/1755/1755 1756/1756/1756 1750/1750/1750
f 1757/1757/1757 1736/1736/1736 1750/1750/1750
f 1757/1757/1757 1750/1750/1750 1756/1756/1756
f 1757/1757/1757 1758/1758/1758 1736/1736/1736
f 1726/1726/1726 1736/1736/1736 1758/1758/1758
f 1756/1756/1756 1759/1759/1759 1757/1757/1757
f 1758/1758/1758 1757/1757/1757 1759/1759/1759
f 1759/1759/1759 1756/1756/1756 1760/1760/1760
f 1760/1760/1760 1761/1761/1761 1759/1759/1759
f 1762/1762/1762 1759/1759/1759 1761/1761/1761
f 1762/1762/1762 1763/1763/1763 1759/1759/1759
f 1758/1758/1758 1759/1759/1759 1763/1763/1763
f 1726/1726/1726 1758/1758/1758 1764/1764/1764
f 1764/1764/1764 1724/1724/1724 1726/1726/1726
f 1724/1724/1724 1764/1764/1764 1728/1728/1728
f 1758/1758/1758 1763/1763/1763 1765/1765/1765
f 1765/1765/1765 1764/1764/1764 1758/1758/1758
f 1766/1766/1766 1765/1765/1765 1763/1763/1763
f 1767/1767/1767 1728/1728/1728 1764/1764/1764
f 1764/1764/1764 1765/1765/1765 1767/1767/1767
f 1765/1765/1765 1766/1766/1766 1768/1768/1768
f 1768/1768/1768 1767/1767/1767 1765/1765/1765
f 1769/1769/1769 1768/1768/1768 1766/1766/1766
f 1728/1728/1728 1767/1767/1767 1770/1770/1770
f 1770/1770/1770 1729/1729/1729 1728/1728/1728
f 1729/1729/1729 1770/1770/1770 1771/1771/1771
f 1767/1767/1767 1768/1768/1768 1772/1772/1772
f 1772/1772/1772 1770/1770/1770 1767/1767/1767
f 1768/1768/1768 1769/1769/1769 1773/1773/1773
f 1773/1773/1773 1772/1772/1772 1768/1768/1768
f 1774/1774/1774 1773/1773/1773 1769/1769/1769
f 1775/1775/1775 1771/1771/1771 1770/1770/1770
f 1770/1770/1770 1772/1772/1772 1775/1775/1775
f 1771/1771/1771 1775/1775/1775 1776/1776/1776
f 1772/1772/1772 1773/1773/1773 1777/1777/1777
f 1777/1777/1777 1775/1775/1775 1772/1772/1772
f 1773/1773/1773 1774/1774/1774 1778/1778/1778
f 1778/1778/1778 1777/1777/1777 1773/1773/1773
f 1779/1779/1779 1778/1778/1778 1774/1774/1774
f 1780/1780/1780 1776/1776/1776 1775/1775/1775
f 1775/1775/1775 1777/1777/1777 1780/1780/1780
f 1776/1776/1776 1780/1780/1780 1781/1781/1781
f 1777/1777/1777 1778/1778/1778 1782/1782/1782
f 1782/1782/1782 1780/1780/1780 1777/1777/1777
f 1778/1778/1778 1779/1779/1779 1783/1783/1783
f 1783/1783/1783 1782/1782/1782 1778/1778/1778
f 1784/1784/1784 1783/1783/1783 1779/1779/1779
f 1785/1785/1785 1781/1781/1781 1780/1780/1780
f 1780/1780/1780 1782/1782/1782 1785/1785/1785
f 1781/1781/1781 1785/1785/1785 1786/1786/1786
f 1782/1782/1782 1783/1783/1783 1787/1787/1787
f 1787/1787/1787 1785/1785/1785 1782/1782/1782
f 1783/1783/1783 1784/1784/1784 1788/1788/1788
f 1788/1788/1788 1787/1787/1787 1783/1783/1783
f 1789/1789/1789 1788/1788/1788 1784/1784/1784
f 1790/1790/1790 1786/1786/1786 1785/1785/1785
f 1785/1785/1785 1787/1787/1787 1790/1790/1790
f 1786/1786/1786 1790/1790/1790 1791/1791/1791
f 1787/1787/1787 1788/1788/1788 1792/1792/1792
f 1792/1792/1792 1790/1790/1790 1787/1787/1787
f 1788/1788/1788 1789/1789/1789 1793/1793/1793
f 1793/1793/1793 1792/1792/1792 1788/1788/1788
f 1794/1794/1794 1793/1793/1793 1789/1789/1789
f 1795/1795/1795 1791/1791/1791 1790/1790/1790
f 1790/1790/1790 1792/1792/1792 1795/1795/1795
f 1791/1791/1791 1795/1795/1795 1796/1796/1796
f 1792/1792/1792 1793/1793/1793 1797/1797/1797
f 1797/1797/1797 1795/1795/1795 1792/1792/1792
f 1793/1793/1793 1794/1794/1794 1798/1798/1798
f 1798/1798/1798 1797/1797/1797 1793/1793/1793
f 1799/1799/1799 1798/1798/1798 1794/1794/1794
f 1799/1799/1799 1800/1800/1800 1798/1798/1798
f 1801/1801/1801 1796/1796/1796 1795/1795/1795
f 1795/1795/1795 1797/1797/1797 1801/1801/1801
f 1796/1796/1796 1801/1801/1801 1802/1802/1802
f 1803/1803/1803 1798/1798/1798 1800/1800/1800
f 1800/1800/1800 1804/1804/1804 1803/1803/1803
f 1797/1797/1797 1798/1798/1798 1805/1805/1805
f 1805/1805/1805 1801/1801/1801 1797/1797/1797
f 1803/1803/1803 1805/1805/1805 1798/1798/1798
f 1806/1806/1806 1802/1802/1802 1801/1801/1801
f 1801/1801/1801 1805/1805/1805 1806/1806/1806
f 1802/1802/1802 1806/1806/1806 1807/1807/1807
f 1808/1808/1808 1803/1803/1803 1804/1804/1804
f 1804/1804/1804 1809/1809/1809 1808/1808/1808
f 1805/1805/1805 1803/1803/1803 1810/1810/1810
f 1810/1810/1810 1806/1806/1806 1805/1805/1805
f 1808/1808/1808 1810/1810/1810 1803/1803/1803
f 1811/1811/1811 1807/1807/1807 1806/1806/1806
f 1806/1806/1806 1810/1810/1810 1811/1811/1811
f 1807/1807/1807 1811/1811/1811 1731/1731/1731
f 1730/1730/1730 1731/1731/1731 1811/1811/1811
f 1812/1812/1812 1811/1811/1811 1810/1810/1810
f 1810/1810/1810 1808/1808/1808 1812/1812/1812
f 1811/1811/1811 1812/1812/1812 1730/1730/1730
f 1813/1813/1813 1808/1808/1808 1809/1809/1809
f 1813/1813/1813 1812/1812/1812 1808/1808/1808
f 1809/1809/1809 1814/1814/1814 1813/1813/1813
f 1815/1815/1815 1730/1730/1730 1812/1812/1812
f 1812/1812/1812 1813/1813/1813 1815/1815/1815
f 1730/1730/1730 1815/1815/1815 1720/1720/1720
f 1816/1816/1816 1813/1813/1813 1814/1814/1814
f 1816/1816/1816 1815/1815/1815 1813/1813/1813
f 1814/1814/1814 1817/1817/1817 1816/1816/1816
f 1818/1818/1818 1720/1720/1720 1815/1815/1815
f 1815/1815/1815 1816/1816/1816 1818/1818/1818
f 1720/1720/1720 1818/1818/1818 1716/1716/1716
f 1819/1819/1819 1816/1816/1816 1817/1817/1817
f 1819/1819/1819 1818/1818/1818 1816/1816/1816
f 1817/1817/1817 1820/1820/1820 1819/1819/1819
f 1821/1821/1821 1716/1716/1716 1818/1818/1818
f 1818/1818/1818 1819/1819/1819 1821/1821/1821
f 1716/1716/1716 1821/1821/1821 1707/1707/1707
f 1822/1822/1822 1819/1819/1819 1820/1820/1820
f 1822/1822/1822 1821/1821/1821 1819/1819/1819
f 1820/1820/1820 1605/1605/1605 1822/1822/1822
f 1823/1823/1823 1707/1707/1707 1821/1821/1821
f 1821/1821/1821 1822/1822/1822 1823/1823/1823
f 1823/1823/1823 1608/1608/1608 1707/1707/1707
f 1608/1608/1608 1823/1823/1823 1604/1604/1604
f 1824/1824/1824 1822/1822/1822 1605/1605/1605
f 1824/1824/1824 1605/1605/1605 1604/1604/1604
f 1824/1824/1824 1823/1823/1823 1822/1822/1822
f 1824/1824/1824 1604/1604/1604 1823/1823/1823
f 1827/1827/1827 1826/1826/1826 1825/1825/1825
f 1828/1828/1828 1825/1825/1825 1826/1826/1826
f 1825/1825/1825 1828/1828/1828 1829/1829/1829
f 1830/1830/1830 1829/1829/1829 1828/1828/1828
f 1830/1830/1830 1828/1828/1828 1831/1831/1831
f 1826/1826/1826 1832/1832/1832 1828/1828/1828
f 1833/1833/1833 1831/1831/1831 1828/1828/1828
f 1833/1833/1833 1828/1828/1828 1832/1832/1832
f 1831/1831/1831 1833/1833/1833 1834/1834/1834
f 1833/1833/1833 1832/1832/1832 1835/1835/1835
f 1835/1835/1835 1834/1834/1834 1833/1833/1833
f 1836/1836/1836 1835/1835/1835 1832/1832/1832
f 1836/1836/1836 1837/1837/1837 1835/1835/1835
f 1835/1835/1835 1838/1838/1838 1834/1834/1834
f 1838/1838/1838 1835/1835/1835 1837/1837/1837
f 1839/1839/1839 1834/1834/1834 1838/1838/1838
f 1838/1838/1838 1837/1837/1837 1840/1840/1840
f 1838/1838/1838 1840/1840/1840 1839/1839/1839
f 1841/1841/1841 1840/1840/1840 1837/1837/1837
f 1842/1842/1842 1839/1839/1839 1840/1840/1840
f 1840/1840/1840 1841/1841/1841 1843/1843/1843
f 1840/1840/1840 1843/1843/1843 1842/1842/1842
f 1844/1844/1844 1843/1843/1843 1841/1841/1841
f 1845/1845/1845 1842/1842/1842 1843/1843/1843
f 1845/1845/1845 1847/1847/1847 1846/1846/1846
f 1849/1849/1849 1848/1848/1848 1844/1844/1844
f 1849/1849/1849 1850/1850/1850 1848/1848/1848
f 1851/1851/1851 1848/1848/1848 1850/1850/1850
f 1848/1848/1848 1851/1851/1851 1846/1846/1846
f 1852/1852/1852 1846/1846/1846 1851/1851/1851
f 1848/1848/1848 1846/1846/1846 1853/1853/1853
f 1853/1853/1853 1854/1854/1854 1848/1848/1848
f 1857/1857/1857 1856/1856/1856 1855/1855/1855
f 1858/1858/1858 1855/1855/1855 1856/1856/1856
f 1858/1858/1858 1856/1856/1856 1859/1859/1859
f 1860/1860/1860 1859/1859/1859 1856/1856/1856
f 1859/1859/1859 1860/1860/1860 1861/1861/1861
f 1862/1862/1862 1861/1861/1861 1860/1860/1860
f 1861/1861/1861 1862/1862/1862 1863/1863/1863
f 1864/1864/1864 1863/1863/1863 1862/1862/1862
f 1864/1864/1864 1865/1865/1865 1863/1863/1863
f 1866/1866/1866 1863/1863/1863 1865/1865/1865
f 1866/1866/1866 1865/1865/1865 1867/1867/1867
f 1868/1868/1868 1867/1867/1867 1865/1865/1865
f 1867/1867/1867 1868/1868/1868 1869/1869/1869
f 1870/1870/1870 1869/1869/1869 1868/1868/1868
f 1869/1869/1869 1870/1870/1870 1871/1871/1871
f 1872/1872/1872 1871/1871/1871 1870/1870/1870
f 1871/1871/1871 1872/1872/1872 1873/1873/1873
f 1874/1874/1874 1873/1873/1873 1872/1872/1872
f 1877/1877/1877 1876/1876/1876 1875/1875/1875
f 1878/1878/1878 1877/1877/1877 1875/1875/1875
f 1881/1881/1881 1880/1880/1880 1879/1879/1879
f 1882/1882/1882 1880/1880/1880 1881/1881/1881
f 1885/1885/1885 1884/1884/1884 1883/1883/1883
f 1885/1885/1885 1883/1883/1883 1886/1886/1886
f 1889/1889/1889 1888/1888/1888 1887/1887/1887
f 1890/1890/1890 1887/1887/1887 1888/1888/1888
f 1890/1890/1890 1888/1888/1888 1891/1891/1891
f 1892/1892/1892 1891/1891/1891 1888/1888/1888
f 1892/1892/1892 1893/1893/1893 1891/1891/1891
f 1890/1890/1890 1894/1894/1894 1887/1887/1887
f 1890/1890/1890 1891/1891/1891 1894/1894/1894
f 1895/1895/1895 1887/1887/1887 1894/1894/1894
f 1894/1894/1894 1896/1896/1896 1895/1895/1895
f 1897/1897/1897 1895/1895/1895 1896/1896/1896
f 1898/1898/1898 1894/1894/1894 1891/1891/1891
f 1894/1894/1894 1898/1898/1898 1896/1896/1896
f 1896/1896/1896 1899/1899/1899 1897/1897/1897
f 1900/1900/1900 1897/1897/1897 1899/1899/1899
f 1899/1899/1899 1901/1901/1901 1900/1900/1900
f 1902/1902/1902 1900/1900/1900 1901/1901/1901
f 1901/1901/1901 1903/1903/1903 1902/1902/1902
f 1904/1904/1904 1902/1902/1902 1903/1903/1903
f 1903/1903/1903 1905/1905/1905 1904/1904/1904
f 1906/1906/1906 1904/1904/1904 1905/1905/1905
f 1903/1903/1903 1901/1901/1901 1907/1907/1907
f 1903/1903/1903 1907/1907/1907 1905/1905/1905
f 1901/1901/1901 1899/1899/1899 1908/1908/1908
f 1908/1908/1908 1907/1907/1907 1901/1901/1901
f 1899/1899/1899 1896/1896/1896 1909/1909/1909
f 1909/1909/1909 1908/1908/1908 1899/1899/1899
f 1905/1905/1905 1910/1910/1910 1906/1906/1906
f 1911/1911/1911 1906/1906/1906 1910/1910/1910
f 1912/1912/1912 1905/1905/1905 1907/1907/1907
f 1905/1905/1905 1912/1912/1912 1910/1910/1910
f 1907/1907/1907 1908/1908/1908 1913/1913/1913
f 1907/1907/1907 1913/1913/1913 1912/1912/1912
f 1910/1910/1910 1914/1914/1914 1911/1911/1911
f 1915/1915/1915 1911/1911/1911 1914/1914/1914
f 1916/1916/1916 1909/1909/1909 1896/1896/1896
f 1916/1916/1916 1896/1896/1896 1898/1898/1898
f 1908/1908/1908 1909/1909/1909 1917/1917/1917
f 1917/1917/1917 1913/1913/1913 1908/1908/1908
f 1909/1909/1909 1916/1916/1916 1918/1918/1918
f 1918/1918/1918 1917/1917/1917 1909/1909/1909
f 1916/1916/1916 1898/1898/1898 1919/1919/1919
f 1919/1919/1919 1918/1918/1918 1916/1916/1916
f 1920/1920/1920 1910/1910/1910 1912/1912/1912
f 1910/1910/1910 1920/1920/1920 1914/1914/1914
f 1914/1914/1914 1921/1921/1921 1915/1915/1915
f 1915/1915/1915 1921/1921/1921 1922/1922/1922
f 1918/1918/1918 1923/1923/1923 1917/1917/1917
f 1918/1918/1918 1919/1919/1919 1923/1923/1923
f 1924/1924/1924 1919/1919/1919 1898/1898/1898
f 1898/1898/1898 1891/1891/1891 1924/1924/1924
f 1925/1925/1925 1924/1924/1924 1891/1891/1891
f 1925/1925/1925 1891/1891/1891 1893/1893/1893
f 1924/1924/1924 1926/1926/1926 1919/1919/1919
f 1924/1924/1924 1925/1925/1925 1926/1926/1926
f 1925/1925/1925 1893/1893/1893 1927/1927/1927
f 1927/1927/1927 1926/1926/1926 1925/1925/1925
f 1928/1928/1928 1927/1927/1927 1893/1893/1893
f 1928/1928/1928 1929/1929/1929 1927/1927/1927
f 1930/1930/1930 1927/1927/1927 1929/1929/1929
f 1930/1930/1930 1931/1931/1931 1927/1927/1927
f 1926/1926/1926 1927/1927/1927 1931/1931/1931
f 1932/1932/1932 1919/1919/1919 1926/1926/1926
f 1926/1926/1926 1931/1931/1931 1932/1932/1932
f 1932/1932/1932 1923/1923/1923 1919/1919/1919
f 1933/1933/1933 1932/1932/1932 1931/1931/1931
f 1933/1933/1933 1934/1934/1934 1932/1932/1932
f 1923/1923/1923 1932/1932/1932 1934/1934/1934
f 1923/1923/1923 1934/1934/1934 1935/1935/1935
f 1935/1935/1935 1917/1917/1917 1923/1923/1923
f 1936/1936/1936 1935/1935/1935 1934/1934/1934
f 1935/1935/1935 1937/1937/1937 1917/1917/1917
f 1935/1935/1935 1936/1936/1936 1937/1937/1937
f 1913/1913/1913 1917/1917/1917 1937/1937/1937
f 1937/1937/1937 1936/1936/1936 1938/1938/1938
f 1937/1937/1937 1938/1938/1938 1913/1913/1913
f 1939/1939/1939 1938/1938/1938 1936/1936/1936
f 1939/1939/1939 1940/1940/1940 1938/1938/1938
f 1941/1941/1941 1913/1913/1913 1938/1938/1938
f 1941/1941/1941 1912/1912/1912 1913/1913/1913
f 1938/1938/1938 1942/1942/1942 1941/1941/1941
f 1942/1942/1942 1938/1938/1938 1940/1940/1940
f 1941/1941/1941 1943/1943/1943 1912/1912/1912
f 1943/1943/1943 1941/1941/1941 1942/1942/1942
f 1920/1920/1920 1912/1912/1912 1943/1943/1943
f 1940/1940/1940 1944/1944/1944 1942/1942/1942
f 1942/1942/1942 1944/1944/1944 1943/1943/1943
f 1943/1943/1943 1945/1945/1945 1920/1920/1920
f 1945/1945/1945 1943/1943/1943 1944/1944/1944
f 1944/1944/1944 1940/1940/1940 1946/1946/1946
f 1944/1944/1944 1946/1946/1946 1945/1945/1945
f 1947/1947/1947 1946/1946/1946 1940/1940/1940
f 1947/1947/1947 1948/1948/1948 1946/1946/1946
f 1949/1949/1949 1920/1920/1920 1945/1945/1945
f 1949/1949/1949 1914/1914/1914 1920/1920/1920
f 1914/1914/1914 1949/1949/1949 1921/1921/1921
f 1950/1950/1950 1945/1945/1945 1946/1946/1946
f 1945/1945/1945 1950/1950/1950 1949/1949/1949
f 1951/1951/1951 1921/1921/1921 1949/1949/1949
f 1951/1951/1951 1949/1949/1949 1950/1950/1950
f 1946/1946/1946 1952/1952/1952 1950/1950/1950
f 1952/1952/1952 1946/1946/1946 1948/1948/1948
f 1921/1921/1921 1951/1951/1951 1953/1953/1953
f 1953/1953/1953 1922/1922/1922 1921/1921/1921
f 1950/1950/1950 1954/1954/1954 1951/1951/1951
f 1954/1954/1954 1950/1950/1950 1952/1952/1952
f 1953/1953/1953 1955/1955/1955 1922/1922/1922
f 1956/1956/1956 1922/1922/1922 1955/1955/1955
f 1957/1957/1957 1953/1953/1953 1951/1951/1951
f 1957/1957/1957 1951/1951/1951 1954/1954/1954
f 1953/1953/1953 1957/1957/1957 1955/1955/1955
f 1954/1954/1954 1952/1952/1952 1958/1958/1958
f 1954/1954/1954 1958/1958/1958 1957/1957/1957
f 1959/1959/1959 1952/1952/1952 1948/1948/1948
f 1959/1959/1959 1958/1958/1958 1952/1952/1952
f 1955/1955/1955 1960/1960/1960 1956/1956/1956
f 1961/1961/1961 1956/1956/1956 1960/1960/1960
f 1962/1962/1962 1955/1955/1955 1957/1957/1957
f 1962/1962/1962 1957/1957/1957 1958/1958/1958
f 1955/1955/1955 1962/1962/1962 1960/1960/1960
f 1959/1959/1959 1948/1948/1948 1963/1963/1963
f 1964/1964/1964 1963/1963/1963 1948/1948/1948
f 1958/1958/1958 1959/1959/1959 1965/1965/1965
f 1958/1958/1958 1965/1965/1965 1962/1962/1962
f 1963/1963/1963 1965/1965/1965 1959/1959/1959
f 1960/1960/1960 1966/1966/1966 1961/1961/1961
f 1967/1967/1967 1961/1961/1961 1966/1966/1966
f 1968/1968/1968 1960/1960/1960 1962/1962/1962
f 1968/1968/1968 1962/1962/1962 1965/1965/1965
f 1960/1960/1960 1968/1968/1968 1966/1966/1966
f 1963/1963/1963 1964/1964/1964 1969/1969/1969
f 1970/1970/1970 1969/1969/1969 1964/1964/1964
f 1965/1965/1965 1963/1963/1963 1971/1971/1971
f 1965/1965/1965 1971/1971/1971 1968/1968/1968
f 1969/1969/1969 1971/1971/1971 1963/1963/1963
f 1972/1972/1972 1968/1968/1968 1971/1971/1971
f 1972/1972/1972 1966/1966/1966 1968/1968/1968
f 1966/1966/1966 1973/1973/1973 1967/1967/1967
f 1974/1974/1974 1967/1967/1967 1973/1973/1973
f 1971/1971/1971 1969/1969/1969 1975/1975/1975
f 1971/1971/1971 1975/1975/1975 1972/1972/1972
f 1972/1972/1972 1976/1976/1976 1966/1966/1966
f 1973/1973/1973 1966/1966/1966 1976/1976/1976
f 1976/1976/1976 1972/1972/1972 1975/1975/1975
f 1977/1977/1977 1969/1969/1969 1970/1970/1970
f 1977/1977/1977 1975/1975/1975 1969/1969/1969
f 1977/1977/1977 1970/1970/1970 1978/1978/1978
f 1977/1977/1977 1978/1978/1978 1975/1975/1975
f 1979/1979/1979 1978/1978/1978 1970/1970/1970
f 1979/1979/1979 1980/1980/1980 1978/1978/1978
f 1973/1973/1973 1981/1981/1981 1974/1974/1974
f 1982/1982/1982 1974/1974/1974 1981/1981/1981
f 1975/1975/1975 1983/1983/1983 1976/1976/1976
f 1983/1983/1983 1975/1975/1975 1978/1978/1978
f 1976/1976/1976 1984/1984/1984 1973/1973/1973
f 1981/1981/1981 1973/1973/1973 1984/1984/1984
f 1984/1984/1984 1976/1976/1976 1983/1983/1983
f 1985/1985/1985 1978/1978/1978 1980/1980/1980
f 1978/1978/1978 1985/1985/1985 1983/1983/1983
f 1981/1981/1981 1986/1986/1986 1982/1982/1982
f 1987/1987/1987 1982/1982/1982 1986/1986/1986
f 1983/1983/1983 1988/1988/1988 1984/1984/1984
f 1988/1988/1988 1983/1983/1983 1985/1985/1985
f 1984/1984/1984 1989/1989/1989 1981/1981/1981
f 1986/1986/1986 1981/1981/1981 1989/1989/1989
f 1989/1989/1989 1984/1984/1984 1988/1988/1988
f 1986/1986/1986 1990/1990/1990 1987/1987/1987
f 1986/1986/1986 1989/1989/1989 1990/1990/1990
f 1991/1991/1991 1987/1987/1987 1990/1990/1990
f 1990/1990/1990 1992/1992/1992 1991/1991/1991
f 1993/1993/1993 1991/1991/1991 1992/1992/1992
f 1993/1993/1993 1992/1992/1992 1994/1994/1994
f 1995/1995/1995 1994/1994/1994 1992/1992/1992
f 1995/1995/1995 1992/1992/1992 1996/1996/1996
f 1988/1988/1988 1985/1985/1985 1997/1997/1997
f 1988/1988/1988 1997/1997/1997 1989/1989/1989
f 1998/1998/1998 1990/1990/1990 1989/1989/1989
f 1990/1990/1990 1998/1998/1998 1992/1992/1992
f 1998/1998/1998 1989/1989/1989 1997/1997/1997
f 1999/1999/1999 1996/1996/1996 1992/1992/1992
f 1999/1999/1999 1992/1992/1992 1998/1998/1998
f 1999/1999/1999 2000/2000/2000 1996/1996/1996
f 1999/1999/1999 1998/1998/1998 2000/2000/2000
f 1997/1997/1997 2000/2000/2000 1998/1998/1998
f 2001/2001/2001 1996/1996/1996 2000/2000/2000
f 2001/2001/2001 2000/2000/2000 2002/2002/2002
f 2003/2003/2003 1997/1997/1997 1985/1985/1985
f 1985/1985/1985 1980/1980/1980 2003/2003/2003
f 2004/2004/2004 2003/2003/2003 1980/1980/1980
f 2004/2004/2004 2005/2005/2005 2003/2003/2003
f 2006/2006/2006 2002/2002/2002 2005/2005/2005
f 2007/2007/2007 2002/2002/2002 2000/2000/2000
f 2000/2000/2000 1997/1997/1997 2007/2007/2007
f 2003/2003/2003 2007/2007/2007 1997/1997/1997
f 2007/2007/2007 2005/2005/2005 2002/2002/2002
f 2007/2007/2007 2003/2003/2003 2005/2005/2005
f 2010/2010/2010 2009/2009/2009 2008/2008/2008
f 2011/2011/2011 2008/2008/2008 2009/2009/2009
f 2008/2008/2008 2011/2011/2011 2012/2012/2012
f 2011/2011/2011 2009/2009/2009 2013/2013/2013
f 2014/2014/2014 2013/2013/2013 2009/2009/2009
f 2014/2014/2014 2015/2015/2015 2013/2013/2013
f 2016/2016/2016 2012/2012/2012 2011/2011/2011
f 2012/2012/2012 2016/2016/2016 2017/2017/2017
f 2013/2013/2013 2018/2018/2018 2011/2011/2011
f 2016/2016/2016 2011/2011/2011 2018/2018/2018
f 2018/2018/2018 2019/2019/2019 2016/2016/2016
f 2020/2020/2020 2013/2013/2013 2015/2015/2015
f 2013/2013/2013 2020/2020/2020 2018/2018/2018
f 2015/2015/2015 2021/2021/2021 2020/2020/2020
f 2022/2022/2022 2017/2017/2017 2016/2016/2016
f 2022/2022/2022 2016/2016/2016 2019/2019/2019
f 2017/2017/2017 2022/2022/2022 2023/2023/2023
f 2024/2024/2024 2018/2018/2018 2020/2020/2020
f 2018/2018/2018 2024/2024/2024 2019/2019/2019
f 2025/2025/2025 2020/2020/2020 2021/2021/2021
f 2020/2020/2020 2025/2025/2025 2024/2024/2024
f 2021/2021/2021 2026/2026/2026 2025/2025/2025
f 2027/2027/2027 2025/2025/2025 2026/2026/2026
f 2026/2026/2026 2028/2028/2028 2027/2027/2027
f 2029/2029/2029 2024/2024/2024 2025/2025/2025
f 2025/2025/2025 2027/2027/2027 2029/2029/2029
f 2030/2030/2030 2027/2027/2027 2028/2028/2028
f 2028/2028/2028 2031/2031/2031 2030/2030/2030
f 2032/2032/2032 2019/2019/2019 2024/2024/2024
f 2024/2024/2024 2029/2029/2029 2032/2032/2032
f 2032/2032/2032 2033/2033/2033 2019/2019/2019
f 2034/2034/2034 2029/2029/2029 2027/2027/2027
f 2027/2027/2027 2030/2030/2030 2034/2034/2034
f 2035/2035/2035 2032/2032/2032 2029/2029/2029
f 2032/2032/2032 2035/2035/2035 2033/2033/2033
f 2029/2029/2029 2034/2034/2034 2035/2035/2035
f 2036/2036/2036 2030/2030/2030 2031/2031/2031
f 2037/2037/2037 2034/2034/2034 2030/2030/2030
f 2030/2030/2030 2036/2036/2036 2037/2037/2037
f 2038/2038/2038 2035/2035/2035 2034/2034/2034
f 2034/2034/2034 2037/2037/2037 2038/2038/2038
f 2036/2036/2036 2031/2031/2031 2039/2039/2039
f 2040/2040/2040 2039/2039/2039 2031/2031/2031
f 2039/2039/2039 2041/2041/2041 2036/2036/2036
f 2042/2042/2042 2036/2036/2036 2041/2041/2041
f 2042/2042/2042 2037/2037/2037 2036/2036/2036
f 2041/2041/2041 2043/2043/2043 2042/2042/2042
f 2037/2037/2037 2042/2042/2042 2044/2044/2044
f 2044/2044/2044 2038/2038/2038 2037/2037/2037
f 2035/2035/2035 2038/2038/2038 2045/2045/2045
f 2045/2045/2045 2033/2033/2033 2035/2035/2035
f 2045/2045/2045 2046/2046/2046 2033/2033/2033
f 2047/2047/2047 2045/2045/2045 2038/2038/2038
f 2038/2038/2038 2044/2044/2044 2047/2047/2047
f 2045/2045/2045 2047/2047/2047 2046/2046/2046
f 2048/2048/2048 2042/2042/2042 2043/2043/2043
f 2048/2048/2048 2044/2044/2044 2042/2042/2042
f 2049/2049/2049 2047/2047/2047 2044/2044/2044
f 2044/2044/2044 2048/2048/2048 2049/2049/2049
f 2048/2048/2048 2043/2043/2043 2050/2050/2050
f 2050/2050/2050 2049/2049/2049 2048/2048/2048
f 2051/2051/2051 2050/2050/2050 2043/2043/2043
f 2051/2051/2051 2052/2052/2052 2050/2050/2050
f 2047/2047/2047 2049/2049/2049 2053/2053/2053
f 2053/2053/2053 2046/2046/2046 2047/2047/2047
f 2049/2049/2049 2050/2050/2050 2054/2054/2054
f 2054/2054/2054 2053/2053/2053 2049/2049/2049
f 2055/2055/2055 2050/2050/2050 2052/2052/2052
f 2055/2055/2055 2054/2054/2054 2050/2050/2050
f 2055/2055/2055 2052/2052/2052 2056/2056/2056
f 2055/2055/2055 2056/2056/2056 2054/2054/2054
f 2057/2057/2057 2056/2056/2056 2052/2052/2052
f 2057/2057/2057 2058/2058/2058 2056/2056/2056
f 2054/2054/2054 2059/2059/2059 2053/2053/2053
f 2059/2059/2059 2054/2054/2054 2056/2056/2056
f 2060/2060/2060 2056/2056/2056 2058/2058/2058
f 2058/2058/2058 2061/2061/2061 2060/2060/2060
f 2062/2062/2062 2053/2053/2053 2059/2059/2059
f 2053/2053/2053 2062/2062/2062 2046/2046/2046
f 2059/2059/2059 2056/2056/2056 2063/2063/2063
f 2060/2060/2060 2063/2063/2063 2056/2056/2056
f 2059/2059/2059 2063/2063/2063 2062/2062/2062
f 2064/2064/2064 2060/2060/2060 2061/2061/2061
f 2061/2061/2061 2065/2065/2065 2064/2064/2064
f 2063/2063/2063 2060/2060/2060 2066/2066/2066
f 2064/2064/2064 2066/2066/2066 2060/2060/2060
f 2067/2067/2067 2062/2062/2062 2063/2063/2063
f 2063/2063/2063 2066/2066/2066 2067/2067/2067
f 2068/2068/2068 2064/2064/2064 2065/2065/2065
f 2065/2065/2065 2069/2069/2069 2068/2068/2068
f 2066/2066/2066 2064/2064/2064 2070/2070/2070
f 2068/2068/2068 2070/2070/2070 2064/2064/2064
f 2071/2071/2071 2068/2068/2068 2069/2069/2069
f 2069/2069/2069 2072/2072/2072 2071/2071/2071
f 2073/2073/2073 2071/2071/2071 2072/2072/2072
f 2073/2073/2073 2074/2074/2074 2071/2071/2071
f 2071/2071/2071 2075/2075/2075 2068/2068/2068
f 2075/2075/2075 2071/2071/2071 2074/2074/2074
f 2070/2070/2070 2068/2068/2068 2075/2075/2075
f 2066/2066/2066 2070/2070/2070 2076/2076/2076
f 2076/2076/2076 2067/2067/2067 2066/2066/2066
f 2062/2062/2062 2067/2067/2067 2077/2077/2077
f 2077/2077/2077 2046/2046/2046 2062/2062/2062
f 2075/2075/2075 2074/2074/2074 2078/2078/2078
f 2079/2079/2079 2078/2078/2078 2074/2074/2074
f 2070/2070/2070 2075/2075/2075 2080/2080/2080
f 2080/2080/2080 2076/2076/2076 2070/2070/2070
f 2078/2078/2078 2080/2080/2080 2075/2075/2075
f 2067/2067/2067 2076/2076/2076 2081/2081/2081
f 2081/2081/2081 2077/2077/2077 2067/2067/2067
f 2078/2078/2078 2079/2079/2079 2082/2082/2082
f 2083/2083/2083 2082/2082/2082 2079/2079/2079
f 2083/2083/2083 2084/2084/2084 2082/2082/2082
f 2076/2076/2076 2080/2080/2080 2085/2085/2085
f 2085/2085/2085 2081/2081/2081 2076/2076/2076
f 2080/2080/2080 2078/2078/2078 2086/2086/2086
f 2082/2082/2082 2086/2086/2086 2078/2078/2078
f 2086/2086/2086 2085/2085/2085 2080/2080/2080
f 2087/2087/2087 2082/2082/2082 2084/2084/2084
f 2082/2082/2082 2087/2087/2087 2086/2086/2086
f 2084/2084/2084 2088/2088/2088 2087/2087/2087
f 2086/2086/2086 2089/2089/2089 2085/2085/2085
f 2089/2089/2089 2086/2086/2086 2087/2087/2087
f 2085/2085/2085 2090/2090/2090 2081/2081/2081
f 2090/2090/2090 2085/2085/2085 2089/2089/2089
f 2081/2081/2081 2091/2091/2091 2077/2077/2077
f 2091/2091/2091 2081/2081/2081 2090/2090/2090
f 2091/2091/2091 2090/2090/2090 2092/2092/2092
f 2091/2091/2091 2092/2092/2092 2093/2093/2093
f 2093/2093/2093 2077/2077/2077 2091/2091/2091
f 2094/2094/2094 2092/2092/2092 2090/2090/2090
f 2090/2090/2090 2089/2089/2089 2094/2094/2094
f 2077/2077/2077 2093/2093/2093 2046/2046/2046
f 2089/2089/2089 2087/2087/2087 2095/2095/2095
f 2095/2095/2095 2094/2094/2094 2089/2089/2089
f 2096/2096/2096 2087/2087/2087 2088/2088/2088
f 2096/2096/2096 2095/2095/2095 2087/2087/2087
f 2095/2095/2095 2097/2097/2097 2094/2094/2094
f 2095/2095/2095 2096/2096/2096 2097/2097/2097
f 2094/2094/2094 2097/2097/2097 2092/2092/2092
f 2096/2096/2096 2088/2088/2088 2098/2098/2098
f 2098/2098/2098 2097/2097/2097 2096/2096/2096
f 2099/2099/2099 2098/2098/2098 2088/2088/2088
f 2100/2100/2100 2092/2092/2092 2097/2097/2097
f 2100/2100/2100 2101/2101/2101 2092/2092/2092
f 2102/2102/2102 2046/2046/2046 2093/2093/2093
f 2102/2102/2102 2033/2033/2033 2046/2046/2046
f 2102/2102/2102 2093/2093/2093 2103/2103/2103
f 2102/2102/2102 2103/2103/2103 2033/2033/2033
f 2104/2104/2104 2092/2092/2092 2101/2101/2101
f 2101/2101/2101 2105/2105/2105 2104/2104/2104
f 2106/2106/2106 2093/2093/2093 2092/2092/2092
f 2106/2106/2106 2103/2103/2103 2093/2093/2093
f 2107/2107/2107 2033/2033/2033 2103/2103/2103
f 2107/2107/2107 2019/2019/2019 2033/2033/2033
f 2108/2108/2108 2104/2104/2104 2105/2105/2105
f 2105/2105/2105 2109/2109/2109 2108/2108/2108
f 2104/2104/2104 2110/2110/2110 2092/2092/2092
f 2106/2106/2106 2092/2092/2092 2110/2110/2110
f 2104/2104/2104 2108/2108/2108 2110/2110/2110
f 2103/2103/2103 2106/2106/2106 2111/2111/2111
f 2110/2110/2110 2111/2111/2111 2106/2106/2106
f 2103/2103/2103 2111/2111/2111 2107/2107/2107
f 2019/2019/2019 2107/2107/2107 2112/2112/2112
f 2019/2019/2019 2112/2112/2112 2022/2022/2022
f 2113/2113/2113 2110/2110/2110 2108/2108/2108
f 2110/2110/2110 2113/2113/2113 2111/2111/2111
f 2114/2114/2114 2108/2108/2108 2109/2109/2109
f 2108/2108/2108 2114/2114/2114 2113/2113/2113
f 2115/2115/2115 2107/2107/2107 2111/2111/2111
f 2115/2115/2115 2112/2112/2112 2107/2107/2107
f 2114/2114/2114 2109/2109/2109 2116/2116/2116
f 2117/2117/2117 2116/2116/2116 2109/2109/2109
f 2117/2117/2117 2118/2118/2118 2116/2116/2116
f 2119/2119/2119 2022/2022/2022 2112/2112/2112
f 2119/2119/2119 2112/2112/2112 2120/2120/2120
f 2119/2119/2119 2023/2023/2023 2022/2022/2022
f 2119/2119/2119 2120/2120/2120 2023/2023/2023
f 2121/2121/2121 2023/2023/2023 2120/2120/2120
f 2121/2121/2121 2120/2120/2120 2122/2122/2122
f 2111/2111/2111 2123/2123/2123 2115/2115/2115
f 2123/2123/2123 2111/2111/2111 2113/2113/2113
f 2124/2124/2124 2113/2113/2113 2114/2114/2114
f 2114/2114/2114 2116/2116/2116 2124/2124/2124
f 2125/2125/2125 2116/2116/2116 2118/2118/2118
f 2118/2118/2118 2126/2126/2126 2125/2125/2125
f 2127/2127/2127 2122/2122/2122 2120/2120/2120
f 2122/2122/2122 2127/2127/2127 2128/2128/2128
f 2123/2123/2123 2113/2113/2113 2129/2129/2129
f 2124/2124/2124 2129/2129/2129 2113/2113/2113
f 2130/2130/2130 2124/2124/2124 2116/2116/2116
f 2116/2116/2116 2125/2125/2125 2130/2130/2130
f 2129/2129/2129 2124/2124/2124 2131/2131/2131
f 2130/2130/2130 2131/2131/2131 2124/2124/2124
f 2129/2129/2129 2132/2132/2132 2123/2123/2123
f 2129/2129/2129 2131/2131/2131 2132/2132/2132
f 2133/2133/2133 2128/2128/2128 2127/2127/2127
f 2128/2128/2128 2133/2133/2133 2134/2134/2134
f 2135/2135/2135 2123/2123/2123 2132/2132/2132
f 2135/2135/2135 2115/2115/2115 2123/2123/2123
f 2135/2135/2135 2136/2136/2136 2115/2115/2115
f 2135/2135/2135 2132/2132/2132 2136/2136/2136
f 2112/2112/2112 2115/2115/2115 2136/2136/2136
f 2136/2136/2136 2120/2120/2120 2112/2112/2112
f 2136/2136/2136 2137/2137/2137 2120/2120/2120
f 2127/2127/2127 2120/2120/2120 2137/2137/2137
f 2137/2137/2137 2136/2136/2136 2132/2132/2132
f 2138/2138/2138 2132/2132/2132 2131/2131/2131
f 2132/2132/2132 2138/2138/2138 2137/2137/2137
f 2137/2137/2137 2139/2139/2139 2127/2127/2127
f 2133/2133/2133 2127/2127/2127 2139/2139/2139
f 2139/2139/2139 2137/2137/2137 2138/2138/2138
f 2140/2140/2140 2134/2134/2134 2133/2133/2133
f 2134/2134/2134 2140/2140/2140 2141/2141/2141
f 2131/2131/2131 2142/2142/2142 2138/2138/2138
f 2131/2131/2131 2130/2130/2130 2142/2142/2142
f 2138/2138/2138 2143/2143/2143 2139/2139/2139
f 2143/2143/2143 2138/2138/2138 2142/2142/2142
f 2139/2139/2139 2144/2144/2144 2133/2133/2133
f 2140/2140/2140 2133/2133/2133 2144/2144/2144
f 2144/2144/2144 2139/2139/2139 2143/2143/2143
f 2145/2145/2145 2141/2141/2141 2140/2140/2140
f 2141/2141/2141 2145/2145/2145 2146/2146/2146
f 2147/2147/2147 2142/2142/2142 2130/2130/2130
f 2147/2147/2147 2130/2130/2130 2125/2125/2125
f 2142/2142/2142 2148/2148/2148 2143/2143/2143
f 2142/2142/2142 2147/2147/2147 2148/2148/2148
f 2143/2143/2143 2149/2149/2149 2144/2144/2144
f 2149/2149/2149 2143/2143/2143 2148/2148/2148
f 2144/2144/2144 2150/2150/2150 2140/2140/2140
f 2145/2145/2145 2140/2140/2140 2150/2150/2150
f 2150/2150/2150 2144/2144/2144 2149/2149/2149
f 2150/2150/2150 2151/2151/2151 2145/2145/2145
f 2150/2150/2150 2149/2149/2149 2151/2151/2151
f 2152/2152/2152 2146/2146/2146 2145/2145/2145
f 2152/2152/2152 2145/2145/2145 2151/2151/2151
f 2152/2152/2152 2153/2153/2153 2146/2146/2146
f 2152/2152/2152 2151/2151/2151 2153/2153/2153
f 2154/2154/2154 2146/2146/2146 2153/2153/2153
f 2154/2154/2154 2153/2153/2153 2155/2155/2155
f 2149/2149/2149 2148/2148/2148 2156/2156/2156
f 2156/2156/2156 2151/2151/2151 2149/2149/2149
f 2157/2157/2157 2155/2155/2155 2153/2153/2153
f 2155/2155/2155 2157/2157/2157 2158/2158/2158
f 2159/2159/2159 2158/2158/2158 2157/2157/2157
f 2158/2158/2158 2159/2159/2159 2160/2160/2160
f 2161/2161/2161 2156/2156/2156 2148/2148/2148
f 2156/2156/2156 2162/2162/2162 2151/2151/2151
f 2156/2156/2156 2161/2161/2161 2162/2162/2162
f 2163/2163/2163 2153/2153/2153 2151/2151/2151
f 2163/2163/2163 2151/2151/2151 2162/2162/2162
f 2157/2157/2157 2153/2153/2153 2164/2164/2164
f 2163/2163/2163 2164/2164/2164 2153/2153/2153
f 2159/2159/2159 2157/2157/2157 2165/2165/2165
f 2164/2164/2164 2165/2165/2165 2157/2157/2157
f 2164/2164/2164 2163/2163/2163 2166/2166/2166
f 2162/2162/2162 2166/2166/2166 2163/2163/2163
f 2148/2148/2148 2167/2167/2167 2161/2161/2161
f 2167/2167/2167 2148/2148/2148 2147/2147/2147
f 2167/2167/2167 2147/2147/2147 2168/2168/2168
f 2125/2125/2125 2168/2168/2168 2147/2147/2147
f 2168/2168/2168 2125/2125/2125 2126/2126/2126
f 2169/2169/2169 2161/2161/2161 2167/2167/2167
f 2167/2167/2167 2168/2168/2168 2169/2169/2169
f 2168/2168/2168 2126/2126/2126 2170/2170/2170
f 2170/2170/2170 2169/2169/2169 2168/2168/2168
f 2171/2171/2171 2170/2170/2170 2126/2126/2126
f 2171/2171/2171 2172/2172/2172 2170/2170/2170
f 2173/2173/2173 2170/2170/2170 2172/2172/2172
f 2170/2170/2170 2173/2173/2173 2169/2169/2169
f 2172/2172/2172 2174/2174/2174 2173/2173/2173
f 2175/2175/2175 2162/2162/2162 2161/2161/2161
f 2161/2161/2161 2169/2169/2169 2175/2175/2175
f 2176/2176/2176 2169/2169/2169 2173/2173/2173
f 2176/2176/2176 2175/2175/2175 2169/2169/2169
f 2177/2177/2177 2173/2173/2173 2174/2174/2174
f 2173/2173/2173 2177/2177/2177 2176/2176/2176
f 2174/2174/2174 2178/2178/2178 2177/2177/2177
f 2175/2175/2175 2179/2179/2179 2162/2162/2162
f 2166/2166/2166 2162/2162/2162 2179/2179/2179
f 2176/2176/2176 2180/2180/2180 2175/2175/2175
f 2179/2179/2179 2175/2175/2175 2180/2180/2180
f 2180/2180/2180 2176/2176/2176 2177/2177/2177
f 2179/2179/2179 2181/2181/2181 2166/2166/2166
f 2179/2179/2179 2180/2180/2180 2181/2181/2181
f 2180/2180/2180 2177/2177/2177 2182/2182/2182
f 2182/2182/2182 2181/2181/2181 2180/2180/2180
f 2183/2183/2183 2177/2177/2177 2178/2178/2178
f 2183/2183/2183 2182/2182/2182 2177/2177/2177
f 2184/2184/2184 2166/2166/2166 2181/2181/2181
f 2166/2166/2166 2184/2184/2184 2164/2164/2164
f 2165/2165/2165 2164/2164/2164 2184/2184/2184
f 2183/2183/2183 2178/2178/2178 2185/2185/2185
f 2186/2186/2186 2185/2185/2185 2178/2178/2178
f 2183/2183/2183 2187/2187/2187 2182/2182/2182
f 2183/2183/2183 2185/2185/2185 2187/2187/2187
f 2181/2181/2181 2182/2182/2182 2188/2188/2188
f 2181/2181/2181 2188/2188/2188 2184/2184/2184
f 2189/2189/2189 2185/2185/2185 2186/2186/2186
f 2186/2186/2186 2190/2190/2190 2189/2189/2189
f 2191/2191/2191 2187/2187/2187 2185/2185/2185
f 2185/2185/2185 2189/2189/2189 2191/2191/2191
f 2192/2192/2192 2189/2189/2189 2190/2190/2190
f 2190/2190/2190 2193/2193/2193 2192/2192/2192
f 2194/2194/2194 2192/2192/2192 2193/2193/2193
f 2194/2194/2194 2195/2195/2195 2192/2192/2192
f 2189/2189/2189 2192/2192/2192 2196/2196/2196
f 2196/2196/2196 2191/2191/2191 2189/2189/2189
f 2197/2197/2197 2192/2192/2192 2195/2195/2195
f 2197/2197/2197 2196/2196/2196 2192/2192/2192
f 2197/2197/2197 2195/2195/2195 2198/2198/2198
f 2199/2199/2199 2198/2198/2198 2195/2195/2195
f 2198/2198/2198 2200/2200/2200 2197/2197/2197
f 2196/2196/2196 2197/2197/2197 2200/2200/2200
f 2200/2200/2200 2201/2201/2201 2196/2196/2196
f 2191/2191/2191 2196/2196/2196 2201/2201/2201
f 2201/2201/2201 2202/2202/2202 2191/2191/2191
f 2187/2187/2187 2191/2191/2191 2202/2202/2202
f 2202/2202/2202 2203/2203/2203 2187/2187/2187
f 2204/2204/2204 2187/2187/2187 2203/2203/2203
f 2204/2204/2204 2182/2182/2182 2187/2187/2187
f 2203/2203/2203 2205/2205/2205 2204/2204/2204
f 2204/2204/2204 2188/2188/2188 2182/2182/2182
f 2188/2188/2188 2204/2204/2204 2205/2205/2205
f 2205/2205/2205 2206/2206/2206 2188/2188/2188
f 2207/2207/2207 2188/2188/2188 2206/2206/2206
f 2206/2206/2206 2208/2208/2208 2207/2207/2207
f 2207/2207/2207 2184/2184/2184 2188/2188/2188
f 2209/2209/2209 2207/2207/2207 2208/2208/2208
f 2207/2207/2207 2209/2209/2209 2184/2184/2184
f 2208/2208/2208 2210/2210/2210 2209/2209/2209
f 2165/2165/2165 2184/2184/2184 2209/2209/2209
f 2211/2211/2211 2209/2209/2209 2210/2210/2210
f 2209/2209/2209 2211/2211/2211 2165/2165/2165
f 2210/2210/2210 2212/2212/2212 2211/2211/2211
f 2213/2213/2213 2165/2165/2165 2211/2211/2211
f 2165/2165/2165 2213/2213/2213 2159/2159/2159
f 2214/2214/2214 2211/2211/2211 2212/2212/2212
f 2211/2211/2211 2214/2214/2214 2213/2213/2213
f 2212/2212/2212 2215/2215/2215 2214/2214/2214
f 2216/2216/2216 2214/2214/2214 2215/2215/2215
f 2214/2214/2214 2216/2216/2216 2217/2217/2217
f 2217/2217/2217 2213/2213/2213 2214/2214/2214
f 2218/2218/2218 2217/2217/2217 2216/2216/2216
f 2219/2219/2219 2159/2159/2159 2213/2213/2213
f 2213/2213/2213 2217/2217/2217 2219/2219/2219
f 2219/2219/2219 2160/2160/2160 2159/2159/2159
f 2217/2217/2217 2218/2218/2218 2220/2220/2220
f 2220/2220/2220 2219/2219/2219 2217/2217/2217
f 2219/2219/2219 2220/2220/2220 2160/2160/2160
f 2221/2221/2221 2220/2220/2220 2218/2218/2218
f 2222/2222/2222 2160/2160/2160 2220/2220/2220
f 2220/2220/2220 2221/2221/2221 2222/2222/2222
f 2223/2223/2223 2222/2222/2222 2221/2221/2221
f 2226/2226/2226 2225/2225/2225 2224/2224/2224
f 2227/2227/2227 2224/2224/2224 2225/2225/2225
f 2225/2225/2225 2228/2228/2228 2227/2227/2227
f 2229/2229/2229 2227/2227/2227 2228/2228/2228
f 2230/2230/2230 2227/2227/2227 2229/2229/2229
f 2231/2231/2231 2227/2227/2227 2230/2230/2230
f 2227/2227/2227 2231/2231/2231 2232/2232/2232
f 2233/2233/2233 2232/2232/2232 2231/2231/2231
f 2234/2234/2234 2232/2232/2232 2233/2233/2233
f 2235/2235/2235 2232/2232/2232 2234/2234/2234
f 2227/2227/2227 2236/2236/2236 2224/2224/2224
f 2237/2237/2237 2224/2224/2224 2236/2236/2236
f 2236/2236/2236 2227/2227/2227 2238/2238/2238
f 2232/2232/2232 2238/2238/2238 2227/2227/2227
f 2239/2239/2239 2238/2238/2238 2232/2232/2232
f 2239/2239/2239 2232/2232/2232 2240/2240/2240
f 2232/2232/2232 2235/2235/2235 2241/2241/2241
f 2232/2232/2232 2241/2241/2241 2240/2240/2240
f 2242/2242/2242 2241/2241/2241 2235/2235/2235
f 2243/2243/2243 2240/2240/2240 2241/2241/2241
f 2241/2241/2241 2242/2242/2242 2244/2244/2244
f 2241/2241/2241 2244/2244/2244 2243/2243/2243
f 2245/2245/2245 2244/2244/2244 2242/2242/2242
f 2246/2246/2246 2243/2243/2243 2244/2244/2244
f 2249/2249/2249 2248/2248/2248 2247/2247/2247
f 2250/2250/2250 2247/2247/2247 2248/2248/2248
f 2250/2250/2250 2248/2248/2248 2251/2251/2251
f 2252/2252/2252 2251/2251/2251 2248/2248/2248
f 2251/2251/2251 2253/2253/2253 2250/2250/2250
f 2254/2254/2254 2250/2250/2250 2253/2253/2253
f 2250/2250/2250 2254/2254/2254 2247/2247/2247
f 2255/2255/2255 2247/2247/2247 2254/2254/2254
f 2251/2251/2251 2252/2252/2252 2256/2256/2256
f 2251/2251/2251 2256/2256/2256 2253/2253/2253
f 2257/2257/2257 2256/2256/2256 2252/2252/2252
f 2254/2254/2254 2258/2258/2258 2255/2255/2255
f 2259/2259/2259 2255/2255/2255 2258/2258/2258
f 2259/2259/2259 2258/2258/2258 2260/2260/2260
f 2261/2261/2261 2260/2260/2260 2258/2258/2258
f 2261/2261/2261 2258/2258/2258 2262/2262/2262
f 2258/2258/2258 2254/2254/2254 2263/2263/2263
f 2263/2263/2263 2262/2262/2262 2258/2258/2258
f 2253/2253/2253 2263/2263/2263 2254/2254/2254
f 2262/2262/2262 2263/2263/2263 2264/2264/2264
f 2265/2265/2265 2264/2264/2264 2263/2263/2263
f 2265/2265/2265 2263/2263/2263 2253/2253/2253
f 2265/2265/2265 2266/2266/2266 2264/2264/2264
f 2265/2265/2265 2253/2253/2253 2266/2266/2266
f 2267/2267/2267 2264/2264/2264 2266/2266/2266
f 2267/2267/2267 2266/2266/2266 2268/2268/2268
f 2266/2266/2266 2253/2253/2253 2269/2269/2269
f 2269/2269/2269 2268/2268/2268 2266/2266/2266
f 2270/2270/2270 2269/2269/2269 2253/2253/2253
f 2270/2270/2270 2253/2253/2253 2256/2256/2256
f 2269/2269/2269 2270/2270/2270 2271/2271/2271
f 2269/2269/2269 2271/2271/2271 2268/2268/2268
f 2256/2256/2256 2272/2272/2272 2270/2270/2270
f 2273/2273/2273 2268/2268/2268 2271/2271/2271
f 2256/2256/2256 2257/2257/2257 2272/2272/2272
f 2273/2273/2273 2271/2271/2271 2274/2274/2274
f 2275/2275/2275 2274/2274/2274 2271/2271/2271
f 2271/2271/2271 2270/2270/2270 2275/2275/2275
f 2275/2275/2275 2276/2276/2276 2274/2274/2274
f 2276/2276/2276 2275/2275/2275 2270/2270/2270
f 2277/2277/2277 2274/2274/2274 2276/2276/2276
f 2277/2277/2277 2276/2276/2276 2278/2278/2278
f 2279/2279/2279 2278/2278/2278 2276/2276/2276
f 2276/2276/2276 2270/2270/2270 2279/2279/2279
f 2279/2279/2279 2280/2280/2280 2278/2278/2278
f 2280/2280/2280 2279/2279/2279 2270/2270/2270
f 2281/2281/2281 2278/2278/2278 2280/2280/2280
f 2281/2281/2281 2280/2280/2280 2282/2282/2282
f 2283/2283/2283 2272/2272/2272 2257/2257/2257
f 2257/2257/2257 2284/2284/2284 2283/2283/2283
f 2285/2285/2285 2283/2283/2283 2284/2284/2284
f 2285/2285/2285 2286/2286/2286 2283/2283/2283
f 2283/2283/2283 2286/2286/2286 2272/2272/2272
f 2272/2272/2272 2287/2287/2287 2270/2270/2270
f 2287/2287/2287 2272/2272/2272 2286/2286/2286
f 2288/2288/2288 2270/2270/2270 2287/2287/2287
f 2287/2287/2287 2286/2286/2286 2288/2288/2288
f 2270/2270/2270 2288/2288/2288 2280/2280/2280
f 2289/2289/2289 2288/2288/2288 2286/2286/2286
f 2289/2289/2289 2282/2282/2282 2288/2288/2288
f 2290/2290/2290 2282/2282/2282 2280/2280/2280
f 2290/2290/2290 2280/2280/2280 2288/2288/2288
f 2290/2290/2290 2288/2288/2288 2282/2282/2282
f 2293/2293/2293 2292/2292/2292 2291/2291/2291
f 2294/2294/2294 2291/2291/2291 2292/2292/2292
f 2292/2292/2292 2295/2295/2295 2294/2294/2294
f 2291/2291/2291 2294/2294/2294 2296/2296/2296
f 2297/2297/2297 2294/2294/2294 2295/2295/2295
f 2295/2295/2295 2298/2298/2298 2297/2297/2297
f 2299/2299/2299 2297/2297/2297 2298/2298/2298
f 2298/2298/2298 2300/2300/2300 2299/2299/2299
f 2301/2301/2301 2299/2299/2299 2300/2300/2300
f 2300/2300/2300 2302/2302/2302 2301/2301/2301
f 2303/2303/2303 2301/2301/2301 2302/2302/2302
f 2302/2302/2302 2304/2304/2304 2303/2303/2303
f 2305/2305/2305 2303/2303/2303 2304/2304/2304
f 2304/2304/2304 2306/2306/2306 2305/2305/2305
f 2307/2307/2307 2305/2305/2305 2306/2306/2306
f 2306/2306/2306 2308/2308/2308 2307/2307/2307
f 2309/2309/2309 2307/2307/2307 2308/2308/2308
f 2308/2308/2308 2310/2310/2310 2309/2309/2309
f 2297/2297/2297 2311/2311/2311 2294/2294/2294
f 2299/2299/2299 2312/2312/2312 2297/2297/2297
f 2311/2311/2311 2297/2297/2297 2312/2312/2312
f 2312/2312/2312 2313/2313/2313 2311/2311/2311
f 2312/2312/2312 2299/2299/2299 2314/2314/2314
f 2312/2312/2312 2314/2314/2314 2313/2313/2313
f 2301/2301/2301 2314/2314/2314 2299/2299/2299
f 2303/2303/2303 2315/2315/2315 2301/2301/2301
f 2314/2314/2314 2301/2301/2301 2315/2315/2315
f 2305/2305/2305 2316/2316/2316 2303/2303/2303
f 2315/2315/2315 2303/2303/2303 2316/2316/2316
f 2307/2307/2307 2317/2317/2317 2305/2305/2305
f 2316/2316/2316 2305/2305/2305 2317/2317/2317
f 2315/2315/2315 2318/2318/2318 2314/2314/2314
f 2315/2315/2315 2316/2316/2316 2318/2318/2318
f 2319/2319/2319 2294/2294/2294 2311/2311/2311
f 2319/2319/2319 2296/2296/2296 2294/2294/2294
f 2319/2319/2319 2320/2320/2320 2296/2296/2296
f 2319/2319/2319 2311/2311/2311 2320/2320/2320
f 2321/2321/2321 2296/2296/2296 2320/2320/2320
f 2321/2321/2321 2320/2320/2320 2322/2322/2322
f 2323/2323/2323 2322/2322/2322 2320/2320/2320
f 2324/2324/2324 2320/2320/2320 2311/2311/2311
f 2320/2320/2320 2324/2324/2324 2323/2323/2323
f 2325/2325/2325 2323/2323/2323 2324/2324/2324
f 2324/2324/2324 2311/2311/2311 2313/2313/2313
f 2324/2324/2324 2313/2313/2313 2325/2325/2325
f 2326/2326/2326 2325/2325/2325 2313/2313/2313
f 2326/2326/2326 2313/2313/2313 2327/2327/2327
f 2328/2328/2328 2327/2327/2327 2313/2313/2313
f 2328/2328/2328 2313/2313/2313 2314/2314/2314
f 2328/2328/2328 2314/2314/2314 2318/2318/2318
f 2328/2328/2328 2318/2318/2318 2327/2327/2327
f 2329/2329/2329 2327/2327/2327 2318/2318/2318
f 2318/2318/2318 2330/2330/2330 2329/2329/2329
f 2331/2331/2331 2329/2329/2329 2330/2330/2330
f 2330/2330/2330 2318/2318/2318 2316/2316/2316
f 2331/2331/2331 2330/2330/2330 2332/2332/2332
f 2316/2316/2316 2317/2317/2317 2330/2330/2330
f 2333/2333/2333 2332/2332/2332 2330/2330/2330
f 2333/2333/2333 2330/2330/2330 2317/2317/2317
f 2333/2333/2333 2334/2334/2334 2332/2332/2332
f 2335/2335/2335 2332/2332/2332 2334/2334/2334
f 2335/2335/2335 2334/2334/2334 2336/2336/2336
f 2317/2317/2317 2337/2337/2337 2333/2333/2333
f 2334/2334/2334 2333/2333/2333 2337/2337/2337
f 2337/2337/2337 2338/2338/2338 2334/2334/2334
f 2317/2317/2317 2307/2307/2307 2337/2337/2337
f 2309/2309/2309 2337/2337/2337 2307/2307/2307
f 2337/2337/2337 2309/2309/2309 2338/2338/2338
f 2339/2339/2339 2336/2336/2336 2334/2334/2334
f 2339/2339/2339 2334/2334/2334 2338/2338/2338
f 2339/2339/2339 2340/2340/2340 2336/2336/2336
f 2339/2339/2339 2338/2338/2338 2340/2340/2340
f 2341/2341/2341 2336/2336/2336 2340/2340/2340
f 2341/2341/2341 2340/2340/2340 2342/2342/2342
f 2343/2343/2343 2338/2338/2338 2309/2309/2309
f 2343/2343/2343 2309/2309/2309 2310/2310/2310
f 2343/2343/2343 2310/2310/2310 2344/2344/2344
f 2343/2343/2343 2344/2344/2344 2338/2338/2338
f 2345/2345/2345 2344/2344/2344 2310/2310/2310
f 2346/2346/2346 2340/2340/2340 2338/2338/2338
f 2346/2346/2346 2338/2338/2338 2344/2344/2344
f 2344/2344/2344 2345/2345/2345 2347/2347/2347
f 2344/2344/2344 2347/2347/2347 2346/2346/2346
f 2348/2348/2348 2347/2347/2347 2345/2345/2345
f 2347/2347/2347 2348/2348/2348 2349/2349/2349
f 2350/2350/2350 2349/2349/2349 2348/2348/2348
f 2350/2350/2350 2351/2351/2351 2349/2349/2349
f 2352/2352/2352 2342/2342/2342 2340/2340/2340
f 2340/2340/2340 2346/2346/2346 2352/2352/2352
f 2353/2353/2353 2346/2346/2346 2347/2347/2347
f 2353/2353/2353 2352/2352/2352 2346/2346/2346
f 2347/2347/2347 2349/2349/2349 2353/2353/2353
f 2352/2352/2352 2354/2354/2354 2342/2342/2342
f 2352/2352/2352 2353/2353/2353 2354/2354/2354
f 2355/2355/2355 2342/2342/2342 2354/2354/2354
f 2356/2356/2356 2354/2354/2354 2353/2353/2353
f 2356/2356/2356 2353/2353/2353 2349/2349/2349
f 2354/2354/2354 2357/2357/2357 2355/2355/2355
f 2354/2354/2354 2356/2356/2356 2357/2357/2357
f 2358/2358/2358 2355/2355/2355 2357/2357/2357
f 2358/2358/2358 2357/2357/2357 2359/2359/2359
f 2360/2360/2360 2349/2349/2349 2351/2351/2351
f 2351/2351/2351 2361/2361/2361 2360/2360/2360
f 2356/2356/2356 2349/2349/2349 2362/2362/2362
f 2362/2362/2362 2357/2357/2357 2356/2356/2356
f 2360/2360/2360 2362/2362/2362 2349/2349/2349
f 2363/2363/2363 2359/2359/2359 2357/2357/2357
f 2357/2357/2357 2362/2362/2362 2363/2363/2363
f 2364/2364/2364 2360/2360/2360 2361/2361/2361
f 2361/2361/2361 2365/2365/2365 2364/2364/2364
f 2362/2362/2362 2360/2360/2360 2366/2366/2366
f 2366/2366/2366 2363/2363/2363 2362/2362/2362
f 2364/2364/2364 2366/2366/2366 2360/2360/2360
f 2363/2363/2363 2367/2367/2367 2359/2359/2359
f 2368/2368/2368 2359/2359/2359 2367/2367/2367
f 2366/2366/2366 2369/2369/2369 2363/2363/2363
f 2366/2366/2366 2364/2364/2364 2369/2369/2369
f 2367/2367/2367 2363/2363/2363 2369/2369/2369
f 2370/2370/2370 2364/2364/2364 2365/2365/2365
f 2370/2370/2370 2369/2369/2369 2364/2364/2364
f 2365/2365/2365 2371/2371/2371 2370/2370/2370
f 2367/2367/2367 2372/2372/2372 2368/2368/2368
f 2367/2367/2367 2369/2369/2369 2372/2372/2372
f 2373/2373/2373 2368/2368/2368 2372/2372/2372
f 2373/2373/2373 2372/2372/2372 2374/2374/2374
f 2375/2375/2375 2370/2370/2370 2371/2371/2371
f 2371/2371/2371 2376/2376/2376 2375/2375/2375
f 2377/2377/2377 2375/2375/2375 2376/2376/2376
f 2369/2369/2369 2370/2370/2370 2378/2378/2378
f 2375/2375/2375 2378/2378/2378 2370/2370/2370
f 2378/2378/2378 2372/2372/2372 2369/2369/2369
f 2375/2375/2375 2377/2377/2377 2378/2378/2378
f 2379/2379/2379 2374/2374/2374 2372/2372/2372
f 2372/2372/2372 2378/2378/2378 2379/2379/2379
f 2374/2374/2374 2379/2379/2379 2380/2380/2380
f 2381/2381/2381 2380/2380/2380 2379/2379/2379
f 2381/2381/2381 2379/2379/2379 2382/2382/2382
f 2383/2383/2383 2382/2382/2382 2377/2377/2377
f 2384/2384/2384 2378/2378/2378 2377/2377/2377
f 2384/2384/2384 2379/2379/2379 2378/2378/2378
f 2384/2384/2384 2377/2377/2377 2382/2382/2382
f 2384/2384/2384 2382/2382/2382 2379/2379/2379
f 2387/2387/2387 2386/2386/2386 2385/2385/2385
f 2388/2388/2388 2385/2385/2385 2386/2386/2386
f 2385/2385/2385 2388/2388/2388 2389/2389/2389
f 2390/2390/2390 2385/2385/2385 2389/2389/2389
f 2388/2388/2388 2391/2391/2391 2389/2389/2389
f 2392/2392/2392 2389/2389/2389 2391/2391/2391
f 2392/2392/2392 2393/2393/2393 2389/2389/2389
f 2394/2394/2394 2389/2389/2389 2393/2393/2393
f 2395/2395/2395 2389/2389/2389 2394/2394/2394
f 2398/2398/2398 2397/2397/2397 2396/2396/2396
f 2399/2399/2399 2396/2396/2396 2397/2397/2397
f 2397/2397/2397 2400/2400/2400 2399/2399/2399
f 2401/2401/2401 2399/2399/2399 2400/2400/2400
f 2400/2400/2400 2402/2402/2402 2401/2401/2401
f 2403/2403/2403 2401/2401/2401 2402/2402/2402
f 2402/2402/2402 2404/2404/2404 2403/2403/2403
f 2405/2405/2405 2403/2403/2403 2404/2404/2404
f 2404/2404/2404 2406/2406/2406 2405/2405/2405
f 2407/2407/2407 2405/2405/2405 2406/2406/2406
f 2406/2406/2406 2408/2408/2408 2407/2407/2407
f 2409/2409/2409 2407/2407/2407 2408/2408/2408
f 2408/2408/2408 2410/2410/2410 2409/2409/2409
f 2403/2403/2403 2411/2411/2411 2401/2401/2401
f 2405/2405/2405 2412/2412/2412 2403/2403/2403
f 2411/2411/2411 2403/2403/2403 2412/2412/2412
f 2407/2407/2407 2413/2413/2413 2405/2405/2405
f 2412/2412/2412 2405/2405/2405 2413/2413/2413
f 2409/2409/2409 2414/2414/2414 2407/2407/2407
f 2413/2413/2413 2407/2407/2407 2414/2414/2414
f 2415/2415/2415 2409/2409/2409 2410/2410/2410
f 2409/2409/2409 2415/2415/2415 2414/2414/2414
f 2412/2412/2412 2413/2413/2413 2416/2416/2416
f 2412/2412/2412 2416/2416/2416 2411/2411/2411
f 2415/2415/2415 2410/2410/2410 2417/2417/2417
f 2418/2418/2418 2417/2417/2417 2410/2410/2410
f 2419/2419/2419 2401/2401/2401 2411/2411/2411
f 2401/2401/2401 2419/2419/2419 2399/2399/2399
f 2413/2413/2413 2414/2414/2414 2420/2420/2420
f 2420/2420/2420 2416/2416/2416 2413/2413/2413
f 2421/2421/2421 2414/2414/2414 2415/2415/2415
f 2415/2415/2415 2417/2417/2417 2421/2421/2421
f 2417/2417/2417 2418/2418/2418 2422/2422/2422
f 2423/2423/2423 2422/2422/2422 2418/2418/2418
f 2423/2423/2423 2424/2424/2424 2422/2422/2422
f 2425/2425/2425 2420/2420/2420 2414/2414/2414
f 2414/2414/2414 2421/2421/2421 2425/2425/2425
f 2426/2426/2426 2421/2421/2421 2417/2417/2417
f 2417/2417/2417 2422/2422/2422 2426/2426/2426
f 2427/2427/2427 2422/2422/2422 2424/2424/2424
f 2424/2424/2424 2428/2428/2428 2427/2427/2427
f 2429/2429/2429 2425/2425/2425 2421/2421/2421
f 2421/2421/2421 2426/2426/2426 2429/2429/2429
f 2430/2430/2430 2426/2426/2426 2422/2422/2422
f 2422/2422/2422 2427/2427/2427 2430/2430/2430
f 2431/2431/2431 2427/2427/2427 2428/2428/2428
f 2428/2428/2428 2432/2432/2432 2431/2431/2431
f 2433/2433/2433 2429/2429/2429 2426/2426/2426
f 2426/2426/2426 2430/2430/2430 2433/2433/2433
f 2434/2434/2434 2431/2431/2431 2432/2432/2432
f 2432/2432/2432 2435/2435/2435 2434/2434/2434
f 2436/2436/2436 2434/2434/2434 2435/2435/2435
f 2435/2435/2435 2437/2437/2437 2436/2436/2436
f 2438/2438/2438 2436/2436/2436 2437/2437/2437
f 2437/2437/2437 2439/2439/2439 2438/2438/2438
f 2440/2440/2440 2438/2438/2438 2439/2439/2439
f 2439/2439/2439 2441/2441/2441 2440/2440/2440
f 2442/2442/2442 2440/2440/2440 2441/2441/2441
f 2442/2442/2442 2443/2443/2443 2440/2440/2440
f 2442/2442/2442 2444/2444/2444 2443/2443/2443
f 2445/2445/2445 2443/2443/2443 2444/2444/2444
f 2444/2444/2444 2446/2446/2446 2445/2445/2445
f 2447/2447/2447 2445/2445/2445 2446/2446/2446
f 2445/2445/2445 2447/2447/2447 2448/2448/2448
f 2449/2449/2449 2448/2448/2448 2447/2447/2447
f 2443/2443/2443 2445/2445/2445 2450/2450/2450
f 2448/2448/2448 2450/2450/2450 2445/2445/2445
f 2448/2448/2448 2449/2449/2449 2451/2451/2451
f 2452/2452/2452 2451/2451/2451 2449/2449/2449
f 2451/2451/2451 2452/2452/2452 2453/2453/2453
f 2454/2454/2454 2453/2453/2453 2452/2452/2452
f 2453/2453/2453 2396/2396/2396 2451/2451/2451
f 2451/2451/2451 2455/2455/2455 2448/2448/2448
f 2455/2455/2455 2451/2451/2451 2396/2396/2396
f 2450/2450/2450 2448/2448/2448 2455/2455/2455
f 2455/2455/2455 2396/2396/2396 2456/2456/2456
f 2455/2455/2455 2456/2456/2456 2450/2450/2450
f 2399/2399/2399 2456/2456/2456 2396/2396/2396
f 2456/2456/2456 2399/2399/2399 2457/2457/2457
f 2458/2458/2458 2450/2450/2450 2456/2456/2456
f 2450/2450/2450 2458/2458/2458 2443/2443/2443
f 2456/2456/2456 2457/2457/2457 2458/2458/2458
f 2459/2459/2459 2443/2443/2443 2458/2458/2458
f 2459/2459/2459 2440/2440/2440 2443/2443/2443
f 2460/2460/2460 2457/2457/2457 2399/2399/2399
f 2460/2460/2460 2399/2399/2399 2419/2419/2419
f 2419/2419/2419 2461/2461/2461 2460/2460/2460
f 2419/2419/2419 2411/2411/2411 2461/2461/2461
f 2462/2462/2462 2458/2458/2458 2457/2457/2457
f 2458/2458/2458 2462/2462/2462 2459/2459/2459
f 2440/2440/2440 2459/2459/2459 2463/2463/2463
f 2440/2440/2440 2463/2463/2463 2438/2438/2438
f 2460/2460/2460 2464/2464/2464 2457/2457/2457
f 2464/2464/2464 2460/2460/2460 2461/2461/2461
f 2465/2465/2465 2461/2461/2461 2411/2411/2411
f 2465/2465/2465 2411/2411/2411 2416/2416/2416
f 2466/2466/2466 2459/2459/2459 2462/2462/2462
f 2466/2466/2466 2463/2463/2463 2459/2459/2459
f 2466/2466/2466 2462/2462/2462 2467/2467/2467
f 2466/2466/2466 2467/2467/2467 2463/2463/2463
f 2468/2468/2468 2438/2438/2438 2463/2463/2463
f 2438/2438/2438 2468/2468/2468 2436/2436/2436
f 2462/2462/2462 2457/2457/2457 2469/2469/2469
f 2469/2469/2469 2467/2467/2467 2462/2462/2462
f 2470/2470/2470 2457/2457/2457 2464/2464/2464
f 2470/2470/2470 2469/2469/2469 2457/2457/2457
f 2471/2471/2471 2463/2463/2463 2467/2467/2467
f 2463/2463/2463 2471/2471/2471 2468/2468/2468
f 2472/2472/2472 2436/2436/2436 2468/2468/2468
f 2436/2436/2436 2472/2472/2472 2434/2434/2434
f 2473/2473/2473 2434/2434/2434 2472/2472/2472
f 2434/2434/2434 2473/2473/2473 2431/2431/2431
f 2472/2472/2472 2468/2468/2468 2474/2474/2474
f 2472/2472/2472 2474/2474/2474 2473/2473/2473
f 2475/2475/2475 2468/2468/2468 2471/2471/2471
f 2475/2475/2475 2474/2474/2474 2468/2468/2468
f 2476/2476/2476 2431/2431/2431 2473/2473/2473
f 2431/2431/2431 2476/2476/2476 2427/2427/2427
f 2477/2477/2477 2427/2427/2427 2476/2476/2476
f 2477/2477/2477 2430/2430/2430 2427/2427/2427
f 2430/2430/2430 2477/2477/2477 2478/2478/2478
f 2478/2478/2478 2433/2433/2433 2430/2430/2430
f 2477/2477/2477 2476/2476/2476 2479/2479/2479
f 2479/2479/2479 2478/2478/2478 2477/2477/2477
f 2476/2476/2476 2473/2473/2473 2480/2480/2480
f 2480/2480/2480 2479/2479/2479 2476/2476/2476
f 2481/2481/2481 2473/2473/2473 2474/2474/2474
f 2481/2481/2481 2480/2480/2480 2473/2473/2473
f 2471/2471/2471 2482/2482/2482 2475/2475/2475
f 2483/2483/2483 2475/2475/2475 2482/2482/2482
f 2475/2475/2475 2483/2483/2483 2474/2474/2474
f 2482/2482/2482 2471/2471/2471 2484/2484/2484
f 2485/2485/2485 2474/2474/2474 2483/2483/2483
f 2474/2474/2474 2485/2485/2485 2481/2481/2481
f 2467/2467/2467 2484/2484/2484 2471/2471/2471
f 2486/2486/2486 2481/2481/2481 2485/2485/2485
f 2481/2481/2481 2486/2486/2486 2480/2480/2480
f 2484/2484/2484 2467/2467/2467 2487/2487/2487
f 2488/2488/2488 2480/2480/2480 2486/2486/2486
f 2480/2480/2480 2488/2488/2488 2479/2479/2479
f 2469/2469/2469 2487/2487/2487 2467/2467/2467
f 2489/2489/2489 2479/2479/2479 2488/2488/2488
f 2487/2487/2487 2469/2469/2469 2490/2490/2490
f 2479/2479/2479 2489/2489/2489 2478/2478/2478
f 2470/2470/2470 2490/2490/2490 2469/2469/2469
f 2491/2491/2491 2478/2478/2478 2489/2489/2489
f 2490/2490/2490 2470/2470/2470 2492/2492/2492
f 2478/2478/2478 2491/2491/2491 2433/2433/2433
f 2464/2464/2464 2492/2492/2492 2470/2470/2470
f 2493/2493/2493 2433/2433/2433 2491/2491/2491
f 2492/2492/2492 2464/2464/2464 2494/2494/2494
f 2433/2433/2433 2493/2493/2493 2429/2429/2429
f 2461/2461/2461 2494/2494/2494 2464/2464/2464
f 2495/2495/2495 2429/2429/2429 2493/2493/2493
f 2494/2494/2494 2461/2461/2461 2496/2496/2496
f 2429/2429/2429 2495/2495/2495 2425/2425/2425
f 2465/2465/2465 2496/2496/2496 2461/2461/2461
f 2497/2497/2497 2425/2425/2425 2495/2495/2495
f 2496/2496/2496 2465/2465/2465 2498/2498/2498
f 2425/2425/2425 2497/2497/2497 2420/2420/2420
f 2416/2416/2416 2498/2498/2498 2465/2465/2465
f 2499/2499/2499 2420/2420/2420 2497/2497/2497
f 2498/2498/2498 2416/2416/2416 2499/2499/2499
f 2420/2420/2420 2499/2499/2499 2416/2416/2416
f 2502/2502/2502 2501/2501/2501 2500/2500/2500
f 2503/2503/2503 2500/2500/2500 2501/2501/2501
f 2501/2501/2501 2504/2504/2504 2503/2503/2503
f 2500/2500/2500 2503/2503/2503 2505/2505/2505
f 2506/2506/2506 2503/2503/2503 2504/2504/2504
f 2504/2504/2504 2507/2507/2507 2506/2506/2506
f 2506/2506/2506 2508/2508/2508 2503/2503/2503
f 2509/2509/2509 2506/2506/2506 2507/2507/2507
f 2506/2506/2506 2509/2509/2509 2508/2508/2508
f 2510/2510/2510 2503/2503/2503 2508/2508/2508
f 2510/2510/2510 2505/2505/2505 2503/2503/2503
f 2510/2510/2510 2511/2511/2511 2505/2505/2505
f 2511/2511/2511 2510/2510/2510 2512/2512/2512
f 2508/2508/2508 2512/2512/2512 2510/2510/2510
f 2512/2512/2512 2508/2508/2508 2509/2509/2509
f 2509/2509/2509 2507/2507/2507 2513/2513/2513
f 2509/2509/2509 2513/2513/2513 2512/2512/2512
f 2514/2514/2514 2513/2513/2513 2507/2507/2507
f 2513/2513/2513 2514/2514/2514 2515/2515/2515
f 2516/2516/2516 2515/2515/2515 2514/2514/2514
f 2517/2517/2517 2512/2512/2512 2513/2513/2513
f 2513/2513/2513 2515/2515/2515 2517/2517/2517
f 2511/2511/2511 2512/2512/2512 2518/2518/2518
f 2517/2517/2517 2518/2518/2518 2512/2512/2512
f 2515/2515/2515 2516/2516/2516 2519/2519/2519
f 2520/2520/2520 2519/2519/2519 2516/2516/2516
f 2519/2519/2519 2520/2520/2520 2521/2521/2521
f 2522/2522/2522 2521/2521/2521 2520/2520/2520
f 2521/2521/2521 2522/2522/2522 2523/2523/2523
f 2524/2524/2524 2523/2523/2523 2522/2522/2522
f 2521/2521/2521 2525/2525/2525 2519/2519/2519
f 2521/2521/2521 2523/2523/2523 2525/2525/2525
f 2519/2519/2519 2526/2526/2526 2515/2515/2515
f 2526/2526/2526 2519/2519/2519 2525/2525/2525
f 2526/2526/2526 2525/2525/2525 2518/2518/2518
f 2518/2518/2518 2517/2517/2517 2526/2526/2526
f 2527/2527/2527 2515/2515/2515 2526/2526/2526
f 2527/2527/2527 2526/2526/2526 2517/2517/2517
f 2527/2527/2527 2517/2517/2517 2515/2515/2515
f 2528/2528/2528 2518/2518/2518 2525/2525/2525
f 2528/2528/2528 2525/2525/2525 2523/2523/2523
f 2518/2518/2518 2528/2528/2528 2511/2511/2511
f 2523/2523/2523 2524/2524/2524 2529/2529/2529
f 2523/2523/2523 2529/2529/2529 2528/2528/2528
f 2530/2530/2530 2529/2529/2529 2524/2524/2524
f 2530/2530/2530 2531/2531/2531 2529/2529/2529
f 2532/2532/2532 2528/2528/2528 2529/2529/2529
f 2532/2532/2532 2511/2511/2511 2528/2528/2528
f 2533/2533/2533 2529/2529/2529 2531/2531/2531
f 2529/2529/2529 2533/2533/2533 2532/2532/2532
f 2531/2531/2531 2534/2534/2534 2533/2533/2533
f 2532/2532/2532 2535/2535/2535 2511/2511/2511
f 2535/2535/2535 2532/2532/2532 2533/2533/2533
f 2536/2536/2536 2533/2533/2533 2534/2534/2534
f 2534/2534/2534 2537/2537/2537 2536/2536/2536
f 2538/2538/2538 2536/2536/2536 2537/2537/2537
f 2535/2535/2535 2533/2533/2533 2539/2539/2539
f 2536/2536/2536 2539/2539/2539 2533/2533/2533
f 2536/2536/2536 2538/2538/2538 2539/2539/2539
f 2539/2539/2539 2511/2511/2511 2535/2535/2535
f 2540/2540/2540 2539/2539/2539 2538/2538/2538
f 2511/2511/2511 2539/2539/2539 2541/2541/2541
f 2540/2540/2540 2541/2541/2541 2539/2539/2539
f 2541/2541/2541 2505/2505/2505 2511/2511/2511
f 2540/2540/2540 2542/2542/2542 2541/2541/2541
f 2540/2540/2540 2543/2543/2543 2542/2542/2542
f 2541/2541/2541 2544/2544/2544 2505/2505/2505
f 2544/2544/2544 2541/2541/2541 2542/2542/2542
f 2545/2545/2545 2505/2505/2505 2544/2544/2544
f 2545/2545/2545 2544/2544/2544 2546/2546/2546
f 2545/2545/2545 2546/2546/2546 2547/2547/2547
f 2548/2548/2548 2547/2547/2547 2546/2546/2546
f 2549/2549/2549 2542/2542/2542 2543/2543/2543
f 2543/2543/2543 2550/2550/2550 2549/2549/2549
f 2551/2551/2551 2549/2549/2549 2550/2550/2550
f 2551/2551/2551 2552/2552/2552 2549/2549/2549
f 2544/2544/2544 2542/2542/2542 2553/2553/2553
f 2549/2549/2549 2553/2553/2553 2542/2542/2542
f 2549/2549/2549 2552/2552/2552 2553/2553/2553
f 2553/2553/2553 2546/2546/2546 2544/2544/2544
f 2554/2554/2554 2553/2553/2553 2552/2552/2552
f 2553/2553/2553 2554/2554/2554 2546/2546/2546
f 2555/2555/2555 2546/2546/2546 2554/2554/2554
f 2556/2556/2556 2546/2546/2546 2555/2555/2555
f 2546/2546/2546 2556/2556/2556 2548/2548/2548
f 2557/2557/2557 2548/2548/2548 2556/2556/2556
f 2560/2560/2560 2559/2559/2559 2558/2558/2558
f 2561/2561/2561 2558/2558/2558 2559/2559/2559
f 2559/2559/2559 2562/2562/2562 2561/2561/2561
f 2562/2562/2562 2563/2563/2563 2561/2561/2561
f 2561/2561/2561 2564/2564/2564 2558/2558/2558
f 2565/2565/2565 2558/2558/2558 2564/2564/2564
f 2565/2565/2565 2564/2564/2564 2566/2566/2566
f 2567/2567/2567 2561/2561/2561 2563/2563/2563
f 2561/2561/2561 2567/2567/2567 2564/2564/2564
f 2568/2568/2568 2567/2567/2567 2563/2563/2563
f 2567/2567/2567 2568/2568/2568 2569/2569/2569
f 2570/2570/2570 2569/2569/2569 2568/2568/2568
f 2570/2570/2570 2571/2571/2571 2569/2569/2569
f 2571/2571/2571 2572/2572/2572 2569/2569/2569
f 2573/2573/2573 2566/2566/2566 2564/2564/2564
f 2573/2573/2573 2574/2574/2574 2566/2566/2566
f 2574/2574/2574 2575/2575/2575 2566/2566/2566
f 2576/2576/2576 2564/2564/2564 2567/2567/2567
f 2576/2576/2576 2567/2567/2567 2577/2577/2577
f 2569/2569/2569 2577/2577/2577 2567/2567/2567
f 2577/2577/2577 2569/2569/2569 2578/2578/2578
f 2579/2579/2579 2569/2569/2569 2572/2572/2572
f 2579/2579/2579 2578/2578/2578 2569/2569/2569
f 2572/2572/2572 2580/2580/2580 2579/2579/2579
f 2578/2578/2578 2579/2579/2579 2581/2581/2581
f 2582/2582/2582 2579/2579/2579 2580/2580/2580
f 2582/2582/2582 2581/2581/2581 2579/2579/2579
f 2583/2583/2583 2582/2582/2582 2580/2580/2580
f 2581/2581/2581 2582/2582/2582 2584/2584/2584
f 2582/2582/2582 2583/2583/2583 2585/2585/2585
f 2585/2585/2585 2584/2584/2584 2582/2582/2582
f 2585/2585/2585 2586/2586/2586 2584/2584/2584
f 2587/2587/2587 2585/2585/2585 2583/2583/2583
f 2587/2587/2587 2588/2588/2588 2585/2585/2585
f 2588/2588/2588 2589/2589/2589 2585/2585/2585
f 2586/2586/2586 2585/2585/2585 2589/2589/2589
f 2590/2590/2590 2586/2586/2586 2589/2589/2589
f 2590/2590/2590 2591/2591/2591 2586/2586/2586
f 2592/2592/2592 2586/2586/2586 2591/2591/2591
f 2592/2592/2592 2593/2593/2593 2586/2586/2586
f 2594/2594/2594 2584/2584/2584 2586/2586/2586
f 2594/2594/2594 2586/2586/2586 2593/2593/2593
f 2593/2593/2593 2595/2595/2595 2594/2594/2594
f 2596/2596/2596 2594/2594/2594 2595/2595/2595
f 2595/2595/2595 2597/2597/2597 2596/2596/2596
f 2597/2597/2597 2598/2598/2598 2596/2596/2596
f 2601/2601/2601 2600/2600/2600 2599/2599/2599
f 2602/2602/2602 2599/2599/2599 2600/2600/2600
f 2600/2600/2600 2603/2603/2603 2602/2602/2602
f 2599/2599/2599 2602/2602/2602 2604/2604/2604
f 2605/2605/2605 2602/2602/2602 2603/2603/2603
f 2603/2603/2603 2606/2606/2606 2605/2605/2605
f 2607/2607/2607 2604/2604/2604 2602/2602/2602
f 2602/2602/2602 2605/2605/2605 2607/2607/2607
f 2608/2608/2608 2605/2605/2605 2606/2606/2606
f 2606/2606/2606 2609/2609/2609 2608/2608/2608
f 2610/2610/2610 2608/2608/2608 2609/2609/2609
f 2609/2609/2609 2611/2611/2611 2610/2610/2610
f 2608/2608/2608 2612/2612/2612 2605/2605/2605
f 2608/2608/2608 2610/2610/2610 2612/2612/2612
f 2613/2613/2613 2610/2610/2610 2611/2611/2611
f 2611/2611/2611 2614/2614/2614 2613/2613/2613
f 2615/2615/2615 2613/2613/2613 2614/2614/2614
f 2610/2610/2610 2613/2613/2613 2616/2616/2616
f 2616/2616/2616 2612/2612/2612 2610/2610/2610
f 2607/2607/2607 2617/2617/2617 2604/2604/2604
f 2618/2618/2618 2604/2604/2604 2617/2617/2617
f 2619/2619/2619 2607/2607/2607 2605/2605/2605
f 2619/2619/2619 2605/2605/2605 2612/2612/2612
f 2619/2619/2619 2620/2620/2620 2607/2607/2607
f 2617/2617/2617 2607/2607/2607 2620/2620/2620
f 2618/2618/2618 2617/2617/2617 2621/2621/2621
f 2618/2618/2618 2621/2621/2621 2622/2622/2622
f 2612/2612/2612 2623/2623/2623 2619/2619/2619
f 2620/2620/2620 2619/2619/2619 2623/2623/2623
f 2621/2621/2621 2617/2617/2617 2624/2624/2624
f 2620/2620/2620 2624/2624/2624 2617/2617/2617
f 2625/2625/2625 2622/2622/2622 2621/2621/2621
f 2621/2621/2621 2624/2624/2624 2625/2625/2625
f 2623/2623/2623 2612/2612/2612 2626/2626/2626
f 2616/2616/2616 2626/2626/2626 2612/2612/2612
f 2623/2623/2623 2627/2627/2627 2620/2620/2620
f 2624/2624/2624 2620/2620/2620 2627/2627/2627
f 2623/2623/2623 2626/2626/2626 2627/2627/2627
f 2625/2625/2625 2628/2628/2628 2622/2622/2622
f 2629/2629/2629 2622/2622/2622 2628/2628/2628
f 2630/2630/2630 2625/2625/2625 2624/2624/2624
f 2625/2625/2625 2630/2630/2630 2628/2628/2628
f 2627/2627/2627 2631/2631/2631 2624/2624/2624
f 2630/2630/2630 2624/2624/2624 2631/2631/2631
f 2632/2632/2632 2627/2627/2627 2626/2626/2626
f 2627/2627/2627 2632/2632/2632 2631/2631/2631
f 2626/2626/2626 2616/2616/2616 2633/2633/2633
f 2626/2626/2626 2633/2633/2633 2632/2632/2632
f 2634/2634/2634 2633/2633/2633 2616/2616/2616
f 2634/2634/2634 2616/2616/2616 2613/2613/2613
f 2613/2613/2613 2615/2615/2615 2634/2634/2634
f 2633/2633/2633 2634/2634/2634 2635/2635/2635
f 2633/2633/2633 2635/2635/2635 2632/2632/2632
f 2635/2635/2635 2634/2634/2634 2615/2615/2615
f 2636/2636/2636 2632/2632/2632 2635/2635/2635
f 2636/2636/2636 2631/2631/2631 2632/2632/2632
f 2635/2635/2635 2615/2615/2615 2637/2637/2637
f 2635/2635/2635 2637/2637/2637 2636/2636/2636
f 2638/2638/2638 2637/2637/2637 2615/2615/2615
f 2630/2630/2630 2631/2631/2631 2639/2639/2639
f 2639/2639/2639 2628/2628/2628 2630/2630/2630
f 2631/2631/2631 2636/2636/2636 2640/2640/2640
f 2640/2640/2640 2639/2639/2639 2631/2631/2631
f 2641/2641/2641 2636/2636/2636 2637/2637/2637
f 2641/2641/2641 2640/2640/2640 2636/2636/2636
f 2640/2640/2640 2642/2642/2642 2639/2639/2639
f 2640/2640/2640 2641/2641/2641 2642/2642/2642
f 2639/2639/2639 2643/2643/2643 2628/2628/2628
f 2643/2643/2643 2639/2639/2639 2642/2642/2642
f 2637/2637/2637 2644/2644/2644 2641/2641/2641
f 2644/2644/2644 2637/2637/2637 2638/2638/2638
f 2645/2645/2645 2641/2641/2641 2644/2644/2644
f 2645/2645/2645 2642/2642/2642 2641/2641/2641
f 2646/2646/2646 2644/2644/2644 2638/2638/2638
f 2644/2644/2644 2646/2646/2646 2645/2645/2645
f 2647/2647/2647 2646/2646/2646 2638/2638/2638
f 2638/2638/2638 2648/2648/2648 2647/2647/2647
f 2649/2649/2649 2645/2645/2645 2646/2646/2646
f 2646/2646/2646 2647/2647/2647 2649/2649/2649
f 2642/2642/2642 2645/2645/2645 2650/2650/2650
f 2649/2649/2649 2650/2650/2650 2645/2645/2645
f 2651/2651/2651 2649/2649/2649 2647/2647/2647
f 2649/2649/2649 2651/2651/2651 2650/2650/2650
f 2652/2652/2652 2628/2628/2628 2643/2643/2643
f 2628/2628/2628 2652/2652/2652 2629/2629/2629
f 2653/2653/2653 2629/2629/2629 2652/2652/2652
f 2652/2652/2652 2654/2654/2654 2653/2653/2653
f 2652/2652/2652 2643/2643/2643 2654/2654/2654
f 2653/2653/2653 2654/2654/2654 2655/2655/2655
f 2643/2643/2643 2642/2642/2642 2656/2656/2656
f 2656/2656/2656 2654/2654/2654 2643/2643/2643
f 2650/2650/2650 2656/2656/2656 2642/2642/2642
f 2657/2657/2657 2655/2655/2655 2654/2654/2654
f 2654/2654/2654 2656/2656/2656 2657/2657/2657
f 2656/2656/2656 2650/2650/2650 2658/2658/2658
f 2658/2658/2658 2657/2657/2657 2656/2656/2656
f 2657/2657/2657 2659/2659/2659 2655/2655/2655
f 2657/2657/2657 2658/2658/2658 2659/2659/2659
f 2660/2660/2660 2655/2655/2655 2659/2659/2659
f 2660/2660/2660 2659/2659/2659 2661/2661/2661
f 2662/2662/2662 2658/2658/2658 2650/2650/2650
f 2662/2662/2662 2650/2650/2650 2651/2651/2651
f 2663/2663/2663 2659/2659/2659 2658/2658/2658
f 2658/2658/2658 2662/2662/2662 2663/2663/2663
f 2664/2664/2664 2661/2661/2661 2659/2659/2659
f 2659/2659/2659 2663/2663/2663 2664/2664/2664
f 2664/2664/2664 2665/2665/2665 2661/2661/2661
f 2666/2666/2666 2661/2661/2661 2665/2665/2665
f 2667/2667/2667 2664/2664/2664 2663/2663/2663
f 2664/2664/2664 2667/2667/2667 2665/2665/2665
f 2665/2665/2665 2668/2668/2668 2666/2666/2666
f 2669/2669/2669 2666/2666/2666 2668/2668/2668
f 2670/2670/2670 2665/2665/2665 2667/2667/2667
f 2665/2665/2665 2670/2670/2670 2668/2668/2668
f 2667/2667/2667 2663/2663/2663 2671/2671/2671
f 2667/2667/2667 2671/2671/2671 2670/2670/2670
f 2672/2672/2672 2663/2663/2663 2662/2662/2662
f 2672/2672/2672 2671/2671/2671 2663/2663/2663
f 2672/2672/2672 2662/2662/2662 2673/2673/2673
f 2672/2672/2672 2673/2673/2673 2671/2671/2671
f 2651/2651/2651 2673/2673/2673 2662/2662/2662
f 2668/2668/2668 2674/2674/2674 2669/2669/2669
f 2675/2675/2675 2669/2669/2669 2674/2674/2674
f 2675/2675/2675 2674/2674/2674 2676/2676/2676
f 2677/2677/2677 2676/2676/2676 2674/2674/2674
f 2676/2676/2676 2677/2677/2677 2678/2678/2678
f 2674/2674/2674 2668/2668/2668 2679/2679/2679
f 2677/2677/2677 2674/2674/2674 2679/2679/2679
f 2680/2680/2680 2668/2668/2668 2670/2670/2670
f 2680/2680/2680 2679/2679/2679 2668/2668/2668
f 2681/2681/2681 2670/2670/2670 2671/2671/2671
f 2670/2670/2670 2681/2681/2681 2680/2680/2680
f 2673/2673/2673 2651/2651/2651 2682/2682/2682
f 2647/2647/2647 2682/2682/2682 2651/2651/2651
f 2682/2682/2682 2647/2647/2647 2648/2648/2648
f 2683/2683/2683 2671/2671/2671 2673/2673/2673
f 2671/2671/2671 2683/2683/2683 2681/2681/2681
f 2682/2682/2682 2684/2684/2684 2673/2673/2673
f 2684/2684/2684 2682/2682/2682 2648/2648/2648
f 2683/2683/2683 2673/2673/2673 2684/2684/2684
f 2684/2684/2684 2648/2648/2648 2685/2685/2685
f 2684/2684/2684 2685/2685/2685 2683/2683/2683
f 2648/2648/2648 2686/2686/2686 2685/2685/2685
f 2687/2687/2687 2680/2680/2680 2681/2681/2681
f 2680/2680/2680 2687/2687/2687 2679/2679/2679
f 2688/2688/2688 2681/2681/2681 2683/2683/2683
f 2688/2688/2688 2683/2683/2683 2685/2685/2685
f 2681/2681/2681 2688/2688/2688 2687/2687/2687
f 2688/2688/2688 2685/2685/2685 2689/2689/2689
f 2689/2689/2689 2687/2687/2687 2688/2688/2688
f 2690/2690/2690 2679/2679/2679 2687/2687/2687
f 2687/2687/2687 2689/2689/2689 2690/2690/2690
f 2691/2691/2691 2689/2689/2689 2685/2685/2685
f 2691/2691/2691 2685/2685/2685 2686/2686/2686
f 2689/2689/2689 2691/2691/2691 2692/2692/2692
f 2692/2692/2692 2690/2690/2690 2689/2689/2689
f 2679/2679/2679 2690/2690/2690 2693/2693/2693
f 2677/2677/2677 2679/2679/2679 2693/2693/2693
f 2691/2691/2691 2686/2686/2686 2694/2694/2694
f 2694/2694/2694 2692/2692/2692 2691/2691/2691
f 2690/2690/2690 2692/2692/2692 2695/2695/2695
f 2695/2695/2695 2693/2693/2693 2690/2690/2690
f 2677/2677/2677 2693/2693/2693 2696/2696/2696
f 2696/2696/2696 2678/2678/2678 2677/2677/2677
f 2692/2692/2692 2694/2694/2694 2697/2697/2697
f 2697/2697/2697 2695/2695/2695 2692/2692/2692
f 2694/2694/2694 2686/2686/2686 2698/2698/2698
f 2698/2698/2698 2697/2697/2697 2694/2694/2694
f 2698/2698/2698 2686/2686/2686 2699/2699/2699
f 2700/2700/2700 2699/2699/2699 2686/2686/2686
f 2697/2697/2697 2698/2698/2698 2701/2701/2701
f 2697/2697/2697 2701/2701/2701 2695/2695/2695
f 2699/2699/2699 2701/2701/2701 2698/2698/2698
f 2693/2693/2693 2695/2695/2695 2702/2702/2702
f 2702/2702/2702 2696/2696/2696 2693/2693/2693
f 2696/2696/2696 2703/2703/2703 2678/2678/2678
f 2696/2696/2696 2702/2702/2702 2703/2703/2703
f 2704/2704/2704 2678/2678/2678 2703/2703/2703
f 2705/2705/2705 2695/2695/2695 2701/2701/2701
f 2705/2705/2705 2702/2702/2702 2695/2695/2695
f 2703/2703/2703 2706/2706/2706 2704/2704/2704
f 2707/2707/2707 2704/2704/2704 2706/2706/2706
f 2707/2707/2707 2706/2706/2706 2708/2708/2708
f 2709/2709/2709 2703/2703/2703 2702/2702/2702
f 2702/2702/2702 2705/2705/2705 2709/2709/2709
f 2703/2703/2703 2709/2709/2709 2706/2706/2706
f 2701/2701/2701 2710/2710/2710 2705/2705/2705
f 2701/2701/2701 2699/2699/2699 2710/2710/2710
f 2711/2711/2711 2708/2708/2708 2706/2706/2706
f 2708/2708/2708 2711/2711/2711 2712/2712/2712
f 2713/2713/2713 2712/2712/2712 2711/2711/2711
f 2714/2714/2714 2709/2709/2709 2705/2705/2705
f 2714/2714/2714 2705/2705/2705 2710/2710/2710
f 2715/2715/2715 2706/2706/2706 2709/2709/2709
f 2706/2706/2706 2715/2715/2715 2711/2711/2711
f 2709/2709/2709 2714/2714/2714 2715/2715/2715
f 2711/2711/2711 2716/2716/2716 2713/2713/2713
f 2716/2716/2716 2711/2711/2711 2715/2715/2715
f 2717/2717/2717 2713/2713/2713 2716/2716/2716
f 2717/2717/2717 2716/2716/2716 2718/2718/2718
f 2719/2719/2719 2715/2715/2715 2714/2714/2714
f 2714/2714/2714 2710/2710/2710 2719/2719/2719
f 2716/2716/2716 2715/2715/2715 2720/2720/2720
f 2720/2720/2720 2718/2718/2718 2716/2716/2716
f 2719/2719/2719 2720/2720/2720 2715/2715/2715
f 2720/2720/2720 2721/2721/2721 2718/2718/2718
f 2720/2720/2720 2719/2719/2719 2721/2721/2721
f 2722/2722/2722 2718/2718/2718 2721/2721/2721
f 2723/2723/2723 2719/2719/2719 2710/2710/2710
f 2723/2723/2723 2721/2721/2721 2719/2719/2719
f 2721/2721/2721 2724/2724/2724 2722/2722/2722
f 2721/2721/2721 2723/2723/2723 2724/2724/2724
f 2725/2725/2725 2722/2722/2722 2724/2724/2724
f 2710/2710/2710 2726/2726/2726 2723/2723/2723
f 2726/2726/2726 2710/2710/2710 2699/2699/2699
f 2727/2727/2727 2723/2723/2723 2726/2726/2726
f 2726/2726/2726 2699/2699/2699 2727/2727/2727
f 2727/2727/2727 2724/2724/2724 2723/2723/2723
f 2727/2727/2727 2699/2699/2699 2724/2724/2724
f 2700/2700/2700 2724/2724/2724 2699/2699/2699
f 2724/2724/2724 2700/2700/2700 2725/2725/2725
f 2728/2728/2728 2725/2725/2725 2700/2700/2700
f 2731/2731/2731 2730/2730/2730 2729/2729/2729
f 2732/2732/2732 2731/2731/2731 2729/2729/2729
f 2732/2732/2732 2729/2729/2729 2733/2733/2733
f 2734/2734/2734 2731/2731/2731 2732/2732/2732
f 2735/2735/2735 2732/2732/2732 2733/2733/2733
f 2735/2735/2735 2733/2733/2733 2736/2736/2736
f 2737/2737/2737 2734/2734/2734 2732/2732/2732
f 2737/2737/2737 2732/2732/2732 2735/2735/2735
f 2738/2738/2738 2734/2734/2734 2737/2737/2737
f 2739/2739/2739 2735/2735/2735 2736/2736/2736
f 2739/2739/2739 2736/2736/2736 2740/2740/2740
f 2741/2741/2741 2737/2737/2737 2735/2735/2735
f 2741/2741/2741 2735/2735/2735 2739/2739/2739
f 2742/2742/2742 2738/2738/2738 2737/2737/2737
f 2742/2742/2742 2737/2737/2737 2741/2741/2741
f 2743/2743/2743 2738/2738/2738 2742/2742/2742
f 2744/2744/2744 2739/2739/2739 2740/2740/2740
f 2744/2744/2744 2740/2740/2740 2745/2745/2745
f 2746/2746/2746 2744/2744/2744 2745/2745/2745
f 2747/2747/2747 2741/2741/2741 2739/2739/2739
f 2747/2747/2747 2739/2739/2739 2744/2744/2744
f 2748/2748/2748 2744/2744/2744 2746/2746/2746
f 2748/2748/2748 2747/2747/2747 2744/2744/2744
f 2749/2749/2749 2748/2748/2748 2746/2746/2746
f 2750/2750/2750 2742/2742/2742 2741/2741/2741
f 2750/2750/2750 2741/2741/2741 2747/2747/2747
f 2751/2751/2751 2743/2743/2743 2742/2742/2742
f 2751/2751/2751 2742/2742/2742 2750/2750/2750
f 2752/2752/2752 2743/2743/2743 2751/2751/2751
f 2753/2753/2753 2747/2747/2747 2748/2748/2748
f 2753/2753/2753 2750/2750/2750 2747/2747/2747
f 2754/2754/2754 2748/2748/2748 2749/2749/2749
f 2754/2754/2754 2753/2753/2753 2748/2748/2748
f 2755/2755/2755 2754/2754/2754 2749/2749/2749
f 2756/2756/2756 2751/2751/2751 2750/2750/2750
f 2756/2756/2756 2750/2750/2750 2753/2753/2753
f 2757/2757/2757 2752/2752/2752 2751/2751/2751
f 2757/2757/2757 2751/2751/2751 2756/2756/2756
f 2758/2758/2758 2752/2752/2752 2757/2757/2757
f 2759/2759/2759 2753/2753/2753 2754/2754/2754
f 2759/2759/2759 2756/2756/2756 2753/2753/2753
f 2760/2760/2760 2754/2754/2754 2755/2755/2755
f 2760/2760/2760 2759/2759/2759 2754/2754/2754
f 2761/2761/2761 2760/2760/2760 2755/2755/2755
f 2762/2762/2762 2757/2757/2757 2756/2756/2756
f 2762/2762/2762 2756/2756/2756 2759/2759/2759
f 2763/2763/2763 2758/2758/2758 2757/2757/2757
f 2763/2763/2763 2757/2757/2757 2762/2762/2762
f 2764/2764/2764 2758/2758/2758 2763/2763/2763
f 2765/2765/2765 2759/2759/2759 2760/2760/2760
f 2765/2765/2765 2762/2762/2762 2759/2759/2759
f 2766/2766/2766 2760/2760/2760 2761/2761/2761
f 2766/2766/2766 2765/2765/2765 2760/2760/2760
f 2767/2767/2767 2766/2766/2766 2761/2761/2761
f 2768/2768/2768 2763/2763/2763 2762/2762/2762
f 2768/2768/2768 2762/2762/2762 2765/2765/2765
f 2769/2769/2769 2764/2764/2764 2763/2763/2763
f 2769/2769/2769 2763/2763/2763 2768/2768/2768
f 2770/2770/2770 2764/2764/2764 2769/2769/2769
f 2771/2771/2771 2765/2765/2765 2766/2766/2766
f 2771/2771/2771 2768/2768/2768 2765/2765/2765
f 2772/2772/2772 2766/2766/2766 2767/2767/2767
f 2772/2772/2772 2771/2771/2771 2766/2766/2766
f 2773/2773/2773 2772/2772/2772 2767/2767/2767
f 2774/2774/2774 2769/2769/2769 2768/2768/2768
f 2774/2774/2774 2768/2768/2768 2771/2771/2771
f 2775/2775/2775 2770/2770/2770 2769/2769/2769
f 2775/2775/2775 2769/2769/2769 2774/2774/2774
f 2776/2776/2776 2770/2770/2770 2775/2775/2775
f 2777/2777/2777 2771/2771/2771 2772/2772/2772
f 2777/2777/2777 2774/2774/2774 2771/2771/2771
f 2778/2778/2778 2772/2772/2772 2773/2773/2773
f 2778/2778/2778 2777/2777/2777 2772/2772/2772
f 2779/2779/2779 2778/2778/2778 2773/2773/2773
f 2780/2780/2780 2775/2775/2775 2774/2774/2774
f 2780/2780/2780 2774/2774/2774 2777/2777/2777
f 2781/2781/2781 2776/2776/2776 2775/2775/2775
f 2781/2781/2781 2775/2775/2775 2780/2780/2780
f 2782/2782/2782 2776/2776/2776 2781/2781/2781
f 2783/2783/2783 2777/2777/2777 2778/2778/2778
f 2783/2783/2783 2780/2780/2780 2777/2777/2777
f 2784/2784/2784 2778/2778/2778 2779/2779/2779
f 2784/2784/2784 2783/2783/2783 2778/2778/2778
f 2785/2785/2785 2784/2784/2784 2779/2779/2779
f 2786/2786/2786 2781/2781/2781 2780/2780/2780
f 2786/2786/2786 2780/2780/2780 2783/2783/2783
f 2787/2787/2787 2782/2782/2782 2781/2781/2781
f 2787/2787/2787 2781/2781/2781 2786/2786/2786
f 2788/2788/2788 2782/2782/2782 2787/2787/2787
f 2789/2789/2789 2783/2783/2783 2784/2784/2784
f 2789/2789/2789 2786/2786/2786 2783/2783/2783
f 2790/2790/2790 2784/2784/2784 2785/2785/2785
f 2790/2790/2790 2789/2789/2789 2784/2784/2784
f 2791/2791/2791 2790/2790/2790 2785/2785/2785
f 2792/2792/2792 2787/2787/2787 2786/2786/2786
f 2792/2792/2792 2786/2786/2786 2789/2789/2789
f 2793/2793/2793 2788/2788/2788 2787/2787/2787
f 2793/2793/2793 2787/2787/2787 2792/2792/2792
f 2794/2794/2794 2788/2788/2788 2793/2793/2793
f 2795/2795/2795 2789/2789/2789 2790/2790/2790
f 2795/2795/2795 2792/2792/2792 2789/2789/2789
f 2796/2796/2796 2790/2790/2790 2791/2791/2791
f 2796/2796/2796 2795/2795/2795 2790/2790/2790
f 2797/2797/2797 2796/2796/2796 2791/2791/2791
f 2798/2798/2798 2793/2793/2793 2792/2792/2792
f 2798/2798/2798 2792/2792/2792 2795/2795/2795
f 2799/2799/2799 2794/2794/2794 2793/2793/2793
f 2799/2799/2799 2793/2793/2793 2798/2798/2798
f 2800/2800/2800 2794/2794/2794 2799/2799/2799
f 2801/2801/2801 2795/2795/2795 2796/2796/2796
f 2801/2801/2801 2798/2798/2798 2795/2795/2795
f 2802/2802/2802 2796/2796/2796 2797/2797/2797
f 2802/2802/2802 2801/2801/2801 2796/2796/2796
f 2803/2803/2803 2802/2802/2802 2797/2797/2797
f 2804/2804/2804 2799/2799/2799 2798/2798/2798
f 2804/2804/2804 2798/2798/2798 2801/2801/2801
f 2805/2805/2805 2800/2800/2800 2799/2799/2799
f 2805/2805/2805 2799/2799/2799 2804/2804/2804
f 2806/2806/2806 2800/2800/2800 2805/2805/2805
f 2807/2807/2807 2801/2801/2801 2802/2802/2802
f 2807/2807/2807 2804/2804/2804 2801/2801/2801
f 2808/2808/2808 2802/2802/2802 2803/2803/2803
f 2808/2808/2808 2807/2807/2807 2802/2802/2802
f 2809/2809/2809 2808/2808/2808 2803/2803/2803
f 2810/2810/2810 2805/2805/2805 2804/2804/2804
f 2810/2810/2810 2804/2804/2804 2807/2807/2807
f 2811/2811/2811 2806/2806/2806 2805/2805/2805
f 2811/2811/2811 2805/2805/2805 2810/2810/2810
f 2812/2812/2812 2806/2806/2806 2811/2811/2811
f 2813/2813/2813 2807/2807/2807 2808/2808/2808
f 2813/2813/2813 2810/2810/2810 2807/2807/2807
f 2814/2814/2814 2808/2808/2808 2809/2809/2809
f 2814/2814/2814 2813/2813/2813 2808/2808/2808
f 2815/2815/2815 2814/2814/2814 2809/2809/2809
f 2816/2816/2816 2811/2811/2811 2810/2810/2810
f 2816/2816/2816 2810/2810/2810 2813/2813/2813
f 2817/2817/2817 2812/2812/2812 2811/2811/2811
f 2817/2817/2817 2811/2811/2811 2816/2816/2816
f 2818/2818/2818 2812/2812/2812 2817/2817/2817
f 2819/2819/2819 2813/2813/2813 2814/2814/2814
f 2819/2819/2819 2816/2816/2816 2813/2813/2813
f 2820/2820/2820 2814/2814/2814 2815/2815/2815
f 2820/2820/2820 2819/2819/2819 2814/2814/2814
f 2821/2821/2821 2820/2820/2820 2815/2815/2815
f 2822/2822/2822 2817/2817/2817 2816/2816/2816
f 2822/2822/2822 2816/2816/2816 2819/2819/2819
f 2823/2823/2823 2818/2818/2818 2817/2817/2817
f 2823/2823/2823 2817/2817/2817 2822/2822/2822
f 2824/2824/2824 2818/2818/2818 2823/2823/2823
f 2825/2825/2825 2819/2819/2819 2820/2820/2820
f 2825/2825/2825 2822/2822/2822 2819/2819/2819
f 2826/2826/2826 2820/2820/2820 2821/2821/2821
f 2826/2826/2826 2825/2825/2825 2820/2820/2820
f 2827/2827/2827 2826/2826/2826 2821/2821/2821
f 2828/2828/2828 2823/2823/2823 2822/2822/2822
f 2828/2828/2828 2822/2822/2822 2825/2825/2825
f 2829/2829/2829 2824/2824/2824 2823/2823/2823
f 2829/2829/2829 2823/2823/2823 2828/2828/2828
f 2830/2830/2830 2824/2824/2824 2829/2829/2829
f 2831/2831/2831 2825/2825/2825 2826/2826/2826
f 2831/2831/2831 2828/2828/2828 2825/2825/2825
f 2832/2832/2832 2826/2826/2826 2827/2827/2827
f 2832/2832/2832 2831/2831/2831 2826/2826/2826
f 2833/2833/2833 2832/2832/2832 2827/2827/2827
f 2834/2834/2834 2829/2829/2829 2828/2828/2828
f 2834/2834/2834 2828/2828/2828 2831/2831/2831
f 2835/2835/2835 2830/2830/2830 2829/2829/2829
f 2835/2835/2835 2829/2829/2829 2834/2834/2834
f 2836/2836/2836 2830/2830/2830 2835/2835/2835
f 2837/2837/2837 2831/2831/2831 2832/2832/2832
f 2837/2837/2837 2834/2834/2834 2831/2831/2831
f 2838/2838/2838 2832/2832/2832 2833/2833/2833
f 2838/2838/2838 2837/2837/2837 2832/2832/2832
f 2839/2839/2839 2838/2838/2838 2833/2833/2833
f 2840/2840/2840 2835/2835/2835 2834/2834/2834
f 2840/2840/2840 2834/2834/2834 2837/2837/2837
f 2841/2841/2841 2836/2836/2836 2835/2835/2835
f 2841/2841/2841 2835/2835/2835 2840/2840/2840
f 2842/2842/2842 2836/2836/2836 2841/2841/2841
f 2843/2843/2843 2837/2837/2837 2838/2838/2838
f 2843/2843/2843 2840/2840/2840 2837/2837/2837
f 2844/2844/2844 2838/2838/2838 2839/2839/2839
f 2844/2844/2844 2843/2843/2843 2838/2838/2838
f 2845/2845/2845 2844/2844/2844 2839/2839/2839
f 2846/2846/2846 2841/2841/2841 2840/2840/2840
f 2846/2846/2846 2840/2840/2840 2843/2843/2843
f 2847/2847/2847 2842/2842/2842 2841/2841/2841
f 2847/2847/2847 2841/2841/2841 2846/2846/2846
f 2848/2848/2848 2842/2842/2842 2847/2847/2847
f 2849/2849/2849 2843/2843/2843 2844/2844/2844
f 2849/2849/2849 2846/2846/2846 2843/2843/2843
f 2850/2850/2850 2844/2844/2844 2845/2845/2845
f 2850/2850/2850 2849/2849/2849 2844/2844/2844
f 2851/2851/2851 2850/2850/2850 2845/2845/2845
f 2852/2852/2852 2847/2847/2847 2846/2846/2846
f 2852/2852/2852 2846/2846/2846 2849/2849/2849
f 2853/2853/2853 2848/2848/2848 2847/2847/2847
f 2853/2853/2853 2847/2847/2847 2852/2852/2852
f 2854/2854/2854 2848/2848/2848 2853/2853/2853
f 2855/2855/2855 2849/2849/2849 2850/2850/2850
f 2855/2855/2855 2852/2852/2852 2849/2849/2849
f 2856/2856/2856 2850/2850/2850 2851/2851/2851
f 2856/2856/2856 2855/2855/2855 2850/2850/2850
f 2857/2857/2857 2856/2856/2856 2851/2851/2851
f 2858/2858/2858 2853/2853/2853 2852/2852/2852
f 2858/2858/2858 2852/2852/2852 2855/2855/2855
f 2859/2859/2859 2854/2854/2854 2853/2853/2853
f 2859/2859/2859 2853/2853/2853 2858/2858/2858
f 2860/2860/2860 2854/2854/2854 2859/2859/2859
f 2861/2861/2861 2855/2855/2855 2856/2856/2856
f 2861/2861/2861 2858/2858/2858 2855/2855/2855
f 2862/2862/2862 2856/2856/2856 2857/2857/2857
f 2862/2862/2862 2861/2861/2861 2856/2856/2856
f 2863/2863/2863 2862/2862/2862 2857/2857/2857
f 2864/2864/2864 2859/2859/2859 2858/2858/2858
f 2864/2864/2864 2858/2858/2858 2861/2861/2861
f 2865/2865/2865 2860/2860/2860 2859/2859/2859
f 2865/2865/2865 2859/2859/2859 2864/2864/2864
f 2866/2866/2866 2860/2860/2860 2865/2865/2865
f 2867/2867/2867 2861/2861/2861 2862/2862/2862
f 2867/2867/2867 2864/2864/2864 2861/2861/2861
f 2868/2868/2868 2862/2862/2862 2863/2863/2863
f 2868/2868/2868 2867/2867/2867 2862/2862/2862
f 2869/2869/2869 2868/2868/2868 2863/2863/2863
f 2870/2870/2870 2865/2865/2865 2864/2864/2864
f 2870/2870/2870 2864/2864/2864 2867/2867/2867
f 2871/2871/2871 2866/2866/2866 2865/2865/2865
f 2871/2871/2871 2865/2865/2865 2870/2870/2870
f 2872/2872/2872 2866/2866/2866 2871/2871/2871
f 2873/2873/2873 2867/2867/2867 2868/2868/2868
f 2873/2873/2873 2870/2870/2870 2867/2867/2867
f 2874/2874/2874 2868/2868/2868 2869/2869/2869
f 2874/2874/2874 2873/2873/2873 2868/2868/2868
f 2875/2875/2875 2874/2874/2874 2869/2869/2869
f 2876/2876/2876 2871/2871/2871 2870/2870/2870
f 2876/2876/2876 2870/2870/2870 2873/2873/2873
f 2877/2877/2877 2872/2872/2872 2871/2871/2871
f 2877/2877/2877 2871/2871/2871 2876/2876/2876
f 2878/2878/2878 2872/2872/2872 2877/2877/2877
f 2879/2879/2879 2873/2873/2873 2874/2874/2874
f 2879/2879/2879 2876/2876/2876 2873/2873/2873
f 2880/2880/2880 2874/2874/2874 2875/2875/2875
f 2880/2880/2880 2879/2879/2879 2874/2874/2874
f 2881/2881/2881 2880/2880/2880 2875/2875/2875
f 2882/2882/2882 2877/2877/2877 2876/2876/2876
f 2882/2882/2882 2876/2876/2876 2879/2879/2879
f 2883/2883/2883 2878/2878/2878 2877/2877/2877
f 2883/2883/2883 2877/2877/2877 2882/2882/2882
f 2884/2884/2884 2878/2878/2878 2883/2883/2883
f 2885/2885/2885 2879/2879/2879 2880/2880/2880
f 2885/2885/2885 2882/2882/2882 2879/2879/2879
f 2886/2886/2886 2880/2880/2880 2881/2881/2881
f 2886/2886/2886 2885/2885/2885 2880/2880/2880
f 2887/2887/2887 2886/2886/2886 2881/2881/2881
f 2888/2888/2888 2883/2883/2883 2882/2882/2882
f 2888/2888/2888 2882/2882/2882 2885/2885/2885
f 2889/2889/2889 2884/2884/2884 2883/2883/2883
f 2889/2889/2889 2883/2883/2883 2888/2888/2888
f 2890/2890/2890 2884/2884/2884 2889/2889/2889
f 2891/2891/2891 2885/2885/2885 2886/2886/2886
f 2891/2891/2891 2888/2888/2888 2885/2885/2885
f 2892/2892/2892 2886/2886/2886 2887/2887/2887
f 2892/2892/2892 2891/2891/2891 2886/2886/2886
f 2893/2893/2893 2892/2892/2892 2887/2887/2887
f 2894/2894/2894 2889/2889/2889 2888/2888/2888
f 2894/2894/2894 2888/2888/2888 2891/2891/2891
f 2895/2895/2895 2890/2890/2890 2889/2889/2889
f 2895/2895/2895 2889/2889/2889 2894/2894/2894
f 2896/2896/2896 2890/2890/2890 2895/2895/2895
f 2897/2897/2897 2891/2891/2891 2892/2892/2892
f 2897/2897/2897 2894/2894/2894 2891/2891/2891
f 2898/2898/2898 2892/2892/2892 2893/2893/2893
f 2898/2898/2898 2897/2897/2897 2892/2892/2892
f 2899/2899/2899 2898/2898/2898 2893/2893/2893
f 2900/2900/2900 2895/2895/2895 2894/2894/2894
f 2900/2900/2900 2894/2894/2894 2897/2897/2897
f 2901/2901/2901 2896/2896/2896 2895/2895/2895
f 2901/2901/2901 2895/2895/2895 2900/2900/2900
f 2902/2902/2902 2896/2896/2896 2901/2901/2901
f 2903/2903/2903 2897/2897/2897 2898/2898/2898
f 2903/2903/2903 2900/2900/2900 2897/2897/2897
f 2904/2904/2904 2898/2898/2898 2899/2899/2899
f 2904/2904/2904 2903/2903/2903 2898/2898/2898
f 2905/2905/2905 2904/2904/2904 2899/2899/2899
f 2906/2906/2906 2901/2901/2901 2900/2900/2900
f 2906/2906/2906 2900/2900/2900 2903/2903/2903
f 2907/2907/2907 2902/2902/2902 2901/2901/2901
f 2907/2907/2907 2901/2901/2901 2906/2906/2906
f 2908/2908/2908 2902/2902/2902 2907/2907/2907
f 2909/2909/2909 2903/2903/2903 2904/2904/2904
f 2909/2909/2909 2906/2906/2906 2903/2903/2903
f 2910/2910/2910 2904/2904/2904 2905/2905/2905
f 2910/2910/2910 2909/2909/2909 2904/2904/2904
f 2911/2911/2911 2910/2910/2910 2905/2905/2905
f 2912/2912/2912 2907/2907/2907 2906/2906/2906
f 2912/2912/2912 2906/2906/2906 2909/2909/2909
f 2913/2913/2913 2908/2908/2908 2907/2907/2907
f 2913/2913/2913 2907/2907/2907 2912/2912/2912
f 2914/2914/2914 2908/2908/2908 2913/2913/2913
f 2915/2915/2915 2909/2909/2909 2910/2910/2910
f 2915/2915/2915 2912/2912/2912 2909/2909/2909
f 2916/2916/2916 2910/2910/2910 2911/2911/2911
f 2916/2916/2916 2915/2915/2915 2910/2910/2910
f 2917/2917/2917 2916/2916/2916 2911/2911/2911
f 2918/2918/2918 2913/2913/2913 2912/2912/2912
f 2918/2918/2918 2912/2912/2912 2915/2915/2915
f 2919/2919/2919 2914/2914/2914 2913/2913/2913
f 2919/2919/2919 2913/2913/2913 2918/2918/2918
f 2920/2920/2920 2914/2914/2914 2919/2919/2919
f 2921/2921/2921 2915/2915/2915 2916/2916/2916
f 2921/2921/2921 2918/2918/2918 2915/2915/2915
f 2922/2922/2922 2916/2916/2916 2917/2917/2917
f 2922/2922/2922 2921/2921/2921 2916/2916/2916
f 2923/2923/2923 2922/2922/2922 2917/2917/2917
f 2924/2924/2924 2919/2919/2919 2918/2918/2918
f 2924/2924/2924 2918/2918/2918 2921/2921/2921
f 2925/2925/2925 2920/2920/2920 2919/2919/2919
f 2925/2925/2925 2919/2919/2919 2924/2924/2924
f 2926/2926/2926 2920/2920/2920 2925/2925/2925
f 2927/2927/2927 2921/2921/2921 2922/2922/2922
f 2927/2927/2927 2924/2924/2924 2921/2921/2921
f 2928/2928/2928 2922/2922/2922 2923/2923/2923
f 2928/2928/2928 2927/2927/2927 2922/2922/2922
f 2929/2929/2929 2928/2928/2928 2923/2923/2923
f 2930/2930/2930 2925/2925/2925 2924/2924/2924
f 2930/2930/2930 2924/2924/2924 2927/2927/2927
f 2931/2931/2931 2926/2926/2926 2925/2925/2925
f 2931/2931/2931 2925/2925/2925 2930/2930/2930
f 2932/2932/2932 2926/2926/2926 2931/2931/2931
f 2933/2933/2933 2927/2927/2927 2928/2928/2928
f 2933/2933/2933 2930/2930/2930 2927/2927/2927
f 2934/2934/2934 2928/2928/2928 2929/2929/2929
f 2934/2934/2934 2933/2933/2933 2928/2928/2928
f 2935/2935/2935 2934/2934/2934 2929/2929/2929
f 2936/2936/2936 2931/2931/2931 2930/2930/2930
f 2936/2936/2936 2930/2930/2930 2933/2933/2933
f 2937/2937/2937 2932/2932/2932 2931/2931/2931
f 2937/2937/2937 2931/2931/2931 2936/2936/2936
f 2938/2938/2938 2932/2932/2932 2937/2937/2937
f 2939/2939/2939 2933/2933/2933 2934/2934/2934
f 2939/2939/2939 2936/2936/2936 2933/2933/2933
f 2940/2940/2940 2934/2934/2934 2935/2935/2935
f 2940/2940/2940 2939/2939/2939 2934/2934/2934
f 2941/2941/2941 2940/2940/2940 2935/2935/2935
f 2942/2942/2942 2937/2937/2937 2936/2936/2936
f 2942/2942/2942 2936/2936/2936 2939/2939/2939
f 2943/2943/2943 2938/2938/2938 2937/2937/2937
f 2943/2943/2943 2937/2937/2937 2942/2942/2942
f 2944/2944/2944 2938/2938/2938 2943/2943/2943
f 2945/2945/2945 2939/2939/2939 2940/2940/2940
f 2945/2945/2945 2942/2942/2942 2939/2939/2939
f 2946/2946/2946 2940/2940/2940 2941/2941/2941
f 2946/2946/2946 2945/2945/2945 2940/2940/2940
f 2947/2947/2947 2946/2946/2946 2941/2941/2941
f 2948/2948/2948 2943/2943/2943 2942/2942/2942
f 2948/2948/2948 2942/2942/2942 2945/2945/2945
f 2949/2949/2949 2944/2944/2944 2943/2943/2943
f 2949/2949/2949 2943/2943/2943 2948/2948/2948
f 2950/2950/2950 2944/2944/2944 2949/2949/2949
f 2951/2951/2951 2945/2945/2945 2946/2946/2946
f 2951/2951/2951 2948/2948/2948 2945/2945/2945
f 2952/2952/2952 2946/2946/2946 2947/2947/2947
f 2952/2952/2952 2951/2951/2951 2946/2946/2946
f 2953/2953/2953 2952/2952/2952 2947/2947/2947
f 2954/2954/2954 2949/2949/2949 2948/2948/2948
f 2954/2954/2954 2948/2948/2948 2951/2951/2951
f 2955/2955/2955 2950/2950/2950 2949/2949/2949
f 2955/2955/2955 2949/2949/2949 2954/2954/2954
f 2956/2956/2956 2950/2950/2950 2955/2955/2955
f 2957/2957/2957 2951/2951/2951 2952/2952/2952
f 2957/2957/2957 2954/2954/2954 2951/2951/2951
f 2958/2958/2958 2952/2952/2952 2953/2953/2953
f 2958/2958/2958 2957/2957/2957 2952/2952/2952
f 2959/2959/2959 2958/2958/2958 2953/2953/2953
f 2960/2960/2960 2955/2955/2955 2954/2954/2954
f 2960/2960/2960 2954/2954/2954 2957/2957/2957
f 2961/2961/2961 2956/2956/2956 2955/2955/2955
f 2961/2961/2961 2955/2955/2955 2960/2960/2960
f 2962/2962/2962 2956/2956/2956 2961/2961/2961
f 2963/2963/2963 2957/2957/2957 2958/2958/2958
f 2963/2963/2963 2960/2960/2960 2957/2957/2957
f 2964/2964/2964 2958/2958/2958 2959/2959/2959
f 2964/2964/2964 2963/2963/2963 2958/2958/2958
f 2965/2965/2965 2964/2964/2964 2959/2959/2959
f 2966/2966/2966 2961/2961/2961 2960/2960/2960
f 2966/2966/2966 2960/2960/2960 2963/2963/2963
f 2967/2967/2967 2962/2962/2962 2961/2961/2961
f 2967/2967/2967 2961/2961/2961 2966/2966/2966
f 2968/2968/2968 2962/2962/2962 2967/2967/2967
f 2969/2969/2969 2963/2963/2963 2964/2964/2964
f 2969/2969/2969 2966/2966/2966 2963/2963/2963
f 2970/2970/2970 2964/2964/2964 2965/2965/2965
f 2970/2970/2970 2969/2969/2969 2964/2964/2964
f 2971/2971/2971 2970/2970/2970 2965/2965/2965
f 2972/2972/2972 2967/2967/2967 2966/2966/2966
f 2972/2972/2972 2966/2966/2966 2969/2969/2969
f 2973/2973/2973 2968/2968/2968 2967/2967/2967
f 2973/2973/2973 2967/2967/2967 2972/2972/2972
f 2974/2974/2974 2968/2968/2968 2973/2973/2973
f 2975/2975/2975 2969/2969/2969 2970/2970/2970
f 2975/2975/2975 2972/2972/2972 2969/2969/2969
f 2976/2976/2976 2970/2970/2970 2971/2971/2971
f 2976/2976/2976 2975/2975/2975 2970/2970/2970
f 2977/2977/2977 2976/2976/2976 2971/2971/2971
f 2978/2978/2978 2973/2973/2973 2972/2972/2972
f 2978/2978/2978 2972/2972/2972 2975/2975/2975
f 2979/2979/2979 2974/2974/2974 2973/2973/2973
f 2979/2979/2979 2973/2973/2973 2978/2978/2978
f 2980/2980/2980 2974/2974/2974 2979/2979/2979
f 2981/2981/2981 2975/2975/2975 2976/2976/2976
f 2981/2981/2981 2978/2978/2978 2975/2975/2975
f 2982/2982/2982 2976/2976/2976 2977/2977/2977
f 2982/2982/2982 2981/2981/2981 2976/2976/2976
f 2983/2983/2983 2982/2982/2982 2977/2977/2977
f 2984/2984/2984 2979/2979/2979 2978/2978/2978
f 2984/2984/2984 2978/2978/2978 2981/2981/2981
f 2985/2985/2985 2980/2980/2980 2979/2979/2979
f 2985/2985/2985 2979/2979/2979 2984/2984/2984
f 2986/2986/2986 2980/2980/2980 2985/2985/2985
f 2987/2987/2987 2981/2981/2981 2982/2982/2982
f 2987/2987/2987 2984/2984/2984 2981/2981/2981
f 2988/2988/2988 2982/2982/2982 2983/2983/2983
f 2988/2988/2988 2987/2987/2987 2982/2982/2982
f 2989/2989/2989 2988/2988/2988 2983/2983/2983
f 2990/2990/2990 2985/2985/2985 2984/2984/2984
f 2990/2990/2990 2984/2984/2984 2987/2987/2987
f 2991/2991/2991 2986/2986/2986 2985/2985/2985
f 2991/2991/2991 2985/2985/2985 2990/2990/2990
f 2992/2992/2992 2986/2986/2986 2991/2991/2991
f 2993/2993/2993 2987/2987/2987 2988/2988/2988
f 2993/2993/2993 2990/2990/2990 2987/2987/2987
f 2994/2994/2994 2988/2988/2988 2989/2989/2989
f 2994/2994/2994 2993/2993/2993 2988/2988/2988
f 2995/2995/2995 2994/2994/2994 2989/2989/2989
f 2996/2996/2996 2991/2991/2991 2990/2990/2990
f 2996/2996/2996 2990/2990/2990 2993/2993/2993
f 2997/2997/2997 2992/2992/2992 2991/2991/2991
f 2997/2997/2997 2991/2991/2991 2996/2996/2996
f 2998/2998/2998 2992/2992/2992 2997/2997/2997
f 2999/2999/2999 2993/2993/2993 2994/2994/2994
f 2999/2999/2999 2996/2996/2996 2993/2993/2993
f 3000/3000/3000 2994/2994/2994 2995/2995/2995
f 3000/3000/3000 2999/2999/2999 2994/2994/2994
f 3001/3001/3001 3000/3000/3000 2995/2995/2995
f 3002/3002/3002 2997/2997/2997 2996/2996/2996
f 3002/3002/3002 2996/2996/2996 2999/2999/2999
f 3003/3003/3003 2998/2998/2998 2997/2997/2997
f 3003/3003/3003 2997/2997/2997 3002/3002/3002
f 3004/3004/3004 2998/2998/2998 3003/3003/3003
f 3005/3005/3005 2999/2999/2999 3000/3000/3000
f 3005/3005/3005 3002/3002/3002 2999/2999/2999
f 3006/3006/3006 3000/3000/3000 3001/3001/3001
f 3006/3006/3006 3005/3005/3005 3000/3000/3000
f 3007/3007/3007 3006/3006/3006 3001/3001/3001
f 3008/3008/3008 3003/3003/3003 3002/3002/3002
f 3008/3008/3008 3002/3002/3002 3005/3005/3005
f 3009/3009/3009 3004/3004/3004 3003/3003/3003
f 3009/3009/3009 3003/3003/3003 3008/3008/3008
f 3010/3010/3010 3004/3004/3004 3009/3009/3009
f 3011/3011/3011 3005/3005/3005 3006/3006/3006
f 3011/3011/3011 3008/3008/3008 3005/3005/3005
f 3012/3012/3012 3006/3006/3006 3007/3007/3007
f 3012/3012/3012 3011/3011/3011 3006/3006/3006
f 3013/3013/3013 3012/3012/3012 3007/3007/3007
f 3014/3014/3014 3009/3009/3009 3008/3008/3008
f 3014/3014/3014 3008/3008/3008 3011/3011/3011
f 3015/3015/3015 3010/3010/3010 3009/3009/3009
f 3015/3015/3015 3009/3009/3009 3014/3014/3014
f 3016/3016/3016 3010/3010/3010 3015/3015/3015
f 3017/3017/3017 3011/3011/3011 3012/3012/3012
f 3017/3017/3017 3014/3014/3014 3011/3011/3011
f 3018/3018/3018 3012/3012/3012 3013/3013/3013
f 3018/3018/3018 3017/3017/3017 3012/3012/3012
f 3019/3019/3019 3018/3018/3018 3013/3013/3013
f 3020/3020/3020 3015/3015/3015 3014/3014/3014
f 3020/3020/3020 3014/3014/3014 3017/3017/3017
f 3021/3021/3021 3016/3016/3016 3015/3015/3015
f 3021/3021/3021 3015/3015/3015 3020/3020/3020
f 3022/3022/3022 3016/3016/3016 3021/3021/3021
f 3023/3023/3023 3017/3017/3017 3018/3018/3018
f 3023/3023/3023 3020/3020/3020 3017/3017/3017
f 3024/3024/3024 3018/3018/3018 3019/3019/3019
f 3024/3024/3024 3023/3023/3023 3018/3018/3018
f 3025/3025/3025 3024/3024/3024 3019/3019/3019
f 3026/3026/3026 3021/3021/3021 3020/3020/3020
f 3026/3026/3026 3020/3020/3020 3023/3023/3023
f 3027/3027/3027 3022/3022/3022 3021/3021/3021
f 3027/3027/3027 3021/3021/3021 3026/3026/3026
f 3028/3028/3028 3022/3022/3022 3027/3027/3027
f 3029/3029/3029 3023/3023/3023 3024/3024/3024
f 3029/3029/3029 3026/3026/3026 3023/3023/3023
f 3030/3030/3030 3024/3024/3024 3025/3025/3025
f 3030/3030/3030 3029/3029/3029 3024/3024/3024
f 3031/3031/3031 3030/3030/3030 3025/3025/3025
f 3032/3032/3032 3027/3027/3027 3026/3026/3026
f 3032/3032/3032 3026/3026/3026 3029/3029/3029
f 3033/3033/3033 3028/3028/3028 3027/3027/3027
f 3033/3033/3033 3027/3027/3027 3032/3032/3032
f 3034/3034/3034 3028/3028/3028 3033/3033/3033
f 3035/3035/3035 3029/3029/3029 3030/3030/3030
f 3035/3035/3035 3032/3032/3032 3029/3029/3029
f 3036/3036/3036 3030/3030/3030 3031/3031/3031
f 3036/3036/3036 3035/3035/3035 3030/3030/3030
f 3037/3037/3037 3036/3036/3036 3031/3031/3031
f 3038/3038/3038 3033/3033/3033 3032/3032/3032
f 3038/3038/3038 3032/3032/3032 3035/3035/3035
f 3039/3039/3039 3034/3034/3034 3033/3033/3033
f 3039/3039/3039 3033/3033/3033 3038/3038/3038
f 3040/3040/3040 3034/3034/3034 3039/3039/3039
f 3041/3041/3041 3035/3035/3035 3036/3036/3036
f 3041/3041/3041 3038/3038/3038 3035/3035/3035
f 3042/3042/3042 3036/3036/3036 3037/3037/3037
f 3042/3042/3042 3041/3041/3041 3036/3036/3036
f 3043/3043/3043 3042/3042/3042 3037/3037/3037
f 3044/3044/3044 3039/3039/3039 3038/3038/3038
f 3044/3044/3044 3038/3038/3038 3041/3041/3041
f 3045/3045/3045 3040/3040/3040 3039/3039/3039
f 3045/3045/3045 3039/3039/3039 3044/3044/3044
f 3046/3046/3046 3040/3040/3040 3045/3045/3045
f 3047/3047/3047 3041/3041/3041 3042/3042/3042
f 3047/3047/3047 3044/3044/3044 3041/3041/3041
f 3048/3048/3048 3042/3042/3042 3043/3043/3043
f 3048/3048/3048 3047/3047/3047 3042/3042/3042
f 3049/3049/3049 3048/3048/3048 3043/3043/3043
f 3050/3050/3050 3045/3045/3045 3044/3044/3044
f 3050/3050/3050 3044/3044/3044 3047/3047/3047
f 3051/3051/3051 3046/3046/3046 3045/3045/3045
f 3051/3051/3051 3045/3045/3045 3050/3050/3050
f 3052/3052/3052 3046/3046/3046 3051/3051/3051
f 3053/3053/3053 3047/3047/3047 3048/3048/3048
f 3053/3053/3053 3050/3050/3050 3047/3047/3047
f 3054/3054/3054 3048/3048/3048 3049/3049/3049
f 3054/3054/3054 3053/3053/3053 3048/3048/3048
f 3055/3055/3055 3054/3054/3054 3049/3049/3049
f 3056/3056/3056 3051/3051/3051 3050/3050/3050
f 3056/3056/3056 3050/3050/3050 3053/3053/3053
f 3057/3057/3057 3052/3052/3052 3051/3051/3051
f 3057/3057/3057 3051/3051/3051 3056/3056/3056
f 3058/3058/3058 3052/3052/3052 3057/3057/3057
f 3059/3059/3059 3053/3053/3053 3054/3054/3054
f 3059/3059/3059 3056/3056/3056 3053/3053/3053
f 3060/3060/3060 3054/3054/3054 3055/3055/3055
f 3060/3060/3060 3059/3059/3059 3054/3054/3054
f 3061/3061/3061 3060/3060/3060 3055/3055/3055
f 3062/3062/3062 3057/3057/3057 3056/3056/3056
f 3062/3062/3062 3056/3056/3056 3059/3059/3059
f 3063/3063/3063 3058/3058/3058 3057/3057/3057
f 3063/3063/3063 3057/3057/3057 3062/3062/3062
f 3064/3064/3064 3058/3058/3058 3063/3063/3063
f 3065/3065/3065 3064/3064/3064 3063/3063/3063
f 3065/3065/3065 3063/3063/3063 3066/3066/3066
f 3066/3066/3066 3063/3063/3063 3062/3062/3062
f 3067/3067/3067 3065/3065/3065 3066/3066/3066
f 3068/3068/3068 3062/3062/3062 3059/3059/3059
f 3068/3068/3068 3059/3059/3059 3060/3060/3060
f 3066/3066/3066 3062/3062/3062 3068/3068/3068
f 3069/3069/3069 3060/3060/3060 3061/3061/3061
f 3069/3069/3069 3068/3068/3068 3060/3060/3060
f 3070/3070/3070 3069/3069/3069 3061/3061/3061
f 3067/3067/3067 3066/3066/3066 3071/3071/3071
f 3071/3071/3071 3066/3066/3066 3068/3068/3068
f 3071/3071/3071 3068/3068/3068 3069/3069/3069
f 3072/3072/3072 3067/3067/3067 3071/3071/3071
f 3073/3073/3073 3069/3069/3069 3070/3070/3070
f 3073/3073/3073 3071/3071/3071 3069/3069/3069
f 3072/3072/3072 3071/3071/3071 3073/3073/3073
f 3074/3074/3074 3073/3073/3073 3070/3070/3070
f 3075/3075/3075 3072/3072/3072 3073/3073/3073
f 3075/3075/3075 3073/3073/3073 3074/3074/3074
f 3076/3076/3076 3075/3075/3075 3074/3074/3074
f 3079/3079/3079 3078/3078/3078 3077/3077/3077
f 3080/3080/3080 3077/3077/3077 3078/3078/3078
f 3077/3077/3077 3080/3080/3080 3081/3081/3081
f 3082/3082/3082 3081/3081/3081 3080/3080/3080
f 3081/3081/3081 3083/3083/3083 3077/3077/3077
f 3084/3084/3084 3077/3077/3077 3083/3083/3083
f 3087/3087/3087 3086/3086/3086 3085/3085/3085
f 3088/3088/3088 3085/3085/3085 3086/3086/3086
f 3085/3085/3085 3088/3088/3088 3089/3089/3089
f 3090/3090/3090 3089/3089/3089 3088/3088/3088
f 3091/3091/3091 3090/3090/3090 3088/3088/3088
f 3091/3091/3091 3088/3088/3088 3092/3092/3092
f 3093/3093/3093 3092/3092/3092 3088/3088/3088
f 3086/3086/3086 3094/3094/3094 3088/3088/3088
f 3093/3093/3093 3088/3088/3088 3094/3094/3094
f 3086/3086/3086 3095/3095/3095 3094/3094/3094
f 3096/3096/3096 3094/3094/3094 3095/3095/3095
f 3094/3094/3094 3096/3096/3096 3093/3093/3093
f 3097/3097/3097 3093/3093/3093 3096/3096/3096
f 3097/3097/3097 3098/3098/3098 3093/3093/3093
f 3093/3093/3093 3099/3099/3099 3092/3092/3092
f 3100/3100/3100 3092/3092/3092 3099/3099/3099
f 3100/3100/3100 3099/3099/3099 3101/3101/3101
f 3102/3102/3102 3093/3093/3093 3098/3098/3098
f 3099/3099/3099 3093/3093/3093 3102/3102/3102
f 3102/3102/3102 3101/3101/3101 3099/3099/3099
f 3098/3098/3098 3103/3103/3103 3102/3102/3102
f 3101/3101/3101 3102/3102/3102 3103/3103/3103
f 3106/3106/3106 3105/3105/3105 3104/3104/3104
f 3107/3107/3107 3106/3106/3106 3104/3104/3104
f 3104/3104/3104 3108/3108/3108 3107/3107/3107
f 3109/3109/3109 3106/3106/3106 3107/3107/3107
f 3110/3110/3110 3107/3107/3107 3108/3108/3108
f 3111/3111/3111 3109/3109/3109 3107/3107/3107
f 3107/3107/3107 3110/3110/3110 3111/3111/3111
f 3112/3112/3112 3109/3109/3109 3111/3111/3111
f 3113/3113/3113 3111/3111/3111 3110/3110/3110
f 3114/3114/3114 3112/3112/3112 3111/3111/3111
f 3111/3111/3111 3113/3113/3113 3114/3114/3114
f 3115/3115/3115 3112/3112/3112 3114/3114/3114
f 3116/3116/3116 3114/3114/3114 3113/3113/3113
f 3117/3117/3117 3115/3115/3115 3114/3114/3114
f 3114/3114/3114 3116/3116/3116 3117/3117/3117
f 3118/3118/3118 3115/3115/3115 3117/3117/3117
f 3119/3119/3119 3117/3117/3117 3116/3116/3116
f 3120/3120/3120 3118/3118/3118 3117/3117/3117
f 3117/3117/3117 3119/3119/3119 3120/3120/3120
f 3121/3121/3121 3120/3120/3120 3119/3119/3119
f 3122/3122/3122 3118/3118/3118 3120/3120/3120
f 3121/3121/3121 3123/3123/3123 3120/3120/3120
f 3124/3124/3124 3122/3122/3122 3120/3120/3120
f 3124/3124/3124 3120/3120/3120 3123/3123/3123
f 3125/3125/3125 3122/3122/3122 3124/3124/3124
f 3123/3123/3123 3126/3126/3126 3124/3124/3124
f 3127/3127/3127 3125/3125/3125 3124/3124/3124
f 3127/3127/3127 3124/3124/3124 3126/3126/3126
f 3128/3128/3128 3125/3125/3125 3127/3127/3127
f 3126/3126/3126 3129/3129/3129 3127/3127/3127
f 3130/3130/3130 3128/3128/3128 3127/3127/3127
f 3130/3130/3130 3127/3127/3127 3129/3129/3129
f 3131/3131/3131 3128/3128/3128 3130/3130/3130
f 3129/3129/3129 3132/3132/3132 3130/3130/3130
f 3133/3133/3133 3131/3131/3131 3130/3130/3130
f 3133/3133/3133 3130/3130/3130 3132/3132/3132
f 3134/3134/3134 3131/3131/3131 3133/3133/3133
f 3132/3132/3132 3135/3135/3135 3133/3133/3133
f 3136/3136/3136 3134/3134/3134 3133/3133/3133
f 3136/3136/3136 3133/3133/3133 3135/3135/3135
f 3137/3137/3137 3134/3134/3134 3136/3136/3136
f 3135/3135/3135 3138/3138/3138 3136/3136/3136
f 3139/3139/3139 3137/3137/3137 3136/3136/3136
f 3139/3139/3139 3136/3136/3136 3138/3138/3138
f 3140/3140/3140 3137/3137/3137 3139/3139/3139
f 3139/3139/3139 3138/3138/3138 3141/3141/3141
f 3141/3141/3141 3140/3140/3140 3139/3139/3139
f 3142/3142/3142 3141/3141/3141 3138/3138/3138
f 3143/3143/3143 3140/3140/3140 3141/3141/3141
f 3141/3141/3141 3142/3142/3142 3144/3144/3144
f 3144/3144/3144 3143/3143/3143 3141/3141/3141
f 3145/3145/3145 3144/3144/3144 3142/3142/3142
f 3146/3146/3146 3143/3143/3143 3144/3144/3144
f 3144/3144/3144 3145/3145/3145 3147/3147/3147
f 3147/3147/3147 3146/3146/3146 3144/3144/3144
f 3148/3148/3148 3147/3147/3147 3145/3145/3145
f 3149/3149/3149 3146/3146/3146 3147/3147/3147
f 3147/3147/3147 3148/3148/3148 3150/3150/3150
f 3150/3150/3150 3149/3149/3149 3147/3147/3147
f 3151/3151/3151 3149/3149/3149 3150/3150/3150
f 3152/3152/3152 3150/3150/3150 3148/3148/3148
f 3153/3153/3153 3151/3151/3151 3150/3150/3150
f 3150/3150/3150 3152/3152/3152 3153/3153/3153
f 3154/3154/3154 3153/3153/3153 3152/3152/3152
f 3157/3157/3157 3156/3156/3156 3155/3155/3155
f 3157/3157/3157 3158/3158/3158 3156/3156/3156
f 3159/3159/3159 3156/3156/3156 3158/3158/3158
f 3158/3158/3158 3160/3160/3160 3159/3159/3159
f 3163/3163/3163 3162/3162/3162 3161/3161/3161
f 3163/3163/3163 3165/3165/3165 3164/3164/3164
f 3166/3166/3166 3164/3164/3164 3161/3161/3161
f 3166/3166/3166 3161/3161/3161 3167/3167/3167
f 3166/3166/3166 3167/3167/3167 3168/3168/3168
f 3166/3166/3166 3168/3168/3168 3164/3164/3164
f 3169/3169/3169 3168/3168/3168 3167/3167/3167
f 3168/3168/3168 3169/3169/3169 3170/3170/3170
f 3171/3171/3171 3170/3170/3170 3169/3169/3169
f 3172/3172/3172 3164/3164/3164 3168/3168/3168
f 3168/3168/3168 3170/3170/3170 3172/3172/3172
f 3170/3170/3170 3171/3171/3171 3173/3173/3173
f 3174/3174/3174 3173/3173/3173 3171/3171/3171
f 3174/3174/3174 3175/3175/3175 3173/3173/3173
f 3173/3173/3173 3176/3176/3176 3170/3170/3170
f 3177/3177/3177 3173/3173/3173 3175/3175/3175
f 3173/3173/3173 3177/3177/3177 3176/3176/3176
f 3177/3177/3177 3175/3175/3175 3178/3178/3178
f 3179/3179/3179 3178/3178/3178 3175/3175/3175
f 3180/3180/3180 3176/3176/3176 3177/3177/3177
f 3180/3180/3180 3181/3181/3181 3176/3176/3176
f 3182/3182/3182 3170/3170/3170 3176/3176/3176
f 3182/3182/3182 3172/3172/3172 3170/3170/3170
f 3176/3176/3176 3183/3183/3183 3182/3182/3182
f 3183/3183/3183 3176/3176/3176 3181/3181/3181
f 3182/3182/3182 3184/3184/3184 3172/3172/3172
f 3184/3184/3184 3182/3182/3182 3183/3183/3183
f 3185/3185/3185 3172/3172/3172 3184/3184/3184
f 3172/3172/3172 3185/3185/3185 3164/3164/3164
f 3186/3186/3186 3164/3164/3164 3185/3185/3185
f 3164/3164/3164 3186/3186/3186 3187/3187/3187
f 3185/3185/3185 3184/3184/3184 3188/3188/3188
f 3184/3184/3184 3183/3183/3183 3189/3189/3189
f 3189/3189/3189 3188/3188/3188 3184/3184/3184
f 3186/3186/3186 3185/3185/3185 3190/3190/3190
f 3188/3188/3188 3190/3190/3190 3185/3185/3185
f 3189/3189/3189 3191/3191/3191 3188/3188/3188
f 3192/3192/3192 3188/3188/3188 3191/3191/3191
f 3188/3188/3188 3192/3192/3192 3190/3190/3190
f 3191/3191/3191 3189/3189/3189 3193/3193/3193
f 3194/3194/3194 3190/3190/3190 3192/3192/3192
f 3195/3195/3195 3193/3193/3193 3189/3189/3189
f 3195/3195/3195 3189/3189/3189 3183/3183/3183
f 3193/3193/3193 3195/3195/3195 3196/3196/3196
f 3190/3190/3190 3194/3194/3194 3197/3197/3197
f 3190/3190/3190 3197/3197/3197 3186/3186/3186
f 3198/3198/3198 3197/3197/3197 3194/3194/3194
f 3198/3198/3198 3199/3199/3199 3197/3197/3197
f 3195/3195/3195 3183/3183/3183 3200/3200/3200
f 3200/3200/3200 3196/3196/3196 3195/3195/3195
f 3181/3181/3181 3200/3200/3200 3183/3183/3183
f 3196/3196/3196 3200/3200/3200 3201/3201/3201
f 3202/3202/3202 3186/3186/3186 3197/3197/3197
f 3202/3202/3202 3203/3203/3203 3186/3186/3186
f 3204/3204/3204 3197/3197/3197 3199/3199/3199
f 3197/3197/3197 3204/3204/3204 3202/3202/3202
f 3205/3205/3205 3201/3201/3201 3200/3200/3200
f 3200/3200/3200 3181/3181/3181 3205/3205/3205
f 3204/3204/3204 3199/3199/3199 3206/3206/3206
f 3206/3206/3206 3207/3207/3207 3204/3204/3204
f 3208/3208/3208 3206/3206/3206 3199/3199/3199
f 3206/3206/3206 3208/3208/3208 3209/3209/3209
f 3206/3206/3206 3209/3209/3209 3207/3207/3207
f 3210/3210/3210 3209/3209/3209 3208/3208/3208
f 3211/3211/3211 3202/3202/3202 3204/3204/3204
f 3211/3211/3211 3204/3204/3204 3207/3207/3207
f 3211/3211/3211 3212/3212/3212 3202/3202/3202
f 3211/3211/3211 3207/3207/3207 3212/3212/3212
f 3205/3205/3205 3213/3213/3213 3201/3201/3201
f 3213/3213/3213 3205/3205/3205 3214/3214/3214
f 3215/3215/3215 3201/3201/3201 3213/3213/3213
f 3215/3215/3215 3213/3213/3213 3216/3216/3216
f 3217/3217/3217 3216/3216/3216 3213/3213/3213
f 3213/3213/3213 3214/3214/3214 3217/3217/3217
f 3216/3216/3216 3217/3217/3217 3218/3218/3218
f 3219/3219/3219 3218/3218/3218 3217/3217/3217
f 3217/3217/3217 3220/3220/3220 3219/3219/3219
f 3220/3220/3220 3217/3217/3217 3214/3214/3214
f 3221/3221/3221 3219/3219/3219 3220/3220/3220
f 3221/3221/3221 3220/3220/3220 3222/3222/3222
f 3223/3223/3223 3222/3222/3222 3220/3220/3220
f 3220/3220/3220 3214/3214/3214 3223/3223/3223
f 3224/3224/3224 3214/3214/3214 3205/3205/3205
f 3224/3224/3224 3205/3205/3205 3181/3181/3181
f 3224/3224/3224 3225/3225/3225 3214/3214/3214
f 3224/3224/3224 3181/3181/3181 3225/3225/3225
f 3223/3223/3223 3226/3226/3226 3222/3222/3222
f 3227/3227/3227 3222/3222/3222 3226/3226/3226
f 3227/3227/3227 3226/3226/3226 3228/3228/3228
f 3229/3229/3229 3223/3223/3223 3214/3214/3214
f 3229/3229/3229 3214/3214/3214 3225/3225/3225
f 3225/3225/3225 3230/3230/3230 3229/3229/3229
f 3231/3231/3231 3225/3225/3225 3181/3181/3181
f 3225/3225/3225 3231/3231/3231 3230/3230/3230
f 3181/3181/3181 3180/3180/3180 3231/3231/3231
f 3229/3229/3229 3232/3232/3232 3223/3223/3223
f 3226/3226/3226 3223/3223/3223 3232/3232/3232
f 3232/3232/3232 3229/3229/3229 3230/3230/3230
f 3232/3232/3232 3233/3233/3233 3226/3226/3226
f 3232/3232/3232 3230/3230/3230 3233/3233/3233
f 3234/3234/3234 3228/3228/3228 3226/3226/3226
f 3234/3234/3234 3226/3226/3226 3233/3233/3233
f 3234/3234/3234 3235/3235/3235 3228/3228/3228
f 3234/3234/3234 3233/3233/3233 3235/3235/3235
f 3236/3236/3236 3228/3228/3228 3235/3235/3235
f 3236/3236/3236 3235/3235/3235 3237/3237/3237
f 3238/3238/3238 3231/3231/3231 3180/3180/3180
f 3239/3239/3239 3230/3230/3230 3231/3231/3231
f 3231/3231/3231 3238/3238/3238 3239/3239/3239
f 3238/3238/3238 3180/3180/3180 3240/3240/3240
f 3241/3241/3241 3240/3240/3240 3180/3180/3180
f 3242/3242/3242 3233/3233/3233 3230/3230/3230
f 3233/3233/3233 3242/3242/3242 3243/3243/3243
f 3243/3243/3243 3235/3235/3235 3233/3233/3233
f 3243/3243/3243 3244/3244/3244 3235/3235/3235
f 3245/3245/3245 3243/3243/3243 3242/3242/3242
f 3243/3243/3243 3245/3245/3245 3244/3244/3244
f 3246/3246/3246 3237/3237/3237 3235/3235/3235
f 3246/3246/3246 3235/3235/3235 3244/3244/3244
f 3246/3246/3246 3247/3247/3247 3237/3237/3237
f 3246/3246/3246 3244/3244/3244 3247/3247/3247
f 3248/3248/3248 3237/3237/3237 3247/3247/3247
f 3247/3247/3247 3249/3249/3249 3248/3248/3248
f 3248/3248/3248 3249/3249/3249 3250/3250/3250
f 3251/3251/3251 3247/3247/3247 3244/3244/3244
f 3247/3247/3247 3251/3251/3251 3249/3249/3249
f 3252/3252/3252 3250/3250/3250 3249/3249/3249
f 3253/3253/3253 3250/3250/3250 3252/3252/3252
f 3254/3254/3254 3253/3253/3253 3252/3252/3252
f 3255/3255/3255 3253/3253/3253 3254/3254/3254
f 3254/3254/3254 3256/3256/3256 3255/3255/3255
f 3257/3257/3257 3255/3255/3255 3256/3256/3256
f 3256/3256/3256 3258/3258/3258 3257/3257/3257
f 3259/3259/3259 3257/3257/3257 3258/3258/3258
f 3258/3258/3258 3260/3260/3260 3259/3259/3259
f 3261/3261/3261 3259/3259/3259 3260/3260/3260
f 3260/3260/3260 3262/3262/3262 3261/3261/3261
f 3263/3263/3263 3261/3261/3261 3262/3262/3262
f 3262/3262/3262 3260/3260/3260 3264/3264/3264
f 3260/3260/3260 3258/3258/3258 3265/3265/3265
f 3265/3265/3265 3264/3264/3264 3260/3260/3260
f 3258/3258/3258 3256/3256/3256 3266/3266/3266
f 3266/3266/3266 3265/3265/3265 3258/3258/3258
f 3265/3265/3265 3267/3267/3267 3264/3264/3264
f 3265/3265/3265 3266/3266/3266 3267/3267/3267
f 3268/3268/3268 3264/3264/3264 3267/3267/3267
f 3268/3268/3268 3267/3267/3267 3269/3269/3269
f 3256/3256/3256 3254/3254/3254 3270/3270/3270
f 3270/3270/3270 3266/3266/3266 3256/3256/3256
f 3271/3271/3271 3269/3269/3269 3267/3267/3267
f 3269/3269/3269 3271/3271/3271 3272/3272/3272
f 3273/3273/3273 3267/3267/3267 3266/3266/3266
f 3266/3266/3266 3270/3270/3270 3273/3273/3273
f 3267/3267/3267 3273/3273/3273 3271/3271/3271
f 3274/3274/3274 3270/3270/3270 3254/3254/3254
f 3254/3254/3254 3252/3252/3252 3274/3274/3274
f 3275/3275/3275 3272/3272/3272 3271/3271/3271
f 3272/3272/3272 3275/3275/3275 3276/3276/3276
f 3277/3277/3277 3271/3271/3271 3273/3273/3273
f 3271/3271/3271 3277/3277/3277 3275/3275/3275
f 3278/3278/3278 3273/3273/3273 3270/3270/3270
f 3270/3270/3270 3274/3274/3274 3278/3278/3278
f 3274/3274/3274 3252/3252/3252 3279/3279/3279
f 3252/3252/3252 3249/3249/3249 3279/3279/3279
f 3277/3277/3277 3273/3273/3273 3280/3280/3280
f 3278/3278/3278 3280/3280/3280 3273/3273/3273
f 3281/3281/3281 3278/3278/3278 3274/3274/3274
f 3274/3274/3274 3279/3279/3279 3281/3281/3281
f 3278/3278/3278 3281/3281/3281 3280/3280/3280
f 3282/3282/3282 3275/3275/3275 3277/3277/3277
f 3277/3277/3277 3280/3280/3280 3282/3282/3282
f 3283/3283/3283 3276/3276/3276 3275/3275/3275
f 3275/3275/3275 3282/3282/3282 3283/3283/3283
f 3279/3279/3279 3249/3249/3249 3284/3284/3284
f 3251/3251/3251 3284/3284/3284 3249/3249/3249
f 3281/3281/3281 3279/3279/3279 3285/3285/3285
f 3279/3279/3279 3284/3284/3284 3285/3285/3285
f 3286/3286/3286 3280/3280/3280 3281/3281/3281
f 3281/3281/3281 3285/3285/3285 3286/3286/3286
f 3283/3283/3283 3287/3287/3287 3276/3276/3276
f 3288/3288/3288 3276/3276/3276 3287/3287/3287
f 3288/3288/3288 3287/3287/3287 3289/3289/3289
f 3251/3251/3251 3290/3290/3290 3284/3284/3284
f 3285/3285/3285 3284/3284/3284 3290/3290/3290
f 3291/3291/3291 3283/3283/3283 3282/3282/3282
f 3283/3283/3283 3291/3291/3291 3287/3287/3287
f 3292/3292/3292 3282/3282/3282 3280/3280/3280
f 3280/3280/3280 3286/3286/3286 3292/3292/3292
f 3286/3286/3286 3285/3285/3285 3293/3293/3293
f 3285/3285/3285 3290/3290/3290 3293/3293/3293
f 3294/3294/3294 3290/3290/3290 3251/3251/3251
f 3251/3251/3251 3244/3244/3244 3294/3294/3294
f 3291/3291/3291 3282/3282/3282 3295/3295/3295
f 3292/3292/3292 3295/3295/3295 3282/3282/3282
f 3296/3296/3296 3292/3292/3292 3286/3286/3286
f 3286/3286/3286 3293/3293/3293 3296/3296/3296
f 3293/3293/3293 3290/3290/3290 3297/3297/3297
f 3294/3294/3294 3297/3297/3297 3290/3290/3290
f 3298/3298/3298 3294/3294/3294 3244/3244/3244
f 3244/3244/3244 3245/3245/3245 3298/3298/3298
f 3296/3296/3296 3299/3299/3299 3292/3292/3292
f 3295/3295/3295 3292/3292/3292 3299/3299/3299
f 3296/3296/3296 3293/3293/3293 3300/3300/3300
f 3293/3293/3293 3297/3297/3297 3300/3300/3300
f 3296/3296/3296 3300/3300/3300 3299/3299/3299
f 3294/3294/3294 3298/3298/3298 3301/3301/3301
f 3301/3301/3301 3297/3297/3297 3294/3294/3294
f 3302/3302/3302 3298/3298/3298 3245/3245/3245
f 3245/3245/3245 3303/3303/3303 3302/3302/3302
f 3304/3304/3304 3302/3302/3302 3303/3303/3303
f 3303/3303/3303 3230/3230/3230 3304/3304/3304
f 3302/3302/3302 3305/3305/3305 3298/3298/3298
f 3302/3302/3302 3306/3306/3306 3305/3305/3305
f 3239/3239/3239 3306/3306/3306 3230/3230/3230
f 3307/3307/3307 3301/3301/3301 3298/3298/3298
f 3307/3307/3307 3298/3298/3298 3305/3305/3305
f 3301/3301/3301 3308/3308/3308 3297/3297/3297
f 3301/3301/3301 3307/3307/3307 3308/3308/3308
f 3300/3300/3300 3297/3297/3297 3309/3309/3309
f 3308/3308/3308 3309/3309/3309 3297/3297/3297
f 3300/3300/3300 3309/3309/3309 3310/3310/3310
f 3299/3299/3299 3300/3300/3300 3310/3310/3310
f 3239/3239/3239 3311/3311/3311 3306/3306/3306
f 3311/3311/3311 3239/3239/3239 3238/3238/3238
f 3311/3311/3311 3238/3238/3238 3312/3312/3312
f 3240/3240/3240 3312/3312/3312 3238/3238/3238
f 3313/3313/3313 3306/3306/3306 3311/3311/3311
f 3311/3311/3311 3312/3312/3312 3313/3313/3313
f 3312/3312/3312 3240/3240/3240 3314/3314/3314
f 3315/3315/3315 3314/3314/3314 3240/3240/3240
f 3314/3314/3314 3316/3316/3316 3312/3312/3312
f 3317/3317/3317 3312/3312/3312 3316/3316/3316
f 3317/3317/3317 3313/3313/3313 3312/3312/3312
f 3306/3306/3306 3313/3313/3313 3318/3318/3318
f 3318/3318/3318 3305/3305/3305 3306/3306/3306
f 3319/3319/3319 3318/3318/3318 3313/3313/3313
f 3305/3305/3305 3318/3318/3318 3320/3320/3320
f 3305/3305/3305 3320/3320/3320 3307/3307/3307
f 3318/3318/3318 3319/3319/3319 3321/3321/3321
f 3321/3321/3321 3320/3320/3320 3318/3318/3318
f 3322/3322/3322 3307/3307/3307 3320/3320/3320
f 3322/3322/3322 3308/3308/3308 3307/3307/3307
f 3321/3321/3321 3323/3323/3323 3320/3320/3320
f 3324/3324/3324 3321/3321/3321 3319/3319/3319
f 3321/3321/3321 3324/3324/3324 3323/3323/3323
f 3320/3320/3320 3325/3325/3325 3322/3322/3322
f 3325/3325/3325 3320/3320/3320 3323/3323/3323
f 3308/3308/3308 3322/3322/3322 3326/3326/3326
f 3327/3327/3327 3322/3322/3322 3325/3325/3325
f 3327/3327/3327 3326/3326/3326 3322/3322/3322
f 3325/3325/3325 3323/3323/3323 3328/3328/3328
f 3325/3325/3325 3328/3328/3328 3327/3327/3327
f 3326/3326/3326 3329/3329/3329 3308/3308/3308
f 3308/3308/3308 3329/3329/3329 3309/3309/3309
f 3310/3310/3310 3309/3309/3309 3329/3329/3329
f 3326/3326/3326 3327/3327/3327 3330/3330/3330
f 3326/3326/3326 3331/3331/3331 3329/3329/3329
f 3330/3330/3330 3331/3331/3331 3326/3326/3326
f 3330/3330/3330 3332/3332/3332 3331/3331/3331
f 3333/3333/3333 3330/3330/3330 3327/3327/3327
f 3333/3333/3333 3327/3327/3327 3328/3328/3328
f 3330/3330/3330 3333/3333/3333 3332/3332/3332
f 3310/3310/3310 3329/3329/3329 3334/3334/3334
f 3334/3334/3334 3329/3329/3329 3331/3331/3331
f 3335/3335/3335 3310/3310/3310 3334/3334/3334
f 3299/3299/3299 3310/3310/3310 3335/3335/3335
f 3299/3299/3299 3335/3335/3335 3295/3295/3295
f 3336/3336/3336 3295/3295/3295 3335/3335/3335
f 3295/3295/3295 3336/3336/3336 3291/3291/3291
f 3337/3337/3337 3291/3291/3291 3336/3336/3336
f 3337/3337/3337 3287/3287/3287 3291/3291/3291
f 3336/3336/3336 3335/3335/3335 3338/3338/3338
f 3336/3336/3336 3338/3338/3338 3337/3337/3337
f 3335/3335/3335 3334/3334/3334 3339/3339/3339
f 3339/3339/3339 3338/3338/3338 3335/3335/3335
f 3334/3334/3334 3331/3331/3331 3340/3340/3340
f 3339/3339/3339 3334/3334/3334 3340/3340/3340
f 3287/3287/3287 3337/3337/3337 3341/3341/3341
f 3341/3341/3341 3289/3289/3289 3287/3287/3287
f 3342/3342/3342 3337/3337/3337 3338/3338/3338
f 3342/3342/3342 3341/3341/3341 3337/3337/3337
f 3341/3341/3341 3343/3343/3343 3289/3289/3289
f 3341/3341/3341 3342/3342/3342 3343/3343/3343
f 3344/3344/3344 3289/3289/3289 3343/3343/3343
f 3338/3338/3338 3339/3339/3339 3345/3345/3345
f 3338/3338/3338 3345/3345/3345 3342/3342/3342
f 3340/3340/3340 3331/3331/3331 3346/3346/3346
f 3332/3332/3332 3346/3346/3346 3331/3331/3331
f 3339/3339/3339 3340/3340/3340 3347/3347/3347
f 3347/3347/3347 3345/3345/3345 3339/3339/3339
f 3340/3340/3340 3346/3346/3346 3348/3348/3348
f 3347/3347/3347 3340/3340/3340 3348/3348/3348
f 3349/3349/3349 3343/3343/3343 3342/3342/3342
f 3349/3349/3349 3342/3342/3342 3345/3345/3345
f 3343/3343/3343 3350/3350/3350 3344/3344/3344
f 3351/3351/3351 3344/3344/3344 3350/3350/3350
f 3351/3351/3351 3350/3350/3350 3352/3352/3352
f 3349/3349/3349 3353/3353/3353 3343/3343/3343
f 3349/3349/3349 3345/3345/3345 3353/3353/3353
f 3350/3350/3350 3343/3343/3343 3353/3353/3353
f 3353/3353/3353 3354/3354/3354 3350/3350/3350
f 3355/3355/3355 3352/3352/3352 3350/3350/3350
f 3355/3355/3355 3350/3350/3350 3354/3354/3354
f 3352/3352/3352 3355/3355/3355 3356/3356/3356
f 3357/3357/3357 3353/3353/3353 3345/3345/3345
f 3345/3345/3345 3347/3347/3347 3357/3357/3357
f 3353/3353/3353 3357/3357/3357 3354/3354/3354
f 3358/3358/3358 3356/3356/3356 3355/3355/3355
f 3355/3355/3355 3354/3354/3354 3358/3358/3358
f 3356/3356/3356 3358/3358/3358 3359/3359/3359
f 3360/3360/3360 3357/3357/3357 3347/3347/3347
f 3347/3347/3347 3348/3348/3348 3360/3360/3360
f 3361/3361/3361 3354/3354/3354 3357/3357/3357
f 3357/3357/3357 3360/3360/3360 3361/3361/3361
f 3362/3362/3362 3359/3359/3359 3358/3358/3358
f 3363/3363/3363 3358/3358/3358 3354/3354/3354
f 3358/3358/3358 3363/3363/3363 3362/3362/3362
f 3361/3361/3361 3364/3364/3364 3354/3354/3354
f 3363/3363/3363 3354/3354/3354 3364/3364/3364
f 3365/3365/3365 3361/3361/3361 3360/3360/3360
f 3361/3361/3361 3365/3365/3365 3364/3364/3364
f 3360/3360/3360 3348/3348/3348 3366/3366/3366
f 3360/3360/3360 3366/3366/3366 3365/3365/3365
f 3362/3362/3362 3367/3367/3367 3359/3359/3359
f 3368/3368/3368 3359/3359/3359 3367/3367/3367
f 3368/3368/3368 3367/3367/3367 3369/3369/3369
f 3370/3370/3370 3362/3362/3362 3363/3363/3363
f 3362/3362/3362 3370/3370/3370 3367/3367/3367
f 3364/3364/3364 3371/3371/3371 3363/3363/3363
f 3370/3370/3370 3363/3363/3363 3371/3371/3371
f 3372/3372/3372 3364/3364/3364 3365/3365/3365
f 3364/3364/3364 3372/3372/3372 3371/3371/3371
f 3348/3348/3348 3373/3373/3373 3366/3366/3366
f 3348/3348/3348 3346/3346/3346 3373/3373/3373
f 3332/3332/3332 3373/3373/3373 3346/3346/3346
f 3365/3365/3365 3366/3366/3366 3374/3374/3374
f 3365/3365/3365 3374/3374/3374 3372/3372/3372
f 3366/3366/3366 3373/3373/3373 3375/3375/3375
f 3366/3366/3366 3375/3375/3375 3374/3374/3374
f 3376/3376/3376 3373/3373/3373 3332/3332/3332
f 3376/3376/3376 3375/3375/3375 3373/3373/3373
f 3377/3377/3377 3367/3367/3367 3370/3370/3370
f 3371/3371/3371 3378/3378/3378 3370/3370/3370
f 3377/3377/3377 3370/3370/3370 3378/3378/3378
f 3367/3367/3367 3377/3377/3377 3379/3379/3379
f 3379/3379/3379 3369/3369/3369 3367/3367/3367
f 3379/3379/3379 3380/3380/3380 3369/3369/3369
f 3381/3381/3381 3369/3369/3369 3380/3380/3380
f 3381/3381/3381 3380/3380/3380 3382/3382/3382
f 3383/3383/3383 3379/3379/3379 3377/3377/3377
f 3379/3379/3379 3383/3383/3383 3380/3380/3380
f 3383/3383/3383 3377/3377/3377 3384/3384/3384
f 3378/3378/3378 3384/3384/3384 3377/3377/3377
f 3385/3385/3385 3380/3380/3380 3383/3383/3383
f 3383/3383/3383 3384/3384/3384 3385/3385/3385
f 3386/3386/3386 3382/3382/3382 3380/3380/3380
f 3380/3380/3380 3385/3385/3385 3386/3386/3386
f 3386/3386/3386 3387/3387/3387 3382/3382/3382
f 3388/3388/3388 3382/3382/3382 3387/3387/3387
f 3388/3388/3388 3387/3387/3387 3389/3389/3389
f 3390/3390/3390 3386/3386/3386 3385/3385/3385
f 3386/3386/3386 3390/3390/3390 3387/3387/3387
f 3391/3391/3391 3389/3389/3389 3387/3387/3387
f 3389/3389/3389 3391/3391/3391 3392/3392/3392
f 3393/3393/3393 3392/3392/3392 3391/3391/3391
f 3394/3394/3394 3387/3387/3387 3390/3390/3390
f 3387/3387/3387 3394/3394/3394 3391/3391/3391
f 3391/3391/3391 3395/3395/3395 3393/3393/3393
f 3395/3395/3395 3391/3391/3391 3394/3394/3394
f 3396/3396/3396 3393/3393/3393 3395/3395/3395
f 3390/3390/3390 3385/3385/3385 3397/3397/3397
f 3390/3390/3390 3397/3397/3397 3394/3394/3394
f 3394/3394/3394 3398/3398/3398 3395/3395/3395
f 3398/3398/3398 3394/3394/3394 3397/3397/3397
f 3395/3395/3395 3399/3399/3399 3396/3396/3396
f 3399/3399/3399 3395/3395/3395 3398/3398/3398
f 3400/3400/3400 3396/3396/3396 3399/3399/3399
f 3399/3399/3399 3401/3401/3401 3400/3400/3400
f 3402/3402/3402 3400/3400/3400 3401/3401/3401
f 3398/3398/3398 3403/3403/3403 3399/3399/3399
f 3401/3401/3401 3399/3399/3399 3403/3403/3403
f 3401/3401/3401 3404/3404/3404 3402/3402/3402
f 3402/3402/3402 3404/3404/3404 3405/3405/3405
f 3406/3406/3406 3397/3397/3397 3385/3385/3385
f 3406/3406/3406 3385/3385/3385 3384/3384/3384
f 3397/3397/3397 3407/3407/3407 3398/3398/3398
f 3403/3403/3403 3398/3398/3398 3407/3407/3407
f 3403/3403/3403 3408/3408/3408 3401/3401/3401
f 3401/3401/3401 3408/3408/3408 3404/3404/3404
f 3409/3409/3409 3405/3405/3405 3404/3404/3404
f 3410/3410/3410 3405/3405/3405 3409/3409/3409
f 3384/3384/3384 3411/3411/3411 3406/3406/3406
f 3384/3384/3384 3378/3378/3378 3411/3411/3411
f 3406/3406/3406 3412/3412/3412 3397/3397/3397
f 3407/3407/3407 3397/3397/3397 3412/3412/3412
f 3412/3412/3412 3406/3406/3406 3411/3411/3411
f 3407/3407/3407 3413/3413/3413 3403/3403/3403
f 3403/3403/3403 3413/3413/3413 3408/3408/3408
f 3414/3414/3414 3404/3404/3404 3408/3408/3408
f 3409/3409/3409 3404/3404/3404 3414/3414/3414
f 3415/3415/3415 3410/3410/3410 3409/3409/3409
f 3416/3416/3416 3410/3410/3410 3415/3415/3415
f 3412/3412/3412 3417/3417/3417 3407/3407/3407
f 3407/3407/3407 3417/3417/3417 3413/3413/3413
f 3418/3418/3418 3408/3408/3408 3413/3413/3413
f 3414/3414/3414 3408/3408/3408 3418/3418/3418
f 3419/3419/3419 3409/3409/3409 3414/3414/3414
f 3415/3415/3415 3409/3409/3409 3419/3419/3419
f 3415/3415/3415 3420/3420/3420 3416/3416/3416
f 3421/3421/3421 3416/3416/3416 3420/3420/3420
f 3421/3421/3421 3420/3420/3420 3422/3422/3422
f 3420/3420/3420 3415/3415/3415 3423/3423/3423
f 3419/3419/3419 3423/3423/3423 3415/3415/3415
f 3419/3419/3419 3414/3414/3414 3424/3424/3424
f 3424/3424/3424 3414/3414/3414 3418/3418/3418
f 3418/3418/3418 3413/3413/3413 3425/3425/3425
f 3425/3425/3425 3413/3413/3413 3417/3417/3417
f 3426/3426/3426 3422/3422/3422 3420/3420/3420
f 3420/3420/3420 3423/3423/3423 3426/3426/3426
f 3423/3423/3423 3419/3419/3419 3427/3427/3427
f 3424/3424/3424 3427/3427/3427 3419/3419/3419
f 3424/3424/3424 3418/3418/3418 3428/3428/3428
f 3428/3428/3428 3418/3418/3418 3425/3425/3425
f 3426/3426/3426 3429/3429/3429 3422/3422/3422
f 3430/3430/3430 3422/3422/3422 3429/3429/3429
f 3430/3430/3430 3429/3429/3429 3431/3431/3431
f 3432/3432/3432 3426/3426/3426 3423/3423/3423
f 3423/3423/3423 3427/3427/3427 3432/3432/3432
f 3427/3427/3427 3424/3424/3424 3433/3433/3433
f 3428/3428/3428 3433/3433/3433 3424/3424/3424
f 3429/3429/3429 3426/3426/3426 3434/3434/3434
f 3432/3432/3432 3434/3434/3434 3426/3426/3426
f 3435/3435/3435 3431/3431/3431 3429/3429/3429
f 3429/3429/3429 3434/3434/3434 3435/3435/3435
f 3436/3436/3436 3432/3432/3432 3427/3427/3427
f 3427/3427/3427 3433/3433/3433 3436/3436/3436
f 3434/3434/3434 3432/3432/3432 3437/3437/3437
f 3436/3436/3436 3437/3437/3437 3432/3432/3432
f 3435/3435/3435 3438/3438/3438 3431/3431/3431
f 3439/3439/3439 3431/3431/3431 3438/3438/3438
f 3439/3439/3439 3438/3438/3438 3440/3440/3440
f 3441/3441/3441 3435/3435/3435 3434/3434/3434
f 3434/3434/3434 3437/3437/3437 3441/3441/3441
f 3438/3438/3438 3435/3435/3435 3442/3442/3442
f 3441/3441/3441 3442/3442/3442 3435/3435/3435
f 3443/3443/3443 3440/3440/3440 3438/3438/3438
f 3438/3438/3438 3442/3442/3442 3443/3443/3443
f 3443/3443/3443 3444/3444/3444 3440/3440/3440
f 3445/3445/3445 3440/3440/3440 3444/3444/3444
f 3444/3444/3444 3446/3446/3446 3445/3445/3445
f 3447/3447/3447 3445/3445/3445 3446/3446/3446
f 3446/3446/3446 3444/3444/3444 3448/3448/3448
f 3449/3449/3449 3448/3448/3448 3444/3444/3444
f 3444/3444/3444 3443/3443/3443 3449/3449/3449
f 3448/3448/3448 3449/3449/3449 3450/3450/3450
f 3451/3451/3451 3443/3443/3443 3442/3442/3442
f 3451/3451/3451 3449/3449/3449 3443/3443/3443
f 3452/3452/3452 3450/3450/3450 3449/3449/3449
f 3449/3449/3449 3451/3451/3451 3452/3452/3452
f 3450/3450/3450 3452/3452/3452 3453/3453/3453
f 3442/3442/3442 3441/3441/3441 3454/3454/3454
f 3442/3442/3442 3454/3454/3454 3451/3451/3451
f 3455/3455/3455 3453/3453/3453 3452/3452/3452
f 3453/3453/3453 3455/3455/3455 3456/3456/3456
f 3457/3457/3457 3452/3452/3452 3451/3451/3451
f 3457/3457/3457 3451/3451/3451 3454/3454/3454
f 3452/3452/3452 3457/3457/3457 3455/3455/3455
f 3458/3458/3458 3454/3454/3454 3441/3441/3441
f 3458/3458/3458 3441/3441/3441 3437/3437/3437
f 3459/3459/3459 3456/3456/3456 3455/3455/3455
f 3456/3456/3456 3459/3459/3459 3460/3460/3460
f 3461/3461/3461 3455/3455/3455 3457/3457/3457
f 3455/3455/3455 3461/3461/3461 3459/3459/3459
f 3454/3454/3454 3462/3462/3462 3457/3457/3457
f 3454/3454/3454 3458/3458/3458 3462/3462/3462
f 3461/3461/3461 3457/3457/3457 3462/3462/3462
f 3437/3437/3437 3463/3463/3463 3458/3458/3458
f 3437/3437/3437 3436/3436/3436 3463/3463/3463
f 3464/3464/3464 3460/3460/3460 3459/3459/3459
f 3460/3460/3460 3464/3464/3464 3465/3465/3465
f 3466/3466/3466 3462/3462/3462 3458/3458/3458
f 3466/3466/3466 3458/3458/3458 3463/3463/3463
f 3467/3467/3467 3459/3459/3459 3461/3461/3461
f 3459/3459/3459 3467/3467/3467 3464/3464/3464
f 3462/3462/3462 3468/3468/3468 3461/3461/3461
f 3462/3462/3462 3466/3466/3466 3468/3468/3468
f 3467/3467/3467 3461/3461/3461 3468/3468/3468
f 3469/3469/3469 3463/3463/3463 3436/3436/3436
f 3469/3469/3469 3436/3436/3436 3433/3433/3433
f 3470/3470/3470 3465/3465/3465 3464/3464/3464
f 3465/3465/3465 3470/3470/3470 3471/3471/3471
f 3463/3463/3463 3472/3472/3472 3466/3466/3466
f 3463/3463/3463 3469/3469/3469 3472/3472/3472
f 3473/3473/3473 3468/3468/3468 3466/3466/3466
f 3473/3473/3473 3466/3466/3466 3472/3472/3472
f 3474/3474/3474 3464/3464/3464 3467/3467/3467
f 3464/3464/3464 3474/3474/3474 3470/3470/3470
f 3468/3468/3468 3475/3475/3475 3467/3467/3467
f 3468/3468/3468 3473/3473/3473 3475/3475/3475
f 3474/3474/3474 3467/3467/3467 3475/3475/3475
f 3433/3433/3433 3476/3476/3476 3469/3469/3469
f 3433/3433/3433 3428/3428/3428 3476/3476/3476
f 3477/3477/3477 3471/3471/3471 3470/3470/3470
f 3471/3471/3471 3477/3477/3477 3478/3478/3478
f 3479/3479/3479 3472/3472/3472 3469/3469/3469
f 3479/3479/3479 3469/3469/3469 3476/3476/3476
f 3472/3472/3472 3480/3480/3480 3473/3473/3473
f 3472/3472/3472 3479/3479/3479 3480/3480/3480
f 3481/3481/3481 3475/3475/3475 3473/3473/3473
f 3481/3481/3481 3473/3473/3473 3480/3480/3480
f 3482/3482/3482 3470/3470/3470 3474/3474/3474
f 3470/3470/3470 3482/3482/3482 3477/3477/3477
f 3475/3475/3475 3483/3483/3483 3474/3474/3474
f 3475/3475/3475 3481/3481/3481 3483/3483/3483
f 3482/3482/3482 3474/3474/3474 3483/3483/3483
f 3484/3484/3484 3478/3478/3478 3477/3477/3477
f 3478/3478/3478 3484/3484/3484 3210/3210/3210
f 3209/3209/3209 3210/3210/3210 3484/3484/3484
f 3485/3485/3485 3477/3477/3477 3482/3482/3482
f 3477/3477/3477 3485/3485/3485 3484/3484/3484
f 3483/3483/3483 3486/3486/3486 3482/3482/3482
f 3485/3485/3485 3482/3482/3482 3486/3486/3486
f 3487/3487/3487 3483/3483/3483 3481/3481/3481
f 3483/3483/3483 3487/3487/3487 3486/3486/3486
f 3480/3480/3480 3488/3488/3488 3481/3481/3481
f 3487/3487/3487 3481/3481/3481 3488/3488/3488
f 3484/3484/3484 3489/3489/3489 3209/3209/3209
f 3489/3489/3489 3484/3484/3484 3485/3485/3485
f 3486/3486/3486 3490/3490/3490 3485/3485/3485
f 3489/3489/3489 3485/3485/3485 3490/3490/3490
f 3491/3491/3491 3486/3486/3486 3487/3487/3487
f 3486/3486/3486 3491/3491/3491 3490/3490/3490
f 3492/3492/3492 3209/3209/3209 3489/3489/3489
f 3492/3492/3492 3207/3207/3207 3209/3209/3209
f 3492/3492/3492 3489/3489/3489 3493/3493/3493
f 3490/3490/3490 3493/3493/3493 3489/3489/3489
f 3492/3492/3492 3493/3493/3493 3207/3207/3207
f 3480/3480/3480 3494/3494/3494 3488/3488/3488
f 3494/3494/3494 3480/3480/3480 3479/3479/3479
f 3488/3488/3488 3495/3495/3495 3487/3487/3487
f 3491/3491/3491 3487/3487/3487 3495/3495/3495
f 3496/3496/3496 3490/3490/3490 3491/3491/3491
f 3490/3490/3490 3496/3496/3496 3493/3493/3493
f 3497/3497/3497 3207/3207/3207 3493/3493/3493
f 3497/3497/3497 3212/3212/3212 3207/3207/3207
f 3493/3493/3493 3498/3498/3498 3497/3497/3497
f 3498/3498/3498 3493/3493/3493 3496/3496/3496
f 3496/3496/3496 3491/3491/3491 3499/3499/3499
f 3495/3495/3495 3499/3499/3499 3491/3491/3491
f 3488/3488/3488 3500/3500/3500 3495/3495/3495
f 3500/3500/3500 3488/3488/3488 3494/3494/3494
f 3494/3494/3494 3479/3479/3479 3501/3501/3501
f 3476/3476/3476 3501/3501/3501 3479/3479/3479
f 3497/3497/3497 3502/3502/3502 3212/3212/3212
f 3502/3502/3502 3497/3497/3497 3498/3498/3498
f 3498/3498/3498 3496/3496/3496 3503/3503/3503
f 3499/3499/3499 3503/3503/3503 3496/3496/3496
f 3495/3495/3495 3504/3504/3504 3499/3499/3499
f 3504/3504/3504 3495/3495/3495 3500/3500/3500
f 3500/3500/3500 3494/3494/3494 3505/3505/3505
f 3501/3501/3501 3505/3505/3505 3494/3494/3494
f 3476/3476/3476 3506/3506/3506 3501/3501/3501
f 3506/3506/3506 3476/3476/3476 3428/3428/3428
f 3428/3428/3428 3425/3425/3425 3506/3506/3506
f 3502/3502/3502 3498/3498/3498 3507/3507/3507
f 3503/3503/3503 3507/3507/3507 3498/3498/3498
f 3499/3499/3499 3508/3508/3508 3503/3503/3503
f 3508/3508/3508 3499/3499/3499 3504/3504/3504
f 3504/3504/3504 3500/3500/3500 3509/3509/3509
f 3505/3505/3505 3509/3509/3509 3500/3500/3500
f 3510/3510/3510 3501/3501/3501 3506/3506/3506
f 3501/3501/3501 3510/3510/3510 3505/3505/3505
f 3506/3506/3506 3425/3425/3425 3511/3511/3511
f 3506/3506/3506 3511/3511/3511 3510/3510/3510
f 3425/3425/3425 3417/3417/3417 3511/3511/3511
f 3511/3511/3511 3417/3417/3417 3512/3512/3512
f 3412/3412/3412 3512/3512/3512 3417/3417/3417
f 3411/3411/3411 3512/3512/3512 3412/3412/3412
f 3511/3511/3511 3512/3512/3512 3513/3513/3513
f 3510/3510/3510 3511/3511/3511 3513/3513/3513
f 3514/3514/3514 3505/3505/3505 3510/3510/3510
f 3505/3505/3505 3514/3514/3514 3509/3509/3509
f 3411/3411/3411 3515/3515/3515 3512/3512/3512
f 3513/3513/3513 3512/3512/3512 3515/3515/3515
f 3510/3510/3510 3513/3513/3513 3516/3516/3516
f 3514/3514/3514 3510/3510/3510 3516/3516/3516
f 3513/3513/3513 3515/3515/3515 3516/3516/3516
f 3517/3517/3517 3515/3515/3515 3411/3411/3411
f 3517/3517/3517 3411/3411/3411 3378/3378/3378
f 3378/3378/3378 3371/3371/3371 3517/3517/3517
f 3517/3517/3517 3518/3518/3518 3515/3515/3515
f 3516/3516/3516 3515/3515/3515 3518/3518/3518
f 3519/3519/3519 3517/3517/3517 3371/3371/3371
f 3519/3519/3519 3518/3518/3518 3517/3517/3517
f 3519/3519/3519 3371/3371/3371 3372/3372/3372
f 3372/3372/3372 3520/3520/3520 3519/3519/3519
f 3519/3519/3519 3520/3520/3520 3518/3518/3518
f 3372/3372/3372 3374/3374/3374 3520/3520/3520
f 3514/3514/3514 3516/3516/3516 3521/3521/3521
f 3521/3521/3521 3509/3509/3509 3514/3514/3514
f 3518/3518/3518 3522/3522/3522 3516/3516/3516
f 3520/3520/3520 3522/3522/3522 3518/3518/3518
f 3521/3521/3521 3516/3516/3516 3522/3522/3522
f 3374/3374/3374 3523/3523/3523 3520/3520/3520
f 3520/3520/3520 3523/3523/3523 3522/3522/3522
f 3374/3374/3374 3375/3375/3375 3523/3523/3523
f 3521/3521/3521 3522/3522/3522 3524/3524/3524
f 3521/3521/3521 3524/3524/3524 3509/3509/3509
f 3524/3524/3524 3522/3522/3522 3523/3523/3523
f 3525/3525/3525 3523/3523/3523 3375/3375/3375
f 3524/3524/3524 3523/3523/3523 3525/3525/3525
f 3525/3525/3525 3375/3375/3375 3376/3376/3376
f 3526/3526/3526 3509/3509/3509 3524/3524/3524
f 3524/3524/3524 3525/3525/3525 3526/3526/3526
f 3509/3509/3509 3526/3526/3526 3504/3504/3504
f 3508/3508/3508 3504/3504/3504 3526/3526/3526
f 3376/3376/3376 3527/3527/3527 3525/3525/3525
f 3376/3376/3376 3332/3332/3332 3527/3527/3527
f 3528/3528/3528 3526/3526/3526 3525/3525/3525
f 3526/3526/3526 3528/3528/3528 3508/3508/3508
f 3528/3528/3528 3525/3525/3525 3527/3527/3527
f 3529/3529/3529 3508/3508/3508 3528/3528/3528
f 3529/3529/3529 3503/3503/3503 3508/3508/3508
f 3503/3503/3503 3529/3529/3529 3507/3507/3507
f 3529/3529/3529 3528/3528/3528 3530/3530/3530
f 3527/3527/3527 3530/3530/3530 3528/3528/3528
f 3530/3530/3530 3507/3507/3507 3529/3529/3529
f 3530/3530/3530 3527/3527/3527 3531/3531/3531
f 3531/3531/3531 3532/3532/3532 3530/3530/3530
f 3507/3507/3507 3530/3530/3530 3532/3532/3532
f 3532/3532/3532 3533/3533/3533 3507/3507/3507
f 3502/3502/3502 3507/3507/3507 3533/3533/3533
f 3533/3533/3533 3212/3212/3212 3502/3502/3502
f 3534/3534/3534 3527/3527/3527 3332/3332/3332
f 3534/3534/3534 3332/3332/3332 3333/3333/3333
f 3534/3534/3534 3535/3535/3535 3527/3527/3527
f 3534/3534/3534 3333/3333/3333 3535/3535/3535
f 3328/3328/3328 3535/3535/3535 3333/3333/3333
f 3328/3328/3328 3536/3536/3536 3535/3535/3535
f 3536/3536/3536 3328/3328/3328 3323/3323/3323
f 3537/3537/3537 3535/3535/3535 3536/3536/3536
f 3533/3533/3533 3538/3538/3538 3212/3212/3212
f 3538/3538/3538 3533/3533/3533 3537/3537/3537
f 3323/3323/3323 3539/3539/3539 3536/3536/3536
f 3539/3539/3539 3323/3323/3323 3324/3324/3324
f 3536/3536/3536 3540/3540/3540 3537/3537/3537
f 3540/3540/3540 3536/3536/3536 3539/3539/3539
f 3539/3539/3539 3324/3324/3324 3541/3541/3541
f 3539/3539/3539 3541/3541/3541 3540/3540/3540
f 3542/3542/3542 3212/3212/3212 3538/3538/3538
f 3542/3542/3542 3202/3202/3202 3212/3212/3212
f 3202/3202/3202 3542/3542/3542 3187/3187/3187
f 3537/3537/3537 3543/3543/3543 3538/3538/3538
f 3543/3543/3543 3537/3537/3537 3540/3540/3540
f 3542/3542/3542 3538/3538/3538 3544/3544/3544
f 3544/3544/3544 3163/3163/3163 3542/3542/3542
f 3545/3545/3545 3538/3538/3538 3543/3543/3543
f 3545/3545/3545 3544/3544/3544 3538/3538/3538
f 3543/3543/3543 3540/3540/3540 3546/3546/3546
f 3543/3543/3543 3546/3546/3546 3545/3545/3545
f 3544/3544/3544 3545/3545/3545 3547/3547/3547
f 3547/3547/3547 3161/3161/3161 3544/3544/3544
f 3548/3548/3548 3547/3547/3547 3545/3545/3545
f 3548/3548/3548 3545/3545/3545 3546/3546/3546
f 3546/3546/3546 3549/3549/3549 3548/3548/3548
f 3550/3550/3550 3546/3546/3546 3540/3540/3540
f 3546/3546/3546 3550/3550/3550 3551/3551/3551
f 3552/3552/3552 3548/3548/3548 3551/3551/3551
f 3552/3552/3552 3553/3553/3553 3548/3548/3548
f 3547/3547/3547 3548/3548/3548 3553/3553/3553
f 3553/3553/3553 3554/3554/3554 3547/3547/3547
f 3161/3161/3161 3555/3555/3555 3554/3554/3554
f 3550/3550/3550 3540/3540/3540 3541/3541/3541
f 3541/3541/3541 3556/3556/3556 3550/3550/3550
f 3557/3557/3557 3550/3550/3550 3556/3556/3556
f 3557/3557/3557 3558/3558/3558 3550/3550/3550
f 3541/3541/3541 3559/3559/3559 3556/3556/3556
f 3559/3559/3559 3541/3541/3541 3324/3324/3324
f 3560/3560/3560 3556/3556/3556 3559/3559/3559
f 3324/3324/3324 3319/3319/3319 3559/3559/3559
f 3559/3559/3559 3561/3561/3561 3560/3560/3560
f 3561/3561/3561 3559/3559/3559 3319/3319/3319
f 3562/3562/3562 3560/3560/3560 3561/3561/3561
f 3561/3561/3561 3563/3563/3563 3562/3562/3562
f 3561/3561/3561 3319/3319/3319 3564/3564/3564
f 3316/3316/3316 3562/3562/3562 3564/3564/3564
f 3565/3565/3565 3564/3564/3564 3319/3319/3319
f 3554/3554/3554 3167/3167/3167 3566/3566/3566
f 3569/3569/3569 3568/3568/3568 3567/3567/3567
f 3570/3570/3570 3567/3567/3567 3568/3568/3568
f 3567/3567/3567 3570/3570/3570 3571/3571/3571
f 3572/3572/3572 3571/3571/3571 3570/3570/3570
f 3571/3571/3571 3572/3572/3572 3573/3573/3573
f 3574/3574/3574 3573/3573/3573 3572/3572/3572
f 3577/3577/3577 3576/3576/3576 3575/3575/3575
f 3576/3576/3576 3577/3577/3577 3578/3578/3578
f 3579/3579/3579 3578/3578/3578 3577/3577/3577
f 3579/3579/3579 3580/3580/3580 3578/3578/3578
f 3578/3578/3578 3581/3581/3581 3576/3576/3576
f 3582/3582/3582 3576/3576/3576 3581/3581/3581
f 3582/3582/3582 3581/3581/3581 3583/3583/3583
f 3584/3584/3584 3578/3578/3578 3580/3580/3580
f 3578/3578/3578 3584/3584/3584 3581/3581/3581
f 3585/3585/3585 3583/3583/3583 3581/3581/3581
f 3583/3583/3583 3585/3585/3585 3586/3586/3586
f 3587/3587/3587 3581/3581/3581 3584/3584/3584
f 3581/3581/3581 3587/3587/3587 3585/3585/3585
f 3588/3588/3588 3586/3586/3586 3585/3585/3585
f 3586/3586/3586 3588/3588/3588 3589/3589/3589
f 3590/3590/3590 3585/3585/3585 3587/3587/3587
f 3585/3585/3585 3590/3590/3590 3588/3588/3588
f 3591/3591/3591 3589/3589/3589 3588/3588/3588
f 3589/3589/3589 3591/3591/3591 3592/3592/3592
f 3593/3593/3593 3588/3588/3588 3590/3590/3590
f 3588/3588/3588 3593/3593/3593 3591/3591/3591
f 3594/3594/3594 3592/3592/3592 3591/3591/3591
f 3592/3592/3592 3594/3594/3594 3595/3595/3595
f 3596/3596/3596 3591/3591/3591 3593/3593/3593
f 3591/3591/3591 3596/3596/3596 3594/3594/3594
f 3597/3597/3597 3595/3595/3595 3594/3594/3594
f 3595/3595/3595 3597/3597/3597 3598/3598/3598
f 3599/3599/3599 3594/3594/3594 3596/3596/3596
f 3594/3594/3594 3599/3599/3599 3597/3597/3597
f 3590/3590/3590 3587/3587/3587 3600/3600/3600
f 3600/3600/3600 3601/3601/3601 3590/3590/3590
f 3593/3593/3593 3590/3590/3590 3601/3601/3601
f 3602/3602/3602 3600/3600/3600 3587/3587/3587
f 3601/3601/3601 3603/3603/3603 3593/3593/3593
f 3596/3596/3596 3593/3593/3593 3603/3603/3603
f 3587/3587/3587 3584/3584/3584 3602/3602/3602
f 3603/3603/3603 3604/3604/3604 3596/3596/3596
f 3599/3599/3599 3596/3596/3596 3604/3604/3604
f 3605/3605/3605 3602/3602/3602 3584/3584/3584
f 3580/3580/3580 3605/3605/3605 3584/3584/3584
f 3605/3605/3605 3580/3580/3580 3606/3606/3606
f 3607/3607/3607 3606/3606/3606 3580/3580/3580
f 3604/3604/3604 3608/3608/3608 3599/3599/3599
f 3609/3609/3609 3599/3599/3599 3608/3608/3608
f 3608/3608/3608 3610/3610/3610 3609/3609/3609
f 3609/3609/3609 3597/3597/3597 3599/3599/3599
f 3611/3611/3611 3609/3609/3609 3610/3610/3610
f 3610/3610/3610 3612/3612/3612 3611/3611/3611
f 3597/3597/3597 3609/3609/3609 3613/3613/3613
f 3611/3611/3611 3613/3613/3613 3609/3609/3609
f 3613/3613/3613 3598/3598/3598 3597/3597/3597
f 3613/3613/3613 3614/3614/3614 3598/3598/3598
f 3613/3613/3613 3611/3611/3611 3614/3614/3614
f 3615/3615/3615 3598/3598/3598 3614/3614/3614
f 3615/3615/3615 3614/3614/3614 3616/3616/3616
f 3617/3617/3617 3611/3611/3611 3612/3612/3612
f 3617/3617/3617 3614/3614/3614 3611/3611/3611
f 3612/3612/3612 3618/3618/3618 3617/3617/3617
f 3619/3619/3619 3616/3616/3616 3614/3614/3614
f 3614/3614/3614 3617/3617/3617 3619/3619/3619
f 3620/3620/3620 3617/3617/3617 3618/3618/3618
f 3620/3620/3620 3619/3619/3619 3617/3617/3617
f 3618/3618/3618 3621/3621/3621 3620/3620/3620
f 3619/3619/3619 3622/3622/3622 3616/3616/3616
f 3619/3619/3619 3620/3620/3620 3622/3622/3622
f 3623/3623/3623 3616/3616/3616 3622/3622/3622
f 3624/3624/3624 3620/3620/3620 3621/3621/3621
f 3624/3624/3624 3622/3622/3622 3620/3620/3620
f 3621/3621/3621 3625/3625/3625 3624/3624/3624
f 3622/3622/3622 3626/3626/3626 3623/3623/3623
f 3627/3627/3627 3623/3623/3623 3626/3626/3626
f 3624/3624/3624 3628/3628/3628 3622/3622/3622
f 3628/3628/3628 3624/3624/3624 3625/3625/3625
f 3626/3626/3626 3622/3622/3622 3628/3628/3628
f 3629/3629/3629 3628/3628/3628 3625/3625/3625
f 3628/3628/3628 3629/3629/3629 3626/3626/3626
f 3625/3625/3625 3630/3630/3630 3629/3629/3629
f 3631/3631/3631 3626/3626/3626 3629/3629/3629
f 3631/3631/3631 3627/3627/3627 3626/3626/3626
f 3632/3632/3632 3629/3629/3629 3630/3630/3630
f 3632/3632/3632 3630/3630/3630 3633/3633/3633
f 3634/3634/3634 3633/3633/3633 3630/3630/3630
f 3631/3631/3631 3635/3635/3635 3627/3627/3627
f 3636/3636/3636 3627/3627/3627 3635/3635/3635
f 3635/3635/3635 3637/3637/3637 3636/3636/3636
f 3638/3638/3638 3636/3636/3636 3637/3637/3637
f 3637/3637/3637 3639/3639/3639 3638/3638/3638
f 3640/3640/3640 3638/3638/3638 3639/3639/3639
f 3639/3639/3639 3641/3641/3641 3640/3640/3640
f 3642/3642/3642 3640/3640/3640 3641/3641/3641
f 3641/3641/3641 3643/3643/3643 3642/3642/3642
f 3644/3644/3644 3642/3642/3642 3643/3643/3643
f 3643/3643/3643 3645/3645/3645 3644/3644/3644
f 3646/3646/3646 3644/3644/3644 3645/3645/3645
f 3649/3649/3649 3648/3648/3648 3647/3647/3647
f 3650/3650/3650 3647/3647/3647 3648/3648/3648
f 3647/3647/3647 3650/3650/3650 3651/3651/3651
f 3651/3651/3651 3650/3650/3650 3652/3652/3652
f 3648/3648/3648 3653/3653/3653 3650/3650/3650
f 3654/3654/3654 3652/3652/3652 3650/3650/3650
f 3650/3650/3650 3653/3653/3653 3655/3655/3655
f 3656/3656/3656 3655/3655/3655 3653/3653/3653
f 3657/3657/3657 3650/3650/3650 3655/3655/3655
f 3657/3657/3657 3658/3658/3658 3650/3650/3650
f 3659/3659/3659 3650/3650/3650 3658/3658/3658
f 3659/3659/3659 3660/3660/3660 3650/3650/3650
f 3650/3650/3650 3661/3661/3661 3654/3654/3654
f 3662/3662/3662 3654/3654/3654 3661/3661/3661
f 3663/3663/3663 3661/3661/3661 3650/3650/3650
f 3663/3663/3663 3650/3650/3650 3664/3664/3664
f 3665/3665/3665 3664/3664/3664 3650/3650/3650
f 3665/3665/3665 3650/3650/3650 3666/3666/3666
f 3650/3650/3650 3660/3660/3660 3666/3666/3666
f 3667/3667/3667 3666/3666/3666 3660/3660/3660
f 3670/3670/3670 3669/3669/3669 3668/3668/3668
f 3671/3671/3671 3669/3669/3669 3670/3670/3670
f 3674/3674/3674 3673/3673/3673 3672/3672/3672
f 3675/3675/3675 3674/3674/3674 3672/3672/3672
f 3678/3678/3678 3677/3677/3677 3676/3676/3676
f 3679/3679/3679 3678/3678/3678 3676/3676/3676
f 3682/3682/3682 3681/3681/3681 3680/3680/3680
f 3683/3683/3683 3682/3682/3682 3680/3680/3680
f 3684/3684/3684 3682/3682/3682 3683/3683/3683
f 3685/3685/3685 3684/3684/3684 3683/3683/3683
f 3686/3686/3686 3684/3684/3684 3685/3685/3685
f 3687/3687/3687 3686/3686/3686 3685/3685/3685
f 3688/3688/3688 3686/3686/3686 3687/3687/3687
f 3689/3689/3689 3688/3688/3688 3687/3687/3687
f 3688/3688/3688 3690/3690/3690 3684/3684/3684
f 3684/3684/3684 3690/3690/3690 3691/3691/3691
f 3691/3691/3691 3690/3690/3690 3692/3692/3692
f 3693/3693/3693 3688/3688/3688 3689/3689/3689
f 3694/3694/3694 3693/3693/3693 3689/3689/3689
f 3695/3695/3695 3693/3693/3693 3694/3694/3694
f 3695/3695/3695 3690/3690/3690 3688/3688/3688
f 3696/3696/3696 3695/3695/3695 3694/3694/3694
f 3697/3697/3697 3695/3695/3695 3696/3696/3696
f 3698/3698/3698 3697/3697/3697 3696/3696/3696
f 3699/3699/3699 3697/3697/3697 3698/3698/3698
f 3695/3695/3695 3699/3699/3699 3690/3690/3690
f 3700/3700/3700 3699/3699/3699 3698/3698/3698
f 3701/3701/3701 3699/3699/3699 3700/3700/3700
f 3699/3699/3699 3701/3701/3701 3690/3690/3690
f 3702/3702/3702 3701/3701/3701 3700/3700/3700
f 3703/3703/3703 3701/3701/3701 3702/3702/3702
f 3701/3701/3701 3703/3703/3703 3690/3690/3690
f 3704/3704/3704 3703/3703/3703 3702/3702/3702
f 3690/3690/3690 3706/3706/3706 3705/3705/3705
f 3706/3706/3706 3690/3690/3690 3707/3707/3707
f 3707/3707/3707 3690/3690/3690 3708/3708/3708
f 3707/3707/3707 3708/3708/3708 3709/3709/3709
f 3710/3710/3710 3707/3707/3707 3709/3709/3709
f 3711/3711/3711 3707/3707/3707 3710/3710/3710
f 3712/3712/3712 3711/3711/3711 3710/3710/3710
f 3706/3706/3706 3711/3711/3711 3712/3712/3712
f 3713/3713/3713 3706/3706/3706 3712/3712/3712
f 3716/3716/3716 3715/3715/3715 3714/3714/3714
f 3717/3717/3717 3716/3716/3716 3714/3714/3714
f 3720/3720/3720 3719/3719/3719 3718/3718/3718
f 3722/3722/3722 3718/3718/3718 3721/3721/3721
f 3723/3723/3723 3722/3722/3722 3721/3721/3721
f 3720/3720/3720 3722/3722/3722 3723/3723/3723
f 3724/3724/3724 3720/3720/3720 3723/3723/3723
f 3727/3727/3727 3726/3726/3726 3725/3725/3725
f 3728/3728/3728 3725/3725/3725 3726/3726/3726
f 3728/3728/3728 3726/3726/3726 3729/3729/3729
f 3730/3730/3730 3729/3729/3729 3726/3726/3726
f 3728/3728/3728 3731/3731/3731 3725/3725/3725
f 3731/3731/3731 3728/3728/3728 3729/3729/3729
f 3729/3729/3729 3730/3730/3730 3732/3732/3732
f 3733/3733/3733 3732/3732/3732 3730/3730/3730
f 3729/3729/3729 3734/3734/3734 3731/3731/3731
f 3729/3729/3729 3732/3732/3732 3734/3734/3734
f 3732/3732/3732 3733/3733/3733 3735/3735/3735
f 3736/3736/3736 3735/3735/3735 3733/3733/3733
f 3734/3734/3734 3732/3732/3732 3737/3737/3737
f 3735/3735/3735 3737/3737/3737 3732/3732/3732
f 3735/3735/3735 3736/3736/3736 3738/3738/3738
f 3739/3739/3739 3738/3738/3738 3736/3736/3736
f 3737/3737/3737 3735/3735/3735 3740/3740/3740
f 3738/3738/3738 3740/3740/3740 3735/3735/3735
f 3738/3738/3738 3739/3739/3739 3741/3741/3741
f 3742/3742/3742 3741/3741/3741 3739/3739/3739
f 3740/3740/3740 3738/3738/3738 3743/3743/3743
f 3741/3741/3741 3743/3743/3743 3738/3738/3738
f 3741/3741/3741 3742/3742/3742 3744/3744/3744
f 3745/3745/3745 3744/3744/3744 3742/3742/3742
f 3743/3743/3743 3741/3741/3741 3746/3746/3746
f 3744/3744/3744 3746/3746/3746 3741/3741/3741
f 3744/3744/3744 3745/3745/3745 3747/3747/3747
f 3748/3748/3748 3747/3747/3747 3745/3745/3745
f 3747/3747/3747 3748/3748/3748 3749/3749/3749
f 3750/3750/3750 3749/3749/3749 3748/3748/3748
f 3747/3747/3747 3749/3749/3749 3751/3751/3751
f 3747/3747/3747 3751/3751/3751 3744/3744/3744
f 3746/3746/3746 3744/3744/3744 3751/3751/3751
f 3751/3751/3751 837/837/837 3746/3746/3746
f 3752/3752/3752 3746/3746/3746 837/837/837
f 3746/3746/3746 3752/3752/3752 3743/3743/3743
f 3752/3752/3752 837/837/837 836/836/836
f 3743/3743/3743 3753/3753/3753 3740/3740/3740
f 3753/3753/3753 3743/3743/3743 3752/3752/3752
f 836/836/836 3754/3754/3754 3752/3752/3752
f 3753/3753/3753 3752/3752/3752 3754/3754/3754
f 3754/3754/3754 836/836/836 835/835/835
f 3755/3755/3755 3740/3740/3740 3753/3753/3753
f 3753/3753/3753 3754/3754/3754 3755/3755/3755
f 3740/3740/3740 3755/3755/3755 3737/3737/3737
f 3754/3754/3754 835/835/835 3756/3756/3756
f 3756/3756/3756 3755/3755/3755 3754/3754/3754
f 856/856/856 3756/3756/3756 835/835/835
f 3757/3757/3757 3737/3737/3737 3755/3755/3755
f 3755/3755/3755 3756/3756/3756 3757/3757/3757
f 3737/3737/3737 3757/3757/3757 3734/3734/3734
f 3756/3756/3756 856/856/856 3758/3758/3758
f 3758/3758/3758 3757/3757/3757 3756/3756/3756
f 857/857/857 3758/3758/3758 856/856/856
f 3758/3758/3758 857/857/857 3759/3759/3759
f 3758/3758/3758 3759/3759/3759 3757/3757/3757
f 859/859/859 3759/3759/3759 857/857/857
f 3760/3760/3760 3734/3734/3734 3757/3757/3757
f 3760/3760/3760 3757/3757/3757 3759/3759/3759
f 3760/3760/3760 3761/3761/3761 3734/3734/3734
f 3760/3760/3760 3759/3759/3759 3761/3761/3761
f 3731/3731/3731 3734/3734/3734 3761/3761/3761
f 3762/3762/3762 3759/3759/3759 859/859/859
f 3762/3762/3762 3761/3761/3761 3759/3759/3759
f 3731/3731/3731 3761/3761/3761 3763/3763/3763
f 3763/3763/3763 3725/3725/3725 3731/3731/3731
f 859/859/859 3764/3764/3764 3762/3762/3762
f 859/859/859 860/860/860 3764/3764/3764
f 3761/3761/3761 3762/3762/3762 3765/3765/3765
f 3765/3765/3765 3763/3763/3763 3761/3761/3761
f 3763/3763/3763 3766/3766/3766 3725/3725/3725
f 3767/3767/3767 3725/3725/3725 3766/3766/3766
f 3766/3766/3766 3768/3768/3768 3767/3767/3767
f 3769/3769/3769 3767/3767/3767 3768/3768/3768
f 3769/3769/3769 3768/3768/3768 3770/3770/3770
f 3766/3766/3766 3763/3763/3763 3771/3771/3771
f 3765/3765/3765 3771/3771/3771 3763/3763/3763
f 3766/3766/3766 3771/3771/3771 3768/3768/3768
f 3772/3772/3772 3765/3765/3765 3762/3762/3762
f 3771/3771/3771 3765/3765/3765 3772/3772/3772
f 3772/3772/3772 3762/3762/3762 3764/3764/3764
f 3772/3772/3772 3773/3773/3773 3771/3771/3771
f 3772/3772/3772 3764/3764/3764 3773/3773/3773
f 3768/3768/3768 3771/3771/3771 3773/3773/3773
f 3774/3774/3774 3764/3764/3764 860/860/860
f 3774/3774/3774 3773/3773/3773 3764/3764/3764
f 3775/3775/3775 3774/3774/3774 860/860/860
f 3774/3774/3774 3775/3775/3775 3773/3773/3773
f 860/860/860 875/875/875 3775/3775/3775
f 3776/3776/3776 3770/3770/3770 3768/3768/3768
f 3770/3770/3770 3776/3776/3776 3777/3777/3777
f 3773/3773/3773 3778/3778/3778 3768/3768/3768
f 3778/3778/3778 3773/3773/3773 3775/3775/3775
f 3776/3776/3776 3768/3768/3768 3778/3778/3778
f 3779/3779/3779 3775/3775/3775 875/875/875
f 3775/3775/3775 3779/3779/3779 3778/3778/3778
f 875/875/875 886/886/886 3779/3779/3779
f 3778/3778/3778 3780/3780/3780 3776/3776/3776
f 3780/3780/3780 3778/3778/3778 3779/3779/3779
f 3781/3781/3781 3777/3777/3777 3776/3776/3776
f 3781/3781/3781 3776/3776/3776 3780/3780/3780
f 3781/3781/3781 3782/3782/3782 3777/3777/3777
f 3781/3781/3781 3780/3780/3780 3782/3782/3782
f 3783/3783/3783 3777/3777/3777 3782/3782/3782
f 3784/3784/3784 3779/3779/3779 886/886/886
f 3779/3779/3779 3784/3784/3784 3780/3780/3780
f 3782/3782/3782 3785/3785/3785 3783/3783/3783
f 3786/3786/3786 3783/3783/3783 3785/3785/3785
f 3780/3780/3780 3787/3787/3787 3782/3782/3782
f 3785/3785/3785 3782/3782/3782 3787/3787/3787
f 3787/3787/3787 3780/3780/3780 3784/3784/3784
f 3785/3785/3785 3788/3788/3788 3786/3786/3786
f 3785/3785/3785 3787/3787/3787 3788/3788/3788
f 3789/3789/3789 3786/3786/3786 3788/3788/3788
f 3789/3789/3789 3788/3788/3788 3790/3790/3790
f 3791/3791/3791 3788/3788/3788 3787/3787/3787
f 3787/3787/3787 3784/3784/3784 3791/3791/3791
f 3791/3791/3791 3790/3790/3790 3788/3788/3788
f 3784/3784/3784 886/886/886 3792/3792/3792
f 3792/3792/3792 3791/3791/3791 3784/3784/3784
f 3791/3791/3791 3792/3792/3792 3790/3790/3790
f 887/887/887 3792/3792/3792 886/886/886
f 3793/3793/3793 3790/3790/3790 3792/3792/3792
f 3793/3793/3793 3794/3794/3794 3790/3790/3790
f 887/887/887 3795/3795/3795 3792/3792/3792
f 3793/3793/3793 3792/3792/3792 3795/3795/3795
f 3795/3795/3795 887/887/887 893/893/893
f 893/893/893 3796/3796/3796 3795/3795/3795
f 3796/3796/3796 893/893/893 987/987/987
f 3797/3797/3797 3795/3795/3795 3796/3796/3796
f 3795/3795/3795 3797/3797/3797 3793/3793/3793
f 3793/3793/3793 3798/3798/3798 3794/3794/3794
f 3798/3798/3798 3793/3793/3793 3797/3797/3797
f 3797/3797/3797 3799/3799/3799 3798/3798/3798
f 3800/3800/3800 3794/3794/3794 3798/3798/3798
f 3801/3801/3801 3798/3798/3798 3799/3799/3799
f 3798/3798/3798 3801/3801/3801 3800/3800/3800
f 3802/3802/3802 3800/3800/3800 3801/3801/3801
f 3805/3805/3805 3804/3804/3804 3803/3803/3803
f 3806/3806/3806 3803/3803/3803 3804/3804/3804
f 3804/3804/3804 3807/3807/3807 3806/3806/3806
f 3803/3803/3803 3806/3806/3806 3808/3808/3808
f 3809/3809/3809 3806/3806/3806 3807/3807/3807
f 3810/3810/3810 3808/3808/3808 3806/3806/3806
f 3809/3809/3809 3810/3810/3810 3806/3806/3806
f 3809/3809/3809 3807/3807/3807 3811/3811/3811
f 3811/3811/3811 3810/3810/3810 3809/3809/3809
f 3812/3812/3812 3811/3811/3811 3807/3807/3807
f 3810/3810/3810 3813/3813/3813 3808/3808/3808
f 1109/1109/1109 3808/3808/3808 3813/3813/3813
f 3811/3811/3811 3812/3812/3812 3814/3814/3814
f 1198/1198/1198 3814/3814/3814 3812/3812/3812
f 3814/3814/3814 1198/1198/1198 1197/1197/1197
f 3810/3810/3810 3811/3811/3811 3815/3815/3815
f 3810/3810/3810 3815/3815/3815 3813/3813/3813
f 3814/3814/3814 3815/3815/3815 3811/3811/3811
f 1197/1197/1197 3816/3816/3816 3814/3814/3814
f 3815/3815/3815 3814/3814/3814 3816/3816/3816
f 3816/3816/3816 1197/1197/1197 1209/1209/1209
f 3813/3813/3813 3817/3817/3817 1109/1109/1109
f 3817/3817/3817 3813/3813/3813 3815/3815/3815
f 1209/1209/1209 3818/3818/3818 3816/3816/3816
f 1209/1209/1209 1196/1196/1196 3818/3818/3818
f 3816/3816/3816 3819/3819/3819 3815/3815/3815
f 3817/3817/3817 3815/3815/3815 3819/3819/3819
f 3819/3819/3819 3816/3816/3816 3818/3818/3818
f 1109/1109/1109 3817/3817/3817 3820/3820/3820
f 3819/3819/3819 3820/3820/3820 3817/3817/3817
f 3819/3819/3819 3818/3818/3818 3820/3820/3820
f 3820/3820/3820 1107/1107/1107 1109/1109/1109
f 3820/3820/3820 3821/3821/3821 1107/1107/1107
f 3821/3821/3821 3820/3820/3820 3818/3818/3818
f 1156/1156/1156 1107/1107/1107 3821/3821/3821
f 3821/3821/3821 1185/1185/1185 1156/1156/1156
f 3818/3818/3818 3822/3822/3822 3821/3821/3821
f 3822/3822/3822 3818/3818/3818 1196/1196/1196
f 1185/1185/1185 3821/3821/3821 3822/3822/3822
f 3822/3822/3822 1196/1196/1196 3823/3823/3823
f 3823/3823/3823 1185/1185/1185 3822/3822/3822
f 1184/1184/1184 3823/3823/3823 1196/1196/1196
f 3823/3823/3823 1184/1184/1184 1185/1185/1185
f 3826/3826/3826 3825/3825/3825 3824/3824/3824
f 3827/3827/3827 3824/3824/3824 3825/3825/3825
f 3825/3825/3825 3828/3828/3828 3827/3827/3827
f 3824/3824/3824 3827/3827/3827 3829/3829/3829
f 3830/3830/3830 3827/3827/3827 3828/3828/3828
f 3828/3828/3828 3831/3831/3831 3830/3830/3830
f 3832/3832/3832 3830/3830/3830 3831/3831/3831
f 3833/3833/3833 3829/3829/3829 3827/3827/3827
f 3827/3827/3827 3830/3830/3830 3833/3833/3833
f 3829/3829/3829 3833/3833/3833 3834/3834/3834
f 3830/3830/3830 3832/3832/3832 3835/3835/3835
f 3835/3835/3835 3833/3833/3833 3830/3830/3830
f 3836/3836/3836 3835/3835/3835 3832/3832/3832
f 3837/3837/3837 3834/3834/3834 3833/3833/3833
f 3833/3833/3833 3835/3835/3835 3837/3837/3837
f 3834/3834/3834 3837/3837/3837 3838/3838/3838
f 3835/3835/3835 3836/3836/3836 3839/3839/3839
f 3839/3839/3839 3837/3837/3837 3835/3835/3835
f 3840/3840/3840 3839/3839/3839 3836/3836/3836
f 3841/3841/3841 3838/3838/3838 3837/3837/3837
f 3837/3837/3837 3839/3839/3839 3841/3841/3841
f 3838/3838/3838 3841/3841/3841 3842/3842/3842
f 3839/3839/3839 3840/3840/3840 3843/3843/3843
f 3843/3843/3843 3841/3841/3841 3839/3839/3839
f 3844/3844/3844 3843/3843/3843 3840/3840/3840
f 3843/3843/3843 3844/3844/3844 3845/3845/3845
f 3846/3846/3846 3845/3845/3845 3844/3844/3844
f 3845/3845/3845 3847/3847/3847 3843/3843/3843
f 3845/3845/3845 3846/3846/3846 3847/3847/3847
f 3841/3841/3841 3843/3843/3843 3847/3847/3847
f 3848/3848/3848 3847/3847/3847 3846/3846/3846
f 3849/3849/3849 3842/3842/3842 3841/3841/3841
f 3841/3841/3841 3847/3847/3847 3849/3849/3849
f 3847/3847/3847 3848/3848/3848 3850/3850/3850
f 3850/3850/3850 3849/3849/3849 3847/3847/3847
f 3851/3851/3851 3850/3850/3850 3848/3848/3848
f 3849/3849/3849 3852/3852/3852 3842/3842/3842
f 3849/3849/3849 3850/3850/3850 3852/3852/3852
f 3853/3853/3853 3842/3842/3842 3852/3852/3852
f 3853/3853/3853 3852/3852/3852 3854/3854/3854
f 3850/3850/3850 3851/3851/3851 3855/3855/3855
f 3855/3855/3855 3852/3852/3852 3850/3850/3850
f 3856/3856/3856 3855/3855/3855 3851/3851/3851
f 3857/3857/3857 3854/3854/3854 3852/3852/3852
f 3852/3852/3852 3855/3855/3855 3857/3857/3857
f 3855/3855/3855 3856/3856/3856 3858/3858/3858
f 3858/3858/3858 3857/3857/3857 3855/3855/3855
f 3859/3859/3859 3858/3858/3858 3856/3856/3856
f 3858/3858/3858 3859/3859/3859 3860/3860/3860
f 3857/3857/3857 3861/3861/3861 3854/3854/3854
f 3858/3858/3858 3861/3861/3861 3857/3857/3857
f 3858/3858/3858 3860/3860/3860 3861/3861/3861
f 3862/3862/3862 3854/3854/3854 3861/3861/3861
f 3862/3862/3862 3861/3861/3861 3863/3863/3863
f 3864/3864/3864 3861/3861/3861 3860/3860/3860
f 3864/3864/3864 3863/3863/3863 3861/3861/3861
f 3864/3864/3864 3860/3860/3860 3865/3865/3865
f 3863/3863/3863 3864/3864/3864 3865/3865/3865
f 3868/3868/3868 3867/3867/3867 3866/3866/3866
f 3869/3869/3869 3866/3866/3866 3867/3867/3867
f 3867/3867/3867 3870/3870/3870 3869/3869/3869
f 3866/3866/3866 3869/3869/3869 3871/3871/3871
f 3872/3872/3872 3869/3869/3869 3870/3870/3870
f 3870/3870/3870 3873/3873/3873 3872/3872/3872
f 3874/3874/3874 3871/3871/3871 3869/3869/3869
f 3869/3869/3869 3872/3872/3872 3874/3874/3874
f 3871/3871/3871 3874/3874/3874 3875/3875/3875
f 3876/3876/3876 3875/3875/3875 3874/3874/3874
f 3875/3875/3875 3876/3876/3876 3877/3877/3877
f 3878/3878/3878 3872/3872/3872 3873/3873/3873
f 3873/3873/3873 3879/3879/3879 3878/3878/3878
f 3880/3880/3880 3874/3874/3874 3872/3872/3872
f 3874/3874/3874 3880/3880/3880 3876/3876/3876
f 3881/3881/3881 3877/3877/3877 3876/3876/3876
f 3877/3877/3877 3881/3881/3881 3882/3882/3882
f 3883/3883/3883 3878/3878/3878 3879/3879/3879
f 3879/3879/3879 3884/3884/3884 3883/3883/3883
f 3885/3885/3885 3883/3883/3883 3884/3884/3884
f 3878/3878/3878 3886/3886/3886 3872/3872/3872
f 3880/3880/3880 3872/3872/3872 3886/3886/3886
f 3878/3878/3878 3883/3883/3883 3886/3886/3886
f 3887/3887/3887 3876/3876/3876 3880/3880/3880
f 3876/3876/3876 3887/3887/3887 3881/3881/3881
f 3880/3880/3880 3886/3886/3886 3887/3887/3887
f 3883/3883/3883 3885/3885/3885 3888/3888/3888
f 3888/3888/3888 3886/3886/3886 3883/3883/3883
f 3889/3889/3889 3888/3888/3888 3885/3885/3885
f 3890/3890/3890 3882/3882/3882 3881/3881/3881
f 3882/3882/3882 3890/3890/3890 3891/3891/3891
f 3886/3886/3886 3888/3888/3888 3892/3892/3892
f 3892/3892/3892 3887/3887/3887 3886/3886/3886
f 3892/3892/3892 3893/3893/3893 3887/3887/3887
f 3888/3888/3888 3889/3889/3889 3894/3894/3894
f 3894/3894/3894 3892/3892/3892 3888/3888/3888
f 3892/3892/3892 3894/3894/3894 3893/3893/3893
f 3895/3895/3895 3894/3894/3894 3889/3889/3889
f 3896/3896/3896 3881/3881/3881 3887/3887/3887
f 3881/3881/3881 3896/3896/3896 3890/3890/3890
f 3896/3896/3896 3887/3887/3887 3893/3893/3893
f 3894/3894/3894 3895/3895/3895 3897/3897/3897
f 3897/3897/3897 3893/3893/3893 3894/3894/3894
f 3898/3898/3898 3897/3897/3897 3895/3895/3895
f 3899/3899/3899 3891/3891/3891 3890/3890/3890
f 3891/3891/3891 3899/3899/3899 3900/3900/3900
f 3901/3901/3901 3890/3890/3890 3896/3896/3896
f 3896/3896/3896 3893/3893/3893 3901/3901/3901
f 3890/3890/3890 3901/3901/3901 3899/3899/3899
f 3897/3897/3897 3898/3898/3898 3902/3902/3902
f 3903/3903/3903 3902/3902/3902 3898/3898/3898
f 3904/3904/3904 3900/3900/3900 3899/3899/3899
f 3900/3900/3900 3904/3904/3904 3905/3905/3905
f 3906/3906/3906 3899/3899/3899 3901/3901/3901
f 3906/3906/3906 3901/3901/3901 3893/3893/3893
f 3899/3899/3899 3906/3906/3906 3904/3904/3904
f 3893/3893/3893 3897/3897/3897 3907/3907/3907
f 3893/3893/3893 3907/3907/3907 3906/3906/3906
f 3902/3902/3902 3907/3907/3907 3897/3897/3897
f 3902/3902/3902 3903/3903/3903 3908/3908/3908
f 3909/3909/3909 3908/3908/3908 3903/3903/3903
f 3910/3910/3910 3905/3905/3905 3904/3904/3904
f 3905/3905/3905 3910/3910/3910 3911/3911/3911
f 3912/3912/3912 3904/3904/3904 3906/3906/3906
f 3912/3912/3912 3906/3906/3906 3907/3907/3907
f 3904/3904/3904 3912/3912/3912 3910/3910/3910
f 3907/3907/3907 3902/3902/3902 3913/3913/3913
f 3907/3907/3907 3913/3913/3913 3912/3912/3912
f 3908/3908/3908 3913/3913/3913 3902/3902/3902
f 3908/3908/3908 3909/3909/3909 3914/3914/3914
f 3915/3915/3915 3914/3914/3914 3909/3909/3909
f 3916/3916/3916 3910/3910/3910 3912/3912/3912
f 3916/3916/3916 3912/3912/3912 3913/3913/3913
f 3913/3913/3913 3908/3908/3908 3917/3917/3917
f 3914/3914/3914 3917/3917/3917 3908/3908/3908
f 3913/3913/3913 3917/3917/3917 3916/3916/3916
f 3918/3918/3918 3911/3911/3911 3910/3910/3910
f 3910/3910/3910 3916/3916/3916 3918/3918/3918
f 3914/3914/3914 3915/3915/3915 3919/3919/3919
f 3920/3920/3920 3919/3919/3919 3915/3915/3915
f 3921/3921/3921 3916/3916/3916 3917/3917/3917
f 3921/3921/3921 3918/3918/3918 3916/3916/3916
f 3922/3922/3922 3911/3911/3911 3918/3918/3918
f 3922/3922/3922 3918/3918/3918 3921/3921/3921
f 3911/3911/3911 3922/3922/3922 3923/3923/3923
f 3924/3924/3924 3923/3923/3923 3922/3922/3922
f 3917/3917/3917 3914/3914/3914 3925/3925/3925
f 3921/3921/3921 3917/3917/3917 3925/3925/3925
f 3919/3919/3919 3925/3925/3925 3914/3914/3914
f 3921/3921/3921 3925/3925/3925 3922/3922/3922
f 3919/3919/3919 3920/3920/3920 3926/3926/3926
f 3919/3919/3919 3926/3926/3926 3925/3925/3925
f 3927/3927/3927 3926/3926/3926 3920/3920/3920
f 3927/3927/3927 3924/3924/3924 3926/3926/3926
f 3928/3928/3928 3924/3924/3924 3922/3922/3922
f 3928/3928/3928 3922/3922/3922 3925/3925/3925
f 3928/3928/3928 3926/3926/3926 3924/3924/3924
f 3928/3928/3928 3925/3925/3925 3926/3926/3926
f 3931/3931/3931 3930/3930/3930 3929/3929/3929
f 3931/3931/3931 3929/3929/3929 51/51/51
f 3933/3933/3933 3932/3932/3932 171/171/171
f 3934/3934/3934 171/171/171 3932/3932/3932
f 3934/3934/3934 170/170/170 171/171/171
f 3934/3934/3934 3932/3932/3932 3935/3935/3935
f 3934/3934/3934 3935/3935/3935 170/170/170
f 3936/3936/3936 3935/3935/3935 3932/3932/3932
f 3936/3936/3936 3937/3937/3937 3935/3935/3935
f 3937/3937/3937 3936/3936/3936 3938/3938/3938
f 3935/3935/3935 3939/3939/3939 170/170/170
f 3939/3939/3939 3935/3935/3935 3937/3937/3937
f 3937/3937/3937 3938/3938/3938 3940/3940/3940
f 3937/3937/3937 3940/3940/3940 3939/3939/3939
f 3941/3941/3941 170/170/170 3939/3939/3939
f 3941/3941/3941 162/162/162 170/170/170
f 3942/3942/3942 162/162/162 3941/3941/3941
f 3941/3941/3941 3939/3939/3939 3942/3942/3942
f 3942/3942/3942 169/169/169 162/162/162
f 3943/3943/3943 3942/3942/3942 3939/3939/3939
f 169/169/169 3942/3942/3942 3943/3943/3943
f 3943/3943/3943 3939/3939/3939 3940/3940/3940
f 3943/3943/3943 134/134/134 169/169/169
f 134/134/134 3943/3943/3943 3944/3944/3944
f 3940/3940/3940 3944/3944/3944 3943/3943/3943
f 134/134/134 3944/3944/3944 132/132/132
f 3940/3940/3940 3945/3945/3945 3944/3944/3944
f 3945/3945/3945 3940/3940/3940 3938/3938/3938
f 3946/3946/3946 3944/3944/3944 3945/3945/3945
f 3946/3946/3946 132/132/132 3944/3944/3944
f 3945/3945/3945 3938/3938/3938 3947/3947/3947
f 3945/3945/3945 3947/3947/3947 3946/3946/3946
f 132/132/132 3946/3946/3946 3948/3948/3948
f 3947/3947/3947 3948/3948/3948 3946/3946/3946
f 3949/3949/3949 3947/3947/3947 3938/3938/3938
f 3949/3949/3949 3938/3938/3938 3950/3950/3950
f 3949/3949/3949 3950/3950/3950 3951/3951/3951
f 3952/3952/3952 3951/3951/3951 3950/3950/3950
f 3951/3951/3951 3952/3952/3952 3953/3953/3953
f 3954/3954/3954 3953/3953/3953 3952/3952/3952
f 3951/3951/3951 3955/3955/3955 3949/3949/3949
f 3947/3947/3947 3949/3949/3949 3955/3955/3955
f 3953/3953/3953 3955/3955/3955 3951/3951/3951
f 3955/3955/3955 3956/3956/3956 3947/3947/3947
f 3948/3948/3948 3947/3947/3947 3956/3956/3956
f 3956/3956/3956 3955/3955/3955 3953/3953/3953
f 3948/3948/3948 3957/3957/3957 132/132/132
f 3948/3948/3948 3956/3956/3956 3957/3957/3957
f 3953/3953/3953 3954/3954/3954 3958/3958/3958
f 3958/3958/3958 3959/3959/3959 3953/3953/3953
f 3960/3960/3960 3958/3958/3958 3954/3954/3954
f 3960/3960/3960 3961/3961/3961 3958/3958/3958
f 3959/3959/3959 3958/3958/3958 3961/3961/3961
f 3956/3956/3956 3953/3953/3953 3962/3962/3962
f 3962/3962/3962 3957/3957/3957 3956/3956/3956
f 3959/3959/3959 3962/3962/3962 3953/3953/3953
f 3962/3962/3962 3959/3959/3959 3957/3957/3957
f 3963/3963/3963 132/132/132 3957/3957/3957
f 132/132/132 3963/3963/3963 126/126/126
f 3957/3957/3957 3964/3964/3964 3963/3963/3963
f 3964/3964/3964 3957/3957/3957 3959/3959/3959
f 3959/3959/3959 3961/3961/3961 3965/3965/3965
f 3966/3966/3966 3965/3965/3965 3961/3961/3961
f 3967/3967/3967 3963/3963/3963 3964/3964/3964
f 3967/3967/3967 126/126/126 3963/3963/3963
f 3964/3964/3964 3959/3959/3959 3968/3968/3968
f 3968/3968/3968 3967/3967/3967 3964/3964/3964
f 3965/3965/3965 3968/3968/3968 3959/3959/3959
f 3967/3967/3967 3968/3968/3968 126/126/126
f 3965/3965/3965 3966/3966/3966 3969/3969/3969
f 3965/3965/3965 3969/3969/3969 3968/3968/3968
f 3970/3970/3970 3969/3969/3969 3966/3966/3966
f 3971/3971/3971 126/126/126 3968/3968/3968
f 3971/3971/3971 3968/3968/3968 3969/3969/3969
f 126/126/126 3971/3971/3971 121/121/121
f 3969/3969/3969 3970/3970/3970 3972/3972/3972
f 3969/3969/3969 3972/3972/3972 3971/3971/3971
f 3972/3972/3972 3970/3970/3970 3973/3973/3973
f 3974/3974/3974 121/121/121 3971/3971/3971
f 3974/3974/3974 3971/3971/3971 3972/3972/3972
f 121/121/121 3974/3974/3974 3975/3975/3975
f 3975/3975/3975 128/128/128 121/121/121
f 3975/3975/3975 3974/3974/3974 3976/3976/3976
f 3975/3975/3975 3976/3976/3976 128/128/128
f 3972/3972/3972 3976/3976/3976 3974/3974/3974
f 128/128/128 3976/3976/3976 129/129/129
f 3976/3976/3976 3972/3972/3972 3977/3977/3977
f 3972/3972/3972 3973/3973/3973 3977/3977/3977
f 3976/3976/3976 3977/3977/3977 129/129/129
f 129/129/129 3977/3977/3977 3978/3978/3978
f 3979/3979/3979 3977/3977/3977 3973/3973/3973
f 3979/3979/3979 3978/3978/3978 3977/3977/3977
f 3973/3973/3973 3980/3980/3980 3979/3979/3979
f 3978/3978/3978 3981/3981/3981 129/129/129
f 127/127/127 129/129/129 3981/3981/3981
f 3981/3981/3981 112/112/112 127/127/127
f 3981/3981/3981 3982/3982/3982 112/112/112
f 3981/3981/3981 3978/3978/3978 3982/3982/3982
f 337/337/337 112/112/112 3982/3982/3982
f 3982/3982/3982 3983/3983/3983 337/337/337
f 353/353/353 337/337/337 3983/3983/3983
f 3984/3984/3984 3982/3982/3982 3978/3978/3978
f 3982/3982/3982 3984/3984/3984 3983/3983/3983
f 3983/3983/3983 3985/3985/3985 353/353/353
f 352/352/352 353/353/353 3985/3985/3985
f 3985/3985/3985 3983/3983/3983 3986/3986/3986
f 3986/3986/3986 3983/3983/3983 3984/3984/3984
f 3985/3985/3985 3987/3987/3987 352/352/352
f 3986/3986/3986 3987/3987/3987 3985/3985/3985
f 351/351/351 352/352/352 3987/3987/3987
f 3984/3984/3984 3978/3978/3978 3988/3988/3988
f 3989/3989/3989 3988/3988/3988 3978/3978/3978
f 3978/3978/3978 3979/3979/3979 3989/3989/3989
f 3989/3989/3989 3979/3979/3979 3988/3988/3988
f 3984/3984/3984 3988/3988/3988 3990/3990/3990
f 3984/3984/3984 3990/3990/3990 3986/3986/3986
f 3991/3991/3991 3988/3988/3988 3979/3979/3979
f 3988/3988/3988 3991/3991/3991 3990/3990/3990
f 3991/3991/3991 3979/3979/3979 3980/3980/3980
f 3980/3980/3980 3992/3992/3992 3991/3991/3991
f 3990/3990/3990 3991/3991/3991 3992/3992/3992
f 3992/3992/3992 3980/3980/3980 3993/3993/3993
f 3994/3994/3994 3986/3986/3986 3990/3990/3990
f 3990/3990/3990 3992/3992/3992 3994/3994/3994
f 3987/3987/3987 3986/3986/3986 3995/3995/3995
f 3994/3994/3994 3995/3995/3995 3986/3986/3986
f 3996/3996/3996 3994/3994/3994 3992/3992/3992
f 3992/3992/3992 3993/3993/3993 3996/3996/3996
f 3994/3994/3994 3997/3997/3997 3995/3995/3995
f 3994/3994/3994 3996/3996/3996 3997/3997/3997
f 3995/3995/3995 3998/3998/3998 3987/3987/3987
f 3998/3998/3998 3995/3995/3995 3997/3997/3997
f 3999/3999/3999 3996/3996/3996 3993/3993/3993
f 3999/3999/3999 3997/3997/3997 3996/3996/3996
f 3999/3999/3999 3993/3993/3993 4000/4000/4000
f 3999/3999/3999 4000/4000/4000 3997/3997/3997
f 4000/4000/4000 3993/3993/3993 4001/4001/4001
f 4002/4002/4002 3997/3997/3997 4000/4000/4000
f 3997/3997/3997 4002/4002/4002 3998/3998/3998
f 4000/4000/4000 4001/4001/4001 4002/4002/4002
f 4003/4003/4003 3987/3987/3987 3998/3998/3998
f 3987/3987/3987 4003/4003/4003 351/351/351
f 4004/4004/4004 3998/3998/3998 4002/4002/4002
f 4004/4004/4004 4003/4003/4003 3998/3998/3998
f 4003/4003/4003 4004/4004/4004 4005/4005/4005
f 4006/4006/4006 351/351/351 4003/4003/4003
f 4003/4003/4003 4005/4005/4005 4006/4006/4006
f 4007/4007/4007 4006/4006/4006 4005/4005/4005
f 350/350/350 351/351/351 4006/4006/4006
f 350/350/350 4006/4006/4006 4008/4008/4008
f 4007/4007/4007 4008/4008/4008 4006/4006/4006
f 4008/4008/4008 348/348/348 350/350/350
f 4002/4002/4002 4009/4009/4009 4004/4004/4004
f 4009/4009/4009 4002/4002/4002 4001/4001/4001
f 4010/4010/4010 4004/4004/4004 4009/4009/4009
f 4009/4009/4009 4001/4001/4001 4010/4010/4010
f 4010/4010/4010 4005/4005/4005 4004/4004/4004
f 4005/4005/4005 4010/4010/4010 4001/4001/4001
f 4001/4001/4001 4011/4011/4011 4005/4005/4005
f 4008/4008/4008 4012/4012/4012 348/348/348
f 4008/4008/4008 4007/4007/4007 4012/4012/4012
f 4005/4005/4005 4013/4013/4013 4007/4007/4007
f 4013/4013/4013 4005/4005/4005 4011/4011/4011
f 4014/4014/4014 348/348/348 4012/4012/4012
f 4014/4014/4014 4015/4015/4015 348/348/348
f 4015/4015/4015 4014/4014/4014 370/370/370
f 4016/4016/4016 370/370/370 4014/4014/4014
f 370/370/370 4016/4016/4016 379/379/379
f 4012/4012/4012 4017/4017/4017 4014/4014/4014
f 4016/4016/4016 4014/4014/4014 4017/4017/4017
f 4018/4018/4018 379/379/379 4016/4016/4016
f 379/379/379 4018/4018/4018 531/531/531
f 4019/4019/4019 4012/4012/4012 4007/4007/4007
f 4012/4012/4012 4019/4019/4019 4017/4017/4017
f 4017/4017/4017 4020/4020/4020 4016/4016/4016
f 4018/4018/4018 4016/4016/4016 4020/4020/4020
f 4021/4021/4021 531/531/531 4018/4018/4018
f 531/531/531 4021/4021/4021 524/524/524
f 4022/4022/4022 4017/4017/4017 4019/4019/4019
f 4017/4017/4017 4022/4022/4022 4020/4020/4020
f 4020/4020/4020 4023/4023/4023 4018/4018/4018
f 4021/4021/4021 4018/4018/4018 4023/4023/4023
f 4024/4024/4024 524/524/524 4021/4021/4021
f 4024/4024/4024 525/525/525 524/524/524
f 525/525/525 4024/4024/4024 4025/4025/4025
f 4024/4024/4024 4021/4021/4021 4026/4026/4026
f 4026/4026/4026 4025/4025/4025 4024/4024/4024
f 4023/4023/4023 4026/4026/4026 4021/4021/4021
f 4026/4026/4026 4027/4027/4027 4025/4025/4025
f 4028/4028/4028 4025/4025/4025 4027/4027/4027
f 4028/4028/4028 4027/4027/4027 4029/4029/4029
f 4029/4029/4029 4027/4027/4027 4030/4030/4030
f 4031/4031/4031 4020/4020/4020 4022/4022/4022
f 4020/4020/4020 4031/4031/4031 4023/4023/4023
f 4023/4023/4023 4032/4032/4032 4026/4026/4026
f 4027/4027/4027 4026/4026/4026 4032/4032/4032
f 4032/4032/4032 4023/4023/4023 4031/4031/4031
f 4033/4033/4033 4030/4030/4030 4027/4027/4027
f 4030/4030/4030 4033/4033/4033 4034/4034/4034
f 4032/4032/4032 4035/4035/4035 4027/4027/4027
f 4032/4032/4032 4031/4031/4031 4035/4035/4035
f 4033/4033/4033 4027/4027/4027 4035/4035/4035
f 4035/4035/4035 4036/4036/4036 4033/4033/4033
f 4037/4037/4037 4033/4033/4033 4036/4036/4036
f 4037/4037/4037 4034/4034/4034 4033/4033/4033
f 4037/4037/4037 4036/4036/4036 4034/4034/4034
f 4022/4022/4022 4038/4038/4038 4031/4031/4031
f 4038/4038/4038 4035/4035/4035 4031/4031/4031
f 4035/4035/4035 4038/4038/4038 4036/4036/4036
f 4022/4022/4022 4019/4019/4019 4038/4038/4038
f 4039/4039/4039 4038/4038/4038 4019/4019/4019
f 4039/4039/4039 4036/4036/4036 4038/4038/4038
f 4019/4019/4019 4007/4007/4007 4039/4039/4039
f 4040/4040/4040 4034/4034/4034 4036/4036/4036
f 4040/4040/4040 4041/4041/4041 4034/4034/4034
f 4040/4040/4040 4042/4042/4042 4041/4041/4041
f 4040/4040/4040 4036/4036/4036 4042/4042/4042
f 4043/4043/4043 4041/4041/4041 4042/4042/4042
f 4044/4044/4044 4042/4042/4042 4036/4036/4036
f 4036/4036/4036 4039/4039/4039 4044/4044/4044
f 4042/4042/4042 4045/4045/4045 4043/4043/4043
f 4044/4044/4044 4045/4045/4045 4042/4042/4042
f 4044/4044/4044 4039/4039/4039 4045/4045/4045
f 4011/4011/4011 4043/4043/4043 4045/4045/4045
f 4039/4039/4039 4007/4007/4007 4046/4046/4046
f 4046/4046/4046 4045/4045/4045 4039/4039/4039
f 4013/4013/4013 4046/4046/4046 4007/4007/4007
f 4047/4047/4047 4011/4011/4011 4045/4045/4045
f 4047/4047/4047 4045/4045/4045 4046/4046/4046
f 4046/4046/4046 4013/4013/4013 4047/4047/4047
f 4011/4011/4011 4047/4047/4047 4013/4013/4013
f 4050/4050/4050 4049/4049/4049 4048/4048/4048
f 4051/4051/4051 4048/4048/4048 4049/4049/4049
f 4048/4048/4048 4051/4051/4051 4052/4052/4052
f 4051/4051/4051 4049/4049/4049 4053/4053/4053
f 4054/4054/4054 4053/4053/4053 4049/4049/4049
f 4054/4054/4054 4055/4055/4055 4053/4053/4053
f 4056/4056/4056 4052/4052/4052 4051/4051/4051
f 4052/4052/4052 4056/4056/4056 4057/4057/4057
f 4053/4053/4053 4058/4058/4058 4051/4051/4051
f 4056/4056/4056 4051/4051/4051 4058/4058/4058
f 4059/4059/4059 4053/4053/4053 4055/4055/4055
f 4053/4053/4053 4059/4059/4059 4058/4058/4058
f 4059/4059/4059 4055/4055/4055 4060/4060/4060
f 4061/4061/4061 4060/4060/4060 4055/4055/4055
f 4061/4061/4061 4062/4062/4062 4060/4060/4060
f 4063/4063/4063 4060/4060/4060 4062/4062/4062
f 4060/4060/4060 4063/4063/4063 4064/4064/4064
f 4060/4060/4060 4064/4064/4064 4059/4059/4059
f 4065/4065/4065 4064/4064/4064 4063/4063/4063
f 4066/4066/4066 4058/4058/4058 4059/4059/4059
f 4066/4066/4066 4059/4059/4059 4064/4064/4064
f 4058/4058/4058 4067/4067/4067 4056/4056/4056
f 4058/4058/4058 4066/4066/4066 4067/4067/4067
f 4068/4068/4068 4057/4057/4057 4056/4056/4056
f 4068/4068/4068 4056/4056/4056 4067/4067/4067
f 4068/4068/4068 4069/4069/4069 4057/4057/4057
f 4068/4068/4068 4067/4067/4067 4069/4069/4069
f 4070/4070/4070 4057/4057/4057 4069/4069/4069
f 4064/4064/4064 4065/4065/4065 4071/4071/4071
f 4072/4072/4072 4071/4071/4071 4065/4065/4065
f 4066/4066/4066 4064/4064/4064 4073/4073/4073
f 4073/4073/4073 4067/4067/4067 4066/4066/4066
f 4071/4071/4071 4073/4073/4073 4064/4064/4064
f 4069/4069/4069 4074/4074/4074 4070/4070/4070
f 4075/4075/4075 4070/4070/4070 4074/4074/4074
f 4076/4076/4076 4069/4069/4069 4067/4067/4067
f 4067/4067/4067 4073/4073/4073 4076/4076/4076
f 4069/4069/4069 4076/4076/4076 4074/4074/4074
f 4071/4071/4071 4072/4072/4072 4077/4077/4077
f 4078/4078/4078 4077/4077/4077 4072/4072/4072
f 4073/4073/4073 4071/4071/4071 4079/4079/4079
f 4079/4079/4079 4076/4076/4076 4073/4073/4073
f 4077/4077/4077 4079/4079/4079 4071/4071/4071
f 4077/4077/4077 4078/4078/4078 4080/4080/4080
f 4081/4081/4081 4080/4080/4080 4078/4078/4078
f 4076/4076/4076 4079/4079/4079 4082/4082/4082
f 4082/4082/4082 4074/4074/4074 4076/4076/4076
f 4079/4079/4079 4077/4077/4077 4083/4083/4083
f 4080/4080/4080 4083/4083/4083 4077/4077/4077
f 4083/4083/4083 4082/4082/4082 4079/4079/4079
f 4080/4080/4080 4081/4081/4081 4084/4084/4084
f 4080/4080/4080 4084/4084/4084 4083/4083/4083
f 4085/4085/4085 4084/4084/4084 4081/4081/4081
f 4082/4082/4082 4086/4086/4086 4074/4074/4074
f 4082/4082/4082 4083/4083/4083 4086/4086/4086
f 4084/4084/4084 4085/4085/4085 4087/4087/4087
f 4088/4088/4088 4087/4087/4087 4085/4085/4085
f 4089/4089/4089 4083/4083/4083 4084/4084/4084
f 4089/4089/4089 4086/4086/4086 4083/4083/4083
f 4084/4084/4084 4087/4087/4087 4089/4089/4089
f 4090/4090/4090 4074/4074/4074 4086/4086/4086
f 4074/4074/4074 4090/4090/4090 4075/4075/4075
f 4091/4091/4091 4075/4075/4075 4090/4090/4090
f 4091/4091/4091 4090/4090/4090 4092/4092/4092
f 4087/4087/4087 4088/4088/4088 4093/4093/4093
f 4094/4094/4094 4093/4093/4093 4088/4088/4088
f 4086/4086/4086 4089/4089/4089 4095/4095/4095
f 4086/4086/4086 4095/4095/4095 4090/4090/4090
f 4096/4096/4096 4092/4092/4092 4090/4090/4090
f 4096/4096/4096 4090/4090/4090 4095/4095/4095
f 4092/4092/4092 4096/4096/4096 4097/4097/4097
f 4098/4098/4098 4089/4089/4089 4087/4087/4087
f 4098/4098/4098 4095/4095/4095 4089/4089/4089
f 4087/4087/4087 4093/4093/4093 4098/4098/4098
f 4093/4093/4093 4094/4094/4094 4099/4099/4099
f 4100/4100/4100 4099/4099/4099 4094/4094/4094
f 4100/4100/4100 4101/4101/4101 4099/4099/4099
f 4102/4102/4102 4097/4097/4097 4096/4096/4096
f 4097/4097/4097 4102/4102/4102 4103/4103/4103
f 4095/4095/4095 4104/4104/4104 4096/4096/4096
f 4095/4095/4095 4098/4098/4098 4104/4104/4104
f 4102/4102/4102 4096/4096/4096 4104/4104/4104
f 4105/4105/4105 4098/4098/4098 4093/4093/4093
f 4093/4093/4093 4099/4099/4099 4105/4105/4105
f 4105/4105/4105 4104/4104/4104 4098/4098/4098
f 4106/4106/4106 4103/4103/4103 4102/4102/4102
f 4102/4102/4102 4104/4104/4104 4106/4106/4106
f 4104/4104/4104 4105/4105/4105 4107/4107/4107
f 4107/4107/4107 4106/4106/4106 4104/4104/4104
f 4108/4108/4108 4105/4105/4105 4099/4099/4099
f 4108/4108/4108 4107/4107/4107 4105/4105/4105
f 4109/4109/4109 4099/4099/4099 4101/4101/4101
f 4099/4099/4099 4109/4109/4109 4108/4108/4108
f 4106/4106/4106 4110/4110/4110 4103/4103/4103
f 4111/4111/4111 4103/4103/4103 4110/4110/4110
f 4107/4107/4107 4112/4112/4112 4106/4106/4106
f 4107/4107/4107 4108/4108/4108 4112/4112/4112
f 4110/4110/4110 4106/4106/4106 4112/4112/4112
f 4110/4110/4110 4113/4113/4113 4111/4111/4111
f 4114/4114/4114 4111/4111/4111 4113/4113/4113
f 4113/4113/4113 4110/4110/4110 4115/4115/4115
f 4112/4112/4112 4115/4115/4115 4110/4110/4110
f 4113/4113/4113 4116/4116/4116 4114/4114/4114
f 4113/4113/4113 4115/4115/4115 4116/4116/4116
f 4117/4117/4117 4114/4114/4114 4116/4116/4116
f 4117/4117/4117 4116/4116/4116 4118/4118/4118
f 4119/4119/4119 4112/4112/4112 4108/4108/4108
f 4119/4119/4119 4108/4108/4108 4109/4109/4109
f 4119/4119/4119 4120/4120/4120 4112/4112/4112
f 4115/4115/4115 4112/4112/4112 4120/4120/4120
f 4119/4119/4119 4109/4109/4109 4120/4120/4120
f 4121/4121/4121 4118/4118/4118 4116/4116/4116
f 4118/4118/4118 4121/4121/4121 4122/4122/4122
f 4123/4123/4123 4116/4116/4116 4115/4115/4115
f 4115/4115/4115 4120/4120/4120 4123/4123/4123
f 4116/4116/4116 4123/4123/4123 4121/4121/4121
f 4124/4124/4124 4120/4120/4120 4109/4109/4109
f 4109/4109/4109 4101/4101/4101 4124/4124/4124
f 4125/4125/4125 4124/4124/4124 4101/4101/4101
f 4125/4125/4125 4126/4126/4126 4124/4124/4124
f 4127/4127/4127 4123/4123/4123 4120/4120/4120
f 4120/4120/4120 4124/4124/4124 4127/4127/4127
f 4128/4128/4128 4124/4124/4124 4126/4126/4126
f 4128/4128/4128 4127/4127/4127 4124/4124/4124
f 4126/4126/4126 4129/4129/4129 4128/4128/4128
f 4123/4123/4123 4127/4127/4127 4130/4130/4130
f 4130/4130/4130 4121/4121/4121 4123/4123/4123
f 4131/4131/4131 4122/4122/4122 4121/4121/4121
f 4122/4122/4122 4131/4131/4131 4132/4132/4132
f 4133/4133/4133 4128/4128/4128 4129/4129/4129
f 4129/4129/4129 4134/4134/4134 4133/4133/4133
f 4127/4127/4127 4128/4128/4128 4135/4135/4135
f 4135/4135/4135 4130/4130/4130 4127/4127/4127
f 4133/4133/4133 4135/4135/4135 4128/4128/4128
f 4130/4130/4130 4136/4136/4136 4121/4121/4121
f 4130/4130/4130 4135/4135/4135 4136/4136/4136
f 4131/4131/4131 4121/4121/4121 4136/4136/4136
f 4137/4137/4137 4132/4132/4132 4131/4131/4131
f 4132/4132/4132 4137/4137/4137 4138/4138/4138
f 4139/4139/4139 4138/4138/4138 4137/4137/4137
f 4139/4139/4139 4137/4137/4137 4140/4140/4140
f 4137/4137/4137 4131/4131/4131 4141/4141/4141
f 4136/4136/4136 4141/4141/4141 4131/4131/4131
f 4141/4141/4141 4140/4140/4140 4137/4137/4137
f 4142/4142/4142 4136/4136/4136 4135/4135/4135
f 4135/4135/4135 4133/4133/4133 4142/4142/4142
f 4136/4136/4136 4142/4142/4142 4141/4141/4141
f 4141/4141/4141 4143/4143/4143 4140/4140/4140
f 4143/4143/4143 4141/4141/4141 4142/4142/4142
f 4144/4144/4144 4140/4140/4140 4143/4143/4143
f 4144/4144/4144 4143/4143/4143 4145/4145/4145
f 4146/4146/4146 4145/4145/4145 4143/4143/4143
f 4143/4143/4143 4142/4142/4142 4146/4146/4146
f 4145/4145/4145 4146/4146/4146 4147/4147/4147
f 4148/4148/4148 4147/4147/4147 4146/4146/4146
f 4149/4149/4149 4142/4142/4142 4133/4133/4133
f 4149/4149/4149 4146/4146/4146 4142/4142/4142
f 4146/4146/4146 4149/4149/4149 4148/4148/4148
f 4149/4149/4149 4133/4133/4133 4134/4134/4134
f 4134/4134/4134 4148/4148/4148 4149/4149/4149
f 4152/4152/4152 4151/4151/4151 4150/4150/4150
f 4153/4153/4153 4150/4150/4150 4151/4151/4151
f 4153/4153/4153 4151/4151/4151 4154/4154/4154
f 4155/4155/4155 4154/4154/4154 4151/4151/4151
f 4155/4155/4155 4156/4156/4156 4154/4154/4154
f 4153/4153/4153 4157/4157/4157 4150/4150/4150
f 4158/4158/4158 4150/4150/4150 4157/4157/4157
f 4158/4158/4158 4157/4157/4157 4159/4159/4159
f 4157/4157/4157 4153/4153/4153 4160/4160/4160
f 4154/4154/4154 4160/4160/4160 4153/4153/4153
f 4160/4160/4160 4154/4154/4154 4161/4161/4161
f 4162/4162/4162 4161/4161/4161 4154/4154/4154
f 4162/4162/4162 4154/4154/4154 4156/4156/4156
f 4162/4162/4162 4156/4156/4156 4163/4163/4163
f 4162/4162/4162 4163/4163/4163 4161/4161/4161
f 4164/4164/4164 4159/4159/4159 4157/4157/4157
f 4157/4157/4157 4160/4160/4160 4164/4164/4164
f 4159/4159/4159 4164/4164/4164 4165/4165/4165
f 4166/4166/4166 4165/4165/4165 4164/4164/4164
f 4165/4165/4165 4166/4166/4166 4167/4167/4167
f 4168/4168/4168 4164/4164/4164 4160/4160/4160
f 4164/4164/4164 4168/4168/4168 4166/4166/4166
f 4169/4169/4169 4163/4163/4163 4156/4156/4156
f 4156/4156/4156 4170/4170/4170 4169/4169/4169
f 4160/4160/4160 4161/4161/4161 4171/4171/4171
f 4160/4160/4160 4171/4171/4171 4168/4168/4168
f 4172/4172/4172 4167/4167/4167 4166/4166/4166
f 4167/4167/4167 4172/4172/4172 4173/4173/4173
f 4174/4174/4174 4173/4173/4173 4172/4172/4172
f 4173/4173/4173 4174/4174/4174 4175/4175/4175
f 4176/4176/4176 4175/4175/4175 4174/4174/4174
f 4176/4176/4176 4174/4174/4174 4177/4177/4177
f 4175/4175/4175 4176/4176/4176 4178/4178/4178
f 4179/4179/4179 4178/4178/4178 4176/4176/4176
f 4176/4176/4176 4177/4177/4177 4179/4179/4179
f 4178/4178/4178 4179/4179/4179 4180/4180/4180
f 4174/4174/4174 4172/4172/4172 4181/4181/4181
f 4181/4181/4181 4177/4177/4177 4174/4174/4174
f 4172/4172/4172 4166/4166/4166 4182/4182/4182
f 4182/4182/4182 4181/4181/4181 4172/4172/4172
f 4183/4183/4183 4166/4166/4166 4168/4168/4168
f 4183/4183/4183 4182/4182/4182 4166/4166/4166
f 4183/4183/4183 4168/4168/4168 4184/4184/4184
f 4183/4183/4183 4184/4184/4184 4182/4182/4182
f 4182/4182/4182 4185/4185/4185 4181/4181/4181
f 4185/4185/4185 4182/4182/4182 4184/4184/4184
f 4186/4186/4186 4180/4180/4180 4179/4179/4179
f 4180/4180/4180 4186/4186/4186 4187/4187/4187
f 4181/4181/4181 4188/4188/4188 4177/4177/4177
f 4188/4188/4188 4181/4181/4181 4185/4185/4185
f 4189/4189/4189 4184/4184/4184 4168/4168/4168
f 4189/4189/4189 4168/4168/4168 4171/4171/4171
f 4190/4190/4190 4187/4187/4187 4186/4186/4186
f 4190/4190/4190 4186/4186/4186 4191/4191/4191
f 4187/4187/4187 4190/4190/4190 4192/4192/4192
f 4193/4193/4193 4192/4192/4192 4190/4190/4190
f 4190/4190/4190 4191/4191/4191 4193/4193/4193
f 4192/4192/4192 4193/4193/4193 4194/4194/4194
f 4195/4195/4195 4191/4191/4191 4186/4186/4186
f 4186/4186/4186 4179/4179/4179 4195/4195/4195
f 4196/4196/4196 4194/4194/4194 4193/4193/4193
f 4194/4194/4194 4196/4196/4196 4197/4197/4197
f 4198/4198/4198 4195/4195/4195 4179/4179/4179
f 4198/4198/4198 4179/4179/4179 4177/4177/4177
f 4198/4198/4198 4199/4199/4199 4195/4195/4195
f 4198/4198/4198 4177/4177/4177 4199/4199/4199
f 4195/4195/4195 4200/4200/4200 4191/4191/4191
f 4200/4200/4200 4195/4195/4195 4199/4199/4199
f 4201/4201/4201 4197/4197/4197 4196/4196/4196
f 4197/4197/4197 4201/4201/4201 4202/4202/4202
f 4203/4203/4203 4199/4199/4199 4177/4177/4177
f 4203/4203/4203 4177/4177/4177 4188/4188/4188
f 4204/4204/4204 4202/4202/4202 4201/4201/4201
f 4204/4204/4204 4201/4201/4201 4205/4205/4205
f 4202/4202/4202 4204/4204/4204 4206/4206/4206
f 4207/4207/4207 4206/4206/4206 4204/4204/4204
f 4204/4204/4204 4205/4205/4205 4207/4207/4207
f 4206/4206/4206 4207/4207/4207 4208/4208/4208
f 4201/4201/4201 4196/4196/4196 4209/4209/4209
f 4209/4209/4209 4205/4205/4205 4201/4201/4201
f 4188/4188/4188 4210/4210/4210 4203/4203/4203
f 4188/4188/4188 4185/4185/4185 4210/4210/4210
f 4211/4211/4211 4209/4209/4209 4196/4196/4196
f 4196/4196/4196 4193/4193/4193 4211/4211/4211
f 4212/4212/4212 4211/4211/4211 4193/4193/4193
f 4212/4212/4212 4193/4193/4193 4191/4191/4191
f 4212/4212/4212 4213/4213/4213 4211/4211/4211
f 4212/4212/4212 4191/4191/4191 4213/4213/4213
f 4211/4211/4211 4214/4214/4214 4209/4209/4209
f 4214/4214/4214 4211/4211/4211 4213/4213/4213
f 4215/4215/4215 4213/4213/4213 4191/4191/4191
f 4215/4215/4215 4191/4191/4191 4200/4200/4200
f 4213/4213/4213 4215/4215/4215 4216/4216/4216
f 4213/4213/4213 4216/4216/4216 4214/4214/4214
f 4215/4215/4215 4200/4200/4200 4217/4217/4217
f 4217/4217/4217 4216/4216/4216 4215/4215/4215
f 4218/4218/4218 4209/4209/4209 4214/4214/4214
f 4218/4218/4218 4214/4214/4214 4219/4219/4219
f 4209/4209/4209 4218/4218/4218 4205/4205/4205
f 4220/4220/4220 4217/4217/4217 4200/4200/4200
f 4200/4200/4200 4199/4199/4199 4220/4220/4220
f 4221/4221/4221 4214/4214/4214 4216/4216/4216
f 4221/4221/4221 4219/4219/4219 4214/4214/4214
f 4222/4222/4222 4205/4205/4205 4218/4218/4218
f 4218/4218/4218 4219/4219/4219 4222/4222/4222
f 4223/4223/4223 4220/4220/4220 4199/4199/4199
f 4199/4199/4199 4203/4203/4203 4223/4223/4223
f 4224/4224/4224 4223/4223/4223 4203/4203/4203
f 4224/4224/4224 4203/4203/4203 4210/4210/4210
f 4217/4217/4217 4225/4225/4225 4216/4216/4216
f 4216/4216/4216 4226/4226/4226 4221/4221/4221
f 4226/4226/4226 4216/4216/4216 4225/4225/4225
f 4220/4220/4220 4227/4227/4227 4217/4217/4217
f 4225/4225/4225 4217/4217/4217 4227/4227/4227
f 4223/4223/4223 4228/4228/4228 4220/4220/4220
f 4227/4227/4227 4220/4220/4220 4228/4228/4228
f 4224/4224/4224 4229/4229/4229 4223/4223/4223
f 4228/4228/4228 4223/4223/4223 4229/4229/4229
f 4221/4221/4221 4230/4230/4230 4219/4219/4219
f 4230/4230/4230 4221/4221/4221 4226/4226/4226
f 4210/4210/4210 4231/4231/4231 4224/4224/4224
f 4229/4229/4229 4224/4224/4224 4231/4231/4231
f 4225/4225/4225 4232/4232/4232 4226/4226/4226
f 4227/4227/4227 4233/4233/4233 4225/4225/4225
f 4232/4232/4232 4225/4225/4225 4233/4233/4233
f 4228/4228/4228 4234/4234/4234 4227/4227/4227
f 4233/4233/4233 4227/4227/4227 4234/4234/4234
f 4229/4229/4229 4235/4235/4235 4228/4228/4228
f 4234/4234/4234 4228/4228/4228 4235/4235/4235
f 4226/4226/4226 4236/4236/4236 4230/4230/4230
f 4236/4236/4236 4226/4226/4226 4232/4232/4232
f 4231/4231/4231 4237/4237/4237 4229/4229/4229
f 4235/4235/4235 4229/4229/4229 4237/4237/4237
f 4231/4231/4231 4210/4210/4210 4238/4238/4238
f 4237/4237/4237 4231/4231/4231 4239/4239/4239
f 4238/4238/4238 4239/4239/4239 4231/4231/4231
f 4240/4240/4240 4238/4238/4238 4210/4210/4210
f 4240/4240/4240 4210/4210/4210 4185/4185/4185
f 4240/4240/4240 4185/4185/4185 4241/4241/4241
f 4240/4240/4240 4241/4241/4241 4238/4238/4238
f 4184/4184/4184 4241/4241/4241 4185/4185/4185
f 4238/4238/4238 4242/4242/4242 4239/4239/4239
f 4242/4242/4242 4238/4238/4238 4241/4241/4241
f 4241/4241/4241 4184/4184/4184 4243/4243/4243
f 4189/4189/4189 4243/4243/4243 4184/4184/4184
f 4242/4242/4242 4241/4241/4241 4244/4244/4244
f 4243/4243/4243 4244/4244/4244 4241/4241/4241
f 4243/4243/4243 4189/4189/4189 4245/4245/4245
f 4171/4171/4171 4245/4245/4245 4189/4189/4189
f 4244/4244/4244 4243/4243/4243 4246/4246/4246
f 4245/4245/4245 4246/4246/4246 4243/4243/4243
f 4244/4244/4244 4247/4247/4247 4242/4242/4242
f 4244/4244/4244 4246/4246/4246 4247/4247/4247
f 4248/4248/4248 4239/4239/4239 4242/4242/4242
f 4248/4248/4248 4242/4242/4242 4247/4247/4247
f 4171/4171/4171 4249/4249/4249 4245/4245/4245
f 4249/4249/4249 4171/4171/4171 4161/4161/4161
f 4248/4248/4248 4250/4250/4250 4239/4239/4239
f 4247/4247/4247 4251/4251/4251 4248/4248/4248
f 4250/4250/4250 4248/4248/4248 4251/4251/4251
f 4252/4252/4252 4239/4239/4239 4250/4250/4250
f 4239/4239/4239 4252/4252/4252 4237/4237/4237
f 4253/4253/4253 4237/4237/4237 4252/4252/4252
f 4237/4237/4237 4253/4253/4253 4235/4235/4235
f 4254/4254/4254 4235/4235/4235 4253/4253/4253
f 4235/4235/4235 4254/4254/4254 4234/4234/4234
f 4255/4255/4255 4234/4234/4234 4254/4254/4254
f 4234/4234/4234 4255/4255/4255 4233/4233/4233
f 4256/4256/4256 4233/4233/4233 4255/4255/4255
f 4233/4233/4233 4256/4256/4256 4232/4232/4232
f 4257/4257/4257 4232/4232/4232 4256/4256/4256
f 4232/4232/4232 4257/4257/4257 4236/4236/4236
f 4250/4250/4250 4258/4258/4258 4252/4252/4252
f 4252/4252/4252 4259/4259/4259 4253/4253/4253
f 4259/4259/4259 4252/4252/4252 4258/4258/4258
f 4253/4253/4253 4260/4260/4260 4254/4254/4254
f 4260/4260/4260 4253/4253/4253 4259/4259/4259
f 4254/4254/4254 4261/4261/4261 4255/4255/4255
f 4261/4261/4261 4254/4254/4254 4260/4260/4260
f 4255/4255/4255 4262/4262/4262 4256/4256/4256
f 4262/4262/4262 4255/4255/4255 4261/4261/4261
f 4256/4256/4256 4263/4263/4263 4257/4257/4257
f 4263/4263/4263 4256/4256/4256 4262/4262/4262
f 4258/4258/4258 4250/4250/4250 4264/4264/4264
f 4251/4251/4251 4264/4264/4264 4250/4250/4250
f 4258/4258/4258 4265/4265/4265 4259/4259/4259
f 4259/4259/4259 4266/4266/4266 4260/4260/4260
f 4266/4266/4266 4259/4259/4259 4265/4265/4265
f 4260/4260/4260 4267/4267/4267 4261/4261/4261
f 4267/4267/4267 4260/4260/4260 4266/4266/4266
f 4261/4261/4261 4268/4268/4268 4262/4262/4262
f 4268/4268/4268 4261/4261/4261 4267/4267/4267
f 4262/4262/4262 4269/4269/4269 4263/4263/4263
f 4269/4269/4269 4262/4262/4262 4268/4268/4268
f 4264/4264/4264 4270/4270/4270 4258/4258/4258
f 4265/4265/4265 4258/4258/4258 4270/4270/4270
f 4264/4264/4264 4251/4251/4251 4271/4271/4271
f 4272/4272/4272 4271/4271/4271 4251/4251/4251
f 4251/4251/4251 4247/4247/4247 4272/4272/4272
f 4271/4271/4271 4273/4273/4273 4264/4264/4264
f 4270/4270/4270 4264/4264/4264 4273/4273/4273
f 4271/4271/4271 4272/4272/4272 4273/4273/4273
f 4274/4274/4274 4272/4272/4272 4247/4247/4247
f 4274/4274/4274 4247/4247/4247 4246/4246/4246
f 4274/4274/4274 4246/4246/4246 4272/4272/4272
f 4275/4275/4275 4272/4272/4272 4246/4246/4246
f 4275/4275/4275 4273/4273/4273 4272/4272/4272
f 4246/4246/4246 4245/4245/4245 4275/4275/4275
f 4276/4276/4276 4275/4275/4275 4245/4245/4245
f 4275/4275/4275 4276/4276/4276 4273/4273/4273
f 4276/4276/4276 4245/4245/4245 4249/4249/4249
f 4277/4277/4277 4273/4273/4273 4276/4276/4276
f 4273/4273/4273 4277/4277/4277 4270/4270/4270
f 4276/4276/4276 4249/4249/4249 4277/4277/4277
f 4270/4270/4270 4278/4278/4278 4265/4265/4265
f 4278/4278/4278 4270/4270/4270 4277/4277/4277
f 4279/4279/4279 4277/4277/4277 4249/4249/4249
f 4249/4249/4249 4161/4161/4161 4279/4279/4279
f 4279/4279/4279 4161/4161/4161 4280/4280/4280
f 4279/4279/4279 4281/4281/4281 4277/4277/4277
f 4278/4278/4278 4277/4277/4277 4281/4281/4281
f 4279/4279/4279 4280/4280/4280 4281/4281/4281
f 4282/4282/4282 4265/4265/4265 4278/4278/4278
f 4265/4265/4265 4282/4282/4282 4266/4266/4266
f 4281/4281/4281 4283/4283/4283 4278/4278/4278
f 4282/4282/4282 4278/4278/4278 4283/4283/4283
f 4284/4284/4284 4266/4266/4266 4282/4282/4282
f 4266/4266/4266 4284/4284/4284 4267/4267/4267
f 4285/4285/4285 4280/4280/4280 4161/4161/4161
f 4285/4285/4285 4161/4161/4161 4163/4163/4163
f 4285/4285/4285 4163/4163/4163 4286/4286/4286
f 4287/4287/4287 4281/4281/4281 4280/4280/4280
f 4281/4281/4281 4287/4287/4287 4283/4283/4283
f 4283/4283/4283 4288/4288/4288 4282/4282/4282
f 4284/4284/4284 4282/4282/4282 4288/4288/4288
f 4289/4289/4289 4267/4267/4267 4284/4284/4284
f 4267/4267/4267 4289/4289/4289 4268/4268/4268
f 4290/4290/4290 4283/4283/4283 4287/4287/4287
f 4283/4283/4283 4290/4290/4290 4288/4288/4288
f 4288/4288/4288 4291/4291/4291 4284/4284/4284
f 4289/4289/4289 4284/4284/4284 4291/4291/4291
f 4292/4292/4292 4268/4268/4268 4289/4289/4289
f 4268/4268/4268 4292/4292/4292 4269/4269/4269
f 4293/4293/4293 4288/4288/4288 4290/4290/4290
f 4288/4288/4288 4293/4293/4293 4291/4291/4291
f 4291/4291/4291 4294/4294/4294 4289/4289/4289
f 4292/4292/4292 4289/4289/4289 4294/4294/4294
f 4295/4295/4295 4291/4291/4291 4293/4293/4293
f 4291/4291/4291 4295/4295/4295 4294/4294/4294
f 4290/4290/4290 4287/4287/4287 4296/4296/4296
f 4293/4293/4293 4290/4290/4290 4297/4297/4297
f 4296/4296/4296 4297/4297/4297 4290/4290/4290
f 4295/4295/4295 4293/4293/4293 4298/4298/4298
f 4297/4297/4297 4298/4298/4298 4293/4293/4293
f 4299/4299/4299 4296/4296/4296 4287/4287/4287
f 4287/4287/4287 4280/4280/4280 4299/4299/4299
f 4300/4300/4300 4269/4269/4269 4292/4292/4292
f 4294/4294/4294 4301/4301/4301 4292/4292/4292
f 4300/4300/4300 4292/4292/4292 4301/4301/4301
f 4302/4302/4302 4294/4294/4294 4295/4295/4295
f 4294/4294/4294 4302/4302/4302 4301/4301/4301
f 4269/4269/4269 4300/4300/4300 4303/4303/4303
f 4303/4303/4303 4263/4263/4263 4269/4269/4269
f 4298/4298/4298 4304/4304/4304 4295/4295/4295
f 4302/4302/4302 4295/4295/4295 4304/4304/4304
f 4300/4300/4300 4301/4301/4301 4305/4305/4305
f 4305/4305/4305 4303/4303/4303 4300/4300/4300
f 4263/4263/4263 4303/4303/4303 4306/4306/4306
f 4306/4306/4306 4257/4257/4257 4263/4263/4263
f 4303/4303/4303 4305/4305/4305 4307/4307/4307
f 4307/4307/4307 4306/4306/4306 4303/4303/4303
f 4257/4257/4257 4306/4306/4306 4308/4308/4308
f 4308/4308/4308 4236/4236/4236 4257/4257/4257
f 4306/4306/4306 4307/4307/4307 4309/4309/4309
f 4309/4309/4309 4308/4308/4308 4306/4306/4306
f 4236/4236/4236 4308/4308/4308 4310/4310/4310
f 4310/4310/4310 4230/4230/4230 4236/4236/4236
f 4308/4308/4308 4309/4309/4309 4311/4311/4311
f 4311/4311/4311 4310/4310/4310 4308/4308/4308
f 4230/4230/4230 4310/4310/4310 4312/4312/4312
f 4312/4312/4312 4219/4219/4219 4230/4230/4230
f 4310/4310/4310 4311/4311/4311 4313/4313/4313
f 4313/4313/4313 4312/4312/4312 4310/4310/4310
f 4314/4314/4314 4307/4307/4307 4305/4305/4305
f 4315/4315/4315 4309/4309/4309 4307/4307/4307
f 4307/4307/4307 4314/4314/4314 4315/4315/4315
f 4316/4316/4316 4311/4311/4311 4309/4309/4309
f 4309/4309/4309 4315/4315/4315 4316/4316/4316
f 4317/4317/4317 4313/4313/4313 4311/4311/4311
f 4311/4311/4311 4316/4316/4316 4317/4317/4317
f 4313/4313/4313 4318/4318/4318 4312/4312/4312
f 4313/4313/4313 4317/4317/4317 4318/4318/4318
f 4312/4312/4312 4319/4319/4319 4219/4219/4219
f 4319/4319/4319 4312/4312/4312 4318/4318/4318
f 4305/4305/4305 4320/4320/4320 4314/4314/4314
f 4320/4320/4320 4305/4305/4305 4301/4301/4301
f 4321/4321/4321 4219/4219/4219 4319/4319/4319
f 4321/4321/4321 4222/4222/4222 4219/4219/4219
f 4222/4222/4222 4321/4321/4321 4322/4322/4322
f 4222/4222/4222 4322/4322/4322 4205/4205/4205
f 4321/4321/4321 4319/4319/4319 4323/4323/4323
f 4323/4323/4323 4322/4322/4322 4321/4321/4321
f 4319/4319/4319 4318/4318/4318 4324/4324/4324
f 4324/4324/4324 4323/4323/4323 4319/4319/4319
f 4301/4301/4301 4325/4325/4325 4320/4320/4320
f 4325/4325/4325 4301/4301/4301 4302/4302/4302
f 4325/4325/4325 4302/4302/4302 4326/4326/4326
f 4304/4304/4304 4326/4326/4326 4302/4302/4302
f 4327/4327/4327 4320/4320/4320 4325/4325/4325
f 4325/4325/4325 4326/4326/4326 4327/4327/4327
f 4328/4328/4328 4205/4205/4205 4322/4322/4322
f 4328/4328/4328 4322/4322/4322 4329/4329/4329
f 4328/4328/4328 4207/4207/4207 4205/4205/4205
f 4207/4207/4207 4328/4328/4328 4330/4330/4330
f 4329/4329/4329 4330/4330/4330 4328/4328/4328
f 4330/4330/4330 4208/4208/4208 4207/4207/4207
f 4322/4322/4322 4323/4323/4323 4331/4331/4331
f 4331/4331/4331 4329/4329/4329 4322/4322/4322
f 4330/4330/4330 4332/4332/4332 4208/4208/4208
f 4333/4333/4333 4208/4208/4208 4332/4332/4332
f 4333/4333/4333 4332/4332/4332 4334/4334/4334
f 4335/4335/4335 4334/4334/4334 4332/4332/4332
f 4335/4335/4335 4332/4332/4332 4336/4336/4336
f 4332/4332/4332 4330/4330/4330 4337/4337/4337
f 4337/4337/4337 4336/4336/4336 4332/4332/4332
f 4329/4329/4329 4337/4337/4337 4330/4330/4330
f 4337/4337/4337 4338/4338/4338 4336/4336/4336
f 4337/4337/4337 4329/4329/4329 4338/4338/4338
f 4339/4339/4339 4336/4336/4336 4338/4338/4338
f 4340/4340/4340 4331/4331/4331 4323/4323/4323
f 4323/4323/4323 4324/4324/4324 4340/4340/4340
f 4331/4331/4331 4341/4341/4341 4329/4329/4329
f 4340/4340/4340 4342/4342/4342 4331/4331/4331
f 4341/4341/4341 4331/4331/4331 4342/4342/4342
f 4341/4341/4341 4342/4342/4342 4343/4343/4343
f 4341/4341/4341 4343/4343/4343 4344/4344/4344
f 4344/4344/4344 4329/4329/4329 4341/4341/4341
f 4344/4344/4344 4338/4338/4338 4329/4329/4329
f 4344/4344/4344 4343/4343/4343 4345/4345/4345
f 4344/4344/4344 4345/4345/4345 4338/4338/4338
f 4346/4346/4346 4338/4338/4338 4345/4345/4345
f 4339/4339/4339 4338/4338/4338 4347/4347/4347
f 4346/4346/4346 4347/4347/4347 4338/4338/4338
f 4347/4347/4347 4346/4346/4346 4348/4348/4348
f 4347/4347/4347 4349/4349/4349 4339/4339/4339
f 4347/4347/4347 4348/4348/4348 4349/4349/4349
f 4350/4350/4350 4339/4339/4339 4349/4349/4349
f 4350/4350/4350 4349/4349/4349 4351/4351/4351
f 4352/4352/4352 4351/4351/4351 4349/4349/4349
f 4349/4349/4349 4353/4353/4353 4352/4352/4352
f 4353/4353/4353 4349/4349/4349 4348/4348/4348
f 4354/4354/4354 4352/4352/4352 4353/4353/4353
f 4354/4354/4354 4353/4353/4353 4355/4355/4355
f 4356/4356/4356 4355/4355/4355 4353/4353/4353
f 4353/4353/4353 4348/4348/4348 4356/4356/4356
f 4356/4356/4356 4357/4357/4357 4355/4355/4355
f 4358/4358/4358 4355/4355/4355 4357/4357/4357
f 4359/4359/4359 4358/4358/4358 4357/4357/4357
f 4356/4356/4356 4360/4360/4360 4357/4357/4357
f 4360/4360/4360 4356/4356/4356 4348/4348/4348
f 4357/4357/4357 4361/4361/4361 4359/4359/4359
f 4361/4361/4361 4357/4357/4357 4360/4360/4360
f 4362/4362/4362 4359/4359/4359 4361/4361/4361
f 4362/4362/4362 4361/4361/4361 4363/4363/4363
f 4364/4364/4364 4363/4363/4363 4361/4361/4361
f 4361/4361/4361 4360/4360/4360 4364/4364/4364
f 4365/4365/4365 4363/4363/4363 4364/4364/4364
f 4364/4364/4364 4366/4366/4366 4365/4365/4365
f 4366/4366/4366 4364/4364/4364 4360/4360/4360
f 4360/4360/4360 4348/4348/4348 4366/4366/4366
f 4367/4367/4367 4366/4366/4366 4348/4348/4348
f 4367/4367/4367 4368/4368/4368 4366/4366/4366
f 4367/4367/4367 4348/4348/4348 4346/4346/4346
f 4346/4346/4346 4345/4345/4345 4367/4367/4367
f 4368/4368/4368 4367/4367/4367 4345/4345/4345
f 4369/4369/4369 4365/4365/4365 4366/4366/4366
f 4369/4369/4369 4366/4366/4366 4368/4368/4368
f 4369/4369/4369 4370/4370/4370 4365/4365/4365
f 4369/4369/4369 4368/4368/4368 4371/4371/4371
f 4370/4370/4370 4369/4369/4369 4371/4371/4371
f 4372/4372/4372 4371/4371/4371 4368/4368/4368
f 4368/4368/4368 4345/4345/4345 4373/4373/4373
f 4374/4374/4374 4373/4373/4373 4345/4345/4345
f 4375/4375/4375 4372/4372/4372 4368/4368/4368
f 4375/4375/4375 4368/4368/4368 4373/4373/4373
f 4376/4376/4376 4374/4374/4374 4345/4345/4345
f 4376/4376/4376 4345/4345/4345 4377/4377/4377
f 4377/4377/4377 4345/4345/4345 4343/4343/4343
f 4376/4376/4376 4378/4378/4378 4374/4374/4374
f 4376/4376/4376 4377/4377/4377 4378/4378/4378
f 4375/4375/4375 4379/4379/4379 4372/4372/4372
f 4373/4373/4373 4380/4380/4380 4375/4375/4375
f 4379/4379/4379 4375/4375/4375 4380/4380/4380
f 4377/4377/4377 4343/4343/4343 4381/4381/4381
f 4382/4382/4382 4378/4378/4378 4377/4377/4377
f 4377/4377/4377 4381/4381/4381 4382/4382/4382
f 4383/4383/4383 4374/4374/4374 4378/4378/4378
f 4378/4378/4378 4382/4382/4382 4384/4384/4384
f 4378/4378/4378 4384/4384/4384 4383/4383/4383
f 4385/4385/4385 4372/4372/4372 4379/4379/4379
f 4379/4379/4379 4380/4380/4380 4386/4386/4386
f 4379/4379/4379 4386/4386/4386 4385/4385/4385
f 4380/4380/4380 4373/4373/4373 4387/4387/4387
f 4373/4373/4373 4374/4374/4374 4388/4388/4388
f 4388/4388/4388 4387/4387/4387 4373/4373/4373
f 4389/4389/4389 4386/4386/4386 4380/4380/4380
f 4380/4380/4380 4387/4387/4387 4389/4389/4389
f 4383/4383/4383 4390/4390/4390 4374/4374/4374
f 4391/4391/4391 4383/4383/4383 4384/4384/4384
f 4383/4383/4383 4391/4391/4391 4390/4390/4390
f 4392/4392/4392 4388/4388/4388 4374/4374/4374
f 4392/4392/4392 4374/4374/4374 4390/4390/4390
f 4387/4387/4387 4388/4388/4388 4393/4393/4393
f 4394/4394/4394 4389/4389/4389 4387/4387/4387
f 4387/4387/4387 4393/4393/4393 4394/4394/4394
f 4388/4388/4388 4392/4392/4392 4395/4395/4395
f 4395/4395/4395 4393/4393/4393 4388/4388/4388
f 4396/4396/4396 4390/4390/4390 4391/4391/4391
f 4390/4390/4390 4397/4397/4397 4392/4392/4392
f 4390/4390/4390 4396/4396/4396 4397/4397/4397
f 4391/4391/4391 4384/4384/4384 4398/4398/4398
f 4391/4391/4391 4398/4398/4398 4396/4396/4396
f 4399/4399/4399 4395/4395/4395 4392/4392/4392
f 4399/4399/4399 4392/4392/4392 4397/4397/4397
f 4400/4400/4400 4398/4398/4398 4384/4384/4384
f 4401/4401/4401 4396/4396/4396 4398/4398/4398
f 4398/4398/4398 4400/4400/4400 4401/4401/4401
f 4401/4401/4401 4402/4402/4402 4396/4396/4396
f 4403/4403/4403 4397/4397/4397 4396/4396/4396
f 4403/4403/4403 4396/4396/4396 4402/4402/4402
f 4397/4397/4397 4403/4403/4403 4404/4404/4404
f 4397/4397/4397 4404/4404/4404 4399/4399/4399
f 4384/4384/4384 4405/4405/4405 4400/4400/4400
f 4405/4405/4405 4384/4384/4384 4382/4382/4382
f 4406/4406/4406 4401/4401/4401 4400/4400/4400
f 4401/4401/4401 4406/4406/4406 4402/4402/4402
f 4403/4403/4403 4402/4402/4402 4407/4407/4407
f 4407/4407/4407 4404/4404/4404 4403/4403/4403
f 4408/4408/4408 4400/4400/4400 4405/4405/4405
f 4400/4400/4400 4408/4408/4408 4406/4406/4406
f 4408/4408/4408 4405/4405/4405 4409/4409/4409
f 4409/4409/4409 4406/4406/4406 4408/4408/4408
f 4405/4405/4405 4382/4382/4382 4410/4410/4410
f 4410/4410/4410 4409/4409/4409 4405/4405/4405
f 4411/4411/4411 4410/4410/4410 4382/4382/4382
f 4411/4411/4411 4382/4382/4382 4381/4381/4381
f 4412/4412/4412 4402/4402/4402 4406/4406/4406
f 4406/4406/4406 4409/4409/4409 4412/4412/4412
f 4410/4410/4410 4413/4413/4413 4409/4409/4409
f 4410/4410/4410 4411/4411/4411 4413/4413/4413
f 4414/4414/4414 4412/4412/4412 4409/4409/4409
f 4414/4414/4414 4409/4409/4409 4413/4413/4413
f 4412/4412/4412 4415/4415/4415 4402/4402/4402
f 4412/4412/4412 4414/4414/4414 4415/4415/4415
f 4416/4416/4416 4407/4407/4407 4402/4402/4402
f 4416/4416/4416 4402/4402/4402 4415/4415/4415
f 4381/4381/4381 4417/4417/4417 4411/4411/4411
f 4418/4418/4418 4413/4413/4413 4411/4411/4411
f 4418/4418/4418 4411/4411/4411 4417/4417/4417
f 4413/4413/4413 4419/4419/4419 4414/4414/4414
f 4413/4413/4413 4418/4418/4418 4419/4419/4419
f 4420/4420/4420 4415/4415/4415 4414/4414/4414
f 4420/4420/4420 4414/4414/4414 4419/4419/4419
f 4415/4415/4415 4421/4421/4421 4416/4416/4416
f 4415/4415/4415 4420/4420/4420 4421/4421/4421
f 4381/4381/4381 4422/4422/4422 4417/4417/4417
f 4422/4422/4422 4381/4381/4381 4343/4343/4343
f 4407/4407/4407 4416/4416/4416 4423/4423/4423
f 4424/4424/4424 4416/4416/4416 4421/4421/4421
f 4424/4424/4424 4423/4423/4423 4416/4416/4416
f 4423/4423/4423 4425/4425/4425 4407/4407/4407
f 4404/4404/4404 4407/4407/4407 4425/4425/4425
f 4404/4404/4404 4425/4425/4425 4426/4426/4426
f 4426/4426/4426 4399/4399/4399 4404/4404/4404
f 4426/4426/4426 4427/4427/4427 4399/4399/4399
f 4395/4395/4395 4399/4399/4399 4427/4427/4427
f 4427/4427/4427 4428/4428/4428 4395/4395/4395
f 4393/4393/4393 4395/4395/4395 4428/4428/4428
f 4427/4427/4427 4426/4426/4426 4429/4429/4429
f 4430/4430/4430 4426/4426/4426 4425/4425/4425
f 4430/4430/4430 4429/4429/4429 4426/4426/4426
f 4428/4428/4428 4427/4427/4427 4431/4431/4431
f 4429/4429/4429 4431/4431/4431 4427/4427/4427
f 4425/4425/4425 4423/4423/4423 4432/4432/4432
f 4430/4430/4430 4425/4425/4425 4433/4433/4433
f 4432/4432/4432 4433/4433/4433 4425/4425/4425
f 4429/4429/4429 4430/4430/4430 4434/4434/4434
f 4433/4433/4433 4434/4434/4434 4430/4430/4430
f 4431/4431/4431 4429/4429/4429 4435/4435/4435
f 4434/4434/4434 4435/4435/4435 4429/4429/4429
f 4436/4436/4436 4432/4432/4432 4423/4423/4423
f 4423/4423/4423 4424/4424/4424 4436/4436/4436
f 4428/4428/4428 4437/4437/4437 4393/4393/4393
f 4431/4431/4431 4438/4438/4438 4428/4428/4428
f 4437/4437/4437 4428/4428/4428 4438/4438/4438
f 4435/4435/4435 4439/4439/4439 4431/4431/4431
f 4438/4438/4438 4431/4431/4431 4439/4439/4439
f 4440/4440/4440 4393/4393/4393 4437/4437/4437
f 4440/4440/4440 4394/4394/4394 4393/4393/4393
f 4394/4394/4394 4440/4440/4440 4441/4441/4441
f 4394/4394/4394 4441/4441/4441 4389/4389/4389
f 4440/4440/4440 4437/4437/4437 4442/4442/4442
f 4442/4442/4442 4441/4441/4441 4440/4440/4440
f 4438/4438/4438 4443/4443/4443 4437/4437/4437
f 4439/4439/4439 4444/4444/4444 4438/4438/4438
f 4443/4443/4443 4438/4438/4438 4444/4444/4444
f 4445/4445/4445 4442/4442/4442 4437/4437/4437
f 4445/4445/4445 4437/4437/4437 4443/4443/4443
f 4439/4439/4439 4435/4435/4435 4446/4446/4446
f 4444/4444/4444 4439/4439/4439 4447/4447/4447
f 4446/4446/4446 4447/4447/4447 4439/4439/4439
f 4448/4448/4448 4446/4446/4446 4435/4435/4435
f 4435/4435/4435 4434/4434/4434 4448/4448/4448
f 4449/4449/4449 4448/4448/4448 4434/4434/4434
f 4434/4434/4434 4433/4433/4433 4449/4449/4449
f 4450/4450/4450 4449/4449/4449 4433/4433/4433
f 4433/4433/4433 4432/4432/4432 4450/4450/4450
f 4451/4451/4451 4450/4450/4450 4432/4432/4432
f 4432/4432/4432 4436/4436/4436 4451/4451/4451
f 4443/4443/4443 4452/4452/4452 4445/4445/4445
f 4444/4444/4444 4453/4453/4453 4443/4443/4443
f 4452/4452/4452 4443/4443/4443 4453/4453/4453
f 4447/4447/4447 4454/4454/4454 4444/4444/4444
f 4453/4453/4453 4444/4444/4444 4454/4454/4454
f 4455/4455/4455 4445/4445/4445 4452/4452/4452
f 4445/4445/4445 4455/4455/4455 4442/4442/4442
f 4456/4456/4456 4442/4442/4442 4455/4455/4455
f 4442/4442/4442 4456/4456/4456 4441/4441/4441
f 4453/4453/4453 4457/4457/4457 4452/4452/4452
f 4452/4452/4452 4458/4458/4458 4455/4455/4455
f 4458/4458/4458 4452/4452/4452 4457/4457/4457
f 4454/4454/4454 4459/4459/4459 4453/4453/4453
f 4457/4457/4457 4453/4453/4453 4459/4459/4459
f 4455/4455/4455 4460/4460/4460 4456/4456/4456
f 4460/4460/4460 4455/4455/4455 4458/4458/4458
f 4454/4454/4454 4447/4447/4447 4461/4461/4461
f 4459/4459/4459 4454/4454/4454 4462/4462/4462
f 4461/4461/4461 4462/4462/4462 4454/4454/4454
f 4463/4463/4463 4461/4461/4461 4447/4447/4447
f 4447/4447/4447 4446/4446/4446 4463/4463/4463
f 4464/4464/4464 4463/4463/4463 4446/4446/4446
f 4446/4446/4446 4448/4448/4448 4464/4464/4464
f 4465/4465/4465 4464/4464/4464 4448/4448/4448
f 4448/4448/4448 4449/4449/4449 4465/4465/4465
f 4466/4466/4466 4465/4465/4465 4449/4449/4449
f 4449/4449/4449 4450/4450/4450 4466/4466/4466
f 4467/4467/4467 4466/4466/4466 4450/4450/4450
f 4450/4450/4450 4451/4451/4451 4467/4467/4467
f 4461/4461/4461 4463/4463/4463 4468/4468/4468
f 4463/4463/4463 4464/4464/4464 4469/4469/4469
f 4469/4469/4469 4468/4468/4468 4463/4463/4463
f 4464/4464/4464 4465/4465/4465 4470/4470/4470
f 4470/4470/4470 4469/4469/4469 4464/4464/4464
f 4465/4465/4465 4466/4466/4466 4471/4471/4471
f 4471/4471/4471 4470/4470/4470 4465/4465/4465
f 4466/4466/4466 4467/4467/4467 4472/4472/4472
f 4472/4472/4472 4471/4471/4471 4466/4466/4466
f 4468/4468/4468 4473/4473/4473 4461/4461/4461
f 4462/4462/4462 4461/4461/4461 4473/4473/4473
f 4474/4474/4474 4467/4467/4467 4451/4451/4451
f 4475/4475/4475 4472/4472/4472 4467/4467/4467
f 4467/4467/4467 4474/4474/4474 4475/4475/4475
f 4451/4451/4451 4476/4476/4476 4474/4474/4474
f 4476/4476/4476 4451/4451/4451 4436/4436/4436
f 4436/4436/4436 4477/4477/4477 4476/4476/4476
f 4477/4477/4477 4436/4436/4436 4424/4424/4424
f 4477/4477/4477 4424/4424/4424 4478/4478/4478
f 4421/4421/4421 4478/4478/4478 4424/4424/4424
f 4421/4421/4421 4479/4479/4479 4478/4478/4478
f 4479/4479/4479 4421/4421/4421 4420/4420/4420
f 4479/4479/4479 4420/4420/4420 4480/4480/4480
f 4419/4419/4419 4480/4480/4480 4420/4420/4420
f 4419/4419/4419 4481/4481/4481 4480/4480/4480
f 4481/4481/4481 4419/4419/4419 4418/4418/4418
f 4481/4481/4481 4418/4418/4418 4482/4482/4482
f 4417/4417/4417 4482/4482/4482 4418/4418/4418
f 4417/4417/4417 4483/4483/4483 4482/4482/4482
f 4483/4483/4483 4417/4417/4417 4422/4422/4422
f 4484/4484/4484 4476/4476/4476 4477/4477/4477
f 4478/4478/4478 4485/4485/4485 4477/4477/4477
f 4484/4484/4484 4477/4477/4477 4485/4485/4485
f 4486/4486/4486 4478/4478/4478 4479/4479/4479
f 4478/4478/4478 4486/4486/4486 4485/4485/4485
f 4480/4480/4480 4487/4487/4487 4479/4479/4479
f 4486/4486/4486 4479/4479/4479 4487/4487/4487
f 4488/4488/4488 4480/4480/4480 4481/4481/4481
f 4480/4480/4480 4488/4488/4488 4487/4487/4487
f 4482/4482/4482 4489/4489/4489 4481/4481/4481
f 4488/4488/4488 4481/4481/4481 4489/4489/4489
f 4490/4490/4490 4482/4482/4482 4483/4483/4483
f 4482/4482/4482 4490/4490/4490 4489/4489/4489
f 4476/4476/4476 4484/4484/4484 4491/4491/4491
f 4491/4491/4491 4474/4474/4474 4476/4476/4476
f 4474/4474/4474 4491/4491/4491 4492/4492/4492
f 4492/4492/4492 4475/4475/4475 4474/4474/4474
f 4487/4487/4487 4493/4493/4493 4486/4486/4486
f 4494/4494/4494 4487/4487/4487 4488/4488/4488
f 4487/4487/4487 4494/4494/4494 4493/4493/4493
f 4489/4489/4489 4495/4495/4495 4488/4488/4488
f 4494/4494/4494 4488/4488/4488 4495/4495/4495
f 4496/4496/4496 4489/4489/4489 4490/4490/4490
f 4489/4489/4489 4496/4496/4496 4495/4495/4495
f 4497/4497/4497 4486/4486/4486 4493/4493/4493
f 4497/4497/4497 4485/4485/4485 4486/4486/4486
f 4485/4485/4485 4497/4497/4497 4498/4498/4498
f 4485/4485/4485 4498/4498/4498 4484/4484/4484
f 4499/4499/4499 4484/4484/4484 4498/4498/4498
f 4499/4499/4499 4491/4491/4491 4484/4484/4484
f 4500/4500/4500 4492/4492/4492 4491/4491/4491
f 4491/4491/4491 4499/4499/4499 4500/4500/4500
f 4495/4495/4495 4501/4501/4501 4494/4494/4494
f 4502/4502/4502 4493/4493/4493 4494/4494/4494
f 4502/4502/4502 4494/4494/4494 4501/4501/4501
f 4493/4493/4493 4503/4503/4503 4497/4497/4497
f 4493/4493/4493 4502/4502/4502 4503/4503/4503
f 4504/4504/4504 4498/4498/4498 4497/4497/4497
f 4504/4504/4504 4497/4497/4497 4503/4503/4503
f 4498/4498/4498 4505/4505/4505 4499/4499/4499
f 4498/4498/4498 4504/4504/4504 4505/4505/4505
f 4506/4506/4506 4503/4503/4503 4502/4502/4502
f 4502/4502/4502 4501/4501/4501 4506/4506/4506
f 4503/4503/4503 4507/4507/4507 4504/4504/4504
f 4503/4503/4503 4506/4506/4506 4507/4507/4507
f 4508/4508/4508 4500/4500/4500 4499/4499/4499
f 4508/4508/4508 4499/4499/4499 4505/4505/4505
f 4509/4509/4509 4505/4505/4505 4504/4504/4504
f 4509/4509/4509 4504/4504/4504 4507/4507/4507
f 4495/4495/4495 4510/4510/4510 4501/4501/4501
f 4510/4510/4510 4495/4495/4495 4496/4496/4496
f 4505/4505/4505 4511/4511/4511 4508/4508/4508
f 4505/4505/4505 4509/4509/4509 4511/4511/4511
f 4326/4326/4326 4507/4507/4507 4506/4506/4506
f 4327/4327/4327 4506/4506/4506 4501/4501/4501
f 4506/4506/4506 4327/4327/4327 4326/4326/4326
f 4507/4507/4507 4326/4326/4326 4512/4512/4512
f 4507/4507/4507 4512/4512/4512 4509/4509/4509
f 4304/4304/4304 4512/4512/4512 4326/4326/4326
f 4501/4501/4501 4513/4513/4513 4327/4327/4327
f 4513/4513/4513 4501/4501/4501 4510/4510/4510
f 4320/4320/4320 4327/4327/4327 4513/4513/4513
f 4513/4513/4513 4314/4314/4314 4320/4320/4320
f 4513/4513/4513 4510/4510/4510 4314/4314/4314
f 4514/4514/4514 4314/4314/4314 4510/4510/4510
f 4510/4510/4510 4496/4496/4496 4514/4514/4514
f 4514/4514/4514 4315/4315/4315 4314/4314/4314
f 4515/4515/4515 4509/4509/4509 4512/4512/4512
f 4515/4515/4515 4511/4511/4511 4509/4509/4509
f 4512/4512/4512 4304/4304/4304 4516/4516/4516
f 4512/4512/4512 4516/4516/4516 4515/4515/4515
f 4298/4298/4298 4516/4516/4516 4304/4304/4304
f 4517/4517/4517 4514/4514/4514 4496/4496/4496
f 4496/4496/4496 4490/4490/4490 4517/4517/4517
f 4315/4315/4315 4514/4514/4514 4518/4518/4518
f 4517/4517/4517 4518/4518/4518 4514/4514/4514
f 4518/4518/4518 4316/4316/4316 4315/4315/4315
f 4516/4516/4516 4298/4298/4298 4519/4519/4519
f 4297/4297/4297 4519/4519/4519 4298/4298/4298
f 4520/4520/4520 4515/4515/4515 4516/4516/4516
f 4516/4516/4516 4519/4519/4519 4520/4520/4520
f 4511/4511/4511 4515/4515/4515 4521/4521/4521
f 4520/4520/4520 4521/4521/4521 4515/4515/4515
f 4522/4522/4522 4517/4517/4517 4490/4490/4490
f 4490/4490/4490 4483/4483/4483 4522/4522/4522
f 4316/4316/4316 4518/4518/4518 4523/4523/4523
f 4523/4523/4523 4317/4317/4317 4316/4316/4316
f 4518/4518/4518 4517/4517/4517 4524/4524/4524
f 4522/4522/4522 4524/4524/4524 4517/4517/4517
f 4524/4524/4524 4523/4523/4523 4518/4518/4518
f 4519/4519/4519 4297/4297/4297 4525/4525/4525
f 4296/4296/4296 4525/4525/4525 4297/4297/4297
f 4526/4526/4526 4520/4520/4520 4519/4519/4519
f 4519/4519/4519 4525/4525/4525 4526/4526/4526
f 4527/4527/4527 4522/4522/4522 4483/4483/4483
f 4483/4483/4483 4422/4422/4422 4527/4527/4527
f 4317/4317/4317 4523/4523/4523 4528/4528/4528
f 4528/4528/4528 4318/4318/4318 4317/4317/4317
f 4524/4524/4524 4522/4522/4522 4529/4529/4529
f 4527/4527/4527 4529/4529/4529 4522/4522/4522
f 4523/4523/4523 4524/4524/4524 4530/4530/4530
f 4530/4530/4530 4528/4528/4528 4523/4523/4523
f 4529/4529/4529 4530/4530/4530 4524/4524/4524
f 4525/4525/4525 4296/4296/4296 4531/4531/4531
f 4299/4299/4299 4531/4531/4531 4296/4296/4296
f 4532/4532/4532 4527/4527/4527 4422/4422/4422
f 4422/4422/4422 4343/4343/4343 4532/4532/4532
f 4318/4318/4318 4528/4528/4528 4533/4533/4533
f 4533/4533/4533 4324/4324/4324 4318/4318/4318
f 4528/4528/4528 4530/4530/4530 4534/4534/4534
f 4534/4534/4534 4533/4533/4533 4528/4528/4528
f 4529/4529/4529 4527/4527/4527 4535/4535/4535
f 4532/4532/4532 4535/4535/4535 4527/4527/4527
f 4530/4530/4530 4529/4529/4529 4536/4536/4536
f 4536/4536/4536 4534/4534/4534 4530/4530/4530
f 4535/4535/4535 4536/4536/4536 4529/4529/4529
f 4537/4537/4537 4532/4532/4532 4343/4343/4343
f 4537/4537/4537 4343/4343/4343 4342/4342/4342
f 4533/4533/4533 4538/4538/4538 4324/4324/4324
f 4533/4533/4533 4534/4534/4534 4538/4538/4538
f 4534/4534/4534 4536/4536/4536 4539/4539/4539
f 4539/4539/4539 4538/4538/4538 4534/4534/4534
f 4535/4535/4535 4532/4532/4532 4540/4540/4540
f 4537/4537/4537 4540/4540/4540 4532/4532/4532
f 4536/4536/4536 4535/4535/4535 4541/4541/4541
f 4541/4541/4541 4539/4539/4539 4536/4536/4536
f 4540/4540/4540 4541/4541/4541 4535/4535/4535
f 4540/4540/4540 4537/4537/4537 4542/4542/4542
f 4540/4540/4540 4542/4542/4542 4541/4541/4541
f 4539/4539/4539 4541/4541/4541 4542/4542/4542
f 4342/4342/4342 4542/4542/4542 4537/4537/4537
f 4539/4539/4539 4542/4542/4542 4538/4538/4538
f 4543/4543/4543 4324/4324/4324 4538/4538/4538
f 4543/4543/4543 4538/4538/4538 4542/4542/4542
f 4542/4542/4542 4342/4342/4342 4543/4543/4543
f 4543/4543/4543 4340/4340/4340 4324/4324/4324
f 4340/4340/4340 4543/4543/4543 4342/4342/4342
f 4546/4546/4546 4545/4545/4545 4544/4544/4544
f 4547/4547/4547 4544/4544/4544 4545/4545/4545
f 4547/4547/4547 4548/4548/4548 4544/4544/4544
f 4549/4549/4549 4544/4544/4544 4548/4548/4548
f 4545/4545/4545 4550/4550/4550 4547/4547/4547
f 4549/4549/4549 4548/4548/4548 4551/4551/4551
f 4552/4552/4552 4547/4547/4547 4550/4550/4550
f 4547/4547/4547 4552/4552/4552 4548/4548/4548
f 4550/4550/4550 4553/4553/4553 4552/4552/4552
f 4554/4554/4554 4552/4552/4552 4553/4553/4553
f 4555/4555/4555 4548/4548/4548 4552/4552/4552
f 4552/4552/4552 4554/4554/4554 4555/4555/4555
f 4554/4554/4554 4553/4553/4553 4556/4556/4556
f 4557/4557/4557 4556/4556/4556 4553/4553/4553
f 4557/4557/4557 4558/4558/4558 4556/4556/4556
f 4559/4559/4559 4555/4555/4555 4554/4554/4554
f 4554/4554/4554 4556/4556/4556 4559/4559/4559
f 4560/4560/4560 4556/4556/4556 4558/4558/4558
f 4558/4558/4558 4561/4561/4561 4560/4560/4560
f 4562/4562/4562 4559/4559/4559 4556/4556/4556
f 4556/4556/4556 4560/4560/4560 4562/4562/4562
f 4559/4559/4559 4563/4563/4563 4555/4555/4555
f 4559/4559/4559 4562/4562/4562 4563/4563/4563
f 4555/4555/4555 4564/4564/4564 4548/4548/4548
f 4564/4564/4564 4555/4555/4555 4563/4563/4563
f 4565/4565/4565 4560/4560/4560 4561/4561/4561
f 4561/4561/4561 4566/4566/4566 4565/4565/4565
f 4567/4567/4567 4562/4562/4562 4560/4560/4560
f 4560/4560/4560 4565/4565/4565 4567/4567/4567
f 4568/4568/4568 4548/4548/4548 4564/4564/4564
f 4568/4568/4568 4551/4551/4551 4548/4548/4548
f 4568/4568/4568 4569/4569/4569 4551/4551/4551
f 4570/4570/4570 4551/4551/4551 4569/4569/4569
f 4564/4564/4564 4571/4571/4571 4568/4568/4568
f 4569/4569/4569 4568/4568/4568 4571/4571/4571
f 4563/4563/4563 4572/4572/4572 4564/4564/4564
f 4571/4571/4571 4564/4564/4564 4572/4572/4572
f 4573/4573/4573 4563/4563/4563 4562/4562/4562
f 4563/4563/4563 4573/4573/4573 4572/4572/4572
f 4574/4574/4574 4565/4565/4565 4566/4566/4566
f 4566/4566/4566 4575/4575/4575 4574/4574/4574
f 4573/4573/4573 4562/4562/4562 4576/4576/4576
f 4567/4567/4567 4576/4576/4576 4562/4562/4562
f 4577/4577/4577 4574/4574/4574 4575/4575/4575
f 4575/4575/4575 4578/4578/4578 4577/4577/4577
f 4579/4579/4579 4577/4577/4577 4578/4578/4578
f 4578/4578/4578 4580/4580/4580 4579/4579/4579
f 4577/4577/4577 4581/4581/4581 4574/4574/4574
f 4577/4577/4577 4579/4579/4579 4581/4581/4581
f 4574/4574/4574 4582/4582/4582 4565/4565/4565
f 4582/4582/4582 4574/4574/4574 4581/4581/4581
f 4583/4583/4583 4567/4567/4567 4565/4565/4565
f 4583/4583/4583 4565/4565/4565 4582/4582/4582
f 4583/4583/4583 4584/4584/4584 4567/4567/4567
f 4576/4576/4576 4567/4567/4567 4584/4584/4584
f 4583/4583/4583 4582/4582/4582 4584/4584/4584
f 4585/4585/4585 4579/4579/4579 4580/4580/4580
f 4580/4580/4580 4586/4586/4586 4585/4585/4585
f 4587/4587/4587 4581/4581/4581 4579/4579/4579
f 4579/4579/4579 4585/4585/4585 4587/4587/4587
f 4588/4588/4588 4585/4585/4585 4586/4586/4586
f 4586/4586/4586 4589/4589/4589 4588/4588/4588
f 4590/4590/4590 4587/4587/4587 4585/4585/4585
f 4585/4585/4585 4588/4588/4588 4590/4590/4590
f 4591/4591/4591 4588/4588/4588 4589/4589/4589
f 4589/4589/4589 4592/4592/4592 4591/4591/4591
f 4593/4593/4593 4590/4590/4590 4588/4588/4588
f 4588/4588/4588 4591/4591/4591 4593/4593/4593
f 4590/4590/4590 4594/4594/4594 4587/4587/4587
f 4590/4590/4590 4593/4593/4593 4594/4594/4594
f 4587/4587/4587 4595/4595/4595 4581/4581/4581
f 4595/4595/4595 4587/4587/4587 4594/4594/4594
f 4581/4581/4581 4596/4596/4596 4582/4582/4582
f 4596/4596/4596 4581/4581/4581 4595/4595/4595
f 4597/4597/4597 4591/4591/4591 4592/4592/4592
f 4592/4592/4592 4598/4598/4598 4597/4597/4597
f 4599/4599/4599 4597/4597/4597 4598/4598/4598
f 4599/4599/4599 4600/4600/4600 4597/4597/4597
f 4591/4591/4591 4597/4597/4597 4601/4601/4601
f 4601/4601/4601 4593/4593/4593 4591/4591/4591
f 4602/4602/4602 4597/4597/4597 4600/4600/4600
f 4602/4602/4602 4601/4601/4601 4597/4597/4597
f 4600/4600/4600 4603/4603/4603 4602/4602/4602
f 4604/4604/4604 4602/4602/4602 4603/4603/4603
f 4602/4602/4602 4604/4604/4604 4601/4601/4601
f 4603/4603/4603 4365/4365/4365 4604/4604/4604
f 4601/4601/4601 4605/4605/4605 4593/4593/4593
f 4605/4605/4605 4601/4601/4601 4604/4604/4604
f 4606/4606/4606 4604/4604/4604 4365/4365/4365
f 4604/4604/4604 4606/4606/4606 4605/4605/4605
f 4607/4607/4607 4593/4593/4593 4605/4605/4605
f 4607/4607/4607 4594/4594/4594 4593/4593/4593
f 4608/4608/4608 4605/4605/4605 4606/4606/4606
f 4605/4605/4605 4608/4608/4608 4607/4607/4607
f 4606/4606/4606 4365/4365/4365 4609/4609/4609
f 4606/4606/4606 4609/4609/4609 4608/4608/4608
f 4594/4594/4594 4607/4607/4607 4610/4610/4610
f 4594/4594/4594 4610/4610/4610 4595/4595/4595
f 4611/4611/4611 4607/4607/4607 4608/4608/4608
f 4611/4611/4611 4610/4610/4610 4607/4607/4607
f 4608/4608/4608 4612/4612/4612 4611/4611/4611
f 4612/4612/4612 4608/4608/4608 4609/4609/4609
f 4613/4613/4613 4609/4609/4609 4365/4365/4365
f 4613/4613/4613 4365/4365/4365 4370/4370/4370
f 4614/4614/4614 4595/4595/4595 4610/4610/4610
f 4595/4595/4595 4614/4614/4614 4596/4596/4596
f 4611/4611/4611 4615/4615/4615 4610/4610/4610
f 4615/4615/4615 4611/4611/4611 4612/4612/4612
f 4610/4610/4610 4616/4616/4616 4614/4614/4614
f 4616/4616/4616 4610/4610/4610 4615/4615/4615
f 4613/4613/4613 4617/4617/4617 4609/4609/4609
f 4370/4370/4370 4618/4618/4618 4613/4613/4613
f 4617/4617/4617 4613/4613/4613 4618/4618/4618
f 4609/4609/4609 4619/4619/4619 4612/4612/4612
f 4619/4619/4619 4609/4609/4609 4617/4617/4617
f 4612/4612/4612 4620/4620/4620 4615/4615/4615
f 4620/4620/4620 4612/4612/4612 4619/4619/4619
f 4615/4615/4615 4621/4621/4621 4616/4616/4616
f 4621/4621/4621 4615/4615/4615 4620/4620/4620
f 4618/4618/4618 4370/4370/4370 4622/4622/4622
f 4371/4371/4371 4622/4622/4622 4370/4370/4370
f 4623/4623/4623 4614/4614/4614 4616/4616/4616
f 4624/4624/4624 4616/4616/4616 4621/4621/4621
f 4616/4616/4616 4624/4624/4624 4623/4623/4623
f 4614/4614/4614 4623/4623/4623 4625/4625/4625
f 4625/4625/4625 4596/4596/4596 4614/4614/4614
f 4596/4596/4596 4625/4625/4625 4626/4626/4626
f 4626/4626/4626 4582/4582/4582 4596/4596/4596
f 4626/4626/4626 4584/4584/4584 4582/4582/4582
f 4627/4627/4627 4626/4626/4626 4625/4625/4625
f 4626/4626/4626 4627/4627/4627 4584/4584/4584
f 4628/4628/4628 4625/4625/4625 4623/4623/4623
f 4625/4625/4625 4628/4628/4628 4627/4627/4627
f 4629/4629/4629 4584/4584/4584 4627/4627/4627
f 4584/4584/4584 4629/4629/4629 4576/4576/4576
f 4630/4630/4630 4623/4623/4623 4624/4624/4624
f 4623/4623/4623 4630/4630/4630 4628/4628/4628
f 4631/4631/4631 4627/4627/4627 4628/4628/4628
f 4627/4627/4627 4631/4631/4631 4629/4629/4629
f 4632/4632/4632 4576/4576/4576 4629/4629/4629
f 4576/4576/4576 4632/4632/4632 4573/4573/4573
f 4633/4633/4633 4628/4628/4628 4630/4630/4630
f 4628/4628/4628 4633/4633/4633 4631/4631/4631
f 4634/4634/4634 4629/4629/4629 4631/4631/4631
f 4629/4629/4629 4634/4634/4634 4632/4632/4632
f 4635/4635/4635 4573/4573/4573 4632/4632/4632
f 4635/4635/4635 4572/4572/4572 4573/4573/4573
f 4632/4632/4632 4636/4636/4636 4635/4635/4635
f 4636/4636/4636 4632/4632/4632 4634/4634/4634
f 4631/4631/4631 4637/4637/4637 4634/4634/4634
f 4637/4637/4637 4631/4631/4631 4633/4633/4633
f 4635/4635/4635 4638/4638/4638 4572/4572/4572
f 4638/4638/4638 4635/4635/4635 4636/4636/4636
f 4634/4634/4634 4639/4639/4639 4636/4636/4636
f 4639/4639/4639 4634/4634/4634 4637/4637/4637
f 4640/4640/4640 4572/4572/4572 4638/4638/4638
f 4572/4572/4572 4640/4640/4640 4571/4571/4571
f 4636/4636/4636 4641/4641/4641 4638/4638/4638
f 4641/4641/4641 4636/4636/4636 4639/4639/4639
f 4642/4642/4642 4571/4571/4571 4640/4640/4640
f 4571/4571/4571 4642/4642/4642 4569/4569/4569
f 4638/4638/4638 4643/4643/4643 4640/4640/4640
f 4643/4643/4643 4638/4638/4638 4641/4641/4641
f 4640/4640/4640 4644/4644/4644 4642/4642/4642
f 4644/4644/4644 4640/4640/4640 4643/4643/4643
f 4633/4633/4633 4645/4645/4645 4637/4637/4637
f 4637/4637/4637 4646/4646/4646 4639/4639/4639
f 4646/4646/4646 4637/4637/4637 4645/4645/4645
f 4639/4639/4639 4647/4647/4647 4641/4641/4641
f 4647/4647/4647 4639/4639/4639 4646/4646/4646
f 4641/4641/4641 4648/4648/4648 4643/4643/4643
f 4648/4648/4648 4641/4641/4641 4647/4647/4647
f 4643/4643/4643 4649/4649/4649 4644/4644/4644
f 4649/4649/4649 4643/4643/4643 4648/4648/4648
f 4645/4645/4645 4633/4633/4633 4650/4650/4650
f 4630/4630/4630 4650/4650/4650 4633/4633/4633
f 4650/4650/4650 4630/4630/4630 4651/4651/4651
f 4624/4624/4624 4651/4651/4651 4630/4630/4630
f 4651/4651/4651 4624/4624/4624 4652/4652/4652
f 4621/4621/4621 4652/4652/4652 4624/4624/4624
f 4652/4652/4652 4621/4621/4621 4653/4653/4653
f 4620/4620/4620 4653/4653/4653 4621/4621/4621
f 4653/4653/4653 4620/4620/4620 4654/4654/4654
f 4619/4619/4619 4654/4654/4654 4620/4620/4620
f 4654/4654/4654 4619/4619/4619 4655/4655/4655
f 4617/4617/4617 4655/4655/4655 4619/4619/4619
f 4655/4655/4655 4617/4617/4617 4656/4656/4656
f 4618/4618/4618 4656/4656/4656 4617/4617/4617
f 4655/4655/4655 4657/4657/4657 4654/4654/4654
f 4655/4655/4655 4656/4656/4656 4657/4657/4657
f 4654/4654/4654 4658/4658/4658 4653/4653/4653
f 4658/4658/4658 4654/4654/4654 4657/4657/4657
f 4653/4653/4653 4659/4659/4659 4652/4652/4652
f 4659/4659/4659 4653/4653/4653 4658/4658/4658
f 4652/4652/4652 4660/4660/4660 4651/4651/4651
f 4660/4660/4660 4652/4652/4652 4659/4659/4659
f 4657/4657/4657 4661/4661/4661 4658/4658/4658
f 4661/4661/4661 4657/4657/4657 4656/4656/4656
f 4656/4656/4656 4618/4618/4618 4662/4662/4662
f 4622/4622/4622 4662/4662/4662 4618/4618/4618
f 4658/4658/4658 4663/4663/4663 4659/4659/4659
f 4663/4663/4663 4658/4658/4658 4661/4661/4661
f 4661/4661/4661 4656/4656/4656 4664/4664/4664
f 4662/4662/4662 4664/4664/4664 4656/4656/4656
f 4661/4661/4661 4664/4664/4664 4663/4663/4663
f 4662/4662/4662 4622/4622/4622 4665/4665/4665
f 4662/4662/4662 4665/4665/4665 4664/4664/4664
f 4666/4666/4666 4659/4659/4659 4663/4663/4663
f 4659/4659/4659 4666/4666/4666 4660/4660/4660
f 4667/4667/4667 4663/4663/4663 4664/4664/4664
f 4667/4667/4667 4664/4664/4664 4665/4665/4665
f 4663/4663/4663 4667/4667/4667 4666/4666/4666
f 4668/4668/4668 4651/4651/4651 4660/4660/4660
f 4651/4651/4651 4668/4668/4668 4650/4650/4650
f 4669/4669/4669 4660/4660/4660 4666/4666/4666
f 4660/4660/4660 4669/4669/4669 4668/4668/4668
f 4670/4670/4670 4666/4666/4666 4667/4667/4667
f 4666/4666/4666 4670/4670/4670 4669/4669/4669
f 4671/4671/4671 4650/4650/4650 4668/4668/4668
f 4650/4650/4650 4671/4671/4671 4645/4645/4645
f 4670/4670/4670 4667/4667/4667 4672/4672/4672
f 4665/4665/4665 4672/4672/4672 4667/4667/4667
f 4673/4673/4673 4669/4669/4669 4670/4670/4670
f 4670/4670/4670 4672/4672/4672 4673/4673/4673
f 4674/4674/4674 4668/4668/4668 4669/4669/4669
f 4668/4668/4668 4674/4674/4674 4671/4671/4671
f 4669/4669/4669 4673/4673/4673 4674/4674/4674
f 4675/4675/4675 4645/4645/4645 4671/4671/4671
f 4645/4645/4645 4675/4675/4675 4646/4646/4646
f 4676/4676/4676 4671/4671/4671 4674/4674/4674
f 4671/4671/4671 4676/4676/4676 4675/4675/4675
f 4677/4677/4677 4674/4674/4674 4673/4673/4673
f 4674/4674/4674 4677/4677/4677 4676/4676/4676
f 4678/4678/4678 4673/4673/4673 4672/4672/4672
f 4673/4673/4673 4678/4678/4678 4677/4677/4677
f 4672/4672/4672 4665/4665/4665 4679/4679/4679
f 4672/4672/4672 4679/4679/4679 4678/4678/4678
f 4680/4680/4680 4646/4646/4646 4675/4675/4675
f 4646/4646/4646 4680/4680/4680 4647/4647/4647
f 4681/4681/4681 4675/4675/4675 4676/4676/4676
f 4675/4675/4675 4681/4681/4681 4680/4680/4680
f 4682/4682/4682 4676/4676/4676 4677/4677/4677
f 4676/4676/4676 4682/4682/4682 4681/4681/4681
f 4683/4683/4683 4677/4677/4677 4678/4678/4678
f 4677/4677/4677 4683/4683/4683 4682/4682/4682
f 4684/4684/4684 4647/4647/4647 4680/4680/4680
f 4647/4647/4647 4684/4684/4684 4648/4648/4648
f 4685/4685/4685 4680/4680/4680 4681/4681/4681
f 4680/4680/4680 4685/4685/4685 4684/4684/4684
f 4686/4686/4686 4681/4681/4681 4682/4682/4682
f 4681/4681/4681 4686/4686/4686 4685/4685/4685
f 4687/4687/4687 4648/4648/4648 4684/4684/4684
f 4648/4648/4648 4687/4687/4687 4649/4649/4649
f 4688/4688/4688 4684/4684/4684 4685/4685/4685
f 4684/4684/4684 4688/4688/4688 4687/4687/4687
f 4678/4678/4678 4689/4689/4689 4683/4683/4683
f 4689/4689/4689 4678/4678/4678 4679/4679/4679
f 4690/4690/4690 4682/4682/4682 4683/4683/4683
f 4682/4682/4682 4690/4690/4690 4686/4686/4686
f 4691/4691/4691 4685/4685/4685 4686/4686/4686
f 4685/4685/4685 4691/4691/4691 4688/4688/4688
f 4692/4692/4692 4683/4683/4683 4689/4689/4689
f 4683/4683/4683 4692/4692/4692 4690/4690/4690
f 4693/4693/4693 4686/4686/4686 4690/4690/4690
f 4686/4686/4686 4693/4693/4693 4691/4691/4691
f 4694/4694/4694 4690/4690/4690 4692/4692/4692
f 4690/4690/4690 4694/4694/4694 4693/4693/4693
f 4695/4695/4695 4687/4687/4687 4688/4688/4688
f 4696/4696/4696 4688/4688/4688 4691/4691/4691
f 4688/4688/4688 4696/4696/4696 4695/4695/4695
f 4697/4697/4697 4691/4691/4691 4693/4693/4693
f 4691/4691/4691 4697/4697/4697 4696/4696/4696
f 4698/4698/4698 4693/4693/4693 4694/4694/4694
f 4693/4693/4693 4698/4698/4698 4697/4697/4697
f 4687/4687/4687 4695/4695/4695 4699/4699/4699
f 4699/4699/4699 4649/4649/4649 4687/4687/4687
f 4649/4649/4649 4699/4699/4699 4700/4700/4700
f 4700/4700/4700 4644/4644/4644 4649/4649/4649
f 4644/4644/4644 4700/4700/4700 4701/4701/4701
f 4701/4701/4701 4642/4642/4642 4644/4644/4644
f 4642/4642/4642 4701/4701/4701 4702/4702/4702
f 4702/4702/4702 4569/4569/4569 4642/4642/4642
f 4702/4702/4702 4703/4703/4703 4569/4569/4569
f 4570/4570/4570 4569/4569/4569 4703/4703/4703
f 4570/4570/4570 4703/4703/4703 4704/4704/4704
f 4570/4570/4570 4704/4704/4704 4705/4705/4705
f 4570/4570/4570 4705/4705/4705 4706/4706/4706
f 4706/4706/4706 4705/4705/4705 4707/4707/4707
f 4708/4708/4708 4702/4702/4702 4701/4701/4701
f 4702/4702/4702 4708/4708/4708 4703/4703/4703
f 4709/4709/4709 4701/4701/4701 4700/4700/4700
f 4701/4701/4701 4709/4709/4709 4708/4708/4708
f 4710/4710/4710 4700/4700/4700 4699/4699/4699
f 4700/4700/4700 4710/4710/4710 4709/4709/4709
f 4699/4699/4699 4711/4711/4711 4710/4710/4710
f 4711/4711/4711 4699/4699/4699 4695/4695/4695
f 4695/4695/4695 4712/4712/4712 4711/4711/4711
f 4712/4712/4712 4695/4695/4695 4696/4696/4696
f 4696/4696/4696 4713/4713/4713 4712/4712/4712
f 4713/4713/4713 4696/4696/4696 4697/4697/4697
f 4697/4697/4697 4714/4714/4714 4713/4713/4713
f 4714/4714/4714 4697/4697/4697 4698/4698/4698
f 4715/4715/4715 4703/4703/4703 4708/4708/4708
f 4716/4716/4716 4708/4708/4708 4709/4709/4709
f 4708/4708/4708 4716/4716/4716 4715/4715/4715
f 4717/4717/4717 4709/4709/4709 4710/4710/4710
f 4709/4709/4709 4717/4717/4717 4716/4716/4716
f 4718/4718/4718 4710/4710/4710 4711/4711/4711
f 4710/4710/4710 4718/4718/4718 4717/4717/4717
f 4719/4719/4719 4711/4711/4711 4712/4712/4712
f 4711/4711/4711 4719/4719/4719 4718/4718/4718
f 4720/4720/4720 4712/4712/4712 4713/4713/4713
f 4712/4712/4712 4720/4720/4720 4719/4719/4719
f 4721/4721/4721 4713/4713/4713 4714/4714/4714
f 4713/4713/4713 4721/4721/4721 4720/4720/4720
f 4703/4703/4703 4715/4715/4715 4722/4722/4722
f 4722/4722/4722 4704/4704/4704 4703/4703/4703
f 4723/4723/4723 4715/4715/4715 4716/4716/4716
f 4724/4724/4724 4716/4716/4716 4717/4717/4717
f 4716/4716/4716 4724/4724/4724 4723/4723/4723
f 4725/4725/4725 4717/4717/4717 4718/4718/4718
f 4717/4717/4717 4725/4725/4725 4724/4724/4724
f 4726/4726/4726 4718/4718/4718 4719/4719/4719
f 4718/4718/4718 4726/4726/4726 4725/4725/4725
f 4727/4727/4727 4719/4719/4719 4720/4720/4720
f 4719/4719/4719 4727/4727/4727 4726/4726/4726
f 4728/4728/4728 4720/4720/4720 4721/4721/4721
f 4720/4720/4720 4728/4728/4728 4727/4727/4727
f 4729/4729/4729 4722/4722/4722 4715/4715/4715
f 4715/4715/4715 4723/4723/4723 4729/4729/4729
f 4730/4730/4730 4724/4724/4724 4725/4725/4725
f 4731/4731/4731 4725/4725/4725 4726/4726/4726
f 4725/4725/4725 4731/4731/4731 4730/4730/4730
f 4732/4732/4732 4726/4726/4726 4727/4727/4727
f 4726/4726/4726 4732/4732/4732 4731/4731/4731
f 4733/4733/4733 4727/4727/4727 4728/4728/4728
f 4727/4727/4727 4733/4733/4733 4732/4732/4732
f 4734/4734/4734 4723/4723/4723 4724/4724/4724
f 4724/4724/4724 4730/4730/4730 4734/4734/4734
f 4734/4734/4734 4735/4735/4735 4723/4723/4723
f 4735/4735/4735 4734/4734/4734 4730/4730/4730
f 4736/4736/4736 4729/4729/4729 4723/4723/4723
f 4736/4736/4736 4723/4723/4723 4735/4735/4735
f 4729/4729/4729 4737/4737/4737 4722/4722/4722
f 4729/4729/4729 4736/4736/4736 4737/4737/4737
f 4738/4738/4738 4730/4730/4730 4731/4731/4731
f 4730/4730/4730 4738/4738/4738 4735/4735/4735
f 4736/4736/4736 4735/4735/4735 4739/4739/4739
f 4739/4739/4739 4737/4737/4737 4736/4736/4736
f 4740/4740/4740 4735/4735/4735 4738/4738/4738
f 4740/4740/4740 4739/4739/4739 4735/4735/4735
f 4740/4740/4740 4738/4738/4738 4739/4739/4739
f 4738/4738/4738 4731/4731/4731 4741/4741/4741
f 4741/4741/4741 4739/4739/4739 4738/4738/4738
f 4742/4742/4742 4741/4741/4741 4731/4731/4731
f 4742/4742/4742 4731/4731/4731 4732/4732/4732
f 4741/4741/4741 4743/4743/4743 4739/4739/4739
f 4737/4737/4737 4739/4739/4739 4743/4743/4743
f 4741/4741/4741 4742/4742/4742 4743/4743/4743
f 4744/4744/4744 4722/4722/4722 4737/4737/4737
f 4722/4722/4722 4744/4744/4744 4704/4704/4704
f 4732/4732/4732 4745/4745/4745 4742/4742/4742
f 4745/4745/4745 4732/4732/4732 4733/4733/4733
f 4743/4743/4743 4746/4746/4746 4737/4737/4737
f 4744/4744/4744 4737/4737/4737 4746/4746/4746
f 4747/4747/4747 4743/4743/4743 4742/4742/4742
f 4747/4747/4747 4742/4742/4742 4745/4745/4745
f 4747/4747/4747 4748/4748/4748 4743/4743/4743
f 4746/4746/4746 4743/4743/4743 4748/4748/4748
f 4745/4745/4745 4749/4749/4749 4747/4747/4747
f 4748/4748/4748 4747/4747/4747 4749/4749/4749
f 4733/4733/4733 4750/4750/4750 4745/4745/4745
f 4749/4749/4749 4745/4745/4745 4750/4750/4750
f 4750/4750/4750 4733/4733/4733 4751/4751/4751
f 4728/4728/4728 4751/4751/4751 4733/4733/4733
f 4751/4751/4751 4728/4728/4728 4752/4752/4752
f 4721/4721/4721 4752/4752/4752 4728/4728/4728
f 4752/4752/4752 4721/4721/4721 4753/4753/4753
f 4714/4714/4714 4753/4753/4753 4721/4721/4721
f 4753/4753/4753 4714/4714/4714 4754/4754/4754
f 4698/4698/4698 4754/4754/4754 4714/4714/4714
f 4754/4754/4754 4698/4698/4698 4755/4755/4755
f 4694/4694/4694 4755/4755/4755 4698/4698/4698
f 4755/4755/4755 4694/4694/4694 4756/4756/4756
f 4692/4692/4692 4756/4756/4756 4694/4694/4694
f 4756/4756/4756 4692/4692/4692 4757/4757/4757
f 4689/4689/4689 4757/4757/4757 4692/4692/4692
f 4757/4757/4757 4689/4689/4689 4758/4758/4758
f 4679/4679/4679 4758/4758/4758 4689/4689/4689
f 4752/4752/4752 4759/4759/4759 4751/4751/4751
f 4753/4753/4753 4760/4760/4760 4752/4752/4752
f 4759/4759/4759 4752/4752/4752 4760/4760/4760
f 4754/4754/4754 4761/4761/4761 4753/4753/4753
f 4760/4760/4760 4753/4753/4753 4761/4761/4761
f 4755/4755/4755 4762/4762/4762 4754/4754/4754
f 4761/4761/4761 4754/4754/4754 4762/4762/4762
f 4756/4756/4756 4763/4763/4763 4755/4755/4755
f 4762/4762/4762 4755/4755/4755 4763/4763/4763
f 4757/4757/4757 4764/4764/4764 4756/4756/4756
f 4763/4763/4763 4756/4756/4756 4764/4764/4764
f 4758/4758/4758 4765/4765/4765 4757/4757/4757
f 4764/4764/4764 4757/4757/4757 4765/4765/4765
f 4766/4766/4766 4751/4751/4751 4759/4759/4759
f 4751/4751/4751 4766/4766/4766 4750/4750/4750
f 4767/4767/4767 4750/4750/4750 4766/4766/4766
f 4750/4750/4750 4767/4767/4767 4749/4749/4749
f 4768/4768/4768 4749/4749/4749 4767/4767/4767
f 4749/4749/4749 4768/4768/4768 4748/4748/4748
f 4769/4769/4769 4748/4748/4748 4768/4768/4768
f 4748/4748/4748 4769/4769/4769 4746/4746/4746
f 4770/4770/4770 4746/4746/4746 4769/4769/4769
f 4746/4746/4746 4770/4770/4770 4744/4744/4744
f 4771/4771/4771 4744/4744/4744 4770/4770/4770
f 4744/4744/4744 4771/4771/4771 4704/4704/4704
f 4759/4759/4759 4772/4772/4772 4766/4766/4766
f 4766/4766/4766 4773/4773/4773 4767/4767/4767
f 4773/4773/4773 4766/4766/4766 4772/4772/4772
f 4767/4767/4767 4774/4774/4774 4768/4768/4768
f 4774/4774/4774 4767/4767/4767 4773/4773/4773
f 4768/4768/4768 4775/4775/4775 4769/4769/4769
f 4775/4775/4775 4768/4768/4768 4774/4774/4774
f 4769/4769/4769 4776/4776/4776 4770/4770/4770
f 4776/4776/4776 4769/4769/4769 4775/4775/4775
f 4772/4772/4772 4759/4759/4759 4777/4777/4777
f 4760/4760/4760 4777/4777/4777 4759/4759/4759
f 4777/4777/4777 4760/4760/4760 4778/4778/4778
f 4761/4761/4761 4778/4778/4778 4760/4760/4760
f 4778/4778/4778 4761/4761/4761 4779/4779/4779
f 4762/4762/4762 4779/4779/4779 4761/4761/4761
f 4779/4779/4779 4762/4762/4762 4780/4780/4780
f 4763/4763/4763 4780/4780/4780 4762/4762/4762
f 4780/4780/4780 4763/4763/4763 4781/4781/4781
f 4764/4764/4764 4781/4781/4781 4763/4763/4763
f 4781/4781/4781 4764/4764/4764 4782/4782/4782
f 4765/4765/4765 4782/4782/4782 4764/4764/4764
f 4777/4777/4777 4783/4783/4783 4772/4772/4772
f 4778/4778/4778 4784/4784/4784 4777/4777/4777
f 4783/4783/4783 4777/4777/4777 4784/4784/4784
f 4779/4779/4779 4785/4785/4785 4778/4778/4778
f 4784/4784/4784 4778/4778/4778 4785/4785/4785
f 4780/4780/4780 4786/4786/4786 4779/4779/4779
f 4785/4785/4785 4779/4779/4779 4786/4786/4786
f 4781/4781/4781 4787/4787/4787 4780/4780/4780
f 4786/4786/4786 4780/4780/4780 4787/4787/4787
f 4782/4782/4782 4788/4788/4788 4781/4781/4781
f 4787/4787/4787 4781/4781/4781 4788/4788/4788
f 4789/4789/4789 4772/4772/4772 4783/4783/4783
f 4772/4772/4772 4789/4789/4789 4773/4773/4773
f 4790/4790/4790 4773/4773/4773 4789/4789/4789
f 4773/4773/4773 4790/4790/4790 4774/4774/4774
f 4791/4791/4791 4774/4774/4774 4790/4790/4790
f 4774/4774/4774 4791/4791/4791 4775/4775/4775
f 4792/4792/4792 4775/4775/4775 4791/4791/4791
f 4775/4775/4775 4792/4792/4792 4776/4776/4776
f 4783/4783/4783 4462/4462/4462 4789/4789/4789
f 4462/4462/4462 4783/4783/4783 4459/4459/4459
f 4784/4784/4784 4459/4459/4459 4783/4783/4783
f 4459/4459/4459 4784/4784/4784 4457/4457/4457
f 4785/4785/4785 4457/4457/4457 4784/4784/4784
f 4457/4457/4457 4785/4785/4785 4458/4458/4458
f 4786/4786/4786 4458/4458/4458 4785/4785/4785
f 4473/4473/4473 4789/4789/4789 4462/4462/4462
f 4789/4789/4789 4473/4473/4473 4790/4790/4790
f 4458/4458/4458 4786/4786/4786 4460/4460/4460
f 4787/4787/4787 4460/4460/4460 4786/4786/4786
f 4793/4793/4793 4790/4790/4790 4473/4473/4473
f 4473/4473/4473 4468/4468/4468 4793/4793/4793
f 4790/4790/4790 4793/4793/4793 4791/4791/4791
f 4460/4460/4460 4787/4787/4787 4794/4794/4794
f 4788/4788/4788 4794/4794/4794 4787/4787/4787
f 4794/4794/4794 4456/4456/4456 4460/4460/4460
f 4795/4795/4795 4793/4793/4793 4468/4468/4468
f 4468/4468/4468 4469/4469/4469 4795/4795/4795
f 4796/4796/4796 4791/4791/4791 4793/4793/4793
f 4793/4793/4793 4795/4795/4795 4796/4796/4796
f 4791/4791/4791 4796/4796/4796 4792/4792/4792
f 4797/4797/4797 4795/4795/4795 4469/4469/4469
f 4469/4469/4469 4470/4470/4470 4797/4797/4797
f 4798/4798/4798 4796/4796/4796 4795/4795/4795
f 4795/4795/4795 4797/4797/4797 4798/4798/4798
f 4799/4799/4799 4792/4792/4792 4796/4796/4796
f 4796/4796/4796 4798/4798/4798 4799/4799/4799
f 4800/4800/4800 4797/4797/4797 4470/4470/4470
f 4470/4470/4470 4471/4471/4471 4800/4800/4800
f 4801/4801/4801 4798/4798/4798 4797/4797/4797
f 4797/4797/4797 4800/4800/4800 4801/4801/4801
f 4802/4802/4802 4800/4800/4800 4471/4471/4471
f 4471/4471/4471 4472/4472/4472 4802/4802/4802
f 4792/4792/4792 4799/4799/4799 4803/4803/4803
f 4803/4803/4803 4776/4776/4776 4792/4792/4792
f 4804/4804/4804 4799/4799/4799 4798/4798/4798
f 4798/4798/4798 4801/4801/4801 4804/4804/4804
f 4805/4805/4805 4801/4801/4801 4800/4800/4800
f 4800/4800/4800 4802/4802/4802 4805/4805/4805
f 4806/4806/4806 4802/4802/4802 4472/4472/4472
f 4472/4472/4472 4475/4475/4475 4806/4806/4806
f 4776/4776/4776 4803/4803/4803 4807/4807/4807
f 4807/4807/4807 4770/4770/4770 4776/4776/4776
f 4807/4807/4807 4808/4808/4808 4770/4770/4770
f 4771/4771/4771 4770/4770/4770 4808/4808/4808
f 4809/4809/4809 4803/4803/4803 4799/4799/4799
f 4799/4799/4799 4804/4804/4804 4809/4809/4809
f 4810/4810/4810 4804/4804/4804 4801/4801/4801
f 4801/4801/4801 4805/4805/4805 4810/4810/4810
f 4811/4811/4811 4805/4805/4805 4802/4802/4802
f 4802/4802/4802 4806/4806/4806 4811/4811/4811
f 4812/4812/4812 4807/4807/4807 4803/4803/4803
f 4807/4807/4807 4812/4812/4812 4808/4808/4808
f 4813/4813/4813 4809/4809/4809 4804/4804/4804
f 4804/4804/4804 4810/4810/4810 4813/4813/4813
f 4809/4809/4809 4814/4814/4814 4803/4803/4803
f 4812/4812/4812 4803/4803/4803 4814/4814/4814
f 4809/4809/4809 4813/4813/4813 4814/4814/4814
f 4815/4815/4815 4810/4810/4810 4805/4805/4805
f 4805/4805/4805 4811/4811/4811 4815/4815/4815
f 4816/4816/4816 4808/4808/4808 4812/4812/4812
f 4812/4812/4812 4814/4814/4814 4816/4816/4816
f 4817/4817/4817 4811/4811/4811 4806/4806/4806
f 4818/4818/4818 4815/4815/4815 4811/4811/4811
f 4811/4811/4811 4817/4817/4817 4818/4818/4818
f 4815/4815/4815 4819/4819/4819 4810/4810/4810
f 4815/4815/4815 4818/4818/4818 4819/4819/4819
f 4820/4820/4820 4813/4813/4813 4810/4810/4810
f 4820/4820/4820 4810/4810/4810 4819/4819/4819
f 4821/4821/4821 4814/4814/4814 4813/4813/4813
f 4813/4813/4813 4820/4820/4820 4821/4821/4821
f 4822/4822/4822 4816/4816/4816 4814/4814/4814
f 4814/4814/4814 4821/4821/4821 4822/4822/4822
f 4823/4823/4823 4822/4822/4822 4821/4821/4821
f 4822/4822/4822 4823/4823/4823 4816/4816/4816
f 4824/4824/4824 4821/4821/4821 4820/4820/4820
f 4821/4821/4821 4824/4824/4824 4823/4823/4823
f 4824/4824/4824 4820/4820/4820 4825/4825/4825
f 4819/4819/4819 4825/4825/4825 4820/4820/4820
f 4826/4826/4826 4823/4823/4823 4824/4824/4824
f 4824/4824/4824 4825/4825/4825 4826/4826/4826
f 4827/4827/4827 4816/4816/4816 4823/4823/4823
f 4823/4823/4823 4826/4826/4826 4827/4827/4827
f 4827/4827/4827 4828/4828/4828 4816/4816/4816
f 4808/4808/4808 4816/4816/4816 4828/4828/4828
f 4829/4829/4829 4827/4827/4827 4826/4826/4826
f 4829/4829/4829 4826/4826/4826 4825/4825/4825
f 4827/4827/4827 4829/4829/4829 4828/4828/4828
f 4829/4829/4829 4825/4825/4825 4830/4830/4830
f 4830/4830/4830 4828/4828/4828 4829/4829/4829
f 4825/4825/4825 4819/4819/4819 4831/4831/4831
f 4831/4831/4831 4830/4830/4830 4825/4825/4825
f 4828/4828/4828 4832/4832/4832 4808/4808/4808
f 4771/4771/4771 4808/4808/4808 4832/4832/4832
f 4830/4830/4830 4833/4833/4833 4828/4828/4828
f 4832/4832/4832 4828/4828/4828 4833/4833/4833
f 4832/4832/4832 4286/4286/4286 4771/4771/4771
f 4832/4832/4832 4833/4833/4833 4286/4286/4286
f 4286/4286/4286 4704/4704/4704 4771/4771/4771
f 4834/4834/4834 4831/4831/4831 4819/4819/4819
f 4834/4834/4834 4819/4819/4819 4818/4818/4818
f 4831/4831/4831 4835/4835/4835 4830/4830/4830
f 4833/4833/4833 4830/4830/4830 4835/4835/4835
f 4818/4818/4818 4836/4836/4836 4834/4834/4834
f 4836/4836/4836 4818/4818/4818 4817/4817/4817
f 4834/4834/4834 4837/4837/4837 4831/4831/4831
f 4835/4835/4835 4831/4831/4831 4837/4837/4837
f 4837/4837/4837 4834/4834/4834 4836/4836/4836
f 4835/4835/4835 4838/4838/4838 4833/4833/4833
f 4837/4837/4837 4839/4839/4839 4835/4835/4835
f 4838/4838/4838 4835/4835/4835 4839/4839/4839
f 4836/4836/4836 4840/4840/4840 4837/4837/4837
f 4839/4839/4839 4837/4837/4837 4840/4840/4840
f 4817/4817/4817 4841/4841/4841 4836/4836/4836
f 4840/4840/4840 4836/4836/4836 4841/4841/4841
f 4833/4833/4833 4842/4842/4842 4286/4286/4286
f 4842/4842/4842 4833/4833/4833 4838/4838/4838
f 4841/4841/4841 4817/4817/4817 4843/4843/4843
f 4806/4806/4806 4843/4843/4843 4817/4817/4817
f 4843/4843/4843 4806/4806/4806 4475/4475/4475
f 4475/4475/4475 4492/4492/4492 4843/4843/4843
f 4844/4844/4844 4843/4843/4843 4492/4492/4492
f 4843/4843/4843 4844/4844/4844 4841/4841/4841
f 4492/4492/4492 4500/4500/4500 4844/4844/4844
f 4845/4845/4845 4844/4844/4844 4500/4500/4500
f 4500/4500/4500 4508/4508/4508 4845/4845/4845
f 4846/4846/4846 4841/4841/4841 4844/4844/4844
f 4844/4844/4844 4845/4845/4845 4846/4846/4846
f 4840/4840/4840 4841/4841/4841 4847/4847/4847
f 4846/4846/4846 4847/4847/4847 4841/4841/4841
f 4848/4848/4848 4845/4845/4845 4508/4508/4508
f 4848/4848/4848 4508/4508/4508 4511/4511/4511
f 4511/4511/4511 4521/4521/4521 4848/4848/4848
f 4849/4849/4849 4846/4846/4846 4845/4845/4845
f 4845/4845/4845 4848/4848/4848 4849/4849/4849
f 4846/4846/4846 4849/4849/4849 4847/4847/4847
f 4847/4847/4847 4850/4850/4850 4840/4840/4840
f 4839/4839/4839 4840/4840/4840 4850/4850/4850
f 4851/4851/4851 4848/4848/4848 4521/4521/4521
f 4851/4851/4851 4849/4849/4849 4848/4848/4848
f 4852/4852/4852 4847/4847/4847 4849/4849/4849
f 4847/4847/4847 4852/4852/4852 4850/4850/4850
f 4849/4849/4849 4851/4851/4851 4852/4852/4852
f 4850/4850/4850 4853/4853/4853 4839/4839/4839
f 4838/4838/4838 4839/4839/4839 4853/4853/4853
f 4521/4521/4521 4854/4854/4854 4851/4851/4851
f 4521/4521/4521 4520/4520/4520 4854/4854/4854
f 4526/4526/4526 4854/4854/4854 4520/4520/4520
f 4855/4855/4855 4850/4850/4850 4852/4852/4852
f 4850/4850/4850 4855/4855/4855 4853/4853/4853
f 4856/4856/4856 4852/4852/4852 4851/4851/4851
f 4856/4856/4856 4851/4851/4851 4854/4854/4854
f 4852/4852/4852 4856/4856/4856 4855/4855/4855
f 4853/4853/4853 4857/4857/4857 4838/4838/4838
f 4842/4842/4842 4838/4838/4838 4857/4857/4857
f 4854/4854/4854 4526/4526/4526 4858/4858/4858
f 4854/4854/4854 4858/4858/4858 4856/4856/4856
f 4859/4859/4859 4853/4853/4853 4855/4855/4855
f 4853/4853/4853 4859/4859/4859 4857/4857/4857
f 4860/4860/4860 4855/4855/4855 4856/4856/4856
f 4860/4860/4860 4856/4856/4856 4858/4858/4858
f 4860/4860/4860 4861/4861/4861 4855/4855/4855
f 4859/4859/4859 4855/4855/4855 4861/4861/4861
f 4860/4860/4860 4858/4858/4858 4861/4861/4861
f 4862/4862/4862 4858/4858/4858 4526/4526/4526
f 4862/4862/4862 4526/4526/4526 4525/4525/4525
f 4525/4525/4525 4531/4531/4531 4862/4862/4862
f 4858/4858/4858 4862/4862/4862 4863/4863/4863
f 4863/4863/4863 4861/4861/4861 4858/4858/4858
f 4859/4859/4859 4861/4861/4861 4864/4864/4864
f 4864/4864/4864 4857/4857/4857 4859/4859/4859
f 4865/4865/4865 4862/4862/4862 4531/4531/4531
f 4865/4865/4865 4863/4863/4863 4862/4862/4862
f 4861/4861/4861 4863/4863/4863 4866/4866/4866
f 4866/4866/4866 4864/4864/4864 4861/4861/4861
f 4867/4867/4867 4866/4866/4866 4863/4863/4863
f 4863/4863/4863 4865/4865/4865 4867/4867/4867
f 4866/4866/4866 4867/4867/4867 4864/4864/4864
f 4865/4865/4865 4531/4531/4531 4868/4868/4868
f 4868/4868/4868 4867/4867/4867 4865/4865/4865
f 4869/4869/4869 4864/4864/4864 4867/4867/4867
f 4867/4867/4867 4868/4868/4868 4869/4869/4869
f 4870/4870/4870 4868/4868/4868 4531/4531/4531
f 4870/4870/4870 4869/4869/4869 4868/4868/4868
f 4531/4531/4531 4299/4299/4299 4870/4870/4870
f 4869/4869/4869 4871/4871/4871 4864/4864/4864
f 4857/4857/4857 4864/4864/4864 4871/4871/4871
f 4869/4869/4869 4870/4870/4870 4871/4871/4871
f 4872/4872/4872 4870/4870/4870 4299/4299/4299
f 4872/4872/4872 4871/4871/4871 4870/4870/4870
f 4872/4872/4872 4299/4299/4299 4280/4280/4280
f 4871/4871/4871 4873/4873/4873 4857/4857/4857
f 4871/4871/4871 4872/4872/4872 4873/4873/4873
f 4280/4280/4280 4873/4873/4873 4872/4872/4872
f 4842/4842/4842 4857/4857/4857 4873/4873/4873
f 4873/4873/4873 4280/4280/4280 4285/4285/4285
f 4873/4873/4873 4285/4285/4285 4842/4842/4842
f 4285/4285/4285 4286/4286/4286 4842/4842/4842
f 4286/4286/4286 4874/4874/4874 4704/4704/4704
f 4874/4874/4874 4286/4286/4286 4163/4163/4163
f 4875/4875/4875 4704/4704/4704 4874/4874/4874
f 4875/4875/4875 4705/4705/4705 4704/4704/4704
f 4874/4874/4874 4163/4163/4163 4876/4876/4876
f 4169/4169/4169 4876/4876/4876 4163/4163/4163
f 4705/4705/4705 4875/4875/4875 4877/4877/4877
f 4877/4877/4877 4707/4707/4707 4705/4705/4705
f 4875/4875/4875 4874/4874/4874 4878/4878/4878
f 4876/4876/4876 4878/4878/4878 4874/4874/4874
f 4878/4878/4878 4877/4877/4877 4875/4875/4875
f 4876/4876/4876 4169/4169/4169 4879/4879/4879
f 4876/4876/4876 4879/4879/4879 4878/4878/4878
f 4877/4877/4877 4880/4880/4880 4707/4707/4707
f 4881/4881/4881 4707/4707/4707 4880/4880/4880
f 4881/4881/4881 4880/4880/4880 4882/4882/4882
f 4878/4878/4878 4883/4883/4883 4877/4877/4877
f 4880/4880/4880 4877/4877/4877 4883/4883/4883
f 4880/4880/4880 4883/4883/4883 4882/4882/4882
f 4883/4883/4883 4878/4878/4878 4879/4879/4879
f 4884/4884/4884 4882/4882/4882 4883/4883/4883
f 4884/4884/4884 4883/4883/4883 4885/4885/4885
f 4879/4879/4879 4885/4885/4885 4883/4883/4883
f 4886/4886/4886 4879/4879/4879 4169/4169/4169
f 4879/4879/4879 4886/4886/4886 4885/4885/4885
f 4886/4886/4886 4169/4169/4169 4170/4170/4170
f 4887/4887/4887 4885/4885/4885 4886/4886/4886
f 4886/4886/4886 4170/4170/4170 4887/4887/4887
f 4888/4888/4888 4887/4887/4887 4170/4170/4170
f 4891/4891/4891 4890/4890/4890 4889/4889/4889
f 4892/4892/4892 4889/4889/4889 4890/4890/4890
f 4890/4890/4890 4893/4893/4893 4892/4892/4892
f 4889/4889/4889 4892/4892/4892 4894/4894/4894
f 4895/4895/4895 4892/4892/4892 4893/4893/4893
f 4893/4893/4893 4896/4896/4896 4895/4895/4895
f 4897/4897/4897 4894/4894/4894 4892/4892/4892
f 4892/4892/4892 4895/4895/4895 4897/4897/4897
f 4894/4894/4894 4897/4897/4897 4898/4898/4898
f 4899/4899/4899 4898/4898/4898 4897/4897/4897
f 4897/4897/4897 4900/4900/4900 4899/4899/4899
f 4900/4900/4900 4897/4897/4897 4895/4895/4895
f 4901/4901/4901 4899/4899/4899 4900/4900/4900
f 4901/4901/4901 4900/4900/4900 4902/4902/4902
f 4903/4903/4903 4895/4895/4895 4896/4896/4896
f 4895/4895/4895 4903/4903/4903 4900/4900/4900
f 4896/4896/4896 4904/4904/4904 4903/4903/4903
f 4905/4905/4905 4902/4902/4902 4900/4900/4900
f 4905/4905/4905 4900/4900/4900 4903/4903/4903
f 4902/4902/4902 4905/4905/4905 4906/4906/4906
f 4907/4907/4907 4903/4903/4903 4904/4904/4904
f 4903/4903/4903 4907/4907/4907 4905/4905/4905
f 4904/4904/4904 4908/4908/4908 4907/4907/4907
f 4909/4909/4909 4906/4906/4906 4905/4905/4905
f 4909/4909/4909 4905/4905/4905 4907/4907/4907
f 4906/4906/4906 4909/4909/4909 4910/4910/4910
f 4911/4911/4911 4907/4907/4907 4908/4908/4908
f 4907/4907/4907 4911/4911/4911 4909/4909/4909
f 4908/4908/4908 4912/4912/4912 4911/4911/4911
f 4913/4913/4913 4911/4911/4911 4912/4912/4912
f 4914/4914/4914 4910/4910/4910 4909/4909/4909
f 4914/4914/4914 4909/4909/4909 4911/4911/4911
f 4911/4911/4911 4913/4913/4913 4914/4914/4914
f 4910/4910/4910 4914/4914/4914 4915/4915/4915
f 4916/4916/4916 4914/4914/4914 4913/4913/4913
f 4916/4916/4916 4915/4915/4915 4914/4914/4914
f 4919/4919/4919 4918/4918/4918 4917/4917/4917
f 4920/4920/4920 4917/4917/4917 4918/4918/4918
f 4917/4917/4917 4920/4920/4920 4921/4921/4921
f 4920/4920/4920 4918/4918/4918 4922/4922/4922
f 4923/4923/4923 4922/4922/4922 4918/4918/4918
f 4923/4923/4923 4924/4924/4924 4922/4922/4922
f 4925/4925/4925 4921/4921/4921 4920/4920/4920
f 4921/4921/4921 4925/4925/4925 4926/4926/4926
f 4922/4922/4922 4927/4927/4927 4920/4920/4920
f 4925/4925/4925 4920/4920/4920 4927/4927/4927
f 4928/4928/4928 4922/4922/4922 4924/4924/4924
f 4922/4922/4922 4928/4928/4928 4927/4927/4927
f 4929/4929/4929 4926/4926/4926 4925/4925/4925
f 4926/4926/4926 4929/4929/4929 4930/4930/4930
f 4927/4927/4927 4931/4931/4931 4925/4925/4925
f 4929/4929/4929 4925/4925/4925 4931/4931/4931
f 4932/4932/4932 4930/4930/4930 4929/4929/4929
f 4930/4930/4930 4932/4932/4932 4933/4933/4933
f 4928/4928/4928 4924/4924/4924 4934/4934/4934
f 4935/4935/4935 4934/4934/4934 4924/4924/4924
f 4935/4935/4935 4936/4936/4936 4934/4934/4934
f 4937/4937/4937 4927/4927/4927 4928/4928/4928
f 4927/4927/4927 4937/4937/4937 4931/4931/4931
f 4937/4937/4937 4928/4928/4928 4938/4938/4938
f 4934/4934/4934 4938/4938/4938 4928/4928/4928
f 4938/4938/4938 4934/4934/4934 4939/4939/4939
f 4940/4940/4940 4934/4934/4934 4936/4936/4936
f 4940/4940/4940 4939/4939/4939 4934/4934/4934
f 4936/4936/4936 4941/4941/4941 4940/4940/4940
f 4937/4937/4937 4938/4938/4938 4942/4942/4942
f 4942/4942/4942 4931/4931/4931 4937/4937/4937
f 4943/4943/4943 4940/4940/4940 4941/4941/4941
f 4940/4940/4940 4943/4943/4943 4939/4939/4939
f 4944/4944/4944 4942/4942/4942 4938/4938/4938
f 4938/4938/4938 4939/4939/4939 4944/4944/4944
f 4943/4943/4943 4941/4941/4941 4945/4945/4945
f 4946/4946/4946 4945/4945/4945 4941/4941/4941
f 4946/4946/4946 4947/4947/4947 4945/4945/4945
f 4948/4948/4948 4945/4945/4945 4947/4947/4947
f 4947/4947/4947 4949/4949/4949 4948/4948/4948
f 4950/4950/4950 4948/4948/4948 4949/4949/4949
f 4949/4949/4949 4951/4951/4951 4950/4950/4950
f 4948/4948/4948 4952/4952/4952 4945/4945/4945
f 4948/4948/4948 4950/4950/4950 4952/4952/4952
f 4945/4945/4945 4953/4953/4953 4943/4943/4943
f 4953/4953/4953 4945/4945/4945 4952/4952/4952
f 4954/4954/4954 4939/4939/4939 4943/4943/4943
f 4954/4954/4954 4943/4943/4943 4953/4953/4953
f 4954/4954/4954 4955/4955/4955 4939/4939/4939
f 4954/4954/4954 4953/4953/4953 4955/4955/4955
f 4956/4956/4956 4944/4944/4944 4939/4939/4939
f 4956/4956/4956 4939/4939/4939 4955/4955/4955
f 4956/4956/4956 4957/4957/4957 4944/4944/4944
f 4956/4956/4956 4955/4955/4955 4957/4957/4957
f 4958/4958/4958 4955/4955/4955 4953/4953/4953
f 4953/4953/4953 4952/4952/4952 4958/4958/4958
f 4959/4959/4959 4944/4944/4944 4957/4957/4957
f 4944/4944/4944 4959/4959/4959 4942/4942/4942
f 4960/4960/4960 4957/4957/4957 4955/4955/4955
f 4955/4955/4955 4958/4958/4958 4960/4960/4960
f 4961/4961/4961 4942/4942/4942 4959/4959/4959
f 4942/4942/4942 4961/4961/4961 4931/4931/4931
f 4962/4962/4962 4931/4931/4931 4961/4961/4961
f 4931/4931/4931 4962/4962/4962 4929/4929/4929
f 4932/4932/4932 4929/4929/4929 4962/4962/4962
f 4961/4961/4961 4963/4963/4963 4962/4962/4962
f 4961/4961/4961 4959/4959/4959 4963/4963/4963
f 4962/4962/4962 4964/4964/4964 4932/4932/4932
f 4964/4964/4964 4962/4962/4962 4963/4963/4963
f 4965/4965/4965 4932/4932/4932 4964/4964/4964
f 4965/4965/4965 4933/4933/4933 4932/4932/4932
f 4933/4933/4933 4965/4965/4965 4966/4966/4966
f 4967/4967/4967 4966/4966/4966 4965/4965/4965
f 4966/4966/4966 4967/4967/4967 4968/4968/4968
f 4964/4964/4964 4969/4969/4969 4965/4965/4965
f 4967/4967/4967 4965/4965/4965 4969/4969/4969
f 4963/4963/4963 4970/4970/4970 4964/4964/4964
f 4969/4969/4969 4964/4964/4964 4970/4970/4970
f 4971/4971/4971 4963/4963/4963 4959/4959/4959
f 4963/4963/4963 4971/4971/4971 4970/4970/4970
f 4972/4972/4972 4968/4968/4968 4967/4967/4967
f 4968/4968/4968 4972/4972/4972 4973/4973/4973
f 4969/4969/4969 4974/4974/4974 4967/4967/4967
f 4969/4969/4969 4970/4970/4970 4974/4974/4974
f 4972/4972/4972 4967/4967/4967 4974/4974/4974
f 4975/4975/4975 4973/4973/4973 4972/4972/4972
f 4973/4973/4973 4975/4975/4975 4976/4976/4976
f 4974/4974/4974 4977/4977/4977 4972/4972/4972
f 4975/4975/4975 4972/4972/4972 4977/4977/4977
f 4978/4978/4978 4974/4974/4974 4970/4970/4970
f 4974/4974/4974 4978/4978/4978 4977/4977/4977
f 4979/4979/4979 4976/4976/4976 4975/4975/4975
f 4976/4976/4976 4979/4979/4979 4980/4980/4980
f 4977/4977/4977 4981/4981/4981 4975/4975/4975
f 4979/4979/4979 4975/4975/4975 4981/4981/4981
f 4982/4982/4982 4980/4980/4980 4979/4979/4979
f 4980/4980/4980 4982/4982/4982 4983/4983/4983
f 4970/4970/4970 4984/4984/4984 4978/4978/4978
f 4984/4984/4984 4970/4970/4970 4971/4971/4971
f 4985/4985/4985 4977/4977/4977 4978/4978/4978
f 4977/4977/4977 4985/4985/4985 4981/4981/4981
f 4981/4981/4981 4986/4986/4986 4979/4979/4979
f 4982/4982/4982 4979/4979/4979 4986/4986/4986
f 4987/4987/4987 4983/4983/4983 4982/4982/4982
f 4983/4983/4983 4987/4987/4987 4988/4988/4988
f 4989/4989/4989 4978/4978/4978 4984/4984/4984
f 4978/4978/4978 4989/4989/4989 4985/4985/4985
f 4990/4990/4990 4981/4981/4981 4985/4985/4985
f 4981/4981/4981 4990/4990/4990 4986/4986/4986
f 4986/4986/4986 4991/4991/4991 4982/4982/4982
f 4987/4987/4987 4982/4982/4982 4991/4991/4991
f 4992/4992/4992 4988/4988/4988 4987/4987/4987
f 4988/4988/4988 4992/4992/4992 4993/4993/4993
f 4994/4994/4994 4985/4985/4985 4989/4989/4989
f 4985/4985/4985 4994/4994/4994 4990/4990/4990
f 4995/4995/4995 4986/4986/4986 4990/4990/4990
f 4986/4986/4986 4995/4995/4995 4991/4991/4991
f 4991/4991/4991 4996/4996/4996 4987/4987/4987
f 4992/4992/4992 4987/4987/4987 4996/4996/4996
f 4997/4997/4997 4993/4993/4993 4992/4992/4992
f 4993/4993/4993 4997/4997/4997 4998/4998/4998
f 4999/4999/4999 4990/4990/4990 4994/4994/4994
f 4990/4990/4990 4999/4999/4999 4995/4995/4995
f 4994/4994/4994 4989/4989/4989 5000/5000/5000
f 4994/4994/4994 5000/5000/5000 4999/4999/4999
f 5001/5001/5001 4991/4991/4991 4995/4995/4995
f 4991/4991/4991 5001/5001/5001 4996/4996/4996
f 5002/5002/5002 4995/4995/4995 4999/4999/4999
f 4995/4995/4995 5002/5002/5002 5001/5001/5001
f 4996/4996/4996 5003/5003/5003 4992/4992/4992
f 4997/4997/4997 4992/4992/4992 5003/5003/5003
f 5004/5004/5004 4998/4998/4998 4997/4997/4997
f 4998/4998/4998 5004/5004/5004 5005/5005/5005
f 5006/5006/5006 5000/5000/5000 4989/4989/4989
f 4989/4989/4989 4984/4984/4984 5006/5006/5006
f 5000/5000/5000 5006/5006/5006 5007/5007/5007
f 5000/5000/5000 5007/5007/5007 5008/5008/5008
f 5008/5008/5008 4999/4999/4999 5000/5000/5000
f 4999/4999/4999 5008/5008/5008 5002/5002/5002
f 5009/5009/5009 5006/5006/5006 4984/4984/4984
f 4984/4984/4984 4971/4971/4971 5009/5009/5009
f 5003/5003/5003 5010/5010/5010 4997/4997/4997
f 5004/5004/5004 4997/4997/4997 5010/5010/5010
f 5011/5011/5011 5005/5005/5005 5004/5004/5004
f 5005/5005/5005 5011/5011/5011 5012/5012/5012
f 5013/5013/5013 5007/5007/5007 5006/5006/5006
f 5006/5006/5006 5009/5009/5009 5013/5013/5013
f 5014/5014/5014 5009/5009/5009 4971/4971/4971
f 4971/4971/4971 4959/4959/4959 5014/5014/5014
f 4957/4957/4957 5014/5014/5014 4959/4959/4959
f 5014/5014/5014 4957/4957/4957 5015/5015/5015
f 5014/5014/5014 5015/5015/5015 5009/5009/5009
f 4960/4960/4960 5015/5015/5015 4957/4957/4957
f 5010/5010/5010 5016/5016/5016 5004/5004/5004
f 5011/5011/5011 5004/5004/5004 5016/5016/5016
f 5017/5017/5017 5012/5012/5012 5011/5011/5011
f 5012/5012/5012 5017/5017/5017 5018/5018/5018
f 5016/5016/5016 5019/5019/5019 5011/5011/5011
f 5017/5017/5017 5011/5011/5011 5019/5019/5019
f 5016/5016/5016 5010/5010/5010 5020/5020/5020
f 5016/5016/5016 5020/5020/5020 5019/5019/5019
f 5021/5021/5021 5018/5018/5018 5017/5017/5017
f 5018/5018/5018 5021/5021/5021 5022/5022/5022
f 5023/5023/5023 5022/5022/5022 5021/5021/5021
f 5023/5023/5023 5021/5021/5021 5024/5024/5024
f 5021/5021/5021 5017/5017/5017 5025/5025/5025
f 5019/5019/5019 5025/5025/5025 5017/5017/5017
f 5025/5025/5025 5024/5024/5024 5021/5021/5021
f 5019/5019/5019 5026/5026/5026 5025/5025/5025
f 5026/5026/5026 5019/5019/5019 5020/5020/5020
f 5025/5025/5025 5027/5027/5027 5024/5024/5024
f 5027/5027/5027 5025/5025/5025 5026/5026/5026
f 5028/5028/5028 5024/5024/5024 5027/5027/5027
f 5028/5028/5028 5027/5027/5027 5029/5029/5029
f 5030/5030/5030 5020/5020/5020 5010/5010/5010
f 5010/5010/5010 5003/5003/5003 5030/5030/5030
f 5031/5031/5031 5029/5029/5029 5027/5027/5027
f 5027/5027/5027 5026/5026/5026 5031/5031/5031
f 5020/5020/5020 5032/5032/5032 5026/5026/5026
f 5020/5020/5020 5030/5030/5030 5032/5032/5032
f 5031/5031/5031 5033/5033/5033 5029/5029/5029
f 5034/5034/5034 5029/5029/5029 5033/5033/5033
f 5035/5035/5035 5031/5031/5031 5026/5026/5026
f 5035/5035/5035 5026/5026/5026 5032/5032/5032
f 5031/5031/5031 5035/5035/5035 5033/5033/5033
f 5032/5032/5032 5036/5036/5036 5035/5035/5035
f 5037/5037/5037 5030/5030/5030 5003/5003/5003
f 5003/5003/5003 4996/4996/4996 5037/5037/5037
f 5038/5038/5038 5032/5032/5032 5030/5030/5030
f 5032/5032/5032 5038/5038/5038 5036/5036/5036
f 5038/5038/5038 5030/5030/5030 5039/5039/5039
f 5037/5037/5037 5039/5039/5039 5030/5030/5030
f 5040/5040/5040 5037/5037/5037 4996/4996/4996
f 5040/5040/5040 4996/4996/4996 5001/5001/5001
f 5040/5040/5040 5041/5041/5041 5037/5037/5037
f 5039/5039/5039 5037/5037/5037 5041/5041/5041
f 5001/5001/5001 5042/5042/5042 5040/5040/5040
f 5041/5041/5041 5040/5040/5040 5042/5042/5042
f 5042/5042/5042 5001/5001/5001 5002/5002/5002
f 5038/5038/5038 5039/5039/5039 5043/5043/5043
f 5043/5043/5043 5036/5036/5036 5038/5038/5038
f 5039/5039/5039 5041/5041/5041 5044/5044/5044
f 5044/5044/5044 5043/5043/5043 5039/5039/5039
f 5041/5041/5041 5042/5042/5042 5045/5045/5045
f 5045/5045/5045 5044/5044/5044 5041/5041/5041
f 5042/5042/5042 5002/5002/5002 5046/5046/5046
f 5046/5046/5046 5045/5045/5045 5042/5042/5042
f 5043/5043/5043 5047/5047/5047 5036/5036/5036
f 5043/5043/5043 5044/5044/5044 5047/5047/5047
f 5045/5045/5045 5048/5048/5048 5044/5044/5044
f 5045/5045/5045 5046/5046/5046 5048/5048/5048
f 5049/5049/5049 5046/5046/5046 5002/5002/5002
f 5049/5049/5049 5002/5002/5002 5008/5008/5008
f 5050/5050/5050 5047/5047/5047 5044/5044/5044
f 5050/5050/5050 5044/5044/5044 5048/5048/5048
f 5051/5051/5051 5048/5048/5048 5046/5046/5046
f 5046/5046/5046 5049/5049/5049 5051/5051/5051
f 5008/5008/5008 5052/5052/5052 5049/5049/5049
f 5052/5052/5052 5008/5008/5008 5007/5007/5007
f 5053/5053/5053 5051/5051/5051 5049/5049/5049
f 5053/5053/5053 5049/5049/5049 5052/5052/5052
f 5051/5051/5051 5054/5054/5054 5048/5048/5048
f 5051/5051/5051 5053/5053/5053 5054/5054/5054
f 5048/5048/5048 5055/5055/5055 5050/5050/5050
f 5055/5055/5055 5048/5048/5048 5054/5054/5054
f 5050/5050/5050 5056/5056/5056 5047/5047/5047
f 5056/5056/5056 5050/5050/5050 5055/5055/5055
f 5052/5052/5052 5007/5007/5007 5057/5057/5057
f 5052/5052/5052 5057/5057/5057 5053/5053/5053
f 5058/5058/5058 5057/5057/5057 5007/5007/5007
f 5059/5059/5059 5053/5053/5053 5057/5057/5057
f 5058/5058/5058 5007/5007/5007 5060/5060/5060
f 5053/5053/5053 5059/5059/5059 5061/5061/5061
f 5061/5061/5061 5054/5054/5054 5053/5053/5053
f 5062/5062/5062 5061/5061/5061 5059/5059/5059
f 5063/5063/5063 5060/5060/5060 5007/5007/5007
f 5060/5060/5060 5063/5063/5063 5064/5064/5064
f 5065/5065/5065 5064/5064/5064 5063/5063/5063
f 5007/5007/5007 5013/5013/5013 5063/5063/5063
f 5064/5064/5064 5065/5065/5065 5066/5066/5066
f 5054/5054/5054 5061/5061/5061 5067/5067/5067
f 5054/5054/5054 5067/5067/5067 5055/5055/5055
f 5061/5061/5061 5062/5062/5062 5068/5068/5068
f 5068/5068/5068 5067/5067/5067 5061/5061/5061
f 5069/5069/5069 5068/5068/5068 5062/5062/5062
f 5066/5066/5066 5070/5070/5070 5069/5069/5069
f 5070/5070/5070 5066/5066/5066 5065/5065/5065
f 5068/5068/5068 5069/5069/5069 5070/5070/5070
f 5071/5071/5071 5063/5063/5063 5013/5013/5013
f 5063/5063/5063 5071/5071/5071 5065/5065/5065
f 5070/5070/5070 5072/5072/5072 5068/5068/5068
f 5068/5068/5068 5073/5073/5073 5067/5067/5067
f 5073/5073/5073 5068/5068/5068 5072/5072/5072
f 5065/5065/5065 5074/5074/5074 5070/5070/5070
f 5072/5072/5072 5070/5070/5070 5074/5074/5074
f 5075/5075/5075 5055/5055/5055 5067/5067/5067
f 5076/5076/5076 5067/5067/5067 5073/5073/5073
f 5067/5067/5067 5076/5076/5076 5075/5075/5075
f 5075/5075/5075 5077/5077/5077 5055/5055/5055
f 5056/5056/5056 5055/5055/5055 5077/5077/5077
f 5078/5078/5078 5075/5075/5075 5076/5076/5076
f 5075/5075/5075 5078/5078/5078 5077/5077/5077
f 5056/5056/5056 5077/5077/5077 5079/5079/5079
f 5079/5079/5079 5047/5047/5047 5056/5056/5056
f 5047/5047/5047 5079/5079/5079 5080/5080/5080
f 5080/5080/5080 5036/5036/5036 5047/5047/5047
f 5080/5080/5080 5081/5081/5081 5036/5036/5036
f 5082/5082/5082 5080/5080/5080 5079/5079/5079
f 5080/5080/5080 5082/5082/5082 5081/5081/5081
f 5083/5083/5083 5036/5036/5036 5081/5081/5081
f 5083/5083/5083 5035/5035/5035 5036/5036/5036
f 5083/5083/5083 5033/5033/5033 5035/5035/5035
f 5083/5083/5083 5081/5081/5081 5033/5033/5033
f 5084/5084/5084 5033/5033/5033 5081/5081/5081
f 5033/5033/5033 5084/5084/5084 5034/5034/5034
f 5085/5085/5085 5034/5034/5034 5084/5084/5084
f 5085/5085/5085 5084/5084/5084 5086/5086/5086
f 5084/5084/5084 5081/5081/5081 5087/5087/5087
f 5087/5087/5087 5086/5086/5086 5084/5084/5084
f 5088/5088/5088 5081/5081/5081 5082/5082/5082
f 5088/5088/5088 5087/5087/5087 5081/5081/5081
f 5087/5087/5087 5089/5089/5089 5086/5086/5086
f 5087/5087/5087 5088/5088/5088 5089/5089/5089
f 5090/5090/5090 5086/5086/5086 5089/5089/5089
f 5082/5082/5082 5079/5079/5079 5091/5091/5091
f 5082/5082/5082 5091/5091/5091 5088/5088/5088
f 5089/5089/5089 5092/5092/5092 5090/5090/5090
f 5093/5093/5093 5090/5090/5090 5092/5092/5092
f 5094/5094/5094 5089/5089/5089 5088/5088/5088
f 5094/5094/5094 5088/5088/5088 5091/5091/5091
f 5092/5092/5092 5095/5095/5095 5093/5093/5093
f 5096/5096/5096 5093/5093/5093 5095/5095/5095
f 5096/5096/5096 5095/5095/5095 5097/5097/5097
f 5092/5092/5092 5089/5089/5089 5098/5098/5098
f 5094/5094/5094 5098/5098/5098 5089/5089/5089
f 5092/5092/5092 5098/5098/5098 5095/5095/5095
f 5098/5098/5098 5094/5094/5094 5099/5099/5099
f 5091/5091/5091 5099/5099/5099 5094/5094/5094
f 5100/5100/5100 5091/5091/5091 5079/5079/5079
f 5100/5100/5100 5079/5079/5079 5077/5077/5077
f 5101/5101/5101 5095/5095/5095 5098/5098/5098
f 5098/5098/5098 5099/5099/5099 5101/5101/5101
f 5102/5102/5102 5097/5097/5097 5095/5095/5095
f 5095/5095/5095 5101/5101/5101 5102/5102/5102
f 5100/5100/5100 5103/5103/5103 5091/5091/5091
f 5099/5099/5099 5091/5091/5091 5103/5103/5103
f 5077/5077/5077 5104/5104/5104 5100/5100/5100
f 5103/5103/5103 5100/5100/5100 5104/5104/5104
f 5104/5104/5104 5077/5077/5077 5078/5078/5078
f 5102/5102/5102 5105/5105/5105 5097/5097/5097
f 5106/5106/5106 5097/5097/5097 5105/5105/5105
f 5105/5105/5105 5102/5102/5102 5107/5107/5107
f 5108/5108/5108 5107/5107/5107 5102/5102/5102
f 5108/5108/5108 5102/5102/5102 5101/5101/5101
f 5107/5107/5107 5108/5108/5108 5109/5109/5109
f 5110/5110/5110 5101/5101/5101 5099/5099/5099
f 5099/5099/5099 5103/5103/5103 5110/5110/5110
f 5101/5101/5101 5110/5110/5110 5108/5108/5108
f 5111/5111/5111 5109/5109/5109 5108/5108/5108
f 5111/5111/5111 5108/5108/5108 5110/5110/5110
f 5109/5109/5109 5111/5111/5111 5112/5112/5112
f 5113/5113/5113 5110/5110/5110 5103/5103/5103
f 5103/5103/5103 5104/5104/5104 5113/5113/5113
f 5110/5110/5110 5113/5113/5113 5111/5111/5111
f 5114/5114/5114 5112/5112/5112 5111/5111/5111
f 5114/5114/5114 5111/5111/5111 5113/5113/5113
f 5112/5112/5112 5114/5114/5114 5115/5115/5115
f 5116/5116/5116 5113/5113/5113 5104/5104/5104
f 5113/5113/5113 5116/5116/5116 5114/5114/5114
f 5104/5104/5104 5078/5078/5078 5116/5116/5116
f 5117/5117/5117 5115/5115/5115 5114/5114/5114
f 5117/5117/5117 5114/5114/5114 5116/5116/5116
f 5115/5115/5115 5117/5117/5117 5118/5118/5118
f 5119/5119/5119 5116/5116/5116 5078/5078/5078
f 5116/5116/5116 5119/5119/5119 5117/5117/5117
f 5078/5078/5078 5076/5076/5076 5119/5119/5119
f 5120/5120/5120 5118/5118/5118 5117/5117/5117
f 5120/5120/5120 5117/5117/5117 5119/5119/5119
f 5120/5120/5120 5121/5121/5121 5118/5118/5118
f 5120/5120/5120 5119/5119/5119 5121/5121/5121
f 5122/5122/5122 5118/5118/5118 5121/5121/5121
f 5122/5122/5122 5121/5121/5121 5123/5123/5123
f 5124/5124/5124 5123/5123/5123 5121/5121/5121
f 5123/5123/5123 5124/5124/5124 5125/5125/5125
f 5126/5126/5126 5119/5119/5119 5076/5076/5076
f 5126/5126/5126 5121/5121/5121 5119/5119/5119
f 5121/5121/5121 5126/5126/5126 5124/5124/5124
f 5076/5076/5076 5073/5073/5073 5126/5126/5126
f 5127/5127/5127 5126/5126/5126 5073/5073/5073
f 5127/5127/5127 5124/5124/5124 5126/5126/5126
f 5073/5073/5073 5072/5072/5072 5127/5127/5127
f 5128/5128/5128 5127/5127/5127 5072/5072/5072
f 5127/5127/5127 5128/5128/5128 5124/5124/5124
f 5072/5072/5072 5074/5074/5074 5128/5128/5128
f 5129/5129/5129 5124/5124/5124 5128/5128/5128
f 5129/5129/5129 5128/5128/5128 5074/5074/5074
f 5130/5130/5130 5125/5125/5125 5124/5124/5124
f 5124/5124/5124 5129/5129/5129 5130/5130/5130
f 5130/5130/5130 5131/5131/5131 5125/5125/5125
f 5132/5132/5132 5125/5125/5125 5131/5131/5131
f 5132/5132/5132 5131/5131/5131 5133/5133/5133
f 5074/5074/5074 5134/5134/5134 5129/5129/5129
f 5074/5074/5074 5065/5065/5065 5134/5134/5134
f 5135/5135/5135 5130/5130/5130 5129/5129/5129
f 5130/5130/5130 5135/5135/5135 5131/5131/5131
f 5135/5135/5135 5129/5129/5129 5134/5134/5134
f 5136/5136/5136 5134/5134/5134 5065/5065/5065
f 5136/5136/5136 5065/5065/5065 5071/5071/5071
f 5134/5134/5134 5137/5137/5137 5135/5135/5135
f 5134/5134/5134 5136/5136/5136 5137/5137/5137
f 5136/5136/5136 5071/5071/5071 5138/5138/5138
f 5138/5138/5138 5137/5137/5137 5136/5136/5136
f 5139/5139/5139 5135/5135/5135 5137/5137/5137
f 5139/5139/5139 5131/5131/5131 5135/5135/5135
f 5140/5140/5140 5133/5133/5133 5131/5131/5131
f 5133/5133/5133 5140/5140/5140 5141/5141/5141
f 5137/5137/5137 5142/5142/5142 5139/5139/5139
f 5137/5137/5137 5138/5138/5138 5142/5142/5142
f 5139/5139/5139 5143/5143/5143 5131/5131/5131
f 5140/5140/5140 5131/5131/5131 5143/5143/5143
f 5143/5143/5143 5139/5139/5139 5142/5142/5142
f 5144/5144/5144 5141/5141/5141 5140/5140/5140
f 5141/5141/5141 5144/5144/5144 5145/5145/5145
f 5143/5143/5143 5146/5146/5146 5140/5140/5140
f 5144/5144/5144 5140/5140/5140 5146/5146/5146
f 5142/5142/5142 5147/5147/5147 5143/5143/5143
f 5146/5146/5146 5143/5143/5143 5147/5147/5147
f 5148/5148/5148 5145/5145/5145 5144/5144/5144
f 5145/5145/5145 5148/5148/5148 5149/5149/5149
f 5146/5146/5146 5150/5150/5150 5144/5144/5144
f 5148/5148/5148 5144/5144/5144 5150/5150/5150
f 5151/5151/5151 5149/5149/5149 5148/5148/5148
f 5149/5149/5149 5151/5151/5151 5152/5152/5152
f 5142/5142/5142 5153/5153/5153 5147/5147/5147
f 5153/5153/5153 5142/5142/5142 5138/5138/5138
f 5147/5147/5147 5154/5154/5154 5146/5146/5146
f 5150/5150/5150 5146/5146/5146 5154/5154/5154
f 5150/5150/5150 5155/5155/5155 5148/5148/5148
f 5151/5151/5151 5148/5148/5148 5155/5155/5155
f 5156/5156/5156 5152/5152/5152 5151/5151/5151
f 5152/5152/5152 5156/5156/5156 5157/5157/5157
f 5158/5158/5158 5157/5157/5157 5156/5156/5156
f 5158/5158/5158 5156/5156/5156 4951/4951/4951
f 5156/5156/5156 5151/5151/5151 5159/5159/5159
f 5159/5159/5159 4951/4951/4951 5156/5156/5156
f 5155/5155/5155 5159/5159/5159 5151/5151/5151
f 5159/5159/5159 4950/4950/4950 4951/4951/4951
f 5159/5159/5159 5155/5155/5155 4950/4950/4950
f 5155/5155/5155 5150/5150/5150 5160/5160/5160
f 5160/5160/5160 4950/4950/4950 5155/5155/5155
f 5154/5154/5154 5160/5160/5160 5150/5150/5150
f 5160/5160/5160 4952/4952/4952 4950/4950/4950
f 4952/4952/4952 5160/5160/5160 5161/5161/5161
f 5154/5154/5154 5161/5161/5161 5160/5160/5160
f 5161/5161/5161 4958/4958/4958 4952/4952/4952
f 5161/5161/5161 5154/5154/5154 5162/5162/5162
f 5161/5161/5161 5162/5162/5162 4958/4958/4958
f 5147/5147/5147 5162/5162/5162 5154/5154/5154
f 5162/5162/5162 5147/5147/5147 5153/5153/5153
f 5163/5163/5163 4958/4958/4958 5162/5162/5162
f 5163/5163/5163 4960/4960/4960 4958/4958/4958
f 4960/4960/4960 5163/5163/5163 5015/5015/5015
f 5153/5153/5153 5164/5164/5164 5162/5162/5162
f 5163/5163/5163 5162/5162/5162 5164/5164/5164
f 5164/5164/5164 5015/5015/5015 5163/5163/5163
f 5153/5153/5153 5138/5138/5138 5164/5164/5164
f 5015/5015/5015 5164/5164/5164 5165/5165/5165
f 5165/5165/5165 5009/5009/5009 5015/5015/5015
f 5165/5165/5165 5013/5013/5013 5009/5009/5009
f 5166/5166/5166 5164/5164/5164 5138/5138/5138
f 5166/5166/5166 5165/5165/5165 5164/5164/5164
f 5165/5165/5165 5166/5166/5166 5013/5013/5013
f 5166/5166/5166 5138/5138/5138 5071/5071/5071
f 5071/5071/5071 5013/5013/5013 5166/5166/5166
f 5169/5169/5169 5168/5168/5168 5167/5167/5167
f 5170/5170/5170 5167/5167/5167 5168/5168/5168
f 5168/5168/5168 5171/5171/5171 5170/5170/5170
f 5167/5167/5167 5170/5170/5170 5172/5172/5172
f 5173/5173/5173 5170/5170/5170 5171/5171/5171
f 5171/5171/5171 5174/5174/5174 5173/5173/5173
f 5175/5175/5175 5172/5172/5172 5170/5170/5170
f 5170/5170/5170 5173/5173/5173 5175/5175/5175
f 5175/5175/5175 5176/5176/5176 5172/5172/5172
f 5177/5177/5177 5172/5172/5172 5176/5176/5176
f 5177/5177/5177 5176/5176/5176 5178/5178/5178
f 5179/5179/5179 5173/5173/5173 5174/5174/5174
f 5174/5174/5174 5180/5180/5180 5179/5179/5179
f 5181/5181/5181 5175/5175/5175 5173/5173/5173
f 5175/5175/5175 5181/5181/5181 5176/5176/5176
f 5173/5173/5173 5179/5179/5179 5181/5181/5181
f 5182/5182/5182 5179/5179/5179 5180/5180/5180
f 5180/5180/5180 5183/5183/5183 5182/5182/5182
f 5184/5184/5184 5182/5182/5182 5183/5183/5183
f 5185/5185/5185 5181/5181/5181 5179/5179/5179
f 5179/5179/5179 5182/5182/5182 5185/5185/5185
f 5182/5182/5182 5184/5184/5184 5186/5186/5186
f 5186/5186/5186 5185/5185/5185 5182/5182/5182
f 5187/5187/5187 5186/5186/5186 5184/5184/5184
f 5181/5181/5181 5185/5185/5185 5188/5188/5188
f 5188/5188/5188 5176/5176/5176 5181/5181/5181
f 5185/5185/5185 5186/5186/5186 5189/5189/5189
f 5189/5189/5189 5188/5188/5188 5185/5185/5185
f 5186/5186/5186 5187/5187/5187 5190/5190/5190
f 5190/5190/5190 5189/5189/5189 5186/5186/5186
f 5191/5191/5191 5190/5190/5190 5187/5187/5187
f 5191/5191/5191 5192/5192/5192 5190/5190/5190
f 5189/5189/5189 5193/5193/5193 5188/5188/5188
f 5189/5189/5189 5190/5190/5190 5193/5193/5193
f 5194/5194/5194 5190/5190/5190 5192/5192/5192
f 5194/5194/5194 5193/5193/5193 5190/5190/5190
f 5192/5192/5192 5195/5195/5195 5194/5194/5194
f 5196/5196/5196 5194/5194/5194 5195/5195/5195
f 5194/5194/5194 5196/5196/5196 5193/5193/5193
f 5195/5195/5195 5197/5197/5197 5196/5196/5196
f 5188/5188/5188 5198/5198/5198 5176/5176/5176
f 5198/5198/5198 5188/5188/5188 5193/5193/5193
f 5199/5199/5199 5193/5193/5193 5196/5196/5196
f 5193/5193/5193 5199/5199/5199 5198/5198/5198
f 5200/5200/5200 5176/5176/5176 5198/5198/5198
f 5200/5200/5200 5178/5178/5178 5176/5176/5176
f 5198/5198/5198 5201/5201/5201 5200/5200/5200
f 5201/5201/5201 5198/5198/5198 5199/5199/5199
f 5200/5200/5200 5202/5202/5202 5178/5178/5178
f 5202/5202/5202 5200/5200/5200 5201/5201/5201
f 5203/5203/5203 5178/5178/5178 5202/5202/5202
f 5203/5203/5203 5202/5202/5202 5204/5204/5204
f 5205/5205/5205 5204/5204/5204 5202/5202/5202
f 5202/5202/5202 5201/5201/5201 5205/5205/5205
f 5204/5204/5204 5205/5205/5205 5206/5206/5206
f 5201/5201/5201 5199/5199/5199 5207/5207/5207
f 5207/5207/5207 5205/5205/5205 5201/5201/5201
f 5208/5208/5208 5206/5206/5206 5205/5205/5205
f 5205/5205/5205 5207/5207/5207 5208/5208/5208
f 5206/5206/5206 5208/5208/5208 5209/5209/5209
f 5199/5199/5199 5196/5196/5196 5210/5210/5210
f 5210/5210/5210 5207/5207/5207 5199/5199/5199
f 5211/5211/5211 5209/5209/5209 5208/5208/5208
f 5209/5209/5209 5211/5211/5211 5212/5212/5212
f 5213/5213/5213 5208/5208/5208 5207/5207/5207
f 5207/5207/5207 5210/5210/5210 5213/5213/5213
f 5208/5208/5208 5213/5213/5213 5211/5211/5211
f 5214/5214/5214 5210/5210/5210 5196/5196/5196
f 5214/5214/5214 5196/5196/5196 5197/5197/5197
f 5215/5215/5215 5212/5212/5212 5211/5211/5211
f 5212/5212/5212 5215/5215/5215 5216/5216/5216
f 5217/5217/5217 5211/5211/5211 5213/5213/5213
f 5211/5211/5211 5217/5217/5217 5215/5215/5215
f 5218/5218/5218 5213/5213/5213 5210/5210/5210
f 5210/5210/5210 5214/5214/5214 5218/5218/5218
f 5213/5213/5213 5218/5218/5218 5217/5217/5217
f 5214/5214/5214 5197/5197/5197 5219/5219/5219
f 5219/5219/5219 5218/5218/5218 5214/5214/5214
f 5220/5220/5220 5219/5219/5219 5197/5197/5197
f 5221/5221/5221 5216/5216/5216 5215/5215/5215
f 5216/5216/5216 5221/5221/5221 5222/5222/5222
f 5223/5223/5223 5215/5215/5215 5217/5217/5217
f 5215/5215/5215 5223/5223/5223 5221/5221/5221
f 5224/5224/5224 5217/5217/5217 5218/5218/5218
f 5218/5218/5218 5219/5219/5219 5224/5224/5224
f 5217/5217/5217 5224/5224/5224 5223/5223/5223
f 5219/5219/5219 5220/5220/5220 5225/5225/5225
f 5225/5225/5225 5224/5224/5224 5219/5219/5219
f 5226/5226/5226 5225/5225/5225 5220/5220/5220
f 5227/5227/5227 5222/5222/5222 5221/5221/5221
f 5222/5222/5222 5227/5227/5227 5228/5228/5228
f 5229/5229/5229 5221/5221/5221 5223/5223/5223
f 5221/5221/5221 5229/5229/5229 5227/5227/5227
f 5230/5230/5230 5223/5223/5223 5224/5224/5224
f 5224/5224/5224 5225/5225/5225 5230/5230/5230
f 5223/5223/5223 5230/5230/5230 5229/5229/5229
f 5225/5225/5225 5226/5226/5226 5231/5231/5231
f 5231/5231/5231 5230/5230/5230 5225/5225/5225
f 5232/5232/5232 5231/5231/5231 5226/5226/5226
f 5233/5233/5233 5228/5228/5228 5227/5227/5227
f 5228/5228/5228 5233/5233/5233 5234/5234/5234
f 5235/5235/5235 5227/5227/5227 5229/5229/5229
f 5227/5227/5227 5235/5235/5235 5233/5233/5233
f 5236/5236/5236 5229/5229/5229 5230/5230/5230
f 5230/5230/5230 5231/5231/5231 5236/5236/5236
f 5229/5229/5229 5236/5236/5236 5235/5235/5235
f 5231/5231/5231 5232/5232/5232 5237/5237/5237
f 5237/5237/5237 5236/5236/5236 5231/5231/5231
f 5238/5238/5238 5237/5237/5237 5232/5232/5232
f 5239/5239/5239 5235/5235/5235 5236/5236/5236
f 5236/5236/5236 5237/5237/5237 5239/5239/5239
f 5237/5237/5237 5238/5238/5238 5240/5240/5240
f 5240/5240/5240 5239/5239/5239 5237/5237/5237
f 5241/5241/5241 5240/5240/5240 5238/5238/5238
f 5242/5242/5242 5233/5233/5233 5235/5235/5235
f 5235/5235/5235 5239/5239/5239 5242/5242/5242
f 5243/5243/5243 5234/5234/5234 5233/5233/5233
f 5233/5233/5233 5242/5242/5242 5243/5243/5243
f 5239/5239/5239 5240/5240/5240 5244/5244/5244
f 5244/5244/5244 5242/5242/5242 5239/5239/5239
f 5240/5240/5240 5241/5241/5241 5245/5245/5245
f 5245/5245/5245 5244/5244/5244 5240/5240/5240
f 5246/5246/5246 5245/5245/5245 5241/5241/5241
f 5246/5246/5246 5247/5247/5247 5245/5245/5245
f 5242/5242/5242 5244/5244/5244 5248/5248/5248
f 5248/5248/5248 5243/5243/5243 5242/5242/5242
f 5243/5243/5243 5249/5249/5249 5234/5234/5234
f 5250/5250/5250 5234/5234/5234 5249/5249/5249
f 5250/5250/5250 5249/5249/5249 5251/5251/5251
f 5252/5252/5252 5245/5245/5245 5247/5247/5247
f 5247/5247/5247 5253/5253/5253 5252/5252/5252
f 5244/5244/5244 5245/5245/5245 5254/5254/5254
f 5252/5252/5252 5254/5254/5254 5245/5245/5245
f 5254/5254/5254 5248/5248/5248 5244/5244/5244
f 5255/5255/5255 5252/5252/5252 5253/5253/5253
f 5252/5252/5252 5255/5255/5255 5254/5254/5254
f 5253/5253/5253 5256/5256/5256 5255/5255/5255
f 5248/5248/5248 5257/5257/5257 5243/5243/5243
f 5249/5249/5249 5243/5243/5243 5257/5257/5257
f 5254/5254/5254 5258/5258/5258 5248/5248/5248
f 5258/5258/5258 5254/5254/5254 5255/5255/5255
f 5257/5257/5257 5248/5248/5248 5258/5258/5258
f 5259/5259/5259 5251/5251/5251 5249/5249/5249
f 5251/5251/5251 5259/5259/5259 5260/5260/5260
f 5258/5258/5258 5255/5255/5255 5261/5261/5261
f 5258/5258/5258 5261/5261/5261 5257/5257/5257
f 5257/5257/5257 5262/5262/5262 5249/5249/5249
f 5259/5259/5259 5249/5249/5249 5262/5262/5262
f 5262/5262/5262 5257/5257/5257 5261/5261/5261
f 5263/5263/5263 5260/5260/5260 5259/5259/5259
f 5259/5259/5259 5262/5262/5262 5263/5263/5263
f 5260/5260/5260 5263/5263/5263 5264/5264/5264
f 5265/5265/5265 5255/5255/5255 5256/5256/5256
f 5265/5265/5265 5261/5261/5261 5255/5255/5255
f 5262/5262/5262 5261/5261/5261 5266/5266/5266
f 5266/5266/5266 5263/5263/5263 5262/5262/5262
f 5267/5267/5267 5264/5264/5264 5263/5263/5263
f 5263/5263/5263 5266/5266/5266 5267/5267/5267
f 5264/5264/5264 5267/5267/5267 5268/5268/5268
f 5269/5269/5269 5268/5268/5268 5267/5267/5267
f 5267/5267/5267 5270/5270/5270 5269/5269/5269
f 5270/5270/5270 5267/5267/5267 5266/5266/5266
f 5271/5271/5271 5269/5269/5269 5270/5270/5270
f 5272/5272/5272 5266/5266/5266 5261/5261/5261
f 5261/5261/5261 5265/5265/5265 5272/5272/5272
f 5266/5266/5266 5272/5272/5272 5270/5270/5270
f 5265/5265/5265 5256/5256/5256 5273/5273/5273
f 5273/5273/5273 5272/5272/5272 5265/5265/5265
f 5274/5274/5274 5273/5273/5273 5256/5256/5256
f 5270/5270/5270 5275/5275/5275 5271/5271/5271
f 5275/5275/5275 5270/5270/5270 5272/5272/5272
f 5272/5272/5272 5273/5273/5273 5275/5275/5275
f 5276/5276/5276 5271/5271/5271 5275/5275/5275
f 5273/5273/5273 5274/5274/5274 5277/5277/5277
f 5277/5277/5277 5275/5275/5275 5273/5273/5273
f 5275/5275/5275 5277/5277/5277 5276/5276/5276
f 5278/5278/5278 5277/5277/5277 5274/5274/5274
f 5279/5279/5279 5276/5276/5276 5277/5277/5277
f 5277/5277/5277 5278/5278/5278 5279/5279/5279
f 5280/5280/5280 5279/5279/5279 5278/5278/5278
f 4456/4456/4456 4794/4794/4794 5281/5281/5281
f 5281/5281/5281 4441/4441/4441 4456/4456/4456
f 4441/4441/4441 5281/5281/5281 5282/5282/5282
f 5282/5282/5282 4389/4389/4389 4441/4441/4441
f 5282/5282/5282 5283/5283/5283 4389/4389/4389
f 5283/5283/5283 5282/5282/5282 5281/5281/5281
f 4386/4386/4386 4389/4389/4389 5283/5283/5283
f 5284/5284/5284 5281/5281/5281 4794/4794/4794
f 5281/5281/5281 5284/5284/5284 5283/5283/5283
f 5283/5283/5283 5285/5285/5285 4386/4386/4386
f 5285/5285/5285 5283/5283/5283 5284/5284/5284
f 5284/5284/5284 4794/4794/4794 5286/5286/5286
f 5284/5284/5284 5286/5286/5286 5285/5285/5285
f 4788/4788/4788 5286/5286/5286 4794/4794/4794
f 4788/4788/4788 4782/4782/4782 5286/5286/5286
f 5287/5287/5287 4386/4386/4386 5285/5285/5285
f 5287/5287/5287 5285/5285/5285 5286/5286/5286
f 5287/5287/5287 4385/4385/4385 4386/4386/4386
f 5288/5288/5288 5286/5286/5286 4782/4782/4782
f 5286/5286/5286 5288/5288/5288 5287/5287/5287
f 4385/4385/4385 5287/5287/5287 5288/5288/5288
f 4782/4782/4782 4765/4765/4765 5288/5288/5288
f 4385/4385/4385 5288/5288/5288 4372/4372/4372
f 5289/5289/5289 5288/5288/5288 4765/4765/4765
f 5289/5289/5289 4372/4372/4372 5288/5288/5288
f 4765/4765/4765 4758/4758/4758 5289/5289/5289
f 5289/5289/5289 5290/5290/5290 4372/4372/4372
f 5290/5290/5290 5289/5289/5289 4758/4758/4758
f 4371/4371/4371 4372/4372/4372 5290/5290/5290
f 4758/4758/4758 4679/4679/4679 5290/5290/5290
f 5290/5290/5290 5291/5291/5291 4371/4371/4371
f 5291/5291/5291 5290/5290/5290 4679/4679/4679
f 4622/4622/4622 4371/4371/4371 5291/5291/5291
f 5291/5291/5291 4679/4679/4679 4665/4665/4665
f 5291/5291/5291 4665/4665/4665 4622/4622/4622
f 5294/5294/5294 5293/5293/5293 5292/5292/5292
f 5294/5294/5294 5295/5295/5295 5293/5293/5293
f 5296/5296/5296 5292/5292/5292 5293/5293/5293
f 5296/5296/5296 5297/5297/5297 5292/5292/5292
f 5298/5298/5298 5292/5292/5292 5297/5297/5297
f 5298/5298/5298 5297/5297/5297 5299/5299/5299
f 5300/5300/5300 5299/5299/5299 5297/5297/5297
f 5299/5299/5299 5300/5300/5300 5301/5301/5301
f 5297/5297/5297 5296/5296/5296 5302/5302/5302
f 5297/5297/5297 5302/5302/5302 5300/5300/5300
f 5303/5303/5303 5302/5302/5302 5296/5296/5296
f 5296/5296/5296 5293/5293/5293 5303/5303/5303
f 5304/5304/5304 5300/5300/5300 5302/5302/5302
f 5305/5305/5305 5303/5303/5303 5293/5293/5293
f 5306/5306/5306 5301/5301/5301 5300/5300/5300
f 5300/5300/5300 5304/5304/5304 5306/5306/5306
f 5301/5301/5301 5306/5306/5306 5307/5307/5307
f 5308/5308/5308 5306/5306/5306 5304/5304/5304
f 5309/5309/5309 5307/5307/5307 5306/5306/5306
f 5308/5308/5308 5310/5310/5310 5306/5306/5306
f 5309/5309/5309 5306/5306/5306 5310/5310/5310
f 5293/5293/5293 5311/5311/5311 5305/5305/5305
f 5312/5312/5312 5305/5305/5305 5311/5311/5311
f 5311/5311/5311 5293/5293/5293 5295/5295/5295
f 5312/5312/5312 5311/5311/5311 5313/5313/5313
f 5311/5311/5311 5295/5295/5295 5314/5314/5314
f 5314/5314/5314 5313/5313/5313 5311/5311/5311
f 5315/5315/5315 5314/5314/5314 5295/5295/5295
f 5313/5313/5313 5314/5314/5314 5316/5316/5316
f 5315/5315/5315 5317/5317/5317 5314/5314/5314
f 5318/5318/5318 5316/5316/5316 5314/5314/5314
f 5318/5318/5318 5314/5314/5314 5317/5317/5317
f 5316/5316/5316 5318/5318/5318 5319/5319/5319
f 5317/5317/5317 5320/5320/5320 5318/5318/5318
f 5321/5321/5321 5319/5319/5319 5318/5318/5318
f 5321/5321/5321 5318/5318/5318 5320/5320/5320
f 5319/5319/5319 5321/5321/5321 5322/5322/5322
f 5320/5320/5320 5323/5323/5323 5321/5321/5321
f 5324/5324/5324 5322/5322/5322 5321/5321/5321
f 5324/5324/5324 5321/5321/5321 5323/5323/5323
f 5322/5322/5322 5324/5324/5324 5325/5325/5325
f 5323/5323/5323 5326/5326/5326 5324/5324/5324
f 5327/5327/5327 5325/5325/5325 5324/5324/5324
f 5327/5327/5327 5324/5324/5324 5326/5326/5326
f 5325/5325/5325 5327/5327/5327 5328/5328/5328
f 5326/5326/5326 5329/5329/5329 5327/5327/5327
f 5330/5330/5330 5328/5328/5328 5327/5327/5327
f 5330/5330/5330 5327/5327/5327 5329/5329/5329
f 5329/5329/5329 5331/5331/5331 5330/5330/5330
f 5328/5328/5328 5330/5330/5330 5332/5332/5332
f 5333/5333/5333 5330/5330/5330 5331/5331/5331
f 5333/5333/5333 5332/5332/5332 5330/5330/5330
f 5331/5331/5331 5334/5334/5334 5333/5333/5333
f 5333/5333/5333 5335/5335/5335 5332/5332/5332
f 5335/5335/5335 5333/5333/5333 5334/5334/5334
f 5336/5336/5336 5332/5332/5332 5335/5335/5335
f 5334/5334/5334 5337/5337/5337 5335/5335/5335
f 5335/5335/5335 5338/5338/5338 5336/5336/5336
f 5338/5338/5338 5335/5335/5335 5337/5337/5337
f 5339/5339/5339 5336/5336/5336 5338/5338/5338
f 5337/5337/5337 5340/5340/5340 5338/5338/5338
f 5338/5338/5338 5341/5341/5341 5339/5339/5339
f 5341/5341/5341 5338/5338/5338 5340/5340/5340
f 5342/5342/5342 5339/5339/5339 5341/5341/5341
f 5342/5342/5342 5341/5341/5341 5343/5343/5343
f 5341/5341/5341 5340/5340/5340 5344/5344/5344
f 5344/5344/5344 5343/5343/5343 5341/5341/5341
f 5345/5345/5345 5344/5344/5344 5340/5340/5340
f 5343/5343/5343 5344/5344/5344 5346/5346/5346
f 5345/5345/5345 5347/5347/5347 5344/5344/5344
f 5348/5348/5348 5346/5346/5346 5344/5344/5344
f 5348/5348/5348 5344/5344/5344 5347/5347/5347
f 5346/5346/5346 5348/5348/5348 5349/5349/5349
f 5347/5347/5347 5350/5350/5350 5348/5348/5348
f 5351/5351/5351 5349/5349/5349 5348/5348/5348
f 5351/5351/5351 5348/5348/5348 5350/5350/5350
f 5354/5354/5354 5353/5353/5353 5352/5352/5352
f 5354/5354/5354 5355/5355/5355 5353/5353/5353
f 5356/5356/5356 5352/5352/5352 5353/5353/5353
f 5353/5353/5353 5357/5357/5357 5356/5356/5356
f 5356/5356/5356 5358/5358/5358 5352/5352/5352
f 5356/5356/5356 5357/5357/5357 5358/5358/5358
f 5359/5359/5359 5352/5352/5352 5358/5358/5358
f 5359/5359/5359 5358/5358/5358 5360/5360/5360
f 5361/5361/5361 5353/5353/5353 5355/5355/5355
f 5353/5353/5353 5361/5361/5361 5357/5357/5357
f 5362/5362/5362 5360/5360/5360 5358/5358/5358
f 5362/5362/5362 5358/5358/5358 5357/5357/5357
f 5362/5362/5362 5363/5363/5363 5360/5360/5360
f 5362/5362/5362 5357/5357/5357 5363/5363/5363
f 5364/5364/5364 5360/5360/5360 5363/5363/5363
f 5364/5364/5364 5363/5363/5363 5365/5365/5365
f 5366/5366/5366 5365/5365/5365 5363/5363/5363
f 5366/5366/5366 5363/5363/5363 5357/5357/5357
f 5365/5365/5365 5366/5366/5366 5367/5367/5367
f 5366/5366/5366 5357/5357/5357 5368/5368/5368
f 5368/5368/5368 5367/5367/5367 5366/5366/5366
f 5368/5368/5368 5357/5357/5357 5369/5369/5369
f 5368/5368/5368 5369/5369/5369 5367/5367/5367
f 5357/5357/5357 5361/5361/5361 5370/5370/5370
f 5371/5371/5371 5367/5367/5367 5369/5369/5369
f 5371/5371/5371 5369/5369/5369 5372/5372/5372
f 5373/5373/5373 5372/5372/5372 5369/5369/5369
f 5373/5373/5373 5369/5369/5369 5357/5357/5357
f 5372/5372/5372 5373/5373/5373 5374/5374/5374
f 5375/5375/5375 5374/5374/5374 5373/5373/5373
f 5373/5373/5373 5357/5357/5357 5375/5375/5375
f 5375/5375/5375 5376/5376/5376 5374/5374/5374
f 5375/5375/5375 5357/5357/5357 5376/5376/5376
f 5377/5377/5377 5374/5374/5374 5376/5376/5376
f 5377/5377/5377 5376/5376/5376 5378/5378/5378
f 5379/5379/5379 5378/5378/5378 5376/5376/5376
f 5379/5379/5379 5376/5376/5376 5357/5357/5357
f 5379/5379/5379 5380/5380/5380 5378/5378/5378
f 5379/5379/5379 5357/5357/5357 5380/5380/5380
f 5381/5381/5381 5378/5378/5378 5380/5380/5380
f 5381/5381/5381 5380/5380/5380 5382/5382/5382
f 5383/5383/5383 5380/5380/5380 5357/5357/5357
f 5383/5383/5383 5382/5382/5382 5380/5380/5380
f 5357/5357/5357 5370/5370/5370 5383/5383/5383
f 5383/5383/5383 5384/5384/5384 5382/5382/5382
f 5384/5384/5384 5383/5383/5383 5370/5370/5370
f 5385/5385/5385 5382/5382/5382 5384/5384/5384
f 5385/5385/5385 5384/5384/5384 5386/5386/5386
f 5370/5370/5370 5386/5386/5386 5384/5384/5384
f 5370/5370/5370 5387/5387/5387 5386/5386/5386
f 5388/5388/5388 5386/5386/5386 5387/5387/5387
f 5387/5387/5387 5370/5370/5370 5361/5361/5361
f 5388/5388/5388 5387/5387/5387 5355/5355/5355
f 5361/5361/5361 5355/5355/5355 5387/5387/5387
f 5391/5391/5391 5390/5390/5390 5389/5389/5389
f 5391/5391/5391 5389/5389/5389 5392/5392/5392
f 5393/5393/5393 5389/5389/5389 5390/5390/5390
f 5393/5393/5393 5390/5390/5390 5394/5394/5394
f 5395/5395/5395 5394/5394/5394 5390/5390/5390
f 5396/5396/5396 5394/5394/5394 5395/5395/5395
f 5397/5397/5397 5396/5396/5396 5395/5395/5395
f 5397/5397/5397 5398/5398/5398 5396/5396/5396
f 5396/5396/5396 5399/5399/5399 5394/5394/5394
f 5399/5399/5399 5396/5396/5396 5398/5398/5398
f 5394/5394/5394 5400/5400/5400 5393/5393/5393
f 5400/5400/5400 5394/5394/5394 5399/5399/5399
f 5399/5399/5399 5398/5398/5398 5401/5401/5401
f 5402/5402/5402 5401/5401/5401 5398/5398/5398
f 5402/5402/5402 5403/5403/5403 5401/5401/5401
f 5400/5400/5400 5399/5399/5399 5404/5404/5404
f 5401/5401/5401 5404/5404/5404 5399/5399/5399
f 5404/5404/5404 5401/5401/5401 5405/5405/5405
f 5406/5406/5406 5393/5393/5393 5400/5400/5400
f 5400/5400/5400 5404/5404/5404 5406/5406/5406
f 5389/5389/5389 5393/5393/5393 5407/5407/5407
f 5406/5406/5406 5407/5407/5407 5393/5393/5393
f 5408/5408/5408 5401/5401/5401 5403/5403/5403
f 5408/5408/5408 5405/5405/5405 5401/5401/5401
f 5408/5408/5408 5403/5403/5403 5409/5409/5409
f 5409/5409/5409 5405/5405/5405 5408/5408/5408
f 5410/5410/5410 5409/5409/5409 5403/5403/5403
f 5410/5410/5410 5411/5411/5411 5409/5409/5409
f 5412/5412/5412 5409/5409/5409 5411/5411/5411
f 5409/5409/5409 5412/5412/5412 5405/5405/5405
f 5411/5411/5411 5413/5413/5413 5412/5412/5412
f 5414/5414/5414 5406/5406/5406 5404/5404/5404
f 5404/5404/5404 5405/5405/5405 5414/5414/5414
f 5389/5389/5389 5407/5407/5407 5415/5415/5415
f 5415/5415/5415 5392/5392/5392 5389/5389/5389
f 5407/5407/5407 5406/5406/5406 5416/5416/5416
f 5414/5414/5414 5416/5416/5416 5406/5406/5406
f 5417/5417/5417 5392/5392/5392 5415/5415/5415
f 5418/5418/5418 5392/5392/5392 5417/5417/5417
f 5419/5419/5419 5415/5415/5415 5407/5407/5407
f 5415/5415/5415 5419/5419/5419 5417/5417/5417
f 5407/5407/5407 5416/5416/5416 5419/5419/5419
f 5417/5417/5417 5420/5420/5420 5418/5418/5418
f 5420/5420/5420 5417/5417/5417 5419/5419/5419
f 5421/5421/5421 5418/5418/5418 5420/5420/5420
f 5421/5421/5421 5420/5420/5420 5422/5422/5422
f 5420/5420/5420 5419/5419/5419 5423/5423/5423
f 5423/5423/5423 5422/5422/5422 5420/5420/5420
f 5424/5424/5424 5419/5419/5419 5416/5416/5416
f 5424/5424/5424 5423/5423/5423 5419/5419/5419
f 5423/5423/5423 5425/5425/5425 5422/5422/5422
f 5423/5423/5423 5424/5424/5424 5425/5425/5425
f 5426/5426/5426 5422/5422/5422 5425/5425/5425
f 5416/5416/5416 5414/5414/5414 5427/5427/5427
f 5416/5416/5416 5427/5427/5427 5424/5424/5424
f 5428/5428/5428 5427/5427/5427 5414/5414/5414
f 5428/5428/5428 5414/5414/5414 5405/5405/5405
f 5429/5429/5429 5424/5424/5424 5427/5427/5427
f 5429/5429/5429 5425/5425/5425 5424/5424/5424
f 5427/5427/5427 5430/5430/5430 5429/5429/5429
f 5405/5405/5405 5431/5431/5431 5428/5428/5428
f 5432/5432/5432 5428/5428/5428 5431/5431/5431
f 5431/5431/5431 5405/5405/5405 5412/5412/5412
f 5433/5433/5433 5429/5429/5429 5430/5430/5430
f 5429/5429/5429 5433/5433/5433 5425/5425/5425
f 5430/5430/5430 5434/5434/5434 5433/5433/5433
f 5425/5425/5425 5435/5435/5435 5426/5426/5426
f 5435/5435/5435 5425/5425/5425 5433/5433/5433
f 5436/5436/5436 5426/5426/5426 5435/5435/5435
f 5431/5431/5431 5437/5437/5437 5432/5432/5432
f 5431/5431/5431 5412/5412/5412 5437/5437/5437
f 5438/5438/5438 5432/5432/5432 5437/5437/5437
f 5438/5438/5438 5437/5437/5437 5439/5439/5439
f 5435/5435/5435 5440/5440/5440 5436/5436/5436
f 5435/5435/5435 5433/5433/5433 5440/5440/5440
f 5441/5441/5441 5436/5436/5436 5440/5440/5440
f 5441/5441/5441 5440/5440/5440 5442/5442/5442
f 5443/5443/5443 5433/5433/5433 5434/5434/5434
f 5443/5443/5443 5440/5440/5440 5433/5433/5433
f 5444/5444/5444 5437/5437/5437 5412/5412/5412
f 5444/5444/5444 5412/5412/5412 5413/5413/5413
f 5413/5413/5413 5445/5445/5445 5444/5444/5444
f 5446/5446/5446 5439/5439/5439 5437/5437/5437
f 5437/5437/5437 5444/5444/5444 5446/5446/5446
f 5439/5439/5439 5446/5446/5446 5447/5447/5447
f 5447/5447/5447 5446/5446/5446 5448/5448/5448
f 5449/5449/5449 5444/5444/5444 5445/5445/5445
f 5449/5449/5449 5446/5446/5446 5444/5444/5444
f 5445/5445/5445 5450/5450/5450 5449/5449/5449
f 5443/5443/5443 5434/5434/5434 5451/5451/5451
f 5452/5452/5452 5451/5451/5451 5434/5434/5434
f 5452/5452/5452 5453/5453/5453 5451/5451/5451
f 5451/5451/5451 5453/5453/5453 5454/5454/5454
f 5455/5455/5455 5454/5454/5454 5453/5453/5453
f 5455/5455/5455 5456/5456/5456 5454/5454/5454
f 5451/5451/5451 5457/5457/5457 5443/5443/5443
f 5451/5451/5451 5454/5454/5454 5457/5457/5457
f 5440/5440/5440 5443/5443/5443 5457/5457/5457
f 5457/5457/5457 5442/5442/5442 5440/5440/5440
f 5457/5457/5457 5458/5458/5458 5442/5442/5442
f 5458/5458/5458 5457/5457/5457 5454/5454/5454
f 5459/5459/5459 5442/5442/5442 5458/5458/5458
f 5458/5458/5458 5460/5460/5460 5459/5459/5459
f 5458/5458/5458 5454/5454/5454 5460/5460/5460
f 5461/5461/5461 5459/5459/5459 5460/5460/5460
f 5462/5462/5462 5454/5454/5454 5456/5456/5456
f 5462/5462/5462 5460/5460/5460 5454/5454/5454
f 5460/5460/5460 5463/5463/5463 5461/5461/5461
f 5460/5460/5460 5462/5462/5462 5463/5463/5463
f 5464/5464/5464 5461/5461/5461 5463/5463/5463
f 5463/5463/5463 5465/5465/5465 5464/5464/5464
f 5463/5463/5463 5462/5462/5462 5465/5465/5465
f 5466/5466/5466 5464/5464/5464 5465/5465/5465
f 5462/5462/5462 5456/5456/5456 5467/5467/5467
f 5467/5467/5467 5465/5465/5465 5462/5462/5462
f 5468/5468/5468 5467/5467/5467 5456/5456/5456
f 5465/5465/5465 5469/5469/5469 5466/5466/5466
f 5465/5465/5465 5467/5467/5467 5469/5469/5469
f 5470/5470/5470 5466/5466/5466 5469/5469/5469
f 5470/5470/5470 5469/5469/5469 5471/5471/5471
f 5467/5467/5467 5468/5468/5468 5472/5472/5472
f 5472/5472/5472 5469/5469/5469 5467/5467/5467
f 5473/5473/5473 5472/5472/5472 5468/5468/5468
f 5474/5474/5474 5471/5471/5471 5469/5469/5469
f 5469/5469/5469 5472/5472/5472 5474/5474/5474
f 5471/5471/5471 5474/5474/5474 5475/5475/5475
f 5472/5472/5472 5473/5473/5473 5476/5476/5476
f 5476/5476/5476 5474/5474/5474 5472/5472/5472
f 5477/5477/5477 5476/5476/5476 5473/5473/5473
f 5478/5478/5478 5475/5475/5475 5474/5474/5474
f 5474/5474/5474 5476/5476/5476 5478/5478/5478
f 5476/5476/5476 5477/5477/5477 5479/5479/5479
f 5479/5479/5479 5478/5478/5478 5476/5476/5476
f 5480/5480/5480 5479/5479/5479 5477/5477/5477
f 5478/5478/5478 5481/5481/5481 5475/5475/5475
f 5478/5478/5478 5479/5479/5479 5481/5481/5481
f 5482/5482/5482 5475/5475/5475 5481/5481/5481
f 5479/5479/5479 5480/5480/5480 5483/5483/5483
f 5483/5483/5483 5481/5481/5481 5479/5479/5479
f 5484/5484/5484 5483/5483/5483 5480/5480/5480
f 5481/5481/5481 5485/5485/5485 5482/5482/5482
f 5481/5481/5481 5483/5483/5483 5485/5485/5485
f 5486/5486/5486 5482/5482/5482 5485/5485/5485
f 5483/5483/5483 5484/5484/5484 5487/5487/5487
f 5487/5487/5487 5485/5485/5485 5483/5483/5483
f 5488/5488/5488 5487/5487/5487 5484/5484/5484
f 5485/5485/5485 5489/5489/5489 5486/5486/5486
f 5485/5485/5485 5487/5487/5487 5489/5489/5489
f 5490/5490/5490 5486/5486/5486 5489/5489/5489
f 5487/5487/5487 5488/5488/5488 5491/5491/5491
f 5491/5491/5491 5489/5489/5489 5487/5487/5487
f 5492/5492/5492 5491/5491/5491 5488/5488/5488
f 5489/5489/5489 5493/5493/5493 5490/5490/5490
f 5489/5489/5489 5491/5491/5491 5493/5493/5493
f 5494/5494/5494 5490/5490/5490 5493/5493/5493
f 5494/5494/5494 5493/5493/5493 5450/5450/5450
f 5491/5491/5491 5492/5492/5492 5495/5495/5495
f 5495/5495/5495 5493/5493/5493 5491/5491/5491
f 5496/5496/5496 5495/5495/5495 5492/5492/5492
f 5496/5496/5496 5448/5448/5448 5495/5495/5495
f 5497/5497/5497 5450/5450/5450 5493/5493/5493
f 5493/5493/5493 5495/5495/5495 5497/5497/5497
f 5497/5497/5497 5449/5449/5449 5450/5450/5450
f 5498/5498/5498 5495/5495/5495 5448/5448/5448
f 5498/5498/5498 5497/5497/5497 5495/5495/5495
f 5497/5497/5497 5498/5498/5498 5449/5449/5449
f 5498/5498/5498 5448/5448/5448 5446/5446/5446
f 5446/5446/5446 5449/5449/5449 5498/5498/5498
g sawnoffshotgun_mesh_1
f 5501/5501/5501 5500/5500/5500 5499/5499/5499
f 5502/5502/5502 5499/5499/5499 5500/5500/5500
f 5499/5499/5499 5502/5502/5502 5503/5503/5503
f 5502/5502/5502 5500/5500/5500 5504/5504/5504
f 5505/5505/5505 5504/5504/5504 5500/5500/5500
f 5505/5505/5505 5506/5506/5506 5504/5504/5504
f 5507/5507/5507 5503/5503/5503 5502/5502/5502
f 5502/5502/5502 5504/5504/5504 5507/5507/5507
f 5503/5503/5503 5507/5507/5507 5508/5508/5508
f 5509/5509/5509 5508/5508/5508 5507/5507/5507
f 5508/5508/5508 5509/5509/5509 5510/5510/5510
f 5511/5511/5511 5507/5507/5507 5504/5504/5504
f 5507/5507/5507 5511/5511/5511 5509/5509/5509
f 5512/5512/5512 5504/5504/5504 5506/5506/5506
f 5504/5504/5504 5512/5512/5512 5511/5511/5511
f 5513/5513/5513 5510/5510/5510 5509/5509/5509
f 5510/5510/5510 5513/5513/5513 5514/5514/5514
f 5512/5512/5512 5506/5506/5506 5515/5515/5515
f 5515/5515/5515 5516/5516/5516 5512/5512/5512
f 5517/5517/5517 5515/5515/5515 5506/5506/5506
f 5517/5517/5517 5518/5518/5518 5515/5515/5515
f 5519/5519/5519 5515/5515/5515 5518/5518/5518
f 5515/5515/5515 5519/5519/5519 5516/5516/5516
f 5520/5520/5520 5516/5516/5516 5519/5519/5519
f 5520/5520/5520 5521/5521/5521 5516/5516/5516
f 5522/5522/5522 5511/5511/5511 5512/5512/5512
f 5522/5522/5522 5512/5512/5512 5516/5516/5516
f 5523/5523/5523 5509/5509/5509 5511/5511/5511
f 5511/5511/5511 5522/5522/5522 5523/5523/5523
f 5522/5522/5522 5516/5516/5516 5524/5524/5524
f 5524/5524/5524 5523/5523/5523 5522/5522/5522
f 5525/5525/5525 5516/5516/5516 5521/5521/5521
f 5525/5525/5525 5524/5524/5524 5516/5516/5516
f 5525/5525/5525 5521/5521/5521 5526/5526/5526
f 5525/5525/5525 5526/5526/5526 5524/5524/5524
f 5527/5527/5527 5526/5526/5526 5521/5521/5521
f 5527/5527/5527 5528/5528/5528 5526/5526/5526
f 5523/5523/5523 5529/5529/5529 5509/5509/5509
f 5513/5513/5513 5509/5509/5509 5529/5529/5529
f 5524/5524/5524 5530/5530/5530 5523/5523/5523
f 5529/5529/5529 5523/5523/5523 5530/5530/5530
f 5530/5530/5530 5524/5524/5524 5526/5526/5526
f 5531/5531/5531 5526/5526/5526 5528/5528/5528
f 5528/5528/5528 5532/5532/5532 5531/5531/5531
f 5529/5529/5529 5533/5533/5533 5513/5513/5513
f 5529/5529/5529 5530/5530/5530 5533/5533/5533
f 5530/5530/5530 5526/5526/5526 5534/5534/5534
f 5531/5531/5531 5534/5534/5534 5526/5526/5526
f 5534/5534/5534 5533/5533/5533 5530/5530/5530
f 5535/5535/5535 5531/5531/5531 5532/5532/5532
f 5532/5532/5532 5536/5536/5536 5535/5535/5535
f 5534/5534/5534 5531/5531/5531 5537/5537/5537
f 5535/5535/5535 5537/5537/5537 5531/5531/5531
f 5538/5538/5538 5535/5535/5535 5536/5536/5536
f 5536/5536/5536 5539/5539/5539 5538/5538/5538
f 5538/5538/5538 5540/5540/5540 5535/5535/5535
f 5537/5537/5537 5535/5535/5535 5540/5540/5540
f 5537/5537/5537 5541/5541/5541 5534/5534/5534
f 5533/5533/5533 5534/5534/5534 5541/5541/5541
f 5542/5542/5542 5513/5513/5513 5533/5533/5533
f 5542/5542/5542 5514/5514/5514 5513/5513/5513
f 5514/5514/5514 5542/5542/5542 5543/5543/5543
f 5542/5542/5542 5533/5533/5533 5544/5544/5544
f 5544/5544/5544 5543/5543/5543 5542/5542/5542
f 5541/5541/5541 5544/5544/5544 5533/5533/5533
f 5544/5544/5544 5545/5545/5545 5543/5543/5543
f 5544/5544/5544 5541/5541/5541 5545/5545/5545
f 5546/5546/5546 5543/5543/5543 5545/5545/5545
f 5545/5545/5545 5547/5547/5547 5546/5546/5546
f 5548/5548/5548 5546/5546/5546 5547/5547/5547
f 5548/5548/5548 5547/5547/5547 5549/5549/5549
f 5541/5541/5541 5537/5537/5537 5550/5550/5550
f 5550/5550/5550 5545/5545/5545 5541/5541/5541
f 5545/5545/5545 5550/5550/5550 5547/5547/5547
f 5540/5540/5540 5550/5550/5550 5537/5537/5537
f 5551/5551/5551 5549/5549/5549 5547/5547/5547
f 5549/5549/5549 5551/5551/5551 5552/5552/5552
f 5553/5553/5553 5552/5552/5552 5551/5551/5551
f 5553/5553/5553 5551/5551/5551 5554/5554/5554
f 5555/5555/5555 5547/5547/5547 5550/5550/5550
f 5550/5550/5550 5540/5540/5540 5555/5555/5555
f 5551/5551/5551 5547/5547/5547 5556/5556/5556
f 5556/5556/5556 5554/5554/5554 5551/5551/5551
f 5555/5555/5555 5556/5556/5556 5547/5547/5547
f 5557/5557/5557 5555/5555/5555 5540/5540/5540
f 5555/5555/5555 5557/5557/5557 5556/5556/5556
f 5556/5556/5556 5558/5558/5558 5554/5554/5554
f 5558/5558/5558 5556/5556/5556 5557/5557/5557
f 5559/5559/5559 5554/5554/5554 5558/5558/5558
f 5559/5559/5559 5558/5558/5558 5560/5560/5560
f 5557/5557/5557 5540/5540/5540 5561/5561/5561
f 5557/5557/5557 5561/5561/5561 5558/5558/5558
f 5538/5538/5538 5561/5561/5561 5540/5540/5540
f 5561/5561/5561 5538/5538/5538 5539/5539/5539
f 5562/5562/5562 5558/5558/5558 5561/5561/5561
f 5561/5561/5561 5539/5539/5539 5562/5562/5562
f 5562/5562/5562 5560/5560/5560 5558/5558/5558
f 5563/5563/5563 5562/5562/5562 5539/5539/5539
f 5562/5562/5562 5563/5563/5563 5560/5560/5560
f 5564/5564/5564 5560/5560/5560 5563/5563/5563
f 5567/5567/5567 5566/5566/5566 5565/5565/5565
f 5567/5567/5567 5568/5568/5568 5566/5566/5566
f 5569/5569/5569 5566/5566/5566 5568/5568/5568
f 5568/5568/5568 5570/5570/5570 5569/5569/5569
f 5571/5571/5571 5569/5569/5569 5570/5570/5570
f 5570/5570/5570 5572/5572/5572 5571/5571/5571
f 5573/5573/5573 5571/5571/5571 5572/5572/5572
f 5572/5572/5572 5574/5574/5574 5573/5573/5573
f 5577/5577/5577 5576/5576/5576 5575/5575/5575
f 5577/5577/5577 5578/5578/5578 5576/5576/5576
f 5579/5579/5579 5576/5576/5576 5578/5578/5578
f 5578/5578/5578 5580/5580/5580 5579/5579/5579
f 5581/5581/5581 5579/5579/5579 5580/5580/5580
f 5580/5580/5580 5582/5582/5582 5581/5581/5581
f 5583/5583/5583 5581/5581/5581 5582/5582/5582
f 5583/5583/5583 5582/5582/5582 5584/5584/5584
