g m249_LOD0
v 0.0038200722 0.024319723 0.057431787
v 0.0036854038 0.02999909 0.056412883
v 0.003583334 0.029938694 0.05884622
v 0.0013337975 0.0037597583 0.027469689
v -0.0032832355 0.007923756 0.027426
v 0.001362917 0.0079561025 0.027361551
v -0.003272112 0.0035368495 0.027462224
v -0.0032832355 0.007923756 0.027426
v 0.0013343296 0.003423798 0.02731132
v 0.009738357 0.011647584 0.047258817
v 0.011277128 0.01839188 0.0343936
v 0.009727181 0.011650466 0.034390148
v 0.011277128 0.01839188 0.0343936
v 0.009738357 0.011647584 0.047258817
v 0.009727181 0.011650466 0.034390148
v 0.009738357 0.011647584 0.047258817
v 0.011277128 0.01839188 0.0343936
v 0.010944315 0.018397441 0.047295842
v 0.011277128 0.01839188 0.0343936
v 0.009738357 0.011647584 0.047258817
v 0.010944315 0.018397441 0.047295842
v -0.0068421187 0.027713927 0.044657018
v -0.0067026797 0.023895971 0.048024543
v -0.0069282004 0.027714878 0.048034474
v -0.007024009 0.026864596 0.043760277
v -0.0067026797 0.023895971 0.048024543
v -0.0069825198 0.023909334 0.04377564
v 0.0038867798 0.017972277 0.05417874
v 0.0038969566 0.019402897 0.05443251
v 0.0036745304 0.024359187 0.055218767
v -0.004120016 0.024573117 0.03299731
v 0.0018766595 0.021450907 0.032964066
v 0.00211302 0.024536308 0.033123013
v 0.0018766595 0.021450907 0.032964066
v -0.0040699253 0.02147238 0.032983065
v 0.008145001 0.027616946 0.031517632
v 0.0077197496 0.02314353 0.032447435
v 0.007977974 0.023156356 0.031445418
v 0.007977974 0.023156356 0.031445418
v 0.0077197496 0.02314353 0.032447435
v 0.008145001 0.027616946 0.031517632
v 0.0038969566 0.019402897 0.05443251
v 0.0038867798 0.017972277 0.05417874
v 0.005041968 0.019380776 0.05442398
v 0.0039238087 0.016659517 0.053985525
v 0.0038867798 0.017972277 0.05417874
v 0.0050995504 0.01658038 0.054228578
v 0.005159788 0.019224266 0.054631192
v -0.005297988 0.024065252 0.058648366
v -0.0052686483 0.025406482 0.058688443
v -0.004378126 0.026254188 0.058664847
v -0.003230939 0.026429793 0.05868668
v -0.004378126 0.026254188 0.058664847
v -0.0041425065 0.029620131 0.057987627
v -0.0004592514 0.02644427 0.058680296
v 0.0009869271 0.026244665 0.0586699
v 0.002805811 0.024073228 0.05866682
v 0.0027287665 0.025520982 0.05854539
v 0.0006772184 0.028239759 0.058281597
v -0.00042044162 0.02965123 0.05795861
v 0.0005849047 0.029678931 0.057840534
v 0.011887593 0.014938534 0.04807146
v 0.0027674474 0.017661573 0.047422275
v 0.012051084 0.015588352 0.04735893
v 0.012051084 0.015588352 0.04735893
v 0.0027674474 0.017661573 0.047422275
v 0.011887593 0.014938534 0.04807146
v 0.0038365503 0.018094976 0.054599907
v 0.0050995504 0.01658038 0.054228578
v 0.0039238087 0.016659517 0.053985525
v 0.0038365503 0.018094976 0.054599907
v 0.005159788 0.019224266 0.054631192
v 0.0039019403 0.019368777 0.05469443
v -0.003230939 0.026429793 0.05868668
v -0.0041425065 0.029620131 0.057987627
v -0.0032609883 0.029678067 0.05786203
v 0.0027674474 0.017661573 0.047422275
v 0.011887593 0.014938534 0.04807146
v 0.002701405 0.017048875 0.047976278
v 0.002701405 0.017048875 0.047976278
v 0.011887593 0.014938534 0.04807146
v 0.0027674474 0.017661573 0.047422275
v -0.0043465616 0.027047096 0.05009602
v -0.0043513663 0.026257012 0.04867047
v -0.004317761 0.027050149 0.048675597
v -0.004378126 0.026254188 0.058664847
v -0.0043319142 0.02987707 0.050971165
v -0.0041425065 0.029620131 0.057987627
v -0.0043513663 0.026257012 0.04867047
v -0.0053208233 0.025475796 0.04868277
v -0.0052686483 0.025406482 0.058688443
v -0.0053097587 0.024052951 0.048708912
v -0.005297988 0.024065252 0.058648366
v 0.0020205916 0.0034145026 -0.003451991
v 0.0022355919 0.003156172 0.0021991367
v 0.0019558296 0.0035711478 0.0021808462
v 0.0023662492 0.001241416 0.00340784
v 0.0019558296 0.0035711478 0.0021808462
v 0.0021857528 0.0016907341 -0.00251419
v 0.0020205916 0.0034145026 -0.003451991
v 0.0012238884 4.6713994E-05 -0.0027863053
v 0.0014087678 0.0035519674 -0.0043990556
v 0.00088355254 0.0035436037 -0.0048093544
v -0.0007389679 2.0349771E-05 -0.0032657597
v -0.0028379974 0.0035527267 -0.0048915744
v -0.00232893 -0.0013683351 -0.0026780174
v -0.00070956803 -0.001501989 -0.0027948671
v -0.0032159386 -0.0028648868 -0.0024788044
v -0.00341296 -0.0013702015 -0.0022579904
v -0.0035388793 0.0035717955 -0.0044394005
v -0.004297531 -0.0011414944 -0.0012855226
v -0.004083355 0.003523785 -0.0036750238
v -0.004329472 0.0035310108 0.00232588
v -0.0045589483 0.0012242788 0.0034811709
v -0.0043799058 -0.00085771753 0.007617643
v -0.0041909637 -0.0027161844 -0.0015655943
v -0.004046505 -0.0053515406 -0.0030717752
v 0.0010796014 -0.001607284 -0.0023313728
v -0.00068618776 -0.002966188 -0.0029312782
v 0.0017931518 -0.0015436292 -0.0017260575
v 0.0010656739 -0.0030876321 -0.002505003
v -0.0007611694 -0.0052041104 -0.004253266
v 0.0023323174 4.1229655E-06 -0.0010046213
v -0.0031319961 -0.005293453 -0.0039022185
v 0.0016244202 -0.0031866578 -0.0020339212
v -0.0033251953 -0.017877651 -0.013086791
v -0.0018431396 -0.017723652 -0.013457672
v 0.00032306672 -0.01771613 -0.013290954
v 0.0015150834 -0.017980978 -0.012552644
v -0.0042168503 -0.018213682 -0.01221926
v 0.0023198547 -0.018547373 -0.011233964
v -0.0044932254 -0.019095378 -0.009906466
v -0.004141731 -0.0031756633 0.0064898524
v -0.003919281 -0.02188916 -0.0014520446
v 0.0020850792 -0.0032439157 -0.0011398855
v 0.0021000595 -0.007388131 0.0028004413
v 0.002101925 -0.021530796 -0.0027569344
v 0.0023486824 -0.0025522532 0.0051860726
v 0.0012842903 -0.021919413 -0.00021948123
v 0.00042796327 -0.02224238 -1.3842353E-05
v 0.0010342827 -0.0030663405 0.009926509
v 0.0013024864 -0.008813978 0.006452458
v 0.0022574272 -0.0004651881 0.0061245663
v -0.00028800202 -0.0030575169 0.01030437
v -0.0007968636 -0.02225949 0.00057675305
v -0.0015135728 -0.007823659 0.008046672
v -0.0025677222 -0.0029760553 0.010189694
v -0.00031888962 -0.0009303944 0.010570209
v 0.0020333747 -0.00068540155 0.008187433
v 0.0013946457 -0.00095735095 0.010379358
v -0.00041376115 0.0026943919 0.010566875
v 0.0012043533 0.0025659127 0.01022818
v 0.001393261 -0.00045393233 0.010208958
v 0.0015557099 -0.00011191478 0.0069000702
v 0.0016311036 0.0014418692 0.003973635
v 0.0015631828 0.0034955195 0.0028179246
v 0.0019558296 0.0035711478 0.0021808462
v 0.0015631828 0.0034955195 0.0028179246
v 0.0009951325 0.0035199898 0.009650805
v 0.00083846285 0.0032573792 0.010245663
v 0.0009951325 0.0035199898 0.009650805
v -0.0032989883 0.0031490289 0.010245094
v -0.00165065 0.0035891007 0.009776635
v -0.0070863534 0.019262021 0.056019276
v -0.007451297 0.021335095 0.056215014
v -0.007086379 0.021385321 0.056207728
v -0.007086339 0.021790395 0.05591816
v -0.0074504795 0.022002516 0.051551063
v -0.007086424 0.021831017 0.048913542
v -0.0074549573 0.021502739 0.047349468
v -0.00708634 0.021481195 0.047364473
v -0.0074504795 0.022002516 0.051551063
v -0.0074527217 0.019402793 0.04673419
v -0.0074615707 0.021669367 0.032858614
v -0.0070863417 0.021662172 0.032839987
v -0.0074624005 0.022324692 0.032101594
v -0.0071023693 0.02231544 0.03213008
v -0.007033888 0.024853706 0.03160674
v -0.007203758 0.025094 0.031527717
v -0.0065537626 0.02550895 0.03159048
v -0.0074615707 0.021669367 0.032858614
v -0.0074571017 0.019713486 0.029386515
v -0.0074624005 0.022324692 0.032101594
v -0.0074665262 0.02258599 0.029357437
v -0.007233656 0.025022924 0.029332243
v -0.007203758 0.025094 0.031527717
v -0.006570488 0.025547488 0.029342715
v -0.0065537626 0.02550895 0.03159048
v -0.0012067566 0.025662227 0.029349953
v -0.0012305088 0.025497809 0.031565633
v -0.0070863524 0.019393926 0.046786897
v -0.0070863655 0.018982533 0.049273655
v -0.0070861015 0.019667396 0.03159839
v -0.0074543683 0.01888037 0.05147923
v -0.0074571017 0.019713486 0.029386515
v -0.0063489648 0.019679388 0.029292509
v -0.006351156 0.019758327 0.03159118
v -0.0070861015 0.019790322 0.029309822
v -0.007452447 0.021768685 0.05591727
v -0.0074648866 0.019323817 0.056023344
v -0.007451297 0.021335095 0.056215014
v -0.007086339 0.019036675 0.055770174
v -0.0074543683 0.01888037 0.05147923
v -0.0070863534 0.019262021 0.056019276
v -0.007451297 0.021335095 0.056215014
v -0.007086339 0.021790395 0.05591816
v -0.007452447 0.021768685 0.05591727
v -0.007086379 0.021385321 0.056207728
v 0.00081986055 0.027038885 0.04868625
v 0.0009358374 0.026258681 0.048676066
v 0.0008858619 0.02707172 0.05010674
v 0.0009961595 0.02625595 0.054551452
v 0.0006202476 0.029870356 0.050971854
v 0.0006079702 0.029727448 0.055837817
v 0.0005849047 0.029678931 0.057840534
v 0.0006772184 0.028239759 0.058281597
v 0.0009869271 0.026244665 0.0586699
v 0.0009358374 0.026258681 0.048676066
v 0.0027287665 0.025520982 0.05854539
v 0.0027514328 0.025523052 0.051517457
v 0.0028067974 0.02548227 0.048770964
v 0.0027784624 0.025500728 0.054525483
v 0.002805811 0.024073228 0.05866682
v 0.0028076349 0.024060553 0.05527756
v 0.0027973303 0.024055732 0.05215678
v 0.002783034 0.024066418 0.04868925
v 0.002858757 0.017323488 0.11672252
v 0.0029501268 0.020811692 0.1162588
v 0.003613678 0.017757729 0.11681995
v 0.003613678 0.017757729 0.11681995
v 0.0029501268 0.020811692 0.1162588
v 0.0036236802 0.020792743 0.11631948
v 0.007753624 0.027734589 0.032414086
v 0.0077197496 0.02314353 0.032447435
v 0.008145001 0.027616946 0.031517632
v 0.007753624 0.027734589 0.032414086
v 0.008145001 0.027616946 0.031517632
v 0.0077197496 0.02314353 0.032447435
v 0.011094401 0.01129718 0.03441455
v 0.012573389 0.011112699 0.046326097
v 0.011225258 0.011282955 0.047210056
v 0.011225258 0.011282955 0.047210056
v 0.012573389 0.011112699 0.046326097
v 0.011094401 0.01129718 0.03441455
v 0.012573389 0.011112699 0.046326097
v 0.011094401 0.01129718 0.03441455
v 0.012574247 0.010964896 0.035293814
v 0.011225258 0.011282955 0.047210056
v 0.0028847123 0.013119787 0.034458842
v 0.0029157666 0.01307832 0.047255136
v 0.012574247 0.010964896 0.035293814
v 0.011094401 0.01129718 0.03441455
v 0.012573389 0.011112699 0.046326097
v 0.0028847123 0.013119787 0.034458842
v 0.011225258 0.011282955 0.047210056
v 0.0029157666 0.01307832 0.047255136
v -0.0040995255 0.0075456463 -0.018519731
v -0.00083166506 0.006778995 -0.01813134
v 0.0011764755 0.007081504 -0.01832592
v -0.0050734407 0.008293915 -0.018564144
v -0.005511223 0.009108716 -0.018690681
v -0.0056007616 0.015543839 -0.020593463
v 0.0011764755 0.007081504 -0.01832592
v -0.00614653 0.022007486 -0.022269594
v -0.0063063586 0.016997552 -0.02078056
v 0.003244789 0.0091356505 -0.018938715
v 0.0029496003 0.008355029 -0.018609598
v 0.003517067 0.015587846 -0.020513795
v 0.0040101013 0.016678112 -0.020814748
v 0.003844368 0.022307733 -0.02235662
v 0.0035312348 0.022899406 -0.02238918
v 0.0030389556 0.026553389 -0.023457466
v -0.0056453017 0.02301833 -0.022467993
v -0.0015832902 0.027700594 -0.023751281
v 0.0023035125 0.02740065 -0.023676682
v -0.0052392427 0.026943011 -0.023359116
v -0.0015832902 0.027700594 -0.023751281
v -0.004530922 0.027520105 -0.023586858
v -0.00614653 0.022007486 -0.022269594
v -0.006220093 0.016886663 -0.019831616
v -0.0056007616 0.015543839 -0.020593463
v -0.006149208 0.022341967 -0.02108391
v -0.0056490786 0.015590896 -0.019365015
v -0.0056453017 0.02301833 -0.022467993
v -0.0057332614 0.02304761 -0.021335382
v -0.005475906 0.009171537 -0.017730469
v -0.005511223 0.009108716 -0.018690681
v -0.0050734407 0.008293915 -0.018564144
v -0.0052392427 0.026943011 -0.023359116
v -0.005308022 0.02700241 -0.022269707
v -0.0035341645 0.0071783746 -0.017221838
v -0.0040995255 0.0075456463 -0.018519731
v -0.004548454 0.027691439 -0.022616725
v -0.004530922 0.027520105 -0.023586858
v -0.0015832902 0.027700594 -0.023751281
v -0.0012443848 0.028103746 -0.022606924
v -0.00083166506 0.006778995 -0.01813134
v -0.0010199661 0.006806819 -0.017125845
v 0.0013078765 0.0071542324 -0.017212832
v -0.0010199661 0.006806819 -0.017125845
v 0.0011764755 0.007081504 -0.01832592
v 0.010791584 0.019311994 0.034207385
v 0.010854572 0.018700518 0.034207053
v 0.011650572 0.019691555 0.03427188
v 0.010854572 0.018700518 0.034207053
v 0.011935684 0.018808967 0.034264646
v 0.0114012 0.018495042 0.03420294
v -0.0052128294 0.017607974 -0.021213578
v -0.0001235733 0.02696784 -0.023373902
v -0.004941559 0.013904074 -0.020199085
v -0.002570938 0.02691647 -0.023490528
v -0.00065071107 0.027251393 -0.023569046
v -0.0037662964 0.025743557 -0.02305996
v -0.0052128294 0.017607974 -0.021213578
v -0.002570938 0.02691647 -0.023490528
v 0.0016512222 0.025997847 -0.02328489
v 0.0022181626 0.024971457 -0.023044134
v 0.0029368973 0.017818686 -0.021165699
v 0.0028383408 0.014640248 -0.020361515
v 0.0022229005 0.011514509 -0.019512821
v 0.00014126587 0.00837618 -0.018688822
v 0.0012917175 0.009446277 -0.019023433
v -0.004941559 0.013904074 -0.020199085
v -0.0042970735 0.011147601 -0.019432055
v -0.0031342392 0.009097485 -0.018862609
v -0.0009502029 0.007949357 -0.018608943
v -0.0020083007 0.008158459 -0.018668093
v 0.0022181626 0.024971457 -0.023044134
v 0.0025369949 0.023471959 -0.022688562
v -0.005526834 0.01590954 0.052568123
v -0.0069227144 0.01070004 0.052824948
v -0.006004701 0.015299021 0.053024694
v -0.0070408843 0.010259023 0.0519118
v -0.0069227144 0.01070004 0.052824948
v -0.005371735 0.016488375 0.045890737
v -0.0070960466 0.010053168 0.02902124
v -0.0053778705 0.016465489 0.028476438
v -0.0054138517 0.017504102 0.044492483
v -0.0054517537 0.017362652 0.028637864
v -0.005644215 0.015471483 0.027386833
v -0.0070498125 0.011398607 0.02740701
v -0.013139333 0.02570684 0.078981146
v -0.012175353 0.026392473 0.078589074
v -0.010904816 0.026038328 0.07826648
v -0.0112767 0.02324367 0.078680575
v -0.010428852 0.024421815 0.07837003
v -0.013139333 0.02570684 0.078981146
v -0.012719389 0.023296291 0.0791203
v -0.01325805 0.023817115 0.07919861
v -0.017642092 0.019431185 0.0505392
v -0.017933946 0.020257976 0.05034824
v -0.017970711 0.019303836 0.050716415
v -0.017933946 0.020257976 0.05034824
v -0.017645177 0.020259269 0.050362717
v -0.018001623 0.021491872 0.05081117
v -0.017658722 0.02151104 0.050772995
v -0.018005846 0.021630386 0.05170439
v -0.012550197 0.020094274 0.050704427
v -0.012553256 0.0210195 0.05077513
v -0.012556237 0.019519338 0.05095432
v -0.017629657 0.019294582 0.05166638
v -0.017970711 0.019303836 0.050716415
v -0.017997673 0.01926445 0.053064894
v -0.012582485 0.019489273 0.05224858
v -0.0074497247 0.019294566 0.050506737
v -0.0074332166 0.020611579 0.05025174
v -0.0074458416 0.021546232 0.05062041
v -0.012582642 0.021342026 0.051600408
v -0.0074214824 0.0215527 0.053318374
v -0.012638182 0.021307236 0.052853286
v -0.017636456 0.021390775 0.05307344
v -0.012579609 0.02064197 0.053154178
v -0.0074182535 0.02013444 0.053589717
v -0.017657533 0.020035205 0.053457126
v -0.017636456 0.021390775 0.05307344
v -0.012590643 0.019770952 0.053062666
v -0.0074164025 0.019228848 0.053256445
v -0.012582485 0.019489273 0.05224858
v -0.0074497247 0.019294566 0.050506737
v -0.017652761 0.019400785 0.05323945
v -0.017629657 0.019294582 0.05166638
v -0.017997673 0.01926445 0.053064894
v -0.0179363 0.020553553 0.053482108
v -0.017997673 0.01926445 0.053064894
v -0.017642848 0.021472411 0.05325356
v -0.017636456 0.021390775 0.05307344
v -0.01799081 0.021431556 0.053231828
v -0.018005846 0.021630386 0.05170439
v -0.018005846 0.021630386 0.05170439
v 0.0039238087 0.016659517 0.053985525
v 0.0038867798 0.017972277 0.05417874
v 0.0038365503 0.018094976 0.054599907
v 0.0036745304 0.024359187 0.055218767
v 0.0038365503 0.018094976 0.054599907
v 0.0038867798 0.017972277 0.05417874
v 0.003248955 0.0092629 -0.017544756
v 0.0033238449 0.015836764 -0.019278174
v 0.0025946046 0.008026949 -0.01739111
v 0.0052774968 0.027740905 0.048094925
v 0.007047001 0.027743196 0.048384506
v 0.007850577 0.027736256 0.048978195
v -0.004496727 0.024466924 -0.022952233
v -0.0037662964 0.025743557 -0.02305996
v -0.0052128294 0.017607974 -0.021213578
v -0.020982066 0.021702081 0.058794905
v -0.020930134 0.02154613 0.05665119
v -0.020941531 0.023424158 0.056476593
v -0.020941531 0.023424158 0.056476593
v -0.020688334 0.023919133 0.058315545
v -0.019714678 0.022064354 0.06098295
v -0.01992158 0.02474505 0.057927836
v -0.02028804 0.024149887 0.056175984
v -0.019448753 0.023945974 0.060581945
v -0.018838607 0.025093589 0.057522614
v -0.019332947 0.024480887 0.055853177
v -0.018411804 0.024072386 0.055622756
v -0.01948236 0.023394385 0.06320327
v -0.019418236 0.022275107 0.06338683
v -0.017656455 0.021888359 0.065811746
v -0.018774537 0.024608081 0.060262684
v -0.01669899 0.024250053 0.056988716
v -0.016832422 0.02278799 0.05534241
v -0.017820686 0.024349755 0.06540853
v -0.017726995 0.022880102 0.068113066
v -0.01912219 0.024424132 0.062890455
v -0.017864885 0.024835851 0.0599449
v -0.015663555 0.023316244 0.059527412
v -0.018372597 0.025195885 0.062491316
v -0.015908435 0.023052812 0.056963716
v -0.016832422 0.02278799 0.05534241
v -0.015874526 0.021636792 0.05719539
v -0.017084107 0.021615488 0.055530626
v -0.016429631 0.02057548 0.057607785
v -0.01815221 0.020016402 0.056039654
v -0.0155851655 0.022022016 0.05972306
v -0.018433372 0.019642787 0.05834248
v -0.01996155 0.020068014 0.05655981
v -0.017540595 0.020387452 0.060600523
v -0.020462375 0.020646794 0.058813248
v -0.020699438 0.020638548 0.056707386
v -0.018478641 0.020565562 0.06085811
v -0.020982066 0.021702081 0.058794905
v -0.020930134 0.02154613 0.05665119
v -0.019271698 0.021165226 0.060999658
v -0.019714678 0.022064354 0.06098295
v -0.018914923 0.021240534 0.06340403
v -0.019418236 0.022275107 0.06338683
v -0.017656455 0.021888359 0.065811746
v -0.018019876 0.02052613 0.06322791
v -0.016941177 0.020268332 0.06290486
v -0.016133983 0.021131292 0.065416016
v -0.014691057 0.0218369 0.064774305
v -0.015903555 0.020527514 0.06250096
v -0.015068637 0.02118033 0.062094368
v -0.016430896 0.02126426 0.06796673
v -0.0154334195 0.021041015 0.06766781
v -0.017261012 0.021922523 0.068129234
v -0.017726995 0.022880102 0.068113066
v -0.016187629 0.022542236 0.07024377
v -0.014859075 0.021810338 0.0699584
v -0.015530737 0.02261813 0.07278054
v -0.015935121 0.023472767 0.07276206
v -0.014524029 0.023138123 0.07492475
v -0.014562855 0.022149168 0.06174274
v -0.01429608 0.022583297 0.064494975
v -0.014357972 0.023822922 0.06428455
v -0.014673772 0.023736376 0.0614893
v -0.015334207 0.024677748 0.061543174
v -0.016269205 0.025283521 0.061752968
v -0.016449902 0.025212204 0.0647629
v -0.017339569 0.025499273 0.062080875
v -0.017253112 0.024963379 0.06509313
v -0.017445289 0.024864767 0.067654744
v -0.016750822 0.025573177 0.06728889
v -0.016381804 0.024712607 0.06993374
v -0.016187629 0.022542236 0.07024377
v -0.015935121 0.023472767 0.07276206
v -0.015797716 0.0258436 0.06691494
v -0.015139444 0.025588734 0.06940087
v -0.015086528 0.025885208 0.0720359
v -0.014682964 0.025168473 0.07461332
v -0.014524029 0.023138123 0.07492475
v -0.014034196 0.023151474 0.07719399
v -0.014183494 0.025698354 0.07678353
v -0.01325805 0.023817115 0.07919861
v -0.013139333 0.02570684 0.078981146
v -0.013580652 0.026305942 0.0764711
v -0.013540146 0.02596253 0.07409131
v -0.014232719 0.02615393 0.071697876
v -0.013581651 0.02504652 0.0690124
v -0.013958031 0.025090087 0.06642603
v -0.013345764 0.024229677 0.06637463
v -0.013248835 0.022771472 0.066607885
v -0.01304255 0.024326855 0.06896866
v -0.012019851 0.02468117 0.07121633
v -0.012148507 0.025424032 0.07372571
v -0.012758475 0.026535444 0.07615335
v -0.013715568 0.021883823 0.06692891
v -0.012992922 0.02308755 0.0691646
v -0.013429748 0.022369819 0.06942179
v -0.012175353 0.026392473 0.078589074
v -0.013139333 0.02570684 0.078981146
v -0.010904816 0.026038328 0.07826648
v -0.01070176 0.02513112 0.0757163
v -0.010428852 0.024421815 0.07837003
v -0.010904816 0.026038328 0.07826648
v -0.011946843 0.023371102 0.07142987
v -0.013903131 0.021812283 0.0723759
v -0.0116866315 0.024772424 0.0736892
v -0.013274424 0.022468235 0.074629895
v -0.01163617 0.023676276 0.07386907
v -0.012000993 0.02302617 0.074106865
v -0.010604087 0.023907797 0.07590473
v -0.010428852 0.024421815 0.07837003
v -0.011624476 0.022610568 0.076482184
v -0.0112767 0.02324367 0.078680575
v -0.013315852 0.022574155 0.077057056
v -0.014034196 0.023151474 0.07719399
v -0.012719389 0.023296291 0.0791203
v -0.01325805 0.023817115 0.07919861
v -0.020941531 0.023424158 0.056476593
v -0.020930134 0.02154613 0.05665119
v -0.02028804 0.024149887 0.056175984
v -0.0063004303 0.018267937 -0.011043898
v -0.0070360797 0.018954964 -0.011029097
v -0.0070125964 0.018264696 -0.010996811
v 0.0021114121 0.024623323 -0.012437661
v 0.00211302 0.024536308 0.033123013
v 0.0019320602 0.024620667 -0.011911828
v -0.006004701 0.015299021 0.053024694
v -0.00582006 0.01598811 0.052568123
v -0.005526834 0.01590954 0.052568123
v -0.005664962 0.016566945 0.045890737
v -0.00582006 0.01598811 0.052568123
v -0.005371735 0.016488375 0.045890737
v -0.0054138517 0.017504102 0.044492483
v -0.0049681566 0.011116328 0.045091297
v 0.00145155 0.011415062 0.04500528
v -0.0049713473 0.011568255 0.045149446
v -0.0053778705 0.016465489 0.028476438
v -0.005806881 0.016037308 0.027689502
v -0.005644215 0.015471483 0.027386833
v -0.0044998084 0.028627196 0.06184108
v -0.0045150146 0.029220209 0.061845794
v -0.0048527727 0.028154265 0.061674025
v -0.005748187 0.027504344 0.06178335
v -0.0063427305 0.027581623 0.061788622
v -0.007050588 0.029596712 0.061787546
v -0.0071788332 0.028419366 0.061814312
v -0.0072477236 0.02902502 0.06180855
v -0.0059703053 0.030140562 0.061675992
v -0.006646783 0.030034924 0.061805632
v -0.0045150146 0.029220209 0.061845794
v -0.0045150146 0.029220209 0.061845794
v -0.005314439 0.030032415 0.061683048
v -0.004785991 0.02975916 0.061844565
v -0.006004701 0.015299021 0.053024694
v -0.0069227144 0.01070004 0.052824948
v -0.007215942 0.010778609 0.052824948
v -0.0070408843 0.010259023 0.0519118
v -0.007215942 0.010778609 0.052824948
v 0.0005817776 0.025110278 0.03316506
v -0.0016528645 0.024310393 0.033172745
v -0.00073134043 0.024270399 0.03316836
v 0.011898805 0.019448183 0.034301538
v 0.011650572 0.019691555 0.03427188
v 0.011935684 0.018808967 0.034264646
v 0.0033050594 0.010342089 0.022775939
v 0.0017133179 0.010297498 0.022680946
v 0.0033064843 0.008027477 0.022726271
v 0.0033064843 0.008027477 0.022726271
v 0.0033233415 0.005857297 0.022885477
v 0.0017133064 0.0057725464 0.022862984
v 0.0033478546 0.0050018923 0.023162445
v 0.0017133007 0.0044028144 0.023496918
v 0.0033813515 0.00427153 0.023819664
v 0.0017133064 0.003939786 0.024128987
v 0.0033589038 0.003930869 0.024703177
v 0.0032845289 0.0038541693 0.026265
v 0.0017133121 0.003854391 0.026220549
v 0.0031547355 0.004188939 0.02699542
v 0.0017133064 0.0045464896 0.027356988
v 0.003380356 0.0046824613 0.027388224
v -0.018411804 0.024072386 0.055622756
v -0.019008461 0.024280258 0.056860715
v -0.018137515 0.024139207 0.056541257
v -0.018137515 0.024139207 0.056541257
v -0.016915794 0.022760311 0.056341857
v -0.016832422 0.02278799 0.05534241
v -0.019008461 0.024280258 0.056860715
v -0.019332947 0.024480887 0.055853177
v -0.02028804 0.024149887 0.056175984
v -0.020379156 0.023316069 0.05727391
v -0.02028804 0.024149887 0.056175984
v -0.020930134 0.02154613 0.05665119
v -0.020558164 0.021693625 0.05752545
v -0.020699438 0.020638548 0.056707386
v -0.018811006 0.020326672 0.057225917
v -0.01815221 0.020016402 0.056039654
v -0.01734694 0.020988375 0.056682147
v -0.017084107 0.021615488 0.055530626
v -0.017084107 0.021615488 0.055530626
v -0.016832422 0.02278799 0.05534241
v -0.020379156 0.023316069 0.05727391
v -0.018137515 0.024139207 0.056541257
v -0.019008461 0.024280258 0.056860715
v 0.0030389556 0.026553389 -0.023457466
v 0.0030846864 0.026932558 -0.023346728
v 0.0023035125 0.02740065 -0.023676682
v 0.0039019403 0.019368777 0.05469443
v 0.005041968 0.019380776 0.05442398
v 0.005159788 0.019224266 0.054631192
v 0.0038969566 0.019402897 0.05443251
v 0.005041968 0.019380776 0.05442398
v 0.007625788 0.02313157 0.0485657
v 0.008282935 0.02311742 0.049664296
v 0.008182844 0.023108227 0.049284514
v 0.008282935 0.02311742 0.049664296
v 0.008132679 0.027710386 0.049727023
v 0.008277331 0.027559139 0.0497537
v -0.0004592514 0.02644427 0.058680296
v -0.003230939 0.026429793 0.05868668
v -0.0004710245 0.02647736 0.058270976
v -0.01996155 0.020068014 0.05655981
v -0.01815221 0.020016402 0.056039654
v -0.020699438 0.020638548 0.056707386
v 0.0010333764 0.027191846 0.04818084
v 1.5737058E-05 0.02709999 0.048125952
v 0.0011952393 0.026944857 0.048283316
v 0.0012801012 0.024454989 0.049317792
v 0.0011952393 0.026944857 0.048283316
v -0.0045883274 0.024435414 0.049362037
v -0.00457301 0.027096394 0.048205324
v 0.0010333764 0.027191846 0.04818084
v 0.001238757 0.027481351 0.048795793
v 0.0011952393 0.026944857 0.048283316
v -0.0045862487 0.027925702 0.049950846
v 0.0012456343 0.028040314 0.051505897
v -0.004566378 0.028031968 0.051361512
v 0.0012912347 0.027780768 0.05246796
v 0.0011952393 0.026944857 0.048283316
v 0.0012808385 0.024462685 0.052540153
v 0.0012801012 0.024454989 0.049317792
v 0.0011181522 0.027862081 0.052584194
v -0.0045545255 0.027851451 0.05255202
v 0.0012808385 0.024462685 0.052540153
v 0.0012808385 0.024462685 0.052540153
v -0.0045545255 0.027851451 0.05255202
v -0.004620309 0.024441473 0.052538246
v 0.0061989906 0.023194494 0.04812183
v -0.0067026797 0.023895971 0.048024543
v -0.0069429805 0.023926597 0.048132688
v -0.0069825198 0.023909334 0.04377564
v -0.0069429805 0.023926597 0.048132688
v -0.0067026797 0.023895971 0.048024543
v 0.011145443 0.016498081 0.04359303
v 0.011130543 0.016559929 0.042108852
v 0.011394531 0.016462047 0.04206139
v 0.011131499 0.016466627 0.038134143
v 0.011398899 0.0165026 0.03968748
v 0.011126564 0.016556526 0.03961805
v -0.004120016 0.024573117 0.03299731
v -0.0043533556 0.024621105 -0.012444219
v -0.004144272 0.024624173 -0.011939729
v -0.00716818 0.028259518 0.077884756
v -0.008978869 0.026717054 0.07855295
v -0.008099111 0.027308635 0.078422815
v -0.006884965 0.028438153 0.07749097
v -0.0068923747 0.027462741 0.07836188
v -0.006911535 0.028751262 0.077576034
v -0.007492864 0.028472275 0.07865928
v -0.008978869 0.026717054 0.07855295
v -0.008394644 0.027859258 0.07904777
v -0.0072469013 0.028332084 0.07890614
v -0.011458549 0.02541632 0.07858273
v -0.012137546 0.025374765 0.07874836
v -0.0067093656 0.029011317 0.077752985
v -0.0064639845 0.02905018 0.06694411
v -0.0064099524 0.028445661 0.07246748
v -0.0065572574 0.028026352 0.077517875
v -0.0063382383 0.028417142 0.06698379
v -0.005802012 0.029413935 0.06705012
v -0.01156388 0.02569473 0.07914387
v -0.012451617 0.024940103 0.07882622
v -0.010881129 0.024813272 0.079188645
v -0.011828999 0.024161788 0.07874582
v -0.0058325045 0.029363511 0.072510146
v -0.0053015626 0.02882182 0.06700914
v -0.008214604 0.027696192 0.07932872
v -0.006064301 0.029154094 0.07718345
v -0.005369836 0.02877731 0.07254276
v -0.0056908177 0.028269917 0.07708601
v -0.005670062 0.028276142 0.06702537
v -0.009993033 0.026100863 0.07961859
v -0.007817901 0.02717524 0.07932738
v -0.0062909205 0.027864544 0.078332014
v -0.0065174513 0.028431047 0.078547575
v -0.0059270975 0.028416544 0.077938326
v -0.0058692847 0.02812876 0.07634897
v -0.0063382383 0.028417142 0.06698379
v -0.0064099524 0.028445661 0.07246748
v -0.0062044538 0.027917722 0.07764024
v -0.0068923747 0.027462741 0.07836188
v -0.0065572574 0.028026352 0.077517875
v -0.006884965 0.028438153 0.07749097
v -0.0076781223 0.026931737 0.07909674
v -0.009784783 0.02583903 0.07955784
v -0.011311053 0.024571974 0.07860185
v -0.011828999 0.024161788 0.07874582
v -0.00716818 0.028259518 0.077884756
v -0.008099111 0.027308635 0.078422815
v -0.011311053 0.024571974 0.07860185
v -0.008978869 0.026717054 0.07855295
v -0.011458549 0.02541632 0.07858273
v -0.006571501 0.025099197 0.033199042
v -0.006672179 0.02541161 0.048013903
v -0.0066677756 0.02510505 0.048035156
v -0.006571501 0.025099197 0.033199042
v -0.006684208 0.025397358 0.033263307
v -0.0066677756 0.02510505 0.048035156
v -0.006672179 0.02541161 0.048013903
v -0.002817908 0.02540643 0.048013087
v -0.0012468274 0.024539467 0.048009787
v -0.0017570747 0.024353858 0.048033297
v -0.00077971065 0.024239676 0.048020948
v 0.0007614209 0.02547397 0.04796172
v 0.0032845289 0.0038541693 0.026265
v 0.0031547355 0.004188939 0.02699542
v 0.003380356 0.0046824613 0.027388224
v 0.0033920575 0.0051745637 0.024081843
v 0.003205662 0.0057611223 0.02407267
v 0.0033900833 0.006358441 0.023995059
v 0.0072617857 0.022790005 0.033162553
v 0.007045847 0.022723662 0.034049768
v 0.007337986 0.022783292 0.034055494
v 0.007581871 0.020989103 0.03417267
v 0.007337986 0.022783292 0.034055494
v 0.007045847 0.022723662 0.034049768
v 0.0072674435 0.020988787 0.04689764
v 0.0070295036 0.02271527 0.047056954
v 0.0073251603 0.022744553 0.047053616
v 0.007042431 0.022705354 0.04800414
v 0.0073251603 0.022744553 0.047053616
v 0.0070295036 0.02271527 0.047056954
v 0.0026721954 0.016987562 0.033785522
v 0.0028149148 0.017141424 0.03400665
v 0.0027688523 0.016318033 0.0344935
v -0.027089436 -0.009400696 0.04973469
v -0.025653692 -0.0065288916 0.050477915
v -0.026723055 -0.015886968 0.04986754
v -0.010127551 0.006004895 0.05036388
v -0.026324587 -0.00640997 0.05018044
v -0.010331171 0.006299112 0.049583387
v -0.027089436 -0.009400696 0.04973469
v -0.024725279 -0.0047632223 0.04984274
v -0.026027303 -0.005659249 0.049243838
v -0.026620397 -0.006366586 0.049298838
v -0.02701285 -0.007493039 0.049505956
v -0.027089436 -0.009400696 0.04973469
v -0.013528118 -0.005144068 0.050439928
v 0.007789463 -0.0054636984 0.050759744
v -0.020095749 -0.0155948615 0.050489057
v -0.02587501 -0.020244073 0.050402075
v -0.026723055 -0.015886968 0.04986754
v -0.02674685 -0.020756522 0.049886975
v -0.022240818 -0.018917995 0.05020699
v -0.011755899 -0.018410668 0.05062912
v -0.0252835 -0.020969378 0.05043713
v -0.01964893 -0.021426683 0.050476357
v -0.026287248 -0.021635262 0.049813747
v -0.02541574 -0.021947006 0.050013606
v -0.026846344 -0.021204267 0.049150046
v -0.027052937 -0.02040464 0.04956527
v -0.026360244 -0.02186728 0.04920356
v -0.025171025 -0.022206312 0.04967818
v -0.019606039 -0.022326738 0.049733844
v -0.011325888 -0.02160378 0.05053193
v 0.015045917 -0.021358728 0.050640594
v 0.0013987306 -0.022306006 0.049624793
v 0.018091056 -0.02268606 0.049831036
v 0.018142257 -0.022148915 0.05048879
v 0.018088926 -0.021453394 0.050870277
v 0.008045323 -0.010381226 0.05053257
v 0.01814133 -0.01129962 0.050926015
v 0.018183606 0.0059571993 0.05080766
v 0.003173373 0.005880241 0.05067182
v -0.0028381122 0.005640214 0.050457235
v 0.016527187 0.006940791 0.050229196
v 0.018386645 0.006838824 0.050536033
v 0.017622875 0.006995236 0.049869254
v 0.008583967 0.0068280525 0.05029834
v 0.002980264 0.0066518965 0.05035723
v 0.006870174 0.00700004 0.04934063
v 0.0029534418 0.0068519535 0.050007455
v 0.007884059 0.0067951963 0.0492107
v 0.008678674 0.0067575797 0.05009001
v 0.016527187 0.006940791 0.050229196
v 0.007790325 0.0070024594 0.04008659
v 0.0051095467 0.006702305 0.030193385
v 0.007973065 0.0065763094 0.03083897
v 0.008904648 0.006612121 0.030095624
v 0.008925962 0.0066476064 0.030551955
v 0.011276545 0.006818298 0.030464321
v -0.0089998795 0.0064207413 0.05029322
v -0.009486568 0.0066724755 0.04947825
v -0.009676192 0.006663934 0.043242004
v -0.011973605 0.0050335196 0.04321476
v -0.024725279 -0.0047632223 0.04984274
v -0.004635704 0.006344225 0.030343225
v -0.023497032 -0.004257873 0.046272416
v -0.026027303 -0.005659249 0.049243838
v -0.025715865 -0.0058285166 0.039936323
v -0.025806177 -0.0063613006 0.033766404
v -0.026620397 -0.006366586 0.049298838
v -0.009473056 0.0063916836 0.03555552
v -0.025189774 -0.005254433 0.03052079
v -0.017165216 0.0011390912 0.03030857
v -0.026435068 -0.0074723153 0.030130886
v -0.009562792 0.006298554 0.03032419
v -0.0266183 -0.0070708357 0.0400094
v -0.02701285 -0.007493039 0.049505956
v -0.027089436 -0.009400696 0.04973469
v -0.026218511 -0.007197715 0.03377207
v -0.026530404 -0.010046882 0.030279832
v -0.027033126 -0.00993412 0.04036623
v -0.0084202485 0.0064357817 0.030288588
v -0.00020755005 0.0051467754 0.029781194
v -0.009225603 0.0053993543 0.029864281
v -0.019076483 -0.0017542964 0.029584898
v -0.017165216 0.0011390912 0.03030857
v -0.025189774 -0.005254433 0.03052079
v 0.00859564 0.0055680247 0.02982034
v -0.0028416768 -0.0025255894 0.02982754
v -0.02515404 -0.0071049714 0.02979662
v -0.026435068 -0.0074723153 0.030130886
v -0.026530404 -0.010046882 0.030279832
v -0.026634539 -0.013041859 0.030146161
v -0.025642391 -0.01294816 0.029804034
v -0.026826018 -0.016411288 0.030466905
v -0.021152144 -0.010183015 0.029820755
v -0.025968436 -0.017773591 0.030238796
v -0.026869917 -0.020755649 0.030480633
v -0.024829583 -0.021250572 0.03030738
v -0.026096666 -0.021857904 0.030431343
v -0.02458998 -0.022264866 0.030535873
v -0.018842498 -0.022426698 0.030535804
v -0.004693943 -0.022513213 0.030462608
v -0.0150987115 -0.01067762 0.02957577
v -0.004779602 -0.021161906 0.029635131
v 0.0033682594 -0.016265092 0.029957121
v 0.006533861 -0.021130858 0.02980027
v 0.004429041 0.0019459514 0.02982003
v 0.018168269 -0.021345602 0.02971168
v 0.01820211 -0.022568623 0.030524898
v 0.012034682 -0.016821157 0.030007081
v 0.018079696 -0.004527046 0.029742436
v 0.013644178 -0.0038500421 0.029992567
v 0.0126225585 0.0015032537 0.030573023
v 0.018253732 0.0065201046 0.029966028
v 0.013131712 0.0066602775 0.030353952
v 0.011276545 0.006818298 0.030464321
v 0.016348097 0.006847131 0.030325646
v 0.017626757 0.0069868234 0.030572219
v 0.018583488 0.0070703193 0.030306106
v 0.01305788 0.0064245695 0.030676048
v 0.013131712 0.0066602775 0.030353952
v 0.011276545 0.006818298 0.030464321
v 0.018079696 -0.004527046 0.029742436
v 0.01823726 0.00537375 0.029411877
v 0.01814724 -0.004937763 0.028852014
v 0.020025186 0.0077416506 0.041751225
v 0.020335197 0.0074807354 0.047800913
v 0.020023389 0.00736995 0.04993859
v 0.020431321 -0.003955715 0.046705134
v 0.02026688 0.006402483 0.05074713
v 0.020362286 -0.003724614 0.05180798
v 0.020354444 0.007166703 0.049825918
v 0.020023389 0.00736995 0.04993859
v 0.020113109 -0.00086589943 0.04082547
v 0.0202625 0.0071883057 0.041751858
v 0.020025186 0.0077416506 0.041751225
v 0.01850295 0.0076700607 0.04776603
v 0.020027865 0.00772523 0.036119483
v 0.018386645 0.006838824 0.050536033
v 0.018584501 0.007332934 0.04988547
v 0.018207181 0.0072236722 0.04789024
v 0.017622875 0.006995236 0.049869254
v 0.018178565 0.007474677 0.041711163
v 0.01874801 0.0077222027 0.033012
v 0.018109743 0.0071876035 0.0340102
v 0.018612992 0.0074675498 0.03145909
v 0.017622875 0.006995236 0.049869254
v 0.017912647 0.0070531648 0.03168173
v 0.017626757 0.0069868234 0.030572219
v 0.018583488 0.0070703193 0.030306106
v 0.018253177 0.0050091934 0.051222794
v 0.01970402 0.0077047218 0.034254227
v 0.020061461 0.005078487 0.05142111
v 0.018510632 -0.009854815 0.052146528
v 0.01820161 -0.009874545 0.051861558
v 0.020286938 0.007372665 0.03606817
v 0.020124441 0.0075169764 0.03168711
v 0.01996717 0.007107856 0.030334068
v 0.019553918 0.0010237051 0.034570184
v 0.020264529 0.0069394046 0.030468788
v 0.01862613 0.0065152696 0.029691035
v 0.018253732 0.0065201046 0.029966028
v 0.019960454 0.005376302 0.02921011
v 0.018552732 0.005403602 0.029228905
v 0.01823726 0.00537375 0.029411877
v 0.02028768 0.0053169983 0.029420028
v 0.02005279 -0.0048388815 0.033696644
v 0.019817933 -0.0049476107 0.028482728
v 0.018446514 -0.0049887695 0.02848684
v 0.01814724 -0.004937763 0.028852014
v 0.020380033 -0.01987804 0.029449383
v 0.020371124 -0.011640329 0.028928991
v 0.02001789 -0.011733489 0.028602239
v 0.020093972 -0.021419058 0.02933922
v 0.018566724 -0.0117492825 0.028599573
v 0.01814724 -0.004937763 0.028852014
v 0.018619766 -0.021485971 0.029377628
v 0.018168269 -0.021345602 0.02971168
v 0.020365007 -0.022381019 0.030389525
v 0.020119967 -0.02263022 0.030098205
v 0.018669365 -0.022644915 0.03012986
v 0.01820211 -0.022568623 0.030524898
v 0.01825894 -0.022952508 0.03159183
v 0.020165445 -0.02326492 0.0315699
v 0.020389257 -0.023223696 0.039427336
v 0.020106774 -0.023520166 0.03940295
v 0.018647727 -0.023479935 0.039374307
v 0.019845108 -0.02337377 0.04735449
v 0.018421195 -0.023020536 0.04975933
v 0.020233184 -0.022961365 0.049716722
v 0.018152405 -0.023107631 0.047291286
v 0.020233184 -0.022961365 0.049716722
v 0.018091056 -0.02268606 0.049831036
v 0.019883623 -0.019265706 0.047307033
v 0.020225205 -0.022502542 0.05055062
v 0.01854821 -0.022454774 0.05076182
v 0.018142257 -0.022148915 0.05048879
v 0.018528946 -0.02144868 0.05132868
v 0.020307405 -0.009833563 0.051864315
v 0.019985266 -0.021439511 0.051357336
v 0.020248817 -0.021407772 0.051111333
v 0.019975401 -0.009866877 0.05215928
v 0.018088926 -0.021453394 0.050870277
v 0.01820161 -0.009874545 0.051861558
v 0.018142257 -0.022148915 0.05048879
v 0.018109743 0.0071876035 0.0340102
v 0.017622875 0.006995236 0.049869254
v 0.017912647 0.0070531648 0.03168173
v 0.018178565 0.007474677 0.041711163
v 0.018207181 0.0072236722 0.04789024
v -0.026723055 -0.015886968 0.04986754
v -0.027052937 -0.02040464 0.04956527
v 0.018647727 -0.023479935 0.039374307
v 0.01825894 -0.022952508 0.03159183
v 0.018152405 -0.023107631 0.047291286
v 0.018619766 -0.021485971 0.029377628
v 0.018566724 -0.0117492825 0.028599573
v 0.018253177 0.0050091934 0.051222794
v 0.018183606 0.0059571993 0.05080766
v -0.026573438 -0.015386168 0.04632651
v -0.026723055 -0.015886968 0.04986754
v -0.027089436 -0.009400696 0.04973469
v -0.026823994 -0.014439196 0.04039415
v -0.026530404 -0.010046882 0.030279832
v -0.026374847 -0.019390244 0.040258404
v -0.026858855 -0.013542791 0.034272376
v -0.026634539 -0.013041859 0.030146161
v -0.026826018 -0.016411288 0.030466905
v -0.026869917 -0.020755649 0.030480633
v -0.026826018 -0.016411288 0.030466905
v -0.026512438 -0.020523712 0.035346236
v -0.026096666 -0.021857904 0.030431343
v -0.026410256 -0.0205116 0.04020191
v -0.02612478 -0.021160284 0.03538645
v -0.027052937 -0.02040464 0.04956527
v -0.026723055 -0.015886968 0.04986754
v -0.026846344 -0.021204267 0.049150046
v -0.025670117 -0.02160292 0.035329323
v -0.02458998 -0.022264866 0.030535873
v -0.026360244 -0.02186728 0.04920356
v -0.024823928 -0.022015119 0.035283774
v -0.018842498 -0.022426698 0.030535804
v -0.024946203 -0.022260927 0.040101152
v -0.025171025 -0.022206312 0.04967818
v -0.004693943 -0.022513213 0.030462608
v -0.01020272 -0.022708615 0.046548232
v -0.019606039 -0.022326738 0.049733844
v 0.0013987306 -0.022306006 0.049624793
v 0.01820211 -0.022568623 0.030524898
v 0.018115833 -0.022742726 0.046789657
v 0.018091056 -0.02268606 0.049831036
v 0.01825894 -0.022952508 0.03159183
v 0.018152405 -0.023107631 0.047291286
v 0.018115833 -0.022742726 0.046789657
v 0.002756979 0.016627863 0.05868041
v 0.0027369861 0.008650216 0.06383928
v 0.002730051 0.016605474 0.06384841
v 0.0027312927 0.022579607 0.020564675
v 0.0025288467 0.023411816 0.058710285
v 0.0025852663 0.023355935 0.02354895
v 0.0021819992 0.023443442 0.03320796
v 0.0027531967 0.008976085 0.029910937
v 0.0027371978 0.008585378 0.022736361
v 0.0024994756 0.008312874 0.06381323
v 0.002756384 0.01079803 0.022888614
v 0.002751961 0.009153009 -0.0029292908
v 0.002750965 0.009328169 0.014137827
v 0.002420231 0.00828819 0.014101732
v 0.0021102447 0.008071093 0.01414554
v -0.0043104403 0.008038622 0.0638477
v 0.0023690986 0.008235209 -0.0022998923
v -0.0043582534 0.008035361 -0.012433817
v -0.0047719004 0.008324863 0.063843295
v 0.0020626145 0.008062482 -0.012420855
v 0.002759491 0.00870468 -0.012425231
v 0.0025430145 0.023391964 -0.012434601
v -0.0049785464 0.008769076 -0.012436758
v 0.002653965 0.023074359 0.008076874
v 0.0025716706 0.023337856 0.0061736754
v 0.0021699257 0.02345962 0.007029499
v 0.0021114121 0.024623323 -0.012437661
v 0.00211302 0.024536308 0.033123013
v 0.002174801 0.023482729 0.020743266
v 0.0021819992 0.023443442 0.03320796
v 0.0025029946 0.02342638 0.010650559
v 0.002174801 0.023482729 0.020743266
v 0.0021819992 0.023443442 0.03320796
v -0.0049685095 0.008621929 0.06383266
v -0.004937741 0.008580391 0.049601544
v -0.0049362313 0.011677231 0.046669707
v -0.0049760514 0.016542815 0.06384068
v -0.004974721 0.016598847 0.058734965
v -0.0049791853 0.016166223 0.04657909
v -0.0049713473 0.011568255 0.045149446
v -0.004952425 0.022410005 0.058688737
v -0.0049681566 0.011116328 0.045091297
v -0.0049539413 0.0160019 0.031165794
v -0.0049610026 0.008707021 0.029392619
v -0.0049547995 0.011165351 0.033053257
v -0.004909567 0.0115478765 0.032924205
v -0.0049469317 0.011596345 0.031316012
v -0.0048589096 0.023392597 -0.012441009
v -0.004753547 0.023348233 0.05768862
v -0.004351021 0.023181885 0.05872588
v -0.004329111 0.023430087 0.033227704
v -0.0043897703 0.023443725 -0.012439419
v 0.0021819992 0.023443442 0.03320796
v 0.0025288467 0.023411816 0.058710285
v -0.004753547 0.023348233 0.05768862
v -0.004329111 0.023430087 0.033227704
v 0.0025288467 0.023411816 0.058710285
v -0.004351021 0.023181885 0.05872588
v 0.0025288467 0.023411816 0.058710285
v -0.004952425 0.022410005 0.058688737
v 0.002756979 0.016627863 0.05868041
v -0.004952425 0.022410005 0.058688737
v -0.004974721 0.016598847 0.058734965
v -0.0036342088 0.003642565 0.002647874
v 0.0015631828 0.0034955195 0.0028179246
v 0.0009951325 0.0035199898 0.009650805
v 0.0019558296 0.0035711478 0.0021808462
v 0.0020205916 0.0034145026 -0.003451991
v 0.0014087678 0.0035519674 -0.0043990556
v 0.00088355254 0.0035436037 -0.0048093544
v -0.0028379974 0.0035527267 -0.0048915744
v -0.0035388793 0.0035717955 -0.0044394005
v 0.0009951325 0.0035199898 0.009650805
v -0.00165065 0.0035891007 0.009776635
v -0.0036342088 0.003642565 0.002647874
v -0.0032989883 0.0031490289 0.010245094
v -0.004083355 0.003523785 -0.0036750238
v -0.004329472 0.0035310108 0.00232588
v -0.003272112 0.0035368495 0.027462224
v -0.0038791122 0.007944241 -0.0043744743
v -0.0032832355 0.007923756 0.027426
v -0.003920723 0.004715776 -0.006933039
v -0.0037631379 0.0034597055 -0.0056570615
v -0.0036829377 0.0044068936 -0.0068955338
v -0.0039398344 0.004907094 -0.007937441
v -0.004029831 0.004928868 -0.012766274
v -0.004048828 0.007962777 -0.013440616
v -0.003272112 0.0035368495 0.027462224
v 0.0014864273 0.0034513152 -0.004347049
v 0.001133812 0.003428908 -0.005554776
v -0.0036829377 0.0044068936 -0.0068955338
v 0.0012892685 0.0044569504 -0.007011889
v -0.0039398344 0.004907094 -0.007937441
v 0.0013778687 0.0047466788 -0.007675141
v -0.004029831 0.004928868 -0.012766274
v 0.001382309 0.0049268506 -0.012796589
v 0.0014872742 0.004222598 -0.0064233136
v 0.0012892685 0.0044569504 -0.007011889
v 0.0013778687 0.0047466788 -0.007675141
v 0.0014871598 0.00789076 -0.009201511
v 0.0013778687 0.0047466788 -0.007675141
v 0.001382309 0.0049268506 -0.012796589
v 0.0014221802 0.007986291 -0.013484356
v 0.001362917 0.0079561025 0.027361551
v 0.0014863701 0.0037639632 0.010651699
v 0.0012629471 0.003416394 0.01355234
v -0.003272112 0.0035368495 0.027462224
v 0.0012308063 0.0034143233 0.022919828
v 0.0014849282 0.0037994343 0.022907956
v 0.0014868279 0.0035074605 0.026919246
v 0.0013343296 0.003423798 0.02731132
v 0.0013337975 0.0037597583 0.027469689
v 0.0013343296 0.003423798 0.02731132
v 0.0018766595 0.021450907 0.032964066
v -0.0041141966 0.021471923 -0.011887842
v 0.0019061966 0.021483049 -0.011841723
v -0.0040699253 0.02147238 0.032983065
v 0.0052774968 0.027740905 0.048094925
v -0.0067026797 0.023895971 0.048024543
v 0.0061989906 0.023194494 0.04812183
v -0.0069282004 0.027714878 0.048034474
v 0.0061989906 0.023194494 0.04812183
v -0.0069282004 0.027714878 0.048034474
v 0.0052774968 0.027740905 0.048094925
v -0.0069429805 0.023926597 0.048132688
v -0.0049791853 0.016166223 0.04657909
v 0.0014005795 0.016062047 0.031206032
v -0.0049539413 0.0160019 0.031165794
v 0.001397913 0.01601556 0.046603188
v -0.0049547995 0.011165351 0.033053257
v 0.00145155 0.011415062 0.04500528
v -0.0049681566 0.011116328 0.045091297
v 0.0014772263 0.011676641 0.03299831
v -0.004909567 0.0115478765 0.032924205
v -0.0049469317 0.011596345 0.031316012
v 0.0014772263 0.011676641 0.03299831
v 0.0013915958 0.011717612 0.03121763
v -0.003230939 0.026429793 0.05868668
v -0.0032608595 0.024069384 0.048694618
v -0.0032516555 0.024027195 0.058267497
v -0.0032458233 0.027068127 0.050104484
v -0.003260245 0.027050946 0.048679598
v -0.0032634009 0.029867604 0.05095315
v -0.0032609883 0.029678067 0.05786203
v -0.0032516555 0.024027195 0.058267497
v -0.0004710245 0.02647736 0.058270976
v -0.003230939 0.026429793 0.05868668
v -0.00035533906 0.02405862 0.058269907
v -0.0045883274 0.024435414 0.049362037
v 0.0012808385 0.024462685 0.052540153
v 0.0012801012 0.024454989 0.049317792
v -0.004620309 0.024441473 0.052538246
v 0.0036745304 0.024359187 0.055218767
v 0.0038648571 0.019413395 0.056490585
v 0.0038365503 0.018094976 0.054599907
v 0.0037225513 0.020999035 0.05700429
v 0.0038105794 0.0239271 0.057582162
v 0.0038200722 0.024319723 0.057431787
v 0.0036854038 0.02999909 0.056412883
v -0.0046504727 0.02866772 0.063066706
v -0.00085001567 0.025064189 0.06304009
v 8.9509966E-05 0.025925523 0.06309157
v -0.004915083 0.02812727 0.06303908
v 0.0006458988 0.02362201 0.06305278
v 8.9509966E-05 0.025925523 0.06309157
v -0.0007819405 0.02445168 0.06308759
v 0.011209001 0.010430903 0.04739759
v 0.011775934 0.0142667 0.047314655
v 0.0027995303 0.01231846 0.047389492
v 0.0027833497 0.016307844 0.04733044
v 0.011209001 0.010430903 0.04739759
v 0.0027833497 0.016307844 0.04733044
v 0.011775934 0.0142667 0.047314655
v 0.0027995303 0.01231846 0.047389492
v 0.01099209 0.0103592 0.03436745
v 0.0027688523 0.016318033 0.0344935
v 0.011756241 0.014338503 0.034174703
v 0.0027675992 0.012319725 0.034353457
v 0.0027675992 0.012319725 0.034353457
v 0.01099209 0.0103592 0.03436745
v 0.011756241 0.014338503 0.034174703
v 0.0027688523 0.016318033 0.0344935
v -0.0049362313 0.011677231 0.046669707
v 0.001397913 0.01601556 0.046603188
v -0.0049791853 0.016166223 0.04657909
v 0.0013930722 0.011765309 0.046575997
v 0.003583334 0.029938694 0.05884622
v 0.0036854038 0.02999909 0.056412883
v 0.0038200722 0.024319723 0.057431787
v 0.0038345205 0.024805982 0.055118803
v 0.0038105794 0.0239271 0.057582162
v 0.0037225513 0.020999035 0.05700429
v 0.0039019403 0.019368777 0.05469443
v 0.0038969566 0.019402897 0.05443251
v 0.0038648571 0.019413395 0.056490585
v 0.0038365503 0.018094976 0.054599907
v -0.0028080654 0.030820359 0.056700848
v 0.0030915355 0.030416308 0.05898872
v 0.0033148814 0.030704856 0.05674316
v -0.0027531567 0.030444583 0.058909778
v 0.0030915355 0.030416308 0.05898872
v -0.0028080654 0.030820359 0.056700848
v 0.0033148814 0.030704856 0.05674316
v -0.0027531567 0.030444583 0.058909778
v -0.0049539413 0.0160019 0.031165794
v 0.0013915958 0.011717612 0.03121763
v -0.0049469317 0.011596345 0.031316012
v 0.0014005795 0.016062047 0.031206032
v 0.0017133007 0.0072871577 0.024824055
v 0.0033869192 0.0073657474 0.024816087
v 0.0033900833 0.006358441 0.023995059
v 0.001713295 0.006299321 0.024052149
v 0.001713295 0.006299321 0.024052149
v 0.003205662 0.0057611223 0.02407267
v 0.0017133007 0.0049551 0.024557311
v 0.003205662 0.0057611223 0.02407267
v 0.0033920575 0.0051745637 0.024081843
v 0.0032684098 0.0047814017 0.025020355
v 0.0017133007 0.004714279 0.025605658
v 0.0032461968 0.00480778 0.025968807
v 0.0017133064 0.0055776597 0.02667512
v 0.0033907243 0.005568409 0.026784305
v 0.0017133064 0.0067607295 0.026554236
v 0.0017133064 0.0055776597 0.02667512
v 0.00333506 0.0071845395 0.026005087
v 0.0017133007 0.007189903 0.026007066
v 0.0033869192 0.0073657474 0.024816087
v 0.0017133007 0.0072871577 0.024824055
v -0.0069429805 0.023926597 0.048132688
v -0.0069825198 0.023909334 0.04377564
v -0.0069282004 0.027714878 0.048034474
v -0.007024009 0.026864596 0.043760277
v -0.0068421187 0.027713927 0.044657018
v -0.0027964269 0.025406592 0.033191223
v -0.006672179 0.02541161 0.048013903
v -0.006684208 0.025397358 0.033263307
v -0.002817908 0.02540643 0.048013087
v -0.0012468274 0.024539467 0.048009787
v -0.0016528645 0.024310393 0.033172745
v 0.0005817776 0.025110278 0.03316506
v 0.0007614209 0.02547397 0.04796172
v 0.0046783905 0.025411882 0.03319658
v 0.0048355768 0.025389165 0.048010997
v 0.0072000334 0.023996193 0.037582282
v 0.0071085948 0.02386278 0.03316167
v 0.007109263 0.023994345 0.047999326
v 0.007337986 0.022783292 0.034055494
v 0.0072617857 0.022790005 0.033162553
v 0.00768354 0.02106712 0.037854988
v 0.007581871 0.020989103 0.03417267
v 0.0073251603 0.022744553 0.047053616
v 0.0072674435 0.020988787 0.04689764
v 0.007042431 0.022705354 0.04800414
v 0.0069215815 0.023742441 0.048031878
v 0.0046629296 0.025129678 0.048036445
v 0.0048355768 0.025389165 0.048010997
v 0.0007614209 0.02547397 0.04796172
v -0.0066677756 0.02510505 0.048035156
v -0.0028231202 0.025116658 0.0331694
v -0.006571501 0.025099197 0.033199042
v -0.002817908 0.02540643 0.048013087
v -0.0016528645 0.024310393 0.033172745
v -0.0017570747 0.024353858 0.048033297
v -0.00077971065 0.024239676 0.048020948
v -0.00073134043 0.024270399 0.03316836
v 0.0005817776 0.025110278 0.03316506
v 0.0007614209 0.02547397 0.04796172
v 0.0046629296 0.025129678 0.048036445
v 0.0047589513 0.025105327 0.033160836
v 0.0069215815 0.023742441 0.048031878
v 0.0068856296 0.023787852 0.033157527
v 0.007405443 0.021035235 0.037933808
v 0.0070295036 0.02271527 0.047056954
v 0.007042431 0.022705354 0.04800414
v 0.0072674435 0.020988787 0.04689764
v 0.007045847 0.022723662 0.034049768
v 0.007581871 0.020989103 0.03417267
v 0.0072617857 0.022790005 0.033162553
v -0.006186499 0.01864395 0.04926708
v -0.0063051223 0.021351386 -0.011013352
v -0.0061890814 0.021325918 0.04923547
v -0.0063004303 0.018267937 -0.011043898
v -0.006256096 0.021342063 -0.012257503
v -0.006258293 0.018301263 -0.012257189
v -0.002493393 -0.0016502198 -0.053040836
v -0.0012534485 -0.002707138 -0.053074278
v -0.0033777237 -0.00246611 -0.053726345
v -0.00022753143 -0.0016974199 -0.05283027
v -0.0024382095 0.0017640588 -0.053409
v -0.00023808288 0.00038770714 -0.053152286
v -0.002408409 0.0030000065 -0.053311776
v 0.0011222992 0.0031768042 -0.05342796
v 0.0009258728 0.0043524965 -0.052734163
v 0.0019792328 -0.0008555471 -0.05365113
v 0.0012451172 0.0008989385 -0.053523727
v 0.0022908782 0.002760019 -0.054113768
v 0.002166687 -0.0015037719 -0.05395078
v -0.00024185944 -0.0026238938 -0.053076215
v 0.0018199311 0.0046626083 -0.05287799
v -0.00016403961 -0.0032740505 -0.053701058
v -0.0011640015 -0.0035881272 -0.054011267
v -0.0033777237 -0.00246611 -0.053726345
v -0.0012727662 -0.0040667644 -0.06291859
v 0.0013762665 -0.002459703 -0.05394654
v 0.00396405 0.0014699029 -0.059273306
v 0.0035732575 -0.0014926296 -0.060401887
v 0.0025692445 -0.0026781692 -0.061115418
v 0.0004054413 -0.0038481958 -0.06263351
v 0.003626999 -0.0027449485 -0.08476575
v 0.0016006165 -0.0039675743 -0.08477777
v 0.0030875015 0.0050853333 -0.05483329
v -0.001159607 -0.0045401286 -0.084798455
v -0.0026412506 -0.004327326 -0.084787734
v -0.0010857696 -0.0036855687 -0.09189696
v -0.0026433563 -0.0035207449 -0.09185925
v -0.0039623566 -0.0022632102 -0.0921949
v 0.0012176972 -0.0026838398 -0.092216924
v 0.0013568115 -0.0032860483 -0.09169016
v 0.0043899077 -0.00073343853 -0.0917951
v 0.0032987823 -0.0021873394 -0.09129421
v 0.0045935214 -0.0010488065 -0.09102599
v 0.0053226473 0.0008546585 -0.091553286
v 0.0050210725 -0.0014807023 -0.08474334
v 0.0055716247 0.0006830369 -0.09075633
v 0.004919815 0.0010173965 -0.066643156
v 0.0060242615 0.00040428602 -0.08472203
v 0.005989243 0.003919321 -0.09050645
v 0.004264664 0.006793404 -0.05915402
v 0.006413864 0.016734762 -0.07219189
v 0.006625992 0.011171809 -0.084302425
v 0.005837265 0.015327314 -0.0667157
v 0.0031468736 0.00936308 -0.050052796
v 0.003855034 0.0123805795 -0.054369558
v 0.002739464 0.006921267 -0.05151936
v 0.0015056306 0.005572483 -0.051242713
v 0.00607164 0.021635817 -0.090144
v 0.0063293152 0.017975355 -0.07259588
v 0.006529312 0.021639565 -0.083977796
v 0.0040981295 0.017989064 -0.0665436
v 0.0050478973 0.018228823 -0.0700617
v 0.003254654 0.019381555 -0.064697035
v 0.0033547897 0.015845139 -0.054879535
v 0.0013334198 0.01879828 -0.05643401
v 0.0034255143 0.015450852 -0.052857913
v 0.002062294 0.017749274 -0.04692788
v 0.0027344285 0.016624613 -0.04678352
v 0.00038891603 0.019211924 -0.054951325
v 0.0031677475 0.01343641 -0.0463315
v 0.004040268 0.02175711 -0.06448227
v 0.0017003631 0.019578584 -0.058732487
v 0.0006109772 0.019929375 -0.05631565
v -0.0001433258 0.02017738 -0.056218185
v 0.001673996 0.022153081 -0.05933515
v -0.00022247314 0.01954862 -0.055009387
v 0.0057624667 0.021148292 -0.06972635
v 0.00393544 0.022778613 -0.064503014
v 0.0020376893 0.02158123 -0.059580132
v 0.0018383331 0.022894619 -0.06054261
v 0.00036730958 0.023276864 -0.060214233
v 0.00055792235 0.025041563 -0.065532416
v 0.00550914 0.023166586 -0.073816724
v 0.006217438 0.024727942 -0.08392673
v 0.002682953 0.024497595 -0.065756954
v 0.005266296 0.026258068 -0.083697475
v 0.0057444307 0.024864173 -0.08964968
v 0.0039349366 0.027209954 -0.083419904
v 0.004763855 0.026571585 -0.08954598
v 0.003156418 0.027586807 -0.08916015
v 0.0043579102 0.026313782 -0.0902723
v -0.001179245 0.027629191 -0.08941216
v 0.0052673034 0.02481535 -0.09051975
v 0.0055339965 0.021670785 -0.09084791
v 0.0010038757 0.02794509 -0.0887304
v -0.001179245 0.027629191 -0.08941216
v -0.005685196 0.026894918 -0.08993664
v 0.005594513 0.011224219 -0.09092214
v 0.0015196381 0.02782011 -0.08307746
v -0.004295471 0.027742315 -0.08895932
v -0.005992447 0.027274322 -0.08921078
v -0.0011480713 0.028045822 -0.08303829
v -0.0045737918 0.027701138 -0.08319939
v -0.0065320586 0.02696538 -0.083485134
v -0.005246155 0.024784977 -0.067474104
v -0.0036586763 0.025266707 -0.06716928
v -0.0029981232 0.02349143 -0.060949367
v -0.004483475 0.023237493 -0.061886217
v -0.0064447173 0.023650708 -0.06807395
v -0.005650726 0.022773908 -0.06312011
v -0.0044604037 0.022416923 -0.060470667
v -0.0057661743 0.022191769 -0.06297648
v -0.0031116486 0.020958012 -0.057466332
v -0.003445244 0.020442702 -0.057649396
v -0.0022702562 0.020110345 -0.056184653
v -0.0031810913 0.019180946 -0.056220923
v -0.0020088502 0.019537957 -0.054938704
v -0.0018941116 0.01949893 -0.05304314
v -0.004582695 0.016975855 -0.054567948
v -0.0039654234 0.018173866 -0.046332482
v -0.00035167695 0.019923916 -0.046776637
v -0.0015783234 0.020028597 -0.046729848
v -0.0010339279 0.02304395 -0.031520575
v -0.0017328187 0.022912225 -0.03143878
v -0.0037990035 0.020976411 -0.03202133
v 0.0010456467 0.021773838 -0.031479023
v 0.0019665528 0.020685991 -0.031288713
v 0.0022181626 0.024971457 -0.023044134
v 0.0016512222 0.025997847 -0.02328489
v -0.0001235733 0.02696784 -0.023373902
v -0.00065071107 0.027251393 -0.023569046
v -0.002570938 0.02691647 -0.023490528
v -0.0033132248 0.02647967 -0.023549087
v -0.0037662964 0.025743557 -0.02305996
v -0.0039666365 0.025772948 -0.02341961
v -0.004496727 0.024466924 -0.022952233
v 0.002639946 0.019161992 -0.031107603
v 0.0025369949 0.023471959 -0.022688562
v 0.0022181626 0.024971457 -0.023044134
v 0.0029368973 0.017818686 -0.021165699
v 0.0027487336 0.012327336 -0.03001576
v 0.0028383408 0.014640248 -0.020361515
v 0.0022229005 0.011514509 -0.019512821
v 0.0019094696 0.009784741 -0.030657204
v 0.0012917175 0.009446277 -0.019023433
v 0.0009005356 0.008832089 -0.029686498
v 0.00014126587 0.00837618 -0.018688822
v 0.0013970261 0.006171815 -0.04938952
v -0.00017754364 0.008303657 -0.029566804
v -0.0009502029 0.007949357 -0.018608943
v -0.00035858917 0.005687531 -0.04924538
v -0.0013943481 0.008217226 -0.029513469
v -0.0020083007 0.008158459 -0.018668093
v -0.0019732362 0.0052006585 -0.051061966
v -0.0002905884 0.0051615094 -0.05112362
v -0.0021624528 0.0042128153 -0.05266632
v -0.002408409 0.0030000065 -0.053311776
v 0.002730051 0.016605474 0.06384841
v -0.004974721 0.016598847 0.058734965
v 0.002756979 0.016627863 0.05868041
v -0.0049760514 0.016542815 0.06384068
v 0.001713295 0.00711271 0.028241541
v 0.003380356 0.0046824613 0.027388224
v 0.0017133064 0.0045464896 0.027356988
v 0.0033847447 0.007130276 0.028195333
v 0.0017133179 0.007403535 0.030037709
v 0.003276066 0.0072904252 0.029797912
v 0.0031658534 0.00766823 0.030329874
v 0.0032958125 0.009257843 0.030435914
v 0.0017133293 0.009423965 0.030404272
v 0.0017133293 0.009423965 0.030404272
v 0.0032239438 0.009449487 0.030252451
v 0.001713295 0.009441849 0.027194675
v 0.0017133293 0.009423965 0.030404272
v 0.0033575364 0.0094519025 0.027201854
v 0.0017133007 0.010293211 0.026104182
v 0.0029400846 0.010447768 0.026069041
v 0.0017133179 0.010297498 0.022680946
v 0.0033050594 0.010342089 0.022775939
v 0.0033443356 0.010314553 0.026058123
v 0.0033050594 0.010342089 0.022775939
v -0.004977219 0.02168686 0.115929075
v -0.005372841 0.01727396 -0.012623089
v -0.0051091234 0.017787412 0.11693199
v -0.0053991624 0.0224087 -0.0126301
v -0.0051519927 0.022302283 0.115264826
v 0.00768354 0.02106712 0.037854988
v 0.007405443 0.021035235 0.037933808
v 0.0072674435 0.020988787 0.04689764
v 0.007581871 0.020989103 0.03417267
v 0.0009358374 0.026258681 0.048676066
v -0.00043474828 0.0240844 0.048691265
v 0.0028067974 0.02548227 0.048770964
v -0.00043474828 0.0240844 0.048691265
v 0.002783034 0.024066418 0.04868925
v 0.00081986055 0.027038885 0.04868625
v -0.00043620076 0.027042313 0.048684828
v 0.0006202476 0.029870356 0.050971854
v -0.00044578672 0.027074173 0.050106175
v 0.0008858619 0.02707172 0.05010674
v -0.0004439292 0.02987304 0.050966762
v -0.0038835125 0.004925021 0.027624648
v -0.0055053234 0.0049087917 0.027587952
v -0.0038750267 0.0071017398 0.028239012
v -0.0055095693 0.0071175187 0.028256578
v -0.0055135177 0.0073505947 0.029835543
v -0.0038794384 0.007619475 0.03030754
v -0.0055171167 0.009363199 0.030379826
v -0.0038713645 0.009373839 0.030422056
v -0.0055046654 0.0058951415 0.026811041
v -0.0038782826 0.0052050143 0.026443323
v -0.0038724118 0.0066104964 0.026663825
v -0.005501221 0.004727131 0.025912985
v -0.003875347 0.0047924593 0.024925984
v -0.005497879 0.0051395865 0.024306804
v -0.003867033 0.0059691262 0.024028407
v -0.005497942 0.005891288 0.023992449
v -0.0038638173 0.0068548494 0.024294177
v -0.0054995785 0.006813657 0.024204362
v -0.003867033 0.0059691262 0.024028407
v -0.0038724118 0.0066104964 0.026663825
v -0.005505329 0.0066292654 0.026729215
v -0.0038685151 0.0071079074 0.026154201
v -0.0055031376 0.007356346 0.025445245
v -0.0038634224 0.007260923 0.0247779
v -0.0054995785 0.006813657 0.024204362
v -0.0038638173 0.0068548494 0.024294177
v 0.0013583221 -0.021970237 0.0014815003
v 0.0013724442 -0.019212428 0.00064981857
v 0.0013586999 -0.02157348 -0.00094155775
v 0.0012828141 -0.019955283 0.0022352776
v 0.0013570176 -0.021738749 0.0021797277
v 0.0013110695 -0.021196116 0.002586405
v 0.002858757 0.017323488 0.11672252
v 0.0028489896 0.017250352 0.04155273
v 0.0029501268 0.020811692 0.1162588
v 0.0028943252 0.021056022 0.005436838
v 0.0028447723 0.017285995 0.0018762331
v 0.0028711625 0.021038033 -0.0021155921
v 0.0028948288 0.021049313 -0.012784441
v 0.002845253 0.017302485 -0.012755635
v -0.0179363 0.020553553 0.053482108
v -0.018005846 0.021630386 0.05170439
v -0.01799081 0.021431556 0.053231828
v -0.017997673 0.01926445 0.053064894
v -0.018005846 0.021630386 0.05170439
v -0.017970711 0.019303836 0.050716415
v -0.017933946 0.020257976 0.05034824
v -0.018001623 0.021491872 0.05081117
v 0.0017133293 0.009423965 0.030404272
v 0.0017133179 0.007403535 0.030037709
v 0.001713295 0.009441849 0.027194675
v 0.001713295 0.00711271 0.028241541
v 0.0017133007 0.007189903 0.026007066
v 0.0017133007 0.010293211 0.026104182
v 0.0017133064 0.0067607295 0.026554236
v 0.0017133007 0.0072871577 0.024824055
v 0.0017133064 0.0055776597 0.02667512
v 0.0017133179 0.010297498 0.022680946
v 0.0017133064 0.0045464896 0.027356988
v 0.001713295 0.006299321 0.024052149
v 0.0017133064 0.0057725464 0.022862984
v 0.0017133007 0.004714279 0.025605658
v 0.0017133121 0.003854391 0.026220549
v 0.0017133064 0.003939786 0.024128987
v 0.0017133007 0.0049551 0.024557311
v 0.0017133007 0.0044028144 0.023496918
v 0.01255996 0.01880817 0.03429293
v 0.0028603992 0.01754854 0.034474667
v 0.012025915 0.015654027 0.034436364
v 0.002823595 0.020823367 0.034483388
v 0.012025915 0.015654027 0.034436364
v 0.002823595 0.020823367 0.034483388
v 0.01255996 0.01880817 0.03429293
v 0.0028603992 0.01754854 0.034474667
v 8.9509966E-05 0.025925523 0.06309157
v 0.000661108 0.023605308 0.06464841
v 3.5728455E-05 0.02596033 0.06458462
v 0.0006458988 0.02362201 0.06305278
v 3.5728455E-05 0.02596033 0.06458462
v -0.0046504727 0.02866772 0.063066706
v -0.0046390803 0.028685331 0.06465618
v 0.0028549326 0.020822832 0.047288105
v 0.012051084 0.015588352 0.04735893
v 0.012547894 0.018848658 0.047402356
v 0.0027674474 0.017661573 0.047422275
v 0.0027674474 0.017661573 0.047422275
v 0.012547894 0.018848658 0.047402356
v 0.012051084 0.015588352 0.04735893
v 0.0028549326 0.020822832 0.047288105
v -0.00043851472 0.002717669 0.014220023
v -0.0004138069 0.0035951664 0.02035947
v -0.00041062545 0.0035964644 0.012421655
v -0.0004447632 0.0012395255 0.019914245
v -0.00043244933 -0.00012788102 0.017753586
v -0.00043846894 -0.0010072195 0.014676207
v -0.00047443772 -0.001214233 0.016812202
v -0.00045588685 -0.0037516924 0.0152101405
v -0.00044642258 -0.0033016116 0.016309882
v -0.00043154525 -0.005141464 0.016252523
v -0.0005241051 -0.005280681 0.016811844
v 0.007850577 0.027736256 0.048978195
v 0.0061989906 0.023194494 0.04812183
v 0.0052774968 0.027740905 0.048094925
v 0.007625788 0.02313157 0.0485657
v 0.008282935 0.02311742 0.049664296
v 0.008132679 0.027710386 0.049727023
v -0.0055135177 0.0073505947 0.029835543
v -0.005509735 0.009406377 0.027215319
v -0.0055171167 0.009363199 0.030379826
v -0.0055095693 0.0071175187 0.028256578
v -0.005505329 0.0066292654 0.026729215
v -0.0055053234 0.0049087917 0.027587952
v -0.0055046654 0.0058951415 0.026811041
v -0.0055031376 0.007356346 0.025445245
v -0.0055078985 0.010279451 0.026051156
v -0.0055000535 0.010269681 0.022783015
v -0.0054995785 0.006813657 0.024204362
v -0.005501221 0.004727131 0.025912985
v -0.0055019646 0.0039963177 0.02659175
v -0.0054985485 0.0037222249 0.025314415
v -0.0054951212 0.005754619 0.022894125
v -0.005497942 0.005891288 0.023992449
v -0.005497879 0.0051395865 0.024306804
v -0.005496008 0.0039620693 0.024113256
v -0.0054949094 0.0046757087 0.023322558
v 0.0019320602 0.024620667 -0.011911828
v -0.0041141966 0.021471923 -0.011887842
v -0.004144272 0.024624173 -0.011939729
v 0.0019061966 0.021483049 -0.011841723
v -0.0041141966 0.021471923 -0.011887842
v -0.004120016 0.024573117 0.03299731
v -0.004144272 0.024624173 -0.011939729
v -0.0040699253 0.02147238 0.032983065
v 0.0019061966 0.021483049 -0.011841723
v 0.00211302 0.024536308 0.033123013
v 0.0018766595 0.021450907 0.032964066
v 0.0019320602 0.024620667 -0.011911828
v -0.002685379 -0.021878557 0.0018580111
v -0.002672104 -0.019221054 0.00066902745
v -0.0026829871 -0.021588013 -0.0009492024
v -0.002728157 -0.019985832 0.0023471892
v -0.0027035638 -0.021319686 0.0025655997
v -0.0070375903 0.021048056 -0.010965579
v -0.0061890814 0.021325918 0.04923547
v -0.0063051223 0.021351386 -0.011013352
v -0.006929746 0.021069292 0.049225777
v -0.0056869206 0.02161571 0.049240656
v -0.0069521028 0.021613233 -0.010884893
v -0.0058181304 0.02138047 -0.01106207
v -0.006912379 0.021521213 0.04922073
v 0.0028724943 0.020916302 0.04493558
v 0.009812151 0.019303111 0.047284655
v 0.0028532052 0.02081238 0.047277745
v 0.008253717 0.019775875 0.04481607
v 0.007956556 0.020359239 0.044399496
v 0.0033482094 0.021342734 0.044512544
v 0.007902426 0.020363035 0.037286293
v 0.008255925 0.019759273 0.036815047
v 0.0033338529 0.021344086 0.037163593
v 0.0028724943 0.020916302 0.04493558
v 0.0028639012 0.020916076 0.036750764
v 0.002838581 0.020816132 0.034398858
v 0.0028532052 0.02081238 0.047277745
v 0.0028639012 0.020916076 0.036750764
v 0.002838581 0.020816132 0.034398858
v 0.009763705 0.019326657 0.034354
v 0.010550933 0.019181032 0.0463837
v 0.010497305 0.019176463 0.035270423
v -3.848648E-05 0.00345027 0.026355742
v -0.0021648903 0.0034467608 0.026352279
v -0.0021496753 -0.00404609 0.026034579
v -2.0753861E-05 -0.0040054074 0.026150042
v -0.0021538297 -0.0049923607 0.025404576
v -2.4736404E-05 -0.0052136867 0.02546484
v -5.056572E-05 -0.005740582 0.02428166
v -0.0021081676 -0.005743259 0.024174716
v -0.0021327438 -0.0057918006 0.012599948
v -2.2830964E-05 -0.0057837768 0.012479379
v -0.0021303864 -0.0049339915 0.0120730195
v -2.3975372E-05 -0.0048307427 0.012019323
v -4.0935516E-05 0.0035972097 0.011905977
v -0.0021567536 0.0035943594 0.011567958
v -4.29554E-05 -0.0039904206 0.026333267
v -0.0021648903 0.0034467608 0.026352279
v -3.848648E-05 0.00345027 0.026355742
v -0.0021427632 -0.0038602063 0.02632475
v -2.4736404E-05 -0.0052136867 0.02546484
v -0.0021568509 -0.0051075676 0.025621943
v -0.00010020447 -0.005926138 0.024442898
v -0.0021197833 -0.0059217606 0.024375414
v -5.6419372E-05 -0.0060844286 0.012669789
v -0.0021057015 -0.006071181 0.012685867
v -5.5057528E-05 -0.0059451126 0.0124142645
v -5.7735444E-05 -0.0050460245 0.011831238
v -0.00211108 -0.0050149634 0.011784852
v -4.0935516E-05 0.0035972097 0.011905977
v -0.0021567536 0.0035943594 0.011567958
v 0.0077197496 0.02314353 0.032447435
v 0.007753624 0.027734589 0.032414086
v 0.0067366217 0.027718188 0.03313466
v 0.006854519 0.023161532 0.03310003
v 0.007753624 0.027734589 0.032414086
v 0.0077197496 0.02314353 0.032447435
v 0.0067366217 0.027718188 0.03313466
v 0.006854519 0.023161532 0.03310003
v 0.0021819992 0.023443442 0.03320796
v -0.004120016 0.024573117 0.03299731
v 0.00211302 0.024536308 0.033123013
v -0.004329111 0.023430087 0.033227704
v 0.004102403 0.02723239 0.04008052
v 0.0034712476 0.026214896 0.03672445
v 0.0034712476 0.026214896 0.04008052
v 0.0041024056 0.02723239 0.03672445
v 0.002308509 0.026500728 0.04008052
v 0.0022210577 0.027694888 0.03672445
v 0.00222106 0.027694888 0.04008052
v 0.002308509 0.026500728 0.03672445
v 0.015191821 0.013265778 0.03672445
v 0.016247747 0.013830291 0.04008052
v 0.016247747 0.013830291 0.03672445
v 0.015191821 0.013265778 0.04008052
v 0.016037177 0.015008985 0.03672445
v 0.014851103 0.0151729435 0.04008052
v 0.014851103 0.0151729435 0.03672445
v 0.016037174 0.015008985 0.04008052
v 0.016037174 0.015008985 0.04008052
v 0.016247747 0.013830291 0.03672445
v 0.016247747 0.013830291 0.04008052
v 0.016037177 0.015008985 0.03672445
v 0.01432864 0.014095588 0.04008052
v 0.014851103 0.0151729435 0.03672445
v 0.014851103 0.0151729435 0.04008052
v 0.014328643 0.0140955895 0.036724444
v 0.00889913 0.025581906 0.03672445
v 0.008616458 0.024418393 0.04008052
v 0.0086164605 0.024418393 0.03672445
v 0.00889913 0.025581906 0.04008052
v 0.010548252 0.02456517 0.03672445
v 0.010093041 0.025672615 0.04008052
v 0.010093044 0.025672615 0.03672445
v 0.010548252 0.02456517 0.04008052
v 0.0055582738 0.025754971 0.04008052
v 0.0057032397 0.026943518 0.03672445
v 0.005703237 0.026943518 0.04008052
v 0.0055582738 0.025754971 0.03672445
v 0.0074597383 0.026126174 0.04008052
v 0.006643853 0.025249826 0.03672445
v 0.006643853 0.025249826 0.04008052
v 0.0074597383 0.026126174 0.03672445
v 0.00889913 0.025581906 0.04008052
v 0.010093044 0.025672615 0.03672445
v 0.010093041 0.025672615 0.04008052
v 0.00889913 0.025581906 0.03672445
v 0.010548252 0.02456517 0.04008052
v 0.009635673 0.023790017 0.036724444
v 0.009635673 0.023790017 0.04008052
v 0.010548252 0.02456517 0.03672445
v 0.01629805 0.01745376 0.04008052
v 0.015664363 0.016437832 0.03672445
v 0.015664363 0.016437832 0.04008052
v 0.01629805 0.01745376 0.03672445
v 0.014417861 0.017920936 0.04008052
v 0.015527671 0.018370368 0.03672445
v 0.015527668 0.018370368 0.04008052
v 0.014417861 0.017920936 0.03672445
v 0.0041024056 0.02723239 0.03672445
v 0.0033297448 0.02814708 0.04008052
v 0.0033297448 0.02814708 0.03672445
v 0.004102403 0.02723239 0.04008052
v 0.002308509 0.026500728 0.03672445
v 0.0034712476 0.026214896 0.04008052
v 0.0034712476 0.026214896 0.03672445
v 0.002308509 0.026500728 0.04008052
v 0.014417861 0.017920936 0.03672445
v 0.014502348 0.016726566 0.04008052
v 0.014502351 0.016726566 0.03672445
v 0.014417861 0.017920936 0.04008052
v 0.014474204 0.021610366 0.036724452
v 0.013437499 0.021011282 0.04008052
v 0.013437499 0.021011282 0.03672445
v 0.014474201 0.021610368 0.04008052
v 0.014877746 0.019715501 0.03672445
v 0.015364318 0.020809531 0.04008052
v 0.015364318 0.020809531 0.03672445
v 0.014877746 0.019715501 0.04008052
v 0.014474201 0.021610368 0.04008052
v 0.015364318 0.020809531 0.03672445
v 0.015364318 0.020809531 0.04008052
v 0.014474204 0.021610366 0.036724452
v 0.013686902 0.01984019 0.04008052
v 0.013437499 0.021011282 0.03672445
v 0.013437499 0.021011282 0.04008052
v 0.013686905 0.01984019 0.03672445
v 0.011337162 0.0045808763 0.04008052
v 0.011416974 0.005775571 0.036724452
v 0.011416971 0.005775571 0.04008052
v 0.011337159 0.0045808763 0.036724444
v 0.012577854 0.0060688485 0.04008052
v 0.0132155055 0.0050554127 0.03672445
v 0.0132155055 0.0050554127 0.04008052
v 0.012577854 0.0060688485 0.036724452
v 0.013176925 0.022612365 0.036724452
v 0.013065102 0.023804486 0.04008052
v 0.013065104 0.023804486 0.036724452
v 0.013176925 0.022612365 0.04008052
v 0.011286527 0.02303635 0.03672445
v 0.012077704 0.02213763 0.04008052
v 0.012077707 0.02213763 0.03672445
v 0.011286527 0.02303635 0.04008052
v 0.012577854 0.0060688485 0.036724452
v 0.011416971 0.005775571 0.04008052
v 0.011416974 0.005775571 0.036724452
v 0.012577854 0.0060688485 0.04008052
v 0.011337159 0.0045808763 0.036724444
v 0.012448722 0.0041357963 0.04008052
v 0.012448722 0.0041357963 0.03672445
v 0.011337162 0.0045808763 0.04008052
v 0.013005361 0.009475833 0.04008052
v 0.013643015 0.008462397 0.036724452
v 0.013643012 0.008462397 0.040080525
v 0.013005361 0.009475833 0.036724452
v 0.012876227 0.0075427867 0.04008052
v 0.01176467 0.007987867 0.036724444
v 0.011764667 0.007987866 0.04008052
v 0.012876227 0.0075427867 0.03672445
v 0.0074597383 0.026126174 0.03672445
v 0.0068784063 0.027172934 0.04008052
v 0.0068784035 0.027172934 0.03672445
v 0.0074597383 0.026126174 0.04008052
v 0.0055582738 0.025754971 0.03672445
v 0.006643853 0.025249826 0.04008052
v 0.006643853 0.025249826 0.03672445
v 0.0055582738 0.025754971 0.04008052
v 0.011286527 0.02303635 0.04008052
v 0.01189678 0.024066528 0.036724452
v 0.01189678 0.024066528 0.04008052
v 0.011286527 0.02303635 0.03672445
v 0.013176925 0.022612365 0.04008052
v 0.012077707 0.02213763 0.03672445
v 0.012077704 0.02213763 0.04008052
v 0.013176925 0.022612365 0.036724452
v 0.013005361 0.009475833 0.036724452
v 0.011844477 0.009182557 0.04008052
v 0.0118444795 0.009182558 0.036724452
v 0.013005361 0.009475833 0.04008052
v 0.014860926 0.011046256 0.04008052
v 0.013831707 0.01043441 0.036724452
v 0.013831707 0.01043441 0.040080525
v 0.014860926 0.011046256 0.03672445
v 0.013404786 0.01232415 0.04008052
v 0.014597077 0.012214174 0.036724452
v 0.01459708 0.012214174 0.04008052
v 0.013404786 0.01232415 0.036724452
v 0.014860926 0.011046256 0.03672445
v 0.01459708 0.012214174 0.04008052
v 0.014597077 0.012214174 0.036724452
v 0.014860926 0.011046256 0.04008052
v 0.012931758 0.011224187 0.03672445
v 0.013831707 0.01043441 0.040080525
v 0.013831707 0.01043441 0.036724452
v 0.012931758 0.011224187 0.04008052
v 0.014355399 0.02087124 0.036951475
v 0.012794595 0.022622703 0.039794736
v 0.012794606 0.022622693 0.036951475
v 0.014355391 0.020871254 0.039794736
v 0.012794595 0.022622703 0.039794736
v 0.014355399 0.02087124 0.036951475
v 0.012794606 0.022622693 0.036951475
v 0.014355391 0.020871254 0.039794736
v 0.015546248 0.014338705 0.036951475
v 0.015366556 0.016677814 0.039794736
v 0.015546255 0.014338718 0.039794736
v 0.015366559 0.016677797 0.036951475
v 0.015366556 0.016677814 0.039794736
v 0.015546248 0.014338705 0.036951475
v 0.015546255 0.014338718 0.039794736
v 0.015366559 0.016677797 0.036951475
v 0.0060641784 0.026476268 0.036951475
v 0.0037826612 0.02702251 0.039794736
v 0.006064164 0.026476264 0.039794736
v 0.0037826754 0.02702251 0.036951475
v 0.0037826612 0.02702251 0.039794736
v 0.0060641784 0.026476268 0.036951475
v 0.006064164 0.026476264 0.039794736
v 0.0037826754 0.02702251 0.036951475
v 0.013603253 0.010815576 0.039794736
v 0.012763482 0.008623555 0.036951475
v 0.012763487 0.0086235665 0.039794736
v 0.013603244 0.010815558 0.036951475
v 0.012763482 0.008623555 0.036951475
v 0.013603253 0.010815576 0.039794736
v 0.012763487 0.0086235665 0.039794736
v 0.013603244 0.010815558 0.036951475
v 0.010179579 0.024463357 0.039794736
v 0.012183965 0.023244275 0.036951475
v 0.012183951 0.023244284 0.039794736
v 0.010179594 0.024463348 0.036951475
v 0.012183965 0.023244275 0.036951475
v 0.010179579 0.024463357 0.039794736
v 0.012183951 0.023244284 0.039794736
v 0.010179594 0.024463348 0.036951475
v 0.009238419 0.0250052 0.036951475
v 0.0071054692 0.025982045 0.039794736
v 0.007105481 0.025982039 0.036951475
v 0.009238404 0.025005208 0.039794736
v 0.0071054692 0.025982045 0.039794736
v 0.009238419 0.0250052 0.036951475
v 0.007105481 0.025982039 0.036951475
v 0.009238404 0.025005208 0.039794736
v 0.015281373 0.017575368 0.036951475
v 0.01440073 0.019749802 0.039794736
v 0.014400732 0.019749792 0.036951475
v 0.015281369 0.01757538 0.039794736
v 0.01440073 0.019749802 0.039794736
v 0.015281373 0.017575368 0.036951475
v 0.014400732 0.019749792 0.036951475
v 0.015281369 0.01757538 0.039794736
v 0.012044366 0.002072595 0.036951475
v 0.012186556 0.0044142804 0.039794732
v 0.012186559 0.004414263 0.036951475
v 0.012044366 0.0020726128 0.039794736
v 0.012186556 0.0044142804 0.039794732
v 0.012044366 0.002072595 0.036951475
v 0.012186559 0.004414263 0.036951475
v 0.012044366 0.0020726128 0.039794736
v 0.012614061 0.00782127 0.039794736
v 0.012391697 0.005484451 0.036951475
v 0.012614064 0.0078212535 0.036951475
v 0.012471871 0.005479603 0.039794736
v 0.012391697 0.005484451 0.036951475
v 0.012614061 0.00782127 0.039794736
v 0.012614064 0.0078212535 0.036951475
v 0.012471871 0.005479603 0.039794736
v 0.015053378 0.013622315 0.039794736
v 0.014042525 0.011505273 0.036951475
v 0.014042532 0.011505285 0.039794736
v 0.01505337 0.013622302 0.036951475
v 0.014042525 0.011505273 0.036951475
v 0.015053378 0.013622315 0.039794736
v 0.014042532 0.011505285 0.039794736
v 0.01505337 0.013622302 0.036951475
v -0.0038606701 0.009456767 0.027169067
v -0.0038794384 0.007619475 0.03030754
v -0.0038713645 0.009373839 0.030422056
v -0.0038750267 0.0071017398 0.028239012
v -0.0038685151 0.0071079074 0.026154201
v -0.0038724118 0.0066104964 0.026663825
v -0.0038634224 0.007260923 0.0247779
v -0.0038536892 0.01028301 0.026151042
v -0.0038427487 0.010302727 0.022710511
v -0.0038638173 0.0068548494 0.024294177
v -0.0038782826 0.0052050143 0.026443323
v -0.0038835125 0.004925021 0.027624648
v -0.0038844566 0.0039934446 0.026606057
v -0.0038709927 0.004656439 0.023269493
v -0.003867033 0.0059691262 0.024028407
v -0.003875347 0.0047924593 0.024925984
v -0.0038773958 0.0038991726 0.024183547
v 0.000661108 0.023605308 0.06464841
v -0.00078115653 0.024451947 0.064636044
v 3.5728455E-05 0.02596033 0.06458462
v -0.0009626484 0.02516417 0.064647734
v -0.0046390803 0.028685331 0.06465618
v -0.0049142647 0.028103389 0.0646509
v -0.006475216 0.025302472 0.029299427
v -0.0012305088 0.025497809 0.031565633
v -0.0012067566 0.025662227 0.029349953
v -0.0065537626 0.02550895 0.03159048
v -0.007033888 0.024853706 0.03160674
v -0.0069566173 0.024840662 0.02929705
v -0.0071023693 0.02231544 0.03213008
v -0.0070861015 0.019790322 0.029309822
v -0.0070863417 0.021662172 0.032839987
v -0.0070861015 0.019667396 0.03159839
v -0.0070863524 0.019393926 0.046786897
v -0.00708634 0.021481195 0.047364473
v -0.0070863655 0.018982533 0.049273655
v -0.007086424 0.021831017 0.048913542
v -0.007086339 0.019036675 0.055770174
v -0.007086339 0.021790395 0.05591816
v -0.0070863534 0.019262021 0.056019276
v -0.007086379 0.021385321 0.056207728
v 0.0020462952 0.028544996 -0.01771665
v -0.002514061 0.027332941 -0.016719973
v -0.0023034897 0.028825825 -0.017669357
v -0.004413231 0.028477378 -0.017563762
v 0.0020462952 0.028544996 -0.01771665
v 0.0030425035 0.027006669 -0.016336642
v 0.0026255494 0.027082453 -0.012942512
v -0.0051092375 0.0270318 -0.012986399
v 0.0028363725 0.026705278 -0.01263403
v -0.005161331 0.027434882 -0.016863927
v -0.004413231 0.028477378 -0.017563762
v -0.005220749 0.026367117 -0.012566127
v 0.0037993698 0.021915542 -0.0123764705
v -0.005654457 0.02308144 -0.012512329
v -0.0060772705 0.022464287 -0.012461117
v -0.005991829 0.016906375 -0.012462071
v 0.003788109 0.016916629 -0.0123841
v 0.0033115312 0.015923899 -0.012375576
v -0.005514862 0.015930055 -0.012420346
v -0.005500626 0.014673861 -0.011597687
v 0.0032079848 0.014771053 -0.011647512
v 0.0032309876 0.0144952545 -0.011050216
v -0.005501747 0.014479038 -0.01050853
v 0.0032896958 0.014831583 -0.0101068765
v -0.00549836 0.014930811 -0.009795442
v 0.0032829437 0.014908219 -0.007650058
v -0.0054937135 0.014889761 -0.0075521106
v -0.0054877396 0.013945939 -0.0067775203
v 0.0033853226 0.013893044 -0.006794011
v -0.0054849014 0.012298908 -0.0064350623
v 0.003366005 0.012119013 -0.0064952997
v 0.0033580398 0.011603631 -0.0067729917
v -0.0054776915 0.011565609 -0.0067471284
v -0.005482407 0.0102985585 -0.011981428
v 0.0032647706 0.010154061 -0.012040701
v 0.0031289062 0.009596993 -0.012453819
v -0.0053534545 0.009111849 -0.012675274
v 0.0019443741 0.007066546 -0.012342605
v -0.004875458 0.008239302 -0.012486494
v 0.002127434 0.0051807533 -0.012388894
v -0.0042410432 0.004717124 -0.012549453
v 0.0018783417 0.0046923077 -0.012481209
v -0.005161331 0.027434882 -0.016863927
v -0.004588806 0.027727224 -0.02221948
v -0.004413231 0.028477378 -0.017563762
v -0.0050831907 0.02695083 -0.022115508
v -0.005654457 0.02308144 -0.012512329
v -0.0051092375 0.0270318 -0.012986399
v -0.005220749 0.026367117 -0.012566127
v -0.005954453 0.022264604 -0.021063648
v -0.0060772705 0.022464287 -0.012461117
v -0.005991829 0.016906375 -0.012462071
v -0.0060677947 0.017028198 -0.019543024
v -0.005512024 0.015720058 -0.019199274
v -0.005514862 0.015930055 -0.012420346
v -0.005500626 0.014673861 -0.011597687
v -0.0053534545 0.009111849 -0.012675274
v -0.005225418 0.009033575 -0.017543307
v -0.005482407 0.0102985585 -0.011981428
v -0.005501747 0.014479038 -0.01050853
v -0.00549836 0.014930811 -0.009795442
v -0.0054937135 0.014889761 -0.0075521106
v -0.0054849014 0.012298908 -0.0064350623
v -0.0054877396 0.013945939 -0.0067775203
v -0.0054776915 0.011565609 -0.0067471284
v -0.0048255846 0.00804601 -0.014632825
v -0.004250542 0.0065320516 -0.016961353
v -0.004875458 0.008239302 -0.012486494
v -0.0042352523 0.005827153 -0.016460013
v -0.0042410432 0.004717124 -0.012549453
v -0.004303963 0.004830296 -0.014077114
v 0.0012176972 -0.0026838398 -0.092216924
v 0.0043899077 -0.00073343853 -0.0917951
v -0.0071390993 0.0018387404 -0.09172261
v -0.0039623566 -0.0022632102 -0.0921949
v -0.0065499116 0.00019326354 -0.09194899
v -0.0077354736 0.012464391 -0.090887524
v -0.005014847 0.024652576 -0.090838015
v -0.007914917 0.020375688 -0.09066164
v -0.007716614 0.024258228 -0.0904054
v -0.0068259886 0.026054744 -0.09016184
v 0.0052673034 0.02481535 -0.09051975
v -0.005685196 0.026894918 -0.08993664
v 0.000499054 0.02547963 -0.090654075
v 0.0043579102 0.026313782 -0.0902723
v -0.001179245 0.027629191 -0.08941216
v -0.0032458233 0.027068127 0.050104484
v -0.0043319142 0.02987707 0.050971165
v -0.0043465616 0.027047096 0.05009602
v -0.0032634009 0.029867604 0.05095315
v 0.011487137 0.0046598627 0.03372533
v 0.012413604 0.004295389 0.042964164
v 0.012413608 0.004295389 0.03372533
v 0.011487136 0.0046598623 0.042964168
v 0.012201203 0.005115219 0.04736241
v 0.013046541 0.0050638854 0.03372533
v 0.012511245 0.0059033227 0.042964164
v 0.012511242 0.0059033222 0.03372533
v 0.013046541 0.0050638854 0.042964168
v 0.012201203 0.005115219 0.04736241
v 0.011974981 0.009060613 0.03372533
v 0.011914642 0.008066853 0.042964164
v 0.0119146425 0.0080668535 0.03372533
v 0.011974981 0.009060613 0.042964164
v 0.012628708 0.008522209 0.047362406
v 0.012841115 0.007702374 0.03372533
v 0.013474045 0.008470874 0.042964164
v 0.013474046 0.008470874 0.03372533
v 0.012841109 0.007702379 0.042964164
v 0.012628708 0.008522209 0.047362406
v 0.014800403 0.019859446 0.03372533
v 0.015199464 0.020771554 0.042964164
v 0.015199469 0.020771552 0.03372533
v 0.014800397 0.019859446 0.042964164
v 0.014372231 0.020590136 0.047362406
v 0.014455323 0.021432944 0.03372533
v 0.013596342 0.0209296 0.042964164
v 0.013596345 0.020929595 0.03372533
v 0.01445532 0.021432944 0.042964164
v 0.014372231 0.020590136 0.047362406
v 0.013099477 0.011248733 0.03372533
v 0.013851731 0.010596586 0.042964168
v 0.013851734 0.010596581 0.03372533
v 0.013099471 0.011248738 0.042964164
v 0.0139244115 0.011440361 0.047362406
v 0.0147044305 0.011110501 0.03372533
v 0.014479157 0.012080269 0.042964164
v 0.014479159 0.012080269 0.03372533
v 0.014704428 0.011110501 0.042964164
v 0.0139244115 0.011440361 0.047362406
v 0.014926283 0.015010922 0.03372533
v 0.014497299 0.0141125005 0.042964164
v 0.0144973025 0.014112494 0.03372533
v 0.014926283 0.015010922 0.042964164
v 0.015330081 0.014266488 0.04736241
v 0.015219193 0.013426879 0.03372533
v 0.016094325 0.013901576 0.042964164
v 0.016094325 0.013901576 0.03372533
v 0.015219187 0.013426885 0.042964164
v 0.015330081 0.014266488 0.04736241
v 0.002451252 0.026608104 0.03372533
v 0.0034194721 0.026376292 0.042964164
v 0.0034194763 0.026376292 0.03372533
v 0.0024512475 0.026608104 0.042964164
v 0.0030948934 0.02715853 0.04736241
v 0.003939138 0.027225494 0.03372533
v 0.0032920872 0.02798214 0.042964164
v 0.0032920886 0.027982144 0.03372533
v 0.003939141 0.027225494 0.042964164
v 0.0030948934 0.02715853 0.04736241
v 0.007298227 0.02615096 0.03372533
v 0.006809587 0.027018385 0.042964164
v 0.006809587 0.027018385 0.03372533
v 0.0072982227 0.02615096 0.042964164
v 0.0064569474 0.026248401 0.047362406
v 0.005719074 0.02583274 0.03372533
v 0.006624245 0.025418188 0.042964164
v 0.006624251 0.025418188 0.03372533
v 0.00571907 0.02583274 0.042964164
v 0.0064569474 0.026248401 0.047362406
v 0.01196724 0.023902599 0.03372533
v 0.01146502 0.023042966 0.042964164
v 0.011465025 0.023042966 0.03372533
v 0.011967234 0.023902602 0.042964164
v 0.012307723 0.023127167 0.047362406
v 0.013038975 0.022699952 0.03372533
v 0.012939992 0.023690606 0.042964164
v 0.0129399905 0.023690606 0.03372533
v 0.0130389705 0.022699952 0.042964164
v 0.012307723 0.023127167 0.047362406
v 0.016129514 0.017439019 0.03372533
v 0.015484342 0.018197278 0.042964164
v 0.015484347 0.01819728 0.03372533
v 0.016129514 0.017439019 0.042964164
v 0.01528511 0.01737415 0.047362406
v 0.014563839 0.017817996 0.03372533
v 0.014640097 0.016825339 0.042964164
v 0.014640097 0.016825339 0.03372533
v 0.014563834 0.017818002 0.042964164
v 0.01528511 0.01737415 0.047362406
v 0.009635848 0.023959516 0.03372533
v 0.010390728 0.024608625 0.042964164
v 0.010390729 0.02460863 0.03372533
v 0.009635847 0.023959517 0.042964164
v 0.009566575 0.02480358 0.04736241
v 0.010006658 0.025527148 0.03372533
v 0.009014407 0.025445718 0.042964164
v 0.00901441 0.025445718 0.03372533
v 0.010006656 0.025527148 0.042964164
v 0.009566575 0.02480358 0.04736241
v -0.0056730914 0.018255476 0.049280435
v -0.0070125964 0.018264696 -0.010996811
v -0.006883895 0.018239684 0.04925988
v -0.0057633133 0.01826546 -0.010282697
v -0.0063004303 0.018267937 -0.011043898
v -0.0058331224 0.018317902 -0.01230811
v -0.006258293 0.018301263 -0.012257189
v -0.0068167304 0.018950973 0.049252678
v -0.0063004303 0.018267937 -0.011043898
v -0.006186499 0.01864395 0.04926708
v -0.0070360797 0.018954964 -0.011029097
v 0.003244789 0.0091356505 -0.018938715
v 0.0034512405 0.015673973 -0.01938003
v 0.003517067 0.015587846 -0.020513795
v 0.0040620575 0.017243372 -0.019779192
v 0.0040101013 0.016678112 -0.020814748
v 0.003844368 0.022307733 -0.02235662
v 0.00400811 0.022377566 -0.021086382
v 0.0034988709 0.02309567 -0.021269413
v 0.0035312348 0.022899406 -0.02238918
v 0.0031184694 0.027077511 -0.022283308
v 0.003244789 0.0091356505 -0.018938715
v 0.0033225403 0.00919736 -0.017731298
v 0.0029496003 0.008355029 -0.018609598
v 0.0028852157 0.008359676 -0.017518569
v 0.0011764755 0.007081504 -0.01832592
v 0.0013078765 0.0071542324 -0.017212832
v 0.0035312348 0.022899406 -0.02238918
v 0.0030846864 0.026932558 -0.023346728
v 0.0030389556 0.026553389 -0.023457466
v 0.0022873078 0.027776726 -0.022461899
v 0.0023035125 0.02740065 -0.023676682
v -0.0012443848 0.028103746 -0.022606924
v -0.0015832902 0.027700594 -0.023751281
v 0.00042796327 -0.02224238 -1.3842353E-05
v -0.0033908158 -0.02213533 -0.00050366105
v -0.0007968636 -0.02225949 0.00057675305
v 0.002101925 -0.021530796 -0.0027569344
v -0.003919281 -0.02188916 -0.0014520446
v -0.0044932254 -0.019095378 -0.009906466
v 0.0023198547 -0.018547373 -0.011233964
v -0.0042168503 -0.018213682 -0.01221926
v 0.0015150834 -0.017980978 -0.012552644
v -0.0033251953 -0.017877651 -0.013086791
v 0.00032306672 -0.01771613 -0.013290954
v -0.0018431396 -0.017723652 -0.013457672
v -0.0048225173 0.007665981 -0.04931515
v -0.004941559 0.013904074 -0.020199085
v -0.0039101946 0.009806299 -0.029349161
v -0.0031980285 0.0060420907 -0.04919192
v -0.0025786743 0.0086125005 -0.029474176
v -0.0042970735 0.011147601 -0.019432055
v -0.004941559 0.013904074 -0.020199085
v -0.0031342392 0.009097485 -0.018862609
v -0.0013943481 0.008217226 -0.029513469
v -0.0020083007 0.008158459 -0.018668093
v -0.0019732362 0.0052006585 -0.051061966
v -0.0034112092 0.0055449572 -0.051067967
v -0.0038264238 0.0047204182 -0.052728046
v -0.0021624528 0.0042128153 -0.05266632
v -0.002408409 0.0030000065 -0.053311776
v -0.0053552627 0.009954891 -0.049559087
v -0.0052128294 0.017607974 -0.021213578
v -0.005533585 0.012881712 -0.049906563
v -0.005748642 0.009422712 -0.053514134
v -0.0049679945 0.01871894 -0.030703837
v -0.004496727 0.024466924 -0.022952233
v -0.0037990035 0.020976411 -0.03202133
v -0.005092438 0.01606423 -0.045965347
v -0.0039654234 0.018173866 -0.046332482
v -0.005884964 0.014814593 -0.054061953
v -0.0075367587 0.014958618 -0.063462794
v -0.004582695 0.016975855 -0.054567948
v -0.0059346315 0.01535752 -0.055572335
v -0.0031810913 0.019180946 -0.056220923
v -0.0069281617 0.004951373 -0.062324654
v -0.0052495194 0.005207014 -0.054693215
v -0.007311493 0.01757861 -0.06960295
v -0.003445244 0.020442702 -0.057649396
v -0.004662323 0.0056746206 -0.052614823
v -0.004341133 0.0038907835 -0.053742755
v -0.002408409 0.0030000065 -0.053311776
v -0.0024382095 0.0017640588 -0.053409
v -0.0070498353 0.01861598 -0.06953703
v -0.008579269 0.017646413 -0.072843194
v -0.0057661743 0.022191769 -0.06297648
v -0.008505799 0.016695088 -0.071788326
v -0.007059494 0.021802966 -0.06634507
v -0.005650726 0.022773908 -0.06312011
v -0.0064447173 0.023650708 -0.06807395
v -0.007901321 0.021153476 -0.06930992
v -0.007718262 0.025960673 -0.083757706
v -0.005246155 0.024784977 -0.067474104
v -0.0065320586 0.02696538 -0.083485134
v -0.008243774 0.014604898 -0.06699763
v -0.008204041 0.022522448 -0.075927466
v -0.007201859 0.02623147 -0.08937934
v -0.005992447 0.027274322 -0.08921078
v -0.0068259886 0.026054744 -0.09016184
v -0.005685196 0.026894918 -0.08993664
v -0.007716614 0.024258228 -0.0904054
v -0.008472107 0.024052858 -0.08391977
v -0.008331162 0.020341273 -0.08988184
v -0.007914917 0.020375688 -0.09066164
v -0.0077354736 0.012464391 -0.090887524
v -0.0071390993 0.0018387404 -0.09172261
v -0.008803391 0.020148272 -0.08407008
v -0.007776627 0.0016310773 -0.09120403
v -0.0065499116 0.00019326354 -0.09194899
v -0.0085246125 0.0121370945 -0.07576471
v -0.008680755 0.0048596365 -0.084561914
v -0.007184326 -0.00022550963 -0.09151052
v -0.0039623566 -0.0022632102 -0.0921949
v -0.007120834 0.00021894099 -0.06869932
v -0.00836174 0.0011337355 -0.084766634
v -0.004266037 -0.0028941738 -0.09169673
v -0.0026433563 -0.0035207449 -0.09185925
v -0.0077681122 -0.0008632047 -0.08481048
v -0.0064420165 -2.981857E-05 -0.062397555
v -0.0061788023 -0.0024499756 -0.08477399
v -0.004491806 -0.0035371906 -0.08477727
v -0.0026412506 -0.004327326 -0.084787734
v -0.0058859712 -0.0015345805 -0.062172163
v -0.0050802613 0.0024464293 -0.05505824
v -0.004991501 -0.0025324821 -0.062254474
v -0.0037241364 -0.003378301 -0.062346015
v -0.0012727662 -0.0040667644 -0.06291859
v -0.0045799026 -0.0017804443 -0.05445651
v -0.0035048677 -0.0028857228 -0.0545503
v -0.0011640015 -0.0035881272 -0.054011267
v -0.0033777237 -0.00246611 -0.053726345
v -0.0041852645 -0.0015394471 -0.053800285
v -0.0041791764 0.002295886 -0.05397924
v -0.002493393 -0.0016502198 -0.053040836
v -0.0033777237 -0.00246611 -0.053726345
v -0.0011640015 -0.0035881272 -0.054011267
v -0.0017619438 -0.0053322357 0.016833449
v -0.0017675514 -0.003922809 0.015264515
v -0.0017464829 -0.0031952134 0.016311035
v -0.0017618637 -0.0020185194 0.014716981
v -0.0017631454 -0.0010845442 0.016936507
v -0.0017875672 0.0027628145 0.014154219
v -0.001795887 0.000102235696 0.018082269
v -0.0017781258 0.0013156681 0.019961122
v -0.0017447892 0.0032578378 0.020610858
v -0.0017666931 0.003600406 0.012327414
v -0.0017871322 0.00360198 0.020366566
v -0.00044578672 0.027074173 0.050106175
v -0.00043474828 0.0240844 0.048691265
v -0.00043620076 0.027042313 0.048684828
v -0.00035533906 0.02405862 0.058269907
v -0.0004710245 0.02647736 0.058270976
v -0.0004439292 0.02987304 0.050966762
v -0.00042044162 0.02965123 0.05795861
v -0.0004592514 0.02644427 0.058680296
v -0.0049142647 0.028103389 0.0646509
v -0.00085001567 0.025064189 0.06304009
v -0.004915083 0.02812727 0.06303908
v -0.0009626484 0.02516417 0.064647734
v -0.00078115653 0.024451947 0.064636044
v -0.0007819405 0.02445168 0.06308759
v -0.0038536892 0.01028301 0.026151042
v -0.0055000535 0.010269681 0.022783015
v -0.0038427487 0.010302727 0.022710511
v -0.0055078985 0.010279451 0.026051156
v -0.0038606701 0.009456767 0.027169067
v -0.005509735 0.009406377 0.027215319
v -0.0038713645 0.009373839 0.030422056
v -0.0055171167 0.009363199 0.030379826
v -0.0054951212 0.005754619 0.022894125
v -0.0038427487 0.010302727 0.022710511
v -0.0055000535 0.010269681 0.022783015
v -0.0038709927 0.004656439 0.023269493
v -0.0054949094 0.0046757087 0.023322558
v -0.005496008 0.0039620693 0.024113256
v -0.0038773958 0.0038991726 0.024183547
v -0.0054985485 0.0037222249 0.025314415
v -0.0038844566 0.0039934446 0.026606057
v -0.0055019646 0.0039963177 0.02659175
v -0.0055053234 0.0049087917 0.027587952
v -0.0038835125 0.004925021 0.027624648
v -0.005297988 0.024065252 0.058648366
v -0.0032608595 0.024069384 0.048694618
v -0.0053097587 0.024052951 0.048708912
v -0.0032516555 0.024027195 0.058267497
v -0.00035533906 0.02405862 0.058269907
v 0.002805811 0.024073228 0.05866682
v -0.00043474828 0.0240844 0.048691265
v 0.0028076349 0.024060553 0.05527756
v 0.0027973303 0.024055732 0.05215678
v 0.002783034 0.024066418 0.04868925
v -0.0032608595 0.024069384 0.048694618
v -0.0053208233 0.025475796 0.04868277
v -0.0053097587 0.024052951 0.048708912
v -0.0043513663 0.026257012 0.04867047
v -0.003260245 0.027050946 0.048679598
v -0.004317761 0.027050149 0.048675597
v -0.00457301 0.027096394 0.048205324
v -0.0045862487 0.027925702 0.049950846
v -0.0045883274 0.024435414 0.049362037
v -0.004620309 0.024441473 0.052538246
v -0.0045545255 0.027851451 0.05255202
v -0.004566378 0.028031968 0.051361512
v -0.0049713473 0.011568255 0.045149446
v 0.0013930722 0.011765309 0.046575997
v -0.0049362313 0.011677231 0.046669707
v 0.00145155 0.011415062 0.04500528
v 0.0014005795 0.016062047 0.031206032
v 0.0014772263 0.011676641 0.03299831
v 0.0013915958 0.011717612 0.03121763
v 0.001397913 0.01601556 0.046603188
v 0.00145155 0.011415062 0.04500528
v 0.0013930722 0.011765309 0.046575997
v -0.0043533556 0.024621105 -0.012444219
v -0.004329111 0.023430087 0.033227704
v -0.0043897703 0.023443725 -0.012439419
v -0.004120016 0.024573117 0.03299731
v 0.011398899 0.0165026 0.03968748
v 0.011131499 0.016466627 0.038134143
v 0.010577863 0.013556983 0.038141344
v 0.0105834035 0.013561593 0.043603662
v 0.011394531 0.016462047 0.04206139
v 0.011145443 0.016498081 0.04359303
v 0.012251807 0.018899724 0.039776977
v 0.012185892 0.018992692 0.04205138
v 0.01201181 0.019684339 0.04193353
v 0.01188222 0.01950338 0.0420688
v 0.011394531 0.016462047 0.04206139
v 0.011130543 0.016559929 0.042108852
v 0.009418431 0.020528207 0.041822597
v 0.011901321 0.019768216 0.03976598
v 0.012029606 0.018898603 0.039656706
v 0.011126564 0.016556526 0.03961805
v 0.011398899 0.0165026 0.03968748
v 0.011789363 0.019579668 0.03965689
v 0.009313548 0.02067234 0.040062677
v 0.009276847 0.020397648 0.040018234
v 0.008737017 0.020505961 0.040492557
v 0.008828284 0.020693937 0.041408252
v 0.008921516 0.020376563 0.041625157
v 0.009418431 0.020528207 0.041822597
v 0.0086368965 0.020478798 0.041111186
v 0.008828799 0.020767115 0.040501438
v -0.0035095138 -0.02194381 0.0010342881
v -0.002685379 -0.021878557 0.0018580111
v -0.0026829871 -0.021588013 -0.0009492024
v -0.0035513649 -0.021584272 -0.0009339245
v -0.00043620076 0.027042313 0.048684828
v 0.0008858619 0.02707172 0.05010674
v -0.00044578672 0.027074173 0.050106175
v 0.00081986055 0.027038885 0.04868625
v -0.0070360797 0.018954964 -0.011029097
v -0.006883895 0.018239684 0.04925988
v -0.0070125964 0.018264696 -0.010996811
v -0.0068167304 0.018950973 0.049252678
v 0.0028331338 0.025238037 0.03306924
v 0.006854519 0.023161532 0.03310003
v 0.00285565 0.023901545 0.033070296
v 0.0067366217 0.027718188 0.03313466
v -0.0019450951 0.027729323 0.033163268
v -0.0034950885 0.025247773 0.033159055
v -0.003475462 0.026218263 0.033072285
v 0.006854519 0.023161532 0.03310003
v 0.0028331338 0.025238037 0.03306924
v 0.00285565 0.023901545 0.033070296
v 0.0067366217 0.027718188 0.03313466
v -0.0019450951 0.027729323 0.033163268
v -0.003475462 0.026218263 0.033072285
v -0.0034950885 0.025247773 0.033159055
v -0.004317761 0.027050149 0.048675597
v -0.0032458233 0.027068127 0.050104484
v -0.0043465616 0.027047096 0.05009602
v -0.003260245 0.027050946 0.048679598
v 0.006624245 0.025418188 0.042964164
v 0.0064569474 0.026248401 0.047362406
v 0.0072982227 0.02615096 0.042964164
v 0.006624251 0.025418188 0.03372533
v 0.007298227 0.02615096 0.03372533
v 0.013487244 0.012165704 0.042964164
v 0.0139244115 0.011440361 0.047362406
v 0.013099471 0.011248738 0.042964164
v 0.013487249 0.012165704 0.03372533
v 0.013099477 0.011248733 0.03372533
v 0.011547473 0.0056536226 0.042964164
v 0.012201203 0.005115219 0.04736241
v 0.011487136 0.0046598623 0.042964168
v 0.011547474 0.005653623 0.03372533
v 0.011487137 0.0046598627 0.03372533
v 0.011914642 0.008066853 0.042964164
v 0.012628708 0.008522209 0.047362406
v 0.012841109 0.007702379 0.042964164
v 0.0119146425 0.0080668535 0.03372533
v 0.012841115 0.007702374 0.03372533
v 0.012127388 0.022299692 0.042964164
v 0.012307723 0.023127167 0.047362406
v 0.0130389705 0.022699952 0.042964164
v 0.012127393 0.022299686 0.03372533
v 0.013038975 0.022699952 0.03372533
v 0.013809618 0.019957121 0.042964164
v 0.014372231 0.020590136 0.047362406
v 0.014800397 0.019859446 0.042964164
v 0.01380962 0.019957121 0.03372533
v 0.014800403 0.019859446 0.03372533
v 0.0034194721 0.026376292 0.042964164
v 0.0030948934 0.02715853 0.04736241
v 0.003939141 0.027225494 0.042964164
v 0.0034194763 0.026376292 0.03372533
v 0.003939138 0.027225494 0.03372533
v 0.008785233 0.024476867 0.042964164
v 0.009566575 0.02480358 0.04736241
v 0.009635847 0.023959517 0.042964164
v 0.008785236 0.024476867 0.03372533
v 0.009635848 0.023959516 0.03372533
v 0.011756241 0.014338503 0.034174703
v 0.0026721954 0.016987562 0.033785522
v 0.0027688523 0.016318033 0.0344935
v 0.011875917 0.014869229 0.033770513
v 0.011864633 0.015155072 0.033716522
v 0.0028149148 0.017141424 0.03400665
v 0.012025915 0.015654027 0.034436364
v 0.011864633 0.015155072 0.033716522
v 0.0028603992 0.01754854 0.034474667
v -0.006351156 0.019758327 0.03159118
v -0.0070861015 0.019790322 0.029309822
v -0.0063489648 0.019679388 0.029292509
v -0.0070861015 0.019667396 0.03159839
v 0.012931758 0.011224187 0.04008052
v 0.013404786 0.01232415 0.04008052
v 0.01459708 0.012214174 0.04008052
v 0.014860926 0.011046256 0.04008052
v 0.013831707 0.01043441 0.040080525
v 0.012931758 0.011224187 0.04008052
v 0.013404786 0.01232415 0.036724452
v 0.013404786 0.01232415 0.04008052
v 0.012931758 0.011224187 0.03672445
v 0.014328643 0.0140955895 0.036724444
v 0.015191821 0.013265778 0.04008052
v 0.015191821 0.013265778 0.03672445
v 0.01432864 0.014095588 0.04008052
v 0.013686905 0.01984019 0.03672445
v 0.014877746 0.019715501 0.04008052
v 0.014877746 0.019715501 0.03672445
v 0.013686902 0.01984019 0.04008052
v 0.014502348 0.016726566 0.04008052
v 0.014417861 0.017920936 0.04008052
v 0.015527668 0.018370368 0.04008052
v 0.01629805 0.01745376 0.04008052
v 0.015664363 0.016437832 0.04008052
v 0.013831707 0.01043441 0.036724452
v 0.013404786 0.01232415 0.036724452
v 0.012931758 0.011224187 0.03672445
v 0.014597077 0.012214174 0.036724452
v 0.014860926 0.011046256 0.03672445
v 0.0034712476 0.026214896 0.04008052
v 0.0033297448 0.02814708 0.04008052
v 0.004102403 0.02723239 0.04008052
v 0.00222106 0.027694888 0.04008052
v 0.002308509 0.026500728 0.04008052
v 0.006643853 0.025249826 0.04008052
v 0.0068784063 0.027172934 0.04008052
v 0.0074597383 0.026126174 0.04008052
v 0.005703237 0.026943518 0.04008052
v 0.0055582738 0.025754971 0.04008052
v 0.012077704 0.02213763 0.04008052
v 0.013065102 0.023804486 0.04008052
v 0.013176925 0.022612365 0.04008052
v 0.01189678 0.024066528 0.04008052
v 0.011286527 0.02303635 0.04008052
v -0.0043319142 0.02987707 0.050971165
v -0.0032609883 0.029678067 0.05786203
v -0.0041425065 0.029620131 0.057987627
v -0.0032634009 0.029867604 0.05095315
v 0.0013583221 -0.021970237 0.0014815003
v 0.0004950028 -0.021592021 -0.000960841
v 0.00050654984 -0.021967813 0.0014493654
v 0.0013586999 -0.02157348 -0.00094155775
v 0.00050654984 -0.021967813 0.0014493654
v 0.0013570176 -0.021738749 0.0021797277
v 0.00052449416 -0.021236958 0.0026057684
v 0.0013110695 -0.021196116 0.002586405
v 0.0005423584 -0.019970873 0.002236422
v 0.0012828141 -0.019955283 0.0022352776
v 0.00050354004 -0.019189803 0.0006909429
v 0.0013724442 -0.019212428 0.00064981857
v 0.0004950028 -0.021592021 -0.000960841
v 0.00050354004 -0.019189803 0.0006909429
v 0.00050654984 -0.021967813 0.0014493654
v 0.0005423584 -0.019970873 0.002236422
v 0.00052449416 -0.021236958 0.0026057684
v 0.005833617 0.026821721 0.042964164
v 0.0064569474 0.026248401 0.047362406
v 0.00571907 0.02583274 0.042964164
v 0.005833621 0.026821721 0.03372533
v 0.005719074 0.02583274 0.03372533
v 0.012938752 0.009310307 0.042964164
v 0.012628708 0.008522209 0.047362406
v 0.011974981 0.009060613 0.042964164
v 0.012938749 0.009310307 0.03372533
v 0.011974981 0.009060613 0.03372533
v 0.014497299 0.0141125005 0.042964164
v 0.015330081 0.014266488 0.04736241
v 0.015219187 0.013426885 0.042964164
v 0.0144973025 0.014112494 0.03372533
v 0.015219193 0.013426879 0.03372533
v 0.015607739 0.016591117 0.042964164
v 0.01528511 0.01737415 0.047362406
v 0.016129514 0.017439019 0.042964164
v 0.015607743 0.016591117 0.03372533
v 0.016129514 0.017439019 0.03372533
v 0.00237252 0.027600577 0.042964164
v 0.0030948934 0.02715853 0.04736241
v 0.0024512475 0.026608104 0.042964164
v 0.0023725214 0.027600577 0.03372533
v 0.002451252 0.026608104 0.03372533
v 0.015199469 0.020771552 0.03372533
v 0.01380962 0.019957121 0.03372533
v 0.014800403 0.019859446 0.03372533
v 0.013596345 0.020929595 0.03372533
v 0.014455323 0.021432944 0.03372533
v 0.0129399905 0.023690606 0.03372533
v 0.012127393 0.022299686 0.03372533
v 0.013038975 0.022699952 0.03372533
v 0.011465025 0.023042966 0.03372533
v 0.01196724 0.023902599 0.03372533
v 0.0159133 0.014880562 0.03372533
v 0.014926283 0.015010922 0.042964164
v 0.014926283 0.015010922 0.03372533
v 0.015913298 0.014880568 0.042964164
v 0.015330081 0.014266488 0.04736241
v -0.0004439292 0.02987304 0.050966762
v 0.0005849047 0.029678931 0.057840534
v -0.00042044162 0.02965123 0.05795861
v 0.0006079702 0.029727448 0.055837817
v 0.0006202476 0.029870356 0.050971854
v 0.011864633 0.015155072 0.033716522
v 0.0028603992 0.01754854 0.034474667
v 0.012025915 0.015654027 0.034436364
v 0.0028149148 0.017141424 0.03400665
v 0.0028943252 0.021056022 0.005436838
v 0.0036236802 0.020792743 0.11631948
v 0.0029501268 0.020811692 0.1162588
v 0.003412588 0.02085006 0.024552329
v 0.0034601097 0.020836236 0.008722712
v 0.0028711625 0.021038033 -0.0021155921
v 0.003521244 0.020412954 0.021798594
v 0.0035207176 0.020617409 -0.00034988855
v 0.0028948288 0.021049313 -0.012784441
v 0.003524462 0.017758088 0.04596092
v 0.003613678 0.017757729 0.11681995
v 0.002858757 0.017323488 0.11672252
v 0.0028489896 0.017250352 0.04155273
v 0.0035206603 0.018035585 0.005165089
v 0.0034021568 0.017671337 0.03831232
v 0.0035206375 0.017822001 0.0021982302
v 0.0028447723 0.017285995 0.0018762331
v 0.003520775 0.02075491 -0.0065846373
v 0.0035207062 0.020728488 -0.012792733
v 0.0035205346 0.017886054 -0.00018877922
v 0.0035203628 0.017797517 -0.012771376
v 0.002845253 0.017302485 -0.012755635
v 0.011775934 0.0142667 0.047314655
v 0.002701405 0.017048875 0.047976278
v 0.011887593 0.014938534 0.04807146
v 0.0027833497 0.016307844 0.04733044
v 0.011887593 0.014938534 0.04807146
v 0.0027833497 0.016307844 0.04733044
v 0.011775934 0.0142667 0.047314655
v 0.002701405 0.017048875 0.047976278
v -0.002728157 -0.019985832 0.0023471892
v -0.0035656013 -0.019189691 0.00065012183
v -0.002672104 -0.019221054 0.00066902745
v -0.0034966965 -0.01962797 0.0018348945
v -0.0035340271 -0.020612583 0.0025911087
v -0.0027035638 -0.021319686 0.0025655997
v -0.0035323333 -0.021858435 0.0019679773
v -0.002685379 -0.021878557 0.0018580111
v -0.0035095138 -0.02194381 0.0010342881
v -0.0023034897 0.028825825 -0.017669357
v -0.004413231 0.028477378 -0.017563762
v 0.00026190947 0.027818218 -0.022334285
v 0.0020462952 0.028544996 -0.01771665
v 0.0025165558 0.027643502 -0.022216784
v 0.0030041886 0.026956066 -0.022033272
v 0.0030425035 0.027006669 -0.016336642
v 0.0034917984 0.023116747 -0.01255045
v 0.003826355 0.022340003 -0.02100134
v 0.0030885544 0.02677943 -0.013121886
v 0.0026255494 0.027082453 -0.012942512
v 0.0028363725 0.026705278 -0.01263403
v 0.0037993698 0.021915542 -0.0123764705
v 0.003949791 0.02218881 -0.012630512
v 0.0037993698 0.021915542 -0.0123764705
v 0.0039387587 0.017264796 -0.0195562
v 0.003788109 0.016916629 -0.0123841
v 0.0033238449 0.015836764 -0.019278174
v 0.0033115312 0.015923899 -0.012375576
v 0.0032079848 0.014771053 -0.011647512
v 0.0032647706 0.010154061 -0.012040701
v 0.0032309876 0.0144952545 -0.011050216
v 0.0032877962 0.009331296 -0.012805504
v 0.003248955 0.0092629 -0.017544756
v 0.0025946046 0.008026949 -0.01739111
v 0.0033580398 0.011603631 -0.0067729917
v 0.0032896958 0.014831583 -0.0101068765
v 0.0032829437 0.014908219 -0.007650058
v 0.0033853226 0.013893044 -0.006794011
v 0.003366005 0.012119013 -0.0064952997
v 0.0031289062 0.009596993 -0.012453819
v 0.002355423 0.0070346165 -0.012639406
v 0.0019443741 0.007066546 -0.012342605
v 0.002127434 0.0051807533 -0.012388894
v 0.0022404557 0.005146181 -0.01476879
v 0.0018783417 0.0046923077 -0.012481209
v 0.0021014558 0.006202233 -0.016806157
v 0.0020161972 0.0055230595 -0.01603962
v -0.0017875672 0.0027628145 0.014154219
v -0.00041062545 0.0035964644 0.012421655
v -0.0017666931 0.003600406 0.012327414
v -0.00043851472 0.002717669 0.014220023
v -0.0017618637 -0.0020185194 0.014716981
v -0.00043846894 -0.0010072195 0.014676207
v -0.00045588685 -0.0037516924 0.0152101405
v -0.0017675514 -0.003922809 0.015264515
v -0.00043154525 -0.005141464 0.016252523
v -0.0017619438 -0.0053322357 0.016833449
v -0.0005241051 -0.005280681 0.016811844
v -0.0063051223 0.021351386 -0.011013352
v -0.0069521028 0.021613233 -0.010884893
v -0.0070375903 0.021048056 -0.010965579
v -0.0058181304 0.02138047 -0.01106207
v -0.006912379 0.021521213 0.04922073
v -0.0070375903 0.021048056 -0.010965579
v -0.0069521028 0.021613233 -0.010884893
v -0.006929746 0.021069292 0.049225777
v -0.005671097 0.016544059 0.028476438
v -0.0054517537 0.017362652 0.028637864
v -0.0054138517 0.017504102 0.044492483
v -0.005664962 0.016566945 0.045890737
v -0.0073892726 0.010131737 0.02902124
v -0.005806881 0.016037308 0.027689502
v -0.00582006 0.01598811 0.052568123
v -0.0070498125 0.011398607 0.02740701
v -0.005644215 0.015471483 0.027386833
v -0.0070408843 0.010259023 0.0519118
v -0.007215942 0.010778609 0.052824948
v -0.006004701 0.015299021 0.053024694
v 0.012511245 0.0059033227 0.042964164
v 0.012201203 0.005115219 0.04736241
v 0.011547473 0.0056536226 0.042964164
v 0.012511242 0.0059033222 0.03372533
v 0.011547474 0.005653623 0.03372533
v 0.013596342 0.0209296 0.042964164
v 0.014372231 0.020590136 0.047362406
v 0.013809618 0.019957121 0.042964164
v 0.013596345 0.020929595 0.03372533
v 0.01380962 0.019957121 0.03372533
v 0.009014407 0.025445718 0.042964164
v 0.009566575 0.02480358 0.04736241
v 0.008785233 0.024476867 0.042964164
v 0.00901441 0.025445718 0.03372533
v 0.008785236 0.024476867 0.03372533
v 0.014640097 0.016825339 0.042964164
v 0.01528511 0.01737415 0.047362406
v 0.015607739 0.016591117 0.042964164
v 0.014640097 0.016825339 0.03372533
v 0.015607743 0.016591117 0.03372533
v 0.01146502 0.023042966 0.042964164
v 0.012307723 0.023127167 0.047362406
v 0.012127388 0.022299692 0.042964164
v 0.011465025 0.023042966 0.03372533
v 0.012127393 0.022299686 0.03372533
v 0.014479157 0.012080269 0.042964164
v 0.0139244115 0.011440361 0.047362406
v 0.013487244 0.012165704 0.042964164
v 0.014479159 0.012080269 0.03372533
v 0.013487249 0.012165704 0.03372533
v 0.0033148814 0.030704856 0.05674316
v 0.0030915355 0.030416308 0.05898872
v 0.0036854038 0.02999909 0.056412883
v 0.003583334 0.029938694 0.05884622
v 0.0036854038 0.02999909 0.056412883
v 0.003583334 0.029938694 0.05884622
v 0.0033148814 0.030704856 0.05674316
v 0.0030915355 0.030416308 0.05898872
v -0.00031888962 -0.0009303944 0.010570209
v -0.0032989883 0.0031490289 0.010245094
v -0.00041376115 0.0026943919 0.010566875
v -0.0033152162 -0.0010203029 0.010384259
v -0.0036227189 -0.00051609665 0.010068783
v -0.0025677222 -0.0029760553 0.010189694
v -0.0033908158 -0.02213533 -0.00050366105
v -0.0007968636 -0.02225949 0.00057675305
v -0.0015135728 -0.007823659 0.008046672
v -0.0037753945 -0.0072260774 0.006182864
v -0.0038121871 -0.0009819189 0.010005562
v -0.0037933616 -5.3753996E-05 0.0064214515
v -0.0032989883 0.0031490289 0.010245094
v -0.003815174 0.0014610701 0.003900311
v -0.004329472 0.0035310108 0.00232588
v -0.0036342088 0.003642565 0.002647874
v -0.0068381997 0.027890233 0.06695754
v -0.0047412184 0.028065909 0.06697075
v -0.0057441215 0.027503036 0.06698335
v -0.0066446858 0.03003337 0.066954836
v -0.0072480985 0.02899887 0.06696326
v -0.0045166626 0.029196804 0.066963956
v -0.0052361987 0.030118462 0.06697463
v -0.005748187 0.027504344 0.06178335
v -0.0057441215 0.027503036 0.06698335
v -0.0047412184 0.028065909 0.06697075
v -0.0048527727 0.028154265 0.061674025
v -0.0044998084 0.028627196 0.06184108
v -0.0045166626 0.029196804 0.066963956
v -0.0045150146 0.029220209 0.061845794
v -0.004785991 0.02975916 0.061844565
v -0.0052361987 0.030118462 0.06697463
v -0.005314439 0.030032415 0.061683048
v -0.0066446858 0.03003337 0.066954836
v -0.0059703053 0.030140562 0.061675992
v -0.006646783 0.030034924 0.061805632
v -0.007050588 0.029596712 0.061787546
v -0.0072480985 0.02899887 0.06696326
v -0.0072477236 0.02902502 0.06180855
v -0.0071788332 0.028419366 0.061814312
v -0.0068381997 0.027890233 0.06695754
v -0.0063427305 0.027581623 0.061788622
v -0.0057441215 0.027503036 0.06698335
v -0.005748187 0.027504344 0.06178335
v -0.005904854 0.021907935 0.11559176
v -0.0051091234 0.017787412 0.11693199
v -0.005871872 0.018108701 0.116728276
v -0.004977219 0.02168686 0.115929075
v -0.0051519927 0.022302283 0.115264826
v -0.0061086733 0.022071555 -0.012497829
v -0.0053991624 0.0224087 -0.0126301
v -0.005871872 0.018108701 0.116728276
v -0.006132065 0.018090708 -0.012462765
v -0.0051091234 0.017787412 0.11693199
v -0.005372841 0.01727396 -0.012623089
v 0.006809587 0.027018385 0.042964164
v 0.0064569474 0.026248401 0.047362406
v 0.005833617 0.026821721 0.042964164
v 0.006809587 0.027018385 0.03372533
v 0.005833621 0.026821721 0.03372533
v 0.013474045 0.008470874 0.042964164
v 0.012628708 0.008522209 0.047362406
v 0.012938752 0.009310307 0.042964164
v 0.013474046 0.008470874 0.03372533
v 0.012938749 0.009310307 0.03372533
v 0.015484342 0.018197278 0.042964164
v 0.01528511 0.01737415 0.047362406
v 0.014563834 0.017818002 0.042964164
v 0.015484347 0.01819728 0.03372533
v 0.014563839 0.017817996 0.03372533
v 0.012939992 0.023690606 0.042964164
v 0.012307723 0.023127167 0.047362406
v 0.011967234 0.023902602 0.042964164
v 0.0129399905 0.023690606 0.03372533
v 0.01196724 0.023902599 0.03372533
v 0.013851731 0.010596586 0.042964168
v 0.0139244115 0.011440361 0.047362406
v 0.014704428 0.011110501 0.042964164
v 0.013851734 0.010596581 0.03372533
v 0.0147044305 0.011110501 0.03372533
v 0.012413604 0.004295389 0.042964164
v 0.012201203 0.005115219 0.04736241
v 0.013046541 0.0050638854 0.042964168
v 0.012413608 0.004295389 0.03372533
v 0.013046541 0.0050638854 0.03372533
v 0.016094325 0.013901576 0.042964164
v 0.015330081 0.014266488 0.04736241
v 0.015913298 0.014880568 0.042964164
v 0.016094325 0.013901576 0.03372533
v 0.0159133 0.014880562 0.03372533
v 0.015199464 0.020771554 0.042964164
v 0.014372231 0.020590136 0.047362406
v 0.01445532 0.021432944 0.042964164
v 0.015199469 0.020771552 0.03372533
v 0.014455323 0.021432944 0.03372533
v 0.0032920872 0.02798214 0.042964164
v 0.0030948934 0.02715853 0.04736241
v 0.00237252 0.027600577 0.042964164
v 0.0032920886 0.027982144 0.03372533
v 0.0023725214 0.027600577 0.03372533
v 0.010390728 0.024608625 0.042964164
v 0.009566575 0.02480358 0.04736241
v 0.010006656 0.025527148 0.042964164
v 0.010390729 0.02460863 0.03372533
v 0.010006658 0.025527148 0.03372533
v 0.0033297448 0.02814708 0.03672445
v 0.00222106 0.027694888 0.04008052
v 0.0022210577 0.027694888 0.03672445
v 0.0033297448 0.02814708 0.04008052
v 0.0041024056 0.02723239 0.03672445
v 0.0033297448 0.02814708 0.03672445
v 0.0022210577 0.027694888 0.03672445
v 0.002308509 0.026500728 0.03672445
v 0.0034712476 0.026214896 0.03672445
v 0.014877746 0.019715501 0.03672445
v 0.013437499 0.021011282 0.03672445
v 0.013686905 0.01984019 0.03672445
v 0.014474204 0.021610366 0.036724452
v 0.015364318 0.020809531 0.03672445
v 0.011337162 0.0045808763 0.04008052
v 0.011416971 0.005775571 0.04008052
v 0.012577854 0.0060688485 0.04008052
v 0.0132155055 0.0050554127 0.04008052
v 0.012448722 0.0041357963 0.04008052
v 0.011764667 0.007987866 0.04008052
v 0.011844477 0.009182557 0.04008052
v 0.013005361 0.009475833 0.04008052
v 0.013643012 0.008462397 0.040080525
v 0.012876227 0.0075427867 0.04008052
v 0.011764667 0.007987866 0.04008052
v 0.0118444795 0.009182558 0.036724452
v 0.011844477 0.009182557 0.04008052
v 0.01176467 0.007987867 0.036724444
v 0.012876227 0.0075427867 0.03672445
v 0.0118444795 0.009182558 0.036724452
v 0.01176467 0.007987867 0.036724444
v 0.013005361 0.009475833 0.036724452
v 0.013643015 0.008462397 0.036724452
v 0.013686902 0.01984019 0.04008052
v 0.013437499 0.021011282 0.04008052
v 0.014474201 0.021610368 0.04008052
v 0.015364318 0.020809531 0.04008052
v 0.014877746 0.019715501 0.04008052
v 0.012448722 0.0041357963 0.03672445
v 0.011416974 0.005775571 0.036724452
v 0.011337159 0.0045808763 0.036724444
v 0.012577854 0.0060688485 0.036724452
v 0.0132155055 0.0050554127 0.03672445
v 0.010548252 0.02456517 0.03672445
v 0.0086164605 0.024418393 0.03672445
v 0.009635673 0.023790017 0.036724444
v 0.00889913 0.025581906 0.03672445
v 0.010093044 0.025672615 0.03672445
v 0.0086164605 0.024418393 0.03672445
v 0.009635673 0.023790017 0.04008052
v 0.009635673 0.023790017 0.036724444
v 0.008616458 0.024418393 0.04008052
v 0.0074597383 0.026126174 0.03672445
v 0.0068784035 0.027172934 0.03672445
v 0.0057032397 0.026943518 0.03672445
v 0.0055582738 0.025754971 0.03672445
v 0.006643853 0.025249826 0.03672445
v 0.0068784035 0.027172934 0.03672445
v 0.005703237 0.026943518 0.04008052
v 0.0057032397 0.026943518 0.03672445
v 0.0068784063 0.027172934 0.04008052
v 0.015191821 0.013265778 0.03672445
v 0.016247747 0.013830291 0.03672445
v 0.016037177 0.015008985 0.03672445
v 0.014851103 0.0151729435 0.03672445
v 0.014328643 0.0140955895 0.036724444
v 0.009635673 0.023790017 0.04008052
v 0.008616458 0.024418393 0.04008052
v 0.00889913 0.025581906 0.04008052
v 0.010093041 0.025672615 0.04008052
v 0.010548252 0.02456517 0.04008052
v 0.015527668 0.018370368 0.04008052
v 0.01629805 0.01745376 0.03672445
v 0.01629805 0.01745376 0.04008052
v 0.015527671 0.018370368 0.03672445
v 0.015664363 0.016437832 0.04008052
v 0.014502351 0.016726566 0.03672445
v 0.014502348 0.016726566 0.04008052
v 0.015664363 0.016437832 0.03672445
v 0.01432864 0.014095588 0.04008052
v 0.014851103 0.0151729435 0.04008052
v 0.016037174 0.015008985 0.04008052
v 0.016247747 0.013830291 0.04008052
v 0.015191821 0.013265778 0.04008052
v 0.013176925 0.022612365 0.036724452
v 0.011286527 0.02303635 0.03672445
v 0.012077707 0.02213763 0.03672445
v 0.01189678 0.024066528 0.036724452
v 0.013065104 0.023804486 0.036724452
v 0.015664363 0.016437832 0.03672445
v 0.01629805 0.01745376 0.03672445
v 0.015527671 0.018370368 0.03672445
v 0.014417861 0.017920936 0.03672445
v 0.014502351 0.016726566 0.03672445
v 0.012876227 0.0075427867 0.03672445
v 0.013643012 0.008462397 0.040080525
v 0.013643015 0.008462397 0.036724452
v 0.012876227 0.0075427867 0.04008052
v 0.012448722 0.0041357963 0.03672445
v 0.0132155055 0.0050554127 0.04008052
v 0.0132155055 0.0050554127 0.03672445
v 0.012448722 0.0041357963 0.04008052
v 0.01189678 0.024066528 0.04008052
v 0.013065104 0.023804486 0.036724452
v 0.013065102 0.023804486 0.04008052
v 0.01189678 0.024066528 0.036724452
v -0.0005241051 -0.005280681 0.016811844
v -0.0017619438 -0.0053322357 0.016833449
v -0.00044642258 -0.0033016116 0.016309882
v -0.0017464829 -0.0031952134 0.016311035
v -0.00047443772 -0.001214233 0.016812202
v -0.0017631454 -0.0010845442 0.016936507
v -0.001795887 0.000102235696 0.018082269
v -0.00043244933 -0.00012788102 0.017753586
v -0.0004447632 0.0012395255 0.019914245
v -0.0017781258 0.0013156681 0.019961122
v -0.0017447892 0.0032578378 0.020610858
v -0.0004138069 0.0035951664 0.02035947
v -0.0017871322 0.00360198 0.020366566
v 0.011756241 0.014338503 0.034174703
v 0.0027688523 0.016318033 0.0344935
v 0.011875917 0.014869229 0.033770513
v 0.0028149148 0.017141424 0.03400665
v 0.011864633 0.015155072 0.033716522
v -0.006929746 0.021069292 0.049225777
v -0.006912379 0.021521213 0.04922073
v -0.0061890814 0.021325918 0.04923547
v -0.0056869206 0.02161571 0.049240656
v -0.0056730914 0.018255476 0.049280435
v -0.006186499 0.01864395 0.04926708
v -0.006883895 0.018239684 0.04925988
v -0.0068167304 0.018950973 0.049252678
v 0.0032920886 0.027982144 0.03372533
v 0.0034194763 0.026376292 0.03372533
v 0.003939138 0.027225494 0.03372533
v 0.002451252 0.026608104 0.03372533
v 0.0023725214 0.027600577 0.03372533
v 0.0147044305 0.011110501 0.03372533
v 0.013099477 0.011248733 0.03372533
v 0.013851734 0.010596581 0.03372533
v 0.013487249 0.012165704 0.03372533
v 0.014479159 0.012080269 0.03372533
v 0.006809587 0.027018385 0.03372533
v 0.006624251 0.025418188 0.03372533
v 0.007298227 0.02615096 0.03372533
v 0.005719074 0.02583274 0.03372533
v 0.005833621 0.026821721 0.03372533
v 0.010006658 0.025527148 0.03372533
v 0.00901441 0.025445718 0.03372533
v 0.008785236 0.024476867 0.03372533
v 0.009635848 0.023959516 0.03372533
v 0.010390729 0.02460863 0.03372533
v 0.013046541 0.0050638854 0.03372533
v 0.012511242 0.0059033222 0.03372533
v 0.011547474 0.005653623 0.03372533
v 0.011487137 0.0046598627 0.03372533
v 0.012413608 0.004295389 0.03372533
v 0.013474046 0.008470874 0.03372533
v 0.012938749 0.009310307 0.03372533
v 0.011974981 0.009060613 0.03372533
v 0.0119146425 0.0080668535 0.03372533
v 0.012841115 0.007702374 0.03372533
v 0.016094325 0.013901576 0.03372533
v 0.0144973025 0.014112494 0.03372533
v 0.015219193 0.013426879 0.03372533
v 0.014926283 0.015010922 0.03372533
v 0.0159133 0.014880562 0.03372533
v 0.016129514 0.017439019 0.03372533
v 0.015484347 0.01819728 0.03372533
v 0.014563839 0.017817996 0.03372533
v 0.014640097 0.016825339 0.03372533
v 0.015607743 0.016591117 0.03372533
v -0.0063051223 0.021351386 -0.011013352
v -0.005833168 0.02135225 -0.012277354
v -0.0058181304 0.02138047 -0.01106207
v -0.006256096 0.021342063 -0.012257503
v 0.0052774968 0.027740905 0.048094925
v 0.0061989906 0.023194494 0.04812183
v 0.007047001 0.027743196 0.048384506
v 0.007625788 0.02313157 0.0485657
v 0.007850577 0.027736256 0.048978195
v 0.008182844 0.023108227 0.049284514
v 0.008277331 0.027559139 0.0497537
v 0.008282935 0.02311742 0.049664296
v 0.008132679 0.027710386 0.049727023
v 0.0034988709 0.02309567 -0.021269413
v 0.0022873078 0.027776726 -0.022461899
v 0.0031184694 0.027077511 -0.022283308
v -0.0012443848 0.028103746 -0.022606924
v -0.004548454 0.027691439 -0.022616725
v -0.005308022 0.02700241 -0.022269707
v -0.0057332614 0.02304761 -0.021335382
v -0.006149208 0.022341967 -0.02108391
v -0.006220093 0.016886663 -0.019831616
v 0.00400811 0.022377566 -0.021086382
v 0.0040620575 0.017243372 -0.019779192
v 0.0034512405 0.015673973 -0.01938003
v -0.0056490786 0.015590896 -0.019365015
v -0.005475906 0.009171537 -0.017730469
v 0.0033225403 0.00919736 -0.017731298
v 0.0028852157 0.008359676 -0.017518569
v 0.0013078765 0.0071542324 -0.017212832
v -0.0010199661 0.006806819 -0.017125845
v -0.0035341645 0.0071783746 -0.017221838
v -0.0070960466 0.010053168 0.02902124
v -0.0073892726 0.010131737 0.02902124
v -0.0070408843 0.010259023 0.0519118
v -0.0070498125 0.011398607 0.02740701
v 0.0025165558 0.027643502 -0.022216784
v 0.00026190947 0.027818218 -0.022334285
v 0.0030041886 0.026956066 -0.022033272
v -0.0050831907 0.02695083 -0.022115508
v -0.004588806 0.027727224 -0.02221948
v 0.003826355 0.022340003 -0.02100134
v -0.005954453 0.022264604 -0.021063648
v 0.0039387587 0.017264796 -0.0195562
v -0.0060677947 0.017028198 -0.019543024
v -0.005512024 0.015720058 -0.019199274
v 0.0033238449 0.015836764 -0.019278174
v -0.005225418 0.009033575 -0.017543307
v 0.0025946046 0.008026949 -0.01739111
v -0.004250542 0.0065320516 -0.016961353
v 0.0021014558 0.006202233 -0.016806157
v -0.0042352523 0.005827153 -0.016460013
v 0.0020161972 0.0055230595 -0.01603962
v -0.004303963 0.004830296 -0.014077114
v 0.0022404557 0.005146181 -0.01476879
v 0.0018783417 0.0046923077 -0.012481209
v -0.0042410432 0.004717124 -0.012549453
v -0.004144272 0.024624173 -0.011939729
v 0.0021114121 0.024623323 -0.012437661
v 0.0019320602 0.024620667 -0.011911828
v -0.0043533556 0.024621105 -0.012444219
v -2.4736404E-05 -0.0052136867 0.02546484
v -5.056572E-05 -0.005740582 0.02428166
v -0.00010020447 -0.005926138 0.024442898
v -5.6419372E-05 -0.0060844286 0.012669789
v -2.2830964E-05 -0.0057837768 0.012479379
v -5.5057528E-05 -0.0059451126 0.0124142645
v -2.3975372E-05 -0.0048307427 0.012019323
v -5.7735444E-05 -0.0050460245 0.011831238
v -4.0935516E-05 0.0035972097 0.011905977
v 0.0036854038 0.02999909 0.056412883
v 0.0036745304 0.024359187 0.055218767
v 0.0038345205 0.024805982 0.055118803
v 0.0038969566 0.019402897 0.05443251
v 0.011697082 0.018607374 0.047690634
v 0.011643571 0.019680396 0.047639396
v 0.012001861 0.01912814 0.047641892
v 0.01100687 0.019562652 0.047689028
v 0.011130285 0.018544612 0.047691483
v 0.0107512865 0.01900179 0.047686767
v -2.4736404E-05 -0.0052136867 0.02546484
v -4.29554E-05 -0.0039904206 0.026333267
v -2.0753861E-05 -0.0040054074 0.026150042
v -3.848648E-05 0.00345027 0.026355742
v -0.0070861015 0.019790322 0.029309822
v -0.0074665262 0.02258599 0.029357437
v -0.0074571017 0.019713486 0.029386515
v -0.0069566173 0.024840662 0.02929705
v -0.007233656 0.025022924 0.029332243
v -0.006475216 0.025302472 0.029299427
v -0.006570488 0.025547488 0.029342715
v -0.0012067566 0.025662227 0.029349953
v -0.0054517537 0.017362652 0.028637864
v -0.005671097 0.016544059 0.028476438
v -0.0053778705 0.016465489 0.028476438
v -0.005806881 0.016037308 0.027689502
v -0.0021567536 0.0035943594 0.011567958
v -0.0021303864 -0.0049339915 0.0120730195
v -0.00211108 -0.0050149634 0.011784852
v -0.0021327438 -0.0057918006 0.012599948
v -0.0021057015 -0.006071181 0.012685867
v -0.0021081676 -0.005743259 0.024174716
v -0.0021197833 -0.0059217606 0.024375414
v -0.0021538297 -0.0049923607 0.025404576
v -0.0021568509 -0.0051075676 0.025621943
v -0.0021496753 -0.00404609 0.026034579
v -0.0021427632 -0.0038602063 0.02632475
v -0.0021648903 0.0034467608 0.026352279
v -0.0034966965 -0.01962797 0.0018348945
v -0.0035513649 -0.021584272 -0.0009339245
v -0.0035656013 -0.019189691 0.00065012183
v -0.0035095138 -0.02194381 0.0010342881
v -0.0035340271 -0.020612583 0.0025911087
v -0.0035323333 -0.021858435 0.0019679773
v 0.0005817776 0.025110278 0.03316506
v 0.0047589513 0.025105327 0.033160836
v 0.0046783905 0.025411882 0.03319658
v 0.0068856296 0.023787852 0.033157527
v 0.0071085948 0.02386278 0.03316167
v 0.0072617857 0.022790005 0.033162553
v -0.0058331224 0.018317902 -0.01230811
v -0.006256096 0.021342063 -0.012257503
v -0.006258293 0.018301263 -0.012257189
v -0.005833168 0.02135225 -0.012277354
v 0.011697082 0.018607374 0.047690634
v 0.0114012 0.018495042 0.03420294
v 0.011130285 0.018544612 0.047691483
v 0.011935684 0.018808967 0.034264646
v 0.012001861 0.01912814 0.047641892
v 0.011898805 0.019448183 0.034301538
v 0.011643571 0.019680396 0.047639396
v 0.011650572 0.019691555 0.03427188
v 0.01100687 0.019562652 0.047689028
v 0.010791584 0.019311994 0.034207385
v 0.0107512865 0.01900179 0.047686767
v 0.010854572 0.018700518 0.034207053
v 0.011130285 0.018544612 0.047691483
v 0.0114012 0.018495042 0.03420294
v -0.0027964269 0.025406592 0.033191223
v -0.0028231202 0.025116658 0.0331694
v -0.0016528645 0.024310393 0.033172745
v -0.006684208 0.025397358 0.033263307
v -0.006571501 0.025099197 0.033199042
v 0.0032239438 0.009449487 0.030252451
v 0.0031658534 0.00766823 0.030329874
v 0.0032958125 0.009257843 0.030435914
v 0.003276066 0.0072904252 0.029797912
v 0.0033847447 0.007130276 0.028195333
v 0.0033575364 0.0094519025 0.027201854
v 0.00333506 0.0071845395 0.026005087
v 0.0033443356 0.010314553 0.026058123
v 0.0033907243 0.005568409 0.026784305
v 0.003380356 0.0046824613 0.027388224
v 0.0032461968 0.00480778 0.025968807
v 0.0032845289 0.0038541693 0.026265
v 0.0032684098 0.0047814017 0.025020355
v 0.0033589038 0.003930869 0.024703177
v 0.0033869192 0.0073657474 0.024816087
v 0.0033050594 0.010342089 0.022775939
v 0.0033064843 0.008027477 0.022726271
v 0.0033900833 0.006358441 0.023995059
v 0.0033233415 0.005857297 0.022885477
v 0.0033920575 0.0051745637 0.024081843
v 0.0033813515 0.00427153 0.023819664
v 0.0033478546 0.0050018923 0.023162445
v 0.008296309 0.002884121 0.031507872
v 0.007790325 0.0070024594 0.04008659
v 0.007973065 0.0065763094 0.03083897
v 0.0081962785 0.0028563992 0.049127705
v 0.007884059 0.0067951963 0.0492107
v 0.008567995 0.0028485227 0.049492892
v 0.007884059 0.0067951963 0.0492107
v 0.008678674 0.0067575797 0.05009001
v 0.013070935 0.002632358 0.049615115
v 0.016527187 0.006940791 0.050229196
v 0.017210325 0.0027874142 0.049275868
v 0.017622875 0.006995236 0.049869254
v 0.017569875 0.0028499735 0.048644688
v 0.017622875 0.006995236 0.049869254
v 0.017674593 0.0029833068 0.032018237
v 0.017912647 0.0070531648 0.03168173
v 0.017402675 0.0028533307 0.031563934
v 0.017626757 0.0069868234 0.030572219
v 0.017210325 0.0027874142 0.049275868
v 0.017569875 0.0028499735 0.048644688
v 0.015015942 0.0026750315 0.031568386
v 0.013070935 0.002632358 0.049615115
v 0.011142752 0.0026822358 0.03129035
v 0.008567995 0.0028485227 0.049492892
v 0.008296309 0.002884121 0.031507872
v 0.0081962785 0.0028563992 0.049127705
v 0.008925962 0.0066476064 0.030551955
v 0.008296309 0.002884121 0.031507872
v 0.007973065 0.0065763094 0.03083897
v 0.011276545 0.006818298 0.030464321
v 0.011142752 0.0026822358 0.03129035
v 0.01305788 0.0064245695 0.030676048
v 0.015015942 0.0026750315 0.031568386
v 0.017626757 0.0069868234 0.030572219
v 0.017402675 0.0028533307 0.031563934
v 0.01814133 -0.01129962 0.050926015
v 0.01820161 -0.009874545 0.051861558
v 0.018253177 0.0050091934 0.051222794
v 0.0038750153 0.024732757 0.080586
v 0.0043762205 0.02537667 0.08165935
v 0.0038430518 0.025171114 0.081647664
v 0.0043762205 0.02537667 0.08165935
v 0.00440514 0.02503007 0.08056563
v 0.0038478929 0.025249783 0.07955307
v 0.0043458594 0.025496107 0.0795879
v 0.0023529588 0.030118566 0.04855722
v 0.002309606 0.028200056 0.04860987
v -0.0052961055 0.028190669 0.04855247
v 0.0023529588 0.030118566 0.04855722
v -0.005272342 0.030182872 0.048516255
v 0.0009807129 0.017999867 0.119944714
v -0.0031926269 0.018001588 0.119855516
v -0.0038791352 0.01608585 0.11980747
v -0.0038791352 0.01608585 0.11980747
v 0.0017131348 0.016155714 0.11986718
v -0.0053256457 0.015701948 0.11983721
v 0.0017131348 0.016155714 0.11986718
v 0.0028783036 0.016002858 0.11987742
v -0.0050424044 0.007887259 0.11982641
v -0.0050424044 0.007887259 0.11982641
v 0.0029013748 0.007868177 0.1198468
v 0.0031701508 0.012547145 0.11991885
v 0.003159897 0.015885185 0.12022345
v 0.0031244203 0.01582062 0.122673444
v 0.0031244203 0.01582062 0.122673444
v 0.0028777772 0.007890221 0.12273404
v 0.0029013748 0.007868177 0.1198468
v -0.0018312378 0.031839684 0.1354839
v -0.0018872452 0.03307855 0.13348925
v -0.001892189 0.0330875 0.13550676
v -0.0018312378 0.031839684 0.1354839
v -0.0018985977 0.031811167 0.13235293
v 0.0028777772 0.007890221 0.12273404
v -0.0050424044 0.007887259 0.11982641
v -0.0052659987 0.008228172 0.12274725
v -0.0050424044 0.007887259 0.11982641
v 0.0029013748 0.007868177 0.1198468
v 0.0033419495 0.024329532 0.03319705
v 0.003322443 0.026729193 0.034268185
v 0.0043658637 0.026482353 0.033232674
v 0.0057684057 0.026684424 0.034621317
v 0.006342459 0.026786225 0.03327821
v 0.0064498875 0.0266978 0.042885013
v 0.0065935194 0.026832903 0.03353381
v 0.005619337 0.02669107 0.047927342
v 0.006330662 0.026712121 0.04848251
v 0.0065113385 0.026849033 0.046829283
v 0.006330662 0.026712121 0.04848251
v 0.006713137 0.02726187 0.048560217
v 0.007014141 0.027686011 0.033435237
v 0.007018611 0.028756885 0.048563737
v 0.0070131915 0.028302584 0.033275563
v 0.006824335 0.029753841 0.033389486
v 0.006453628 0.03001006 0.048465207
v 0.006490551 0.030074604 0.035299808
v 0.004715106 0.030107766 0.04121279
v 0.006093035 0.029970046 0.033278305
v 0.0031481448 0.030078685 0.048632544
v 0.004723417 0.030126886 0.03553126
v 0.006093035 0.029970046 0.033278305
v 0.0023529588 0.030118566 0.04855722
v 0.003000545 0.030108552 0.052322216
v -0.005272342 0.030182872 0.048516255
v -0.0060992963 0.030189855 0.043146905
v -0.008734682 0.030209364 0.042985596
v -0.00711447 0.030212691 0.041066222
v -0.009005299 0.030089254 0.033125523
v 0.002933773 0.029495955 0.053604543
v 0.0023859758 0.030040689 0.052659262
v 0.003000545 0.030108552 0.052322216
v 0.0023859758 0.030040689 0.052659262
v 0.002933773 0.029495955 0.053604543
v 0.0023014469 0.02908097 0.05383547
v -0.009005299 0.030089254 0.033125523
v -0.007020793 0.030230513 0.03541348
v -0.009258439 0.029962838 0.042856343
v 0.0030448423 0.028959123 0.05388837
v 0.0023014469 0.02908097 0.05383547
v 0.0023014469 0.02908097 0.05383547
v 0.0023039188 0.028152477 0.05394496
v 0.00306725 0.02790085 0.053887784
v 0.002289412 0.02767572 0.053784452
v 0.003051038 0.027055481 0.053243212
v 0.0022882777 0.026969593 0.053131446
v 0.0030522086 0.026738921 0.052255012
v -0.006407444 0.030103758 0.033133425
v -0.007020793 0.030230513 0.03541348
v 0.0034944077 0.030038295 0.033192366
v -0.004936678 0.03002739 0.026828488
v 0.0022486725 0.030005014 0.026856966
v 0.004097872 0.029713294 0.0332078
v 0.0043658637 0.026482353 0.033232674
v 0.0021671907 0.030085374 -0.01213984
v -0.0043990174 0.030101312 -0.012207382
v 0.0027848054 0.026874345 0.026921717
v 0.0028882085 0.024262019 0.026976096
v 0.0043991376 0.024269048 0.033047654
v 0.0029321823 0.02428977 0.010570017
v 0.0027096635 0.02971246 -0.012135623
v 0.0030942764 0.02663521 -0.012107808
v 0.0030412446 0.02426667 -0.012225453
v 0.0024575272 0.025113007 -0.017047927
v 0.002260826 0.024358518 -0.017112505
v 0.0023346862 0.028642036 -0.017035464
v 0.0018949356 0.028850049 -0.017052934
v -0.004182129 0.028780306 -0.017068194
v -0.004374115 0.028773794 -0.016819874
v -0.0051950915 0.02430378 -0.012257124
v -0.004936678 0.03002739 0.026828488
v -0.005570549 0.024317654 0.02682993
v -0.0071432246 0.024354875 0.033152405
v -0.006407444 0.030103758 0.033133425
v -0.004893631 0.024291499 -0.013723761
v -0.0044657364 0.026898392 -0.017139971
v -0.0044173966 0.02446175 -0.017077675
v -0.0026273804 0.024445496 -0.017108843
v -0.0044657364 0.026898392 -0.017139971
v 0.0018949356 0.028850049 -0.017052934
v 0.0006278229 0.02441163 -0.017046083
v 0.0023346862 0.028642036 -0.017035464
v -0.0044173966 0.02446175 -0.017077675
v -0.0026273804 0.024445496 -0.017108843
v 0.0023346862 0.028642036 -0.017035464
v 0.0024575272 0.025113007 -0.017047927
v 0.005619337 0.02669107 0.047927342
v 0.0023915158 0.028188886 0.04790661
v 0.0024180387 0.026738076 0.048003457
v 0.0023915158 0.028188886 0.04790661
v 0.0056110867 0.028175732 0.047912873
v -0.0042472803 0.0354608 0.0027240904
v -0.004808693 0.035265766 0.0024720454
v -0.0042577973 0.03586472 0.004253548
v -0.004822403 0.03590166 0.004163426
v -0.004270237 0.03536122 0.005435036
v -0.004808693 0.035265766 0.0024720454
v -0.004834511 0.035441548 0.0054220012
v -0.004270237 0.03536122 0.005435036
v -0.004798336 0.03449421 0.0060745203
v -0.004798336 0.03449421 0.0060745203
v -0.004283169 0.03399292 0.0062508397
v -0.0004978638 0.02269481 0.18534544
v -0.0004538727 0.023224248 0.18536349
v -0.00047991943 0.022695383 0.18826422
v -0.001086319 0.02283871 0.18417342
v -0.0004538727 0.023224248 0.18536349
v -0.001086319 0.02283871 0.18417342
v -0.001094925 0.023339445 0.18355289
v -0.009157211 0.02815951 0.03415595
v -0.009172946 0.024343729 0.034058183
v -0.009005299 0.030089254 0.033125523
v 0.0043658637 0.026482353 0.033232674
v 0.003322443 0.026729193 0.034268185
v -0.0064459303 0.025040394 0.080712974
v -0.0061146356 0.026011826 0.07792043
v -0.0064050867 0.025461 0.07960585
v 0.0031182861 0.021450931 0.109701015
v 0.002882492 0.024728447 0.10979876
v 0.0021229936 0.025613494 0.10968838
v 0.0023033067 0.030400462 -0.004184568
v 0.0027052688 0.03338064 -0.0037389686
v 0.0023769035 0.0352327 -0.002965559
v -0.0053307177 0.026770059 0.04856713
v -0.006175134 0.026755607 0.048554376
v -0.005399484 0.026908742 0.052632827
v -0.0062128315 0.026952457 0.052897867
v -0.006175134 0.026755607 0.048554376
v -0.006207919 0.027477093 0.05359706
v -0.0053876154 0.027860845 0.053816043
v -0.0062128315 0.026952457 0.052897867
v -0.006139943 0.02790562 0.053817175
v -0.0053876154 0.027860845 0.053816043
v -0.005435427 0.028853228 0.05387751
v -0.0061781416 0.028955014 0.05383242
v -0.005333938 0.029635394 0.053401846
v -0.006117163 0.030033229 0.05278254
v -0.005333938 0.029635394 0.053401846
v -0.00621241 0.03010872 0.0521976
v -0.0053669936 0.030152751 0.052375127
v -0.0060992963 0.030189855 0.043146905
v -0.005333938 0.029635394 0.053401846
v -0.006117163 0.030033229 0.05278254
v -0.0063206404 0.024335656 0.03413846
v -0.0071432246 0.024354875 0.033152405
v -0.009176937 0.024490869 0.033129975
v -0.0063206404 0.024335656 0.03413846
v -0.009172946 0.024343729 0.034058183
v 0.0023859758 0.030040689 0.052659262
v 0.0023014469 0.02908097 0.05383547
v 0.0023529588 0.030118566 0.04855722
v 0.002309606 0.028200056 0.04860987
v 0.0023529588 0.030118566 0.04855722
v 0.0023039188 0.028152477 0.05394496
v 0.002289412 0.02767572 0.053784452
v 0.0022882777 0.026969593 0.053131446
v 0.0024180387 0.026738076 0.048003457
v 0.0023915158 0.028188886 0.04790661
v -0.0017254486 0.019154197 0.18821315
v -0.0016741334 0.019678071 0.18821596
v -0.0017288818 0.019158326 0.18551025
v 0.0006986389 0.018045004 0.122659184
v -0.0030260927 0.017945942 0.12268665
v -0.0031926269 0.018001588 0.119855516
v -0.0031926269 0.018001588 0.119855516
v 0.0009807129 0.017999867 0.119944714
v -0.0038072434 0.016040536 0.122761235
v -0.0030260927 0.017945942 0.12268665
v -0.0038791352 0.01608585 0.11980747
v -0.005255081 0.015970295 0.122520424
v -0.0053256457 0.015701948 0.11983721
v 0.0010489426 0.017653126 0.122699596
v 0.0006986389 0.018045004 0.122659184
v 0.0017131348 0.016155714 0.11986718
v 0.0016175079 0.016091298 0.122685745
v 0.0028783036 0.016002858 0.11987742
v 0.003159897 0.015885185 0.12022345
v 0.0031244203 0.01582062 0.122673444
v -0.0024371338 0.030978553 0.13543053
v 0.00046206664 0.02457026 0.13545655
v -0.0024623107 0.024559628 0.13547792
v 0.000498848 0.031036291 0.13543905
v 0.00046206664 0.02457026 0.13545655
v -0.0018312378 0.031839684 0.1354839
v -0.0018312378 0.031839684 0.1354839
v -0.0001239624 0.031776205 0.13549308
v -0.00012226868 0.03310341 0.13553771
v -0.001892189 0.0330875 0.13550676
v -0.001750122 0.03388007 0.13550109
v 0.00035865785 0.0342439 0.13548085
v 0.0012545929 0.0346737 0.13548541
v 0.0007797318 0.034872483 0.13549086
v 0.0014038238 0.035747003 0.13550508
v 0.00060482026 0.03628437 0.13549389
v 0.00047355652 0.03722167 0.13547555
v -0.00043826294 0.037668746 0.1354521
v -0.0013614349 0.03714767 0.13549615
v -0.0023944245 0.037335806 0.13540539
v -0.0025907592 0.03637998 0.13552585
v -0.003042572 0.03665206 0.13548233
v -0.002826393 0.035726514 0.13551727
v -0.002959923 0.034173727 0.13551213
v -0.001892189 0.0330875 0.13550676
v -0.0024693375 0.034458883 0.13548896
v -0.0051703034 0.007878286 0.12279672
v -0.0053050234 0.0067193736 0.116575964
v -0.0053107683 0.007887957 0.11647372
v -0.0051703034 0.007878286 0.12279672
v -0.005207291 0.0068556503 0.12273472
v 0.0031556627 0.0067945705 0.11648883
v -0.0053107683 0.007887957 0.11647372
v -0.0053050234 0.0067193736 0.116575964
v -0.0053107683 0.007887957 0.11647372
v 0.0031842042 0.007830297 0.11659215
v -0.0064009554 0.025468621 0.098332144
v -0.0059035607 0.024718475 0.09732588
v -0.0058840713 0.025263028 0.09837077
v 0.002855633 0.035798978 0.0037383689
v 0.0023102188 0.035808522 0.0042266087
v 0.0028485605 0.03515392 0.0058245873
v 0.0028724212 0.03484757 0.0021902116
v 0.00231435 0.035277877 0.002648193
v 0.0023102188 0.035808522 0.0042266087
v 0.002855633 0.035798978 0.0037383689
v 0.00231435 0.035277877 0.002648193
v 0.00229414 0.035228066 0.0055670664
v 0.0028485605 0.03515392 0.0058245873
v 0.0022777405 0.034304325 0.0062127137
v 0.0028485605 0.03515392 0.0058245873
v 0.003240509 0.006887216 0.12277937
v 0.0031842042 0.007830297 0.11659215
v 0.0031556627 0.0067945705 0.11648883
v -0.0044960175 0.026483415 0.102718726
v -0.0041339835 0.027047444 0.10153572
v -0.004717964 0.027005585 0.10270555
v -0.0037928468 0.026485967 0.10154746
v -0.0041339835 0.027047444 0.10153572
v -0.004342678 0.027004903 0.10093274
v -0.004342678 0.027004903 0.10093274
v -0.0044998396 0.026504597 0.10038875
v -0.005496128 0.026645748 0.099873245
v -0.004342678 0.027004903 0.10093274
v -0.0044998396 0.026504597 0.10038875
v -0.0051899757 0.026180191 0.1000712
v -0.005813038 0.026315218 0.09998431
v -0.0058804094 0.025182644 0.10052418
v -0.0064107627 0.025440866 0.10055967
v -0.005865898 0.026344746 0.098959625
v -0.004342678 0.027004903 0.10093274
v -0.0064009554 0.025468621 0.098332144
v -0.0064107627 0.025440866 0.10055967
v -0.004567703 0.027044896 0.09827852
v -0.004342678 0.027004903 0.10093274
v -0.004567703 0.027044896 0.09827852
v -0.004119976 0.027048014 0.097271815
v -0.0041339835 0.027047444 0.10153572
v -0.0026945686 0.027058152 0.101375304
v -0.0025078126 0.02705696 0.097908735
v -0.0026853103 0.027054682 0.106081
v -0.0041301497 0.02704753 0.106310844
v -0.0047028353 0.027014727 0.10517506
v -0.004717964 0.027005585 0.10270555
v -0.0024662705 0.02705266 0.10715208
v -0.0045569 0.027029194 0.11070852
v -0.0046078265 0.027000435 0.10741555
v -0.005815361 0.026398102 0.107938536
v -0.0058392333 0.026226131 0.110797055
v -0.006351631 0.02564979 0.110625505
v -0.006431076 0.025303347 0.10715421
v -0.0017615204 0.02706144 0.107868634
v 0.0024378663 0.026949156 0.11080583
v -0.0015913009 0.026483357 0.10761571
v -0.0006297455 0.027063515 0.10797688
v -0.0023872606 0.02648683 0.10615519
v -4.335022E-05 0.02651643 0.10727817
v -0.0023006059 0.027059468 0.10516334
v -0.0013886032 0.026486535 0.10497729
v 0.00018175507 0.027060179 0.10745274
v 0.00061997224 0.027057106 0.106424205
v 0.00035529328 0.026482802 0.10638235
v 0.0024549866 0.027033245 0.107312314
v 0.003271202 0.0267207 0.10795854
v 0.003869156 0.026103707 0.110808335
v 0.003986023 0.026129883 0.10798575
v 0.0043561934 0.025485735 0.1106773
v 0.004415039 0.024937967 0.10639412
v 0.0045962906 0.021534344 0.110690646
v 0.00461578 0.021534326 0.09930484
v 0.002045746 0.027055876 0.106193095
v 0.00024980164 0.027058871 0.1052201
v -0.00045224762 0.026485706 0.105061196
v 0.00064517214 0.0270546 0.101590104
v 0.0020716782 0.027048111 0.10153081
v 0.0020562059 0.027047522 0.09714176
v 0.0024177819 0.02704579 0.09824595
v 0.0024584313 0.027036382 0.1025342
v 0.002606804 0.027025472 0.10513613
v 0.0033116227 0.026713062 0.10313183
v 0.00402887 0.026062094 0.10472249
v 0.00403236 0.026064526 0.10314379
v 0.004364788 0.025449423 0.10259735
v 0.004384781 0.0253356 0.10531395
v -0.00051457214 0.027062291 0.10468591
v 0.00024302673 0.027058315 0.1025999
v -0.001635315 0.027060367 0.10309668
v -0.000620636 0.027062139 0.10319312
v -0.002439125 0.027058983 0.10244569
v -0.0007475281 0.026484462 0.10292638
v 6.513977E-05 0.026511898 0.10245261
v 0.00038320542 0.02649825 0.10161278
v -0.0021975632 0.026490457 0.10231347
v -0.0019938354 0.026521686 0.10058633
v -0.0003937111 0.026521502 0.10032414
v -0.0020420265 0.027060453 0.10022142
v -0.0011809502 0.026513683 0.10017824
v -0.001043953 0.027063578 0.09985839
v -0.00011077881 0.027058471 0.100089855
v -0.001000866 0.02704896 0.098955035
v 0.0005806847 0.027053662 0.09734498
v 1.36528015E-05 0.027025858 0.0985332
v -2.6893616E-05 0.026505472 0.09832124
v -0.0017173233 0.026518378 0.098462366
v -0.0022801552 0.026512593 0.097823344
v -0.0023063507 0.026523918 0.09679279
v 0.00011291885 0.026495347 0.09651225
v -0.0025648728 0.027057426 0.09672552
v -0.0016894226 0.0265011 0.096082926
v 0.0002899933 0.0270533 0.09636541
v 0.00027685548 0.027030522 0.093495496
v -0.000728302 0.027060082 0.095641494
v -0.0006405945 0.02651613 0.09594619
v -0.0018059693 0.027061002 0.09581604
v -0.0007257729 0.027061632 0.09416444
v -0.0017856216 0.02704098 0.09400076
v -0.0024719697 0.027057894 0.093282856
v -0.0008135033 0.026520753 0.093885936
v -0.0022356377 0.026511865 0.09314704
v 5.434799E-05 0.026486564 0.093373
v -0.0041351737 0.027048858 0.09249733
v -0.004611614 0.027037024 0.096232645
v -0.0045576096 0.027013788 0.09357444
v -0.0026212693 0.027044643 0.092046656
v -0.0023320313 0.026523443 0.09210146
v 0.00058263016 0.027052978 0.09250036
v 0.00035060119 0.026523208 0.09249278
v -0.0018545951 0.027060522 0.09108574
v -0.0017010613 0.026515206 0.09131969
v 0.0021063995 0.027045922 0.09249635
v 0.002491722 0.027054336 0.093534425
v 0.0025599517 0.02702921 0.09607257
v 0.00022969437 0.027058167 0.09145022
v -0.00067147065 0.026499018 0.09117588
v 0.0006178322 0.02705782 0.08539883
v 0.002042324 0.027046818 0.08527158
v -0.00070270157 0.027061332 0.09088566
v 0.002550934 0.027043348 0.08647291
v 0.00254813 0.027036052 0.09136562
v 0.003188221 0.02676245 0.08704243
v 0.0032596092 0.02673918 0.09085845
v 0.00021767807 0.027057959 0.08645917
v -0.00082428363 0.027047107 0.08706787
v 0.003976639 0.026137285 0.08706736
v 0.004016407 0.026084553 0.09092037
v 0.004354271 0.025468163 0.086483344
v 0.0043618353 0.025407953 0.091513015
v 0.0044075316 0.024999801 0.08533806
v 0.0044077835 0.02496482 0.09257641
v -0.0019053612 0.027059993 0.08681311
v -0.0026160623 0.027057553 0.08582463
v -0.0040878984 0.027047165 0.085364655
v -0.0046125525 0.027042609 0.091442995
v -0.0045988658 0.027004305 0.08654149
v -0.0054063494 0.026688987 0.09088621
v -0.0053977775 0.026693407 0.08700713
v -0.006398827 0.025495514 0.09143767
v -0.0060881767 0.026051328 0.08691727
v -0.006410923 0.025435193 0.08637907
v -0.0064462395 0.02505716 0.092566825
v -0.0064469376 0.02505511 0.08531358
v -0.0065885126 0.021534072 0.09402145
v -0.006447487 0.025042986 0.097312376
v -0.006389019 0.025480459 0.09362112
v -0.006401413 0.025443316 0.09619304
v -0.0064494438 0.025013966 0.10148807
v -0.0064107627 0.025440866 0.10055967
v -0.006446617 0.025077676 0.106096685
v -0.0064070206 0.025446855 0.102587394
v -0.0061872024 0.025913224 0.10486046
v -0.00553672 0.026623808 0.10319441
v -0.005520859 0.026632713 0.1046506
v -0.004717964 0.027005585 0.10270555
v -0.0066185305 0.021534368 0.110639684
v -0.006431076 0.025303347 0.10715421
v -0.0066629103 0.021534448 0.067197055
v -0.0064439047 0.025055777 0.07156298
v -0.0063651926 0.025596797 0.06719368
v -0.0064258347 0.025309736 0.07058489
v -0.006445633 0.025040895 0.07636456
v -0.0063869306 0.02550416 0.07271869
v -0.0063971616 0.025509179 0.07528058
v -0.0064459303 0.025040394 0.080712974
v -0.0061146356 0.026011826 0.07792043
v -0.0064082337 0.025451692 0.08167402
v -0.006406197 0.025466358 0.08435142
v -0.005528492 0.026627155 0.08229487
v -0.0055010836 0.02664132 0.083780155
v -0.0046541747 0.02701832 0.08182491
v -0.0046535227 0.0270226 0.08418927
v -0.0041418574 0.027049927 0.080650344
v -0.0063971616 0.025509179 0.07528058
v -0.0060513555 0.026105601 0.0747842
v -0.0054088156 0.026689462 0.07319549
v -0.0054310057 0.026671508 0.07473921
v -0.0046292096 0.027030407 0.07264703
v -0.0046948986 0.027016971 0.07521384
v -0.004106438 0.02704951 0.07159587
v -0.0046292096 0.027030407 0.07264703
v -0.002367937 0.02705444 0.07547769
v -0.0041237525 0.02704849 0.07633469
v -0.0046601715 0.027026553 0.07946306
v -0.0046948986 0.027016971 0.07521384
v -0.0026173324 0.027058087 0.0766864
v -0.0024164086 0.027059011 0.0797312
v -0.0026474877 0.02704832 0.08105177
v -0.0046535227 0.0270226 0.08418927
v -0.002455902 0.02704978 0.08454046
v -0.0023540612 0.026516749 0.085767046
v -0.001750431 0.026531914 0.0865786
v -0.00086859515 0.026511764 0.0867743
v 1.9054412E-05 0.026509138 0.08629106
v 0.00034416962 0.026493782 0.08542589
v -0.0021816902 0.026491774 0.084669225
v 4.214859E-05 0.02649818 0.08453496
v -0.0017650452 0.02706105 0.08387486
v -0.0014523811 0.026511157 0.08406809
v -0.000828701 0.027061045 0.083712436
v -0.0018526268 0.027060842 0.082083
v 0.00015103913 0.027059454 0.08417495
v 0.00062529376 0.027039643 0.080674194
v -0.0009819831 0.027064161 0.08233082
v 5.4553988E-05 0.027059035 0.08192654
v 0.0020618592 0.027047364 0.080633454
v 0.0025577203 0.027009344 0.08179491
v 0.0026108436 0.027030246 0.08428411
v -0.0018347283 0.026517902 0.08174663
v -0.0023486137 0.026505305 0.08096808
v -0.0009370537 0.0265083 0.0820115
v -0.00013800431 0.026528066 0.081684716
v 0.0003481636 0.026532039 0.08072403
v -0.0022109528 0.026525492 0.07993986
v -0.0015183334 0.02651612 0.07934285
v 0.00027628327 0.027058832 0.079617985
v -0.0005367165 0.026518881 0.07933725
v -0.0007815056 0.02706114 0.07892997
v 0.00057429884 0.027047876 0.076697946
v -0.0007871132 0.027048554 0.07800866
v 0.0020712777 0.027046788 0.07635014
v 0.0025660058 0.027040612 0.0774334
v -0.0018723564 0.027059138 0.07777144
v -0.0017829094 0.02654463 0.07753472
v -0.00015482712 0.026506769 0.07741538
v -0.0023589248 0.026514417 0.076662056
v 0.00057429884 0.027047876 0.076697946
v 0.00031782532 0.026516665 0.07664764
v 0.00018668747 0.026506204 0.07571646
v -0.00017770957 0.027054863 0.074974604
v -0.0021670188 0.026518384 0.0756023
v -0.00137253 0.026496818 0.07500562
v -0.0016065158 0.027060585 0.07475858
v -0.0017186909 0.02705302 0.07309791
v -0.00069003867 0.027061941 0.07321408
v -0.0024548091 0.027054986 0.07238054
v 0.00024811935 0.027057106 0.07264436
v -0.0006896038 0.026509069 0.07293214
v -0.0022159652 0.026524425 0.072271906
v 0.0003454857 0.026501635 0.071573354
v 0.00061162375 0.027057884 0.07156724
v -1.7166137E-08 0.0265493 0.07066102
v -0.002616623 0.027051292 0.07114004
v -0.002339218 0.026518282 0.07120052
v 0.0020965806 0.027048271 0.07154843
v 0.0023968564 0.027047116 0.07255893
v 0.0025391865 0.027041482 0.07526346
v 0.00015596008 0.027048934 0.07043932
v -0.00084621046 0.026573816 0.07019096
v 0.0024949608 0.027034158 0.0705601
v -0.0044443016 0.02702958 0.067193024
v -0.0046216794 0.02703988 0.0705012
v -0.0053814696 0.02670087 0.06998125
v -0.0019399567 0.027044129 0.07024072
v -0.0017754021 0.026497897 0.0704509
v -0.0056512873 0.02654378 0.06719331
v -0.006113159 0.026013535 0.07000498
v -0.0064258347 0.025309736 0.07058489
v 0.002371525 0.027037935 0.06719399
v 0.003313797 0.026710158 0.06995253
v -0.0008111515 0.027063351 0.06993734
v 0.004269791 0.025721824 0.06719389
v 0.004014645 0.02609499 0.07002383
v 0.0043623676 0.025467165 0.07048057
v 0.0043623676 0.025467165 0.07048057
v 0.0044117374 0.024966963 0.07156282
v 0.004606264 0.021534454 0.06719419
v 0.0046147155 0.021534238 0.07821177
v 0.0044047222 0.025016287 0.07649289
v 0.0043893014 0.025265185 0.07552535
v 0.0043596956 0.025474995 0.07265388
v 0.00440514 0.02503007 0.08056563
v 0.0043458594 0.025496107 0.0795879
v 0.0043563424 0.02548375 0.07750908
v 0.0043785553 0.02535906 0.084324315
v 0.0044032633 0.025036626 0.09726572
v 0.0040975455 0.025973646 0.09410603
v 0.004087841 0.025972899 0.095776826
v 0.0033149528 0.026709395 0.09563203
v 0.003246174 0.02674616 0.09410742
v 0.0025599517 0.02702921 0.09607257
v 0.0044043963 0.025029866 0.10157408
v 0.004364788 0.025449423 0.10259735
v 0.0043545915 0.025494616 0.10043924
v 0.0043755914 0.025381982 0.09826124
v 0.0043755914 0.025381982 0.09826124
v 0.004050041 0.026032416 0.098851286
v 0.003303692 0.026710808 0.09991787
v 0.0031863442 0.026771532 0.09886826
v 0.002570778 0.027019287 0.100446545
v 0.0024177819 0.02704579 0.09824595
v 0.002570778 0.027019287 0.100446545
v -0.0018787994 0.023136595 0.18680261
v -0.0016410371 0.022694508 0.18832962
v -0.0010873718 0.02337722 0.18947285
v -0.00043084717 0.023219794 0.18824528
v -0.00047991943 0.022695383 0.18826422
v -0.0004538727 0.023224248 0.18536349
v -0.006779862 0.013782006 0.054102276
v -0.004261807 0.0137508735 0.054321017
v -0.005627581 0.014998053 0.054121275
v -0.0046902853 0.009865176 0.05404156
v -0.004261807 0.0137508735 0.054321017
v -0.006779287 0.004367858 0.054020695
v -0.004724838 0.004206401 0.054127764
v -0.005627581 0.014998053 0.054121275
v -0.009248647 0.014239856 0.054126248
v -0.009247816 0.01507051 0.05417412
v -0.007217487 0.0034069447 0.05419312
v -0.004724838 0.004206401 0.054127764
v -0.0074100164 0.0023854536 0.054277077
v -0.0048668333 0.0005646008 0.054333698
v -0.0048668333 0.0005646008 0.054333698
v -0.0071075605 0.001126968 0.054277167
v 0.004571325 0.030811941 0.04112711
v 0.004715106 0.030107766 0.04121279
v -0.0069968235 0.03076765 0.041109513
v -0.0069968235 0.03076765 0.041109513
v -0.00711447 0.030212691 0.041066222
v 0.004715106 0.030107766 0.04121279
v 0.004571325 0.030811941 0.04112711
v 0.0046728514 0.030712957 0.035530247
v 0.002856285 0.032883495 0.0020012234
v 0.0023000564 0.03363638 0.0019129952
v 0.0028724212 0.03484757 0.0021902116
v 0.002856285 0.032883495 0.0020012234
v 0.0022800292 0.032182705 0.002472388
v 0.0031842042 0.007830297 0.11659215
v 0.003240509 0.006887216 0.12277937
v 0.0030319977 0.007840027 0.12280595
v 0.0023594627 0.037039638 -0.0008837176
v 0.0028173982 0.037398353 0.0005902934
v 0.0023450775 0.037335675 0.0016900594
v 0.0028214492 0.036618326 0.0044909213
v 0.0023542328 0.034470398 0.010360192
v 0.0024020576 0.033658057 0.011463911
v 0.0027926217 0.03355506 0.011408493
v 0.0026717263 0.034427233 0.0104443915
v 0.0028214492 0.036618326 0.0044909213
v 0.0027847022 0.033018857 0.011639984
v 0.0024020576 0.033658057 0.011463911
v 0.0025577203 0.03037183 0.012080426
v 0.0027847022 0.033018857 0.011639984
v 0.0023450775 0.037335675 0.0016900594
v 0.0028173982 0.037398353 0.0005902934
v 0.0023594627 0.037039638 -0.0008837176
v 0.0028428612 0.03677175 -0.0014150211
v 0.002375038 0.036338136 -0.0020372022
v 0.002689682 0.035244428 -0.0029937688
v 0.0023769035 0.0352327 -0.002965559
v 0.0027052688 0.03338064 -0.0037389686
v 0.0027052688 0.03338064 -0.0037389686
v 0.0028724212 0.03484757 0.0021902116
v 0.002855633 0.035798978 0.0037383689
v 0.002856285 0.032883495 0.0020012234
v 0.0028214492 0.036618326 0.0044909213
v 0.0028485605 0.03515392 0.0058245873
v 0.0026717263 0.034427233 0.0104443915
v 0.002878807 0.03053342 -0.0040367735
v 0.0023033067 0.030400462 -0.004184568
v 0.0028359604 0.034211997 0.006382172
v 0.0027926217 0.03355506 0.011408493
v 0.0027847022 0.033018857 0.011639984
v 0.0028247682 0.032717757 0.0061459774
v 0.0025577203 0.03037183 0.012080426
v 0.00282827 0.03141435 0.00403988
v 0.0028220788 0.03181842 0.00542584
v 0.0027564354 0.030283976 0.0032831845
v 0.0025977402 0.030248037 -0.0040088953
v 0.002216572 0.030122364 0.012010737
v -0.0043938216 0.030148013 0.0042853323
v -0.0046794433 0.030378385 0.012029506
v 0.0017186737 0.030164868 -0.004229858
v -0.004886822 0.030393932 0.011831323
v -0.0002723236 0.030176414 -0.0046311393
v 0.0016636505 0.030344587 -0.0046108603
v -0.0036130943 0.030422416 -0.004248363
v -0.0036189996 0.030410033 -0.004645496
v -0.0044597397 0.030291144 -0.004161474
v -0.004745533 0.03060431 -0.004200166
v -0.004813854 0.031514052 0.004218385
v -0.0048157996 0.031753413 0.0030234898
v -0.0048060836 0.03304028 0.001858567
v -0.0047559473 0.03381842 -0.0035832198
v -0.0048046648 0.03425448 0.0018939582
v -0.00454739 0.035662703 -0.0028111094
v -0.0046443674 0.032104213 0.0055238013
v -0.004808693 0.035265766 0.0024720454
v -0.0047718543 0.03682257 -0.0013976948
v -0.0048421784 0.033158198 0.0062127477
v -0.004787144 0.037327033 0.00017420898
v -0.0048891106 0.032997306 0.011630091
v -0.0046794433 0.030378385 0.012029506
v -0.004798336 0.03449421 0.0060745203
v -0.004734478 0.033589244 0.0115164565
v -0.0047413674 0.03454803 0.010284672
v -0.004834511 0.035441548 0.0054220012
v -0.004679718 0.03688804 0.0039875642
v -0.004822403 0.03590166 0.004163426
v -0.0047413674 0.03454803 0.010284672
v -0.004225891 0.037474412 0.0012821119
v -0.0042130738 0.037280433 -0.00041337663
v -0.0047718543 0.03682257 -0.0013976948
v -0.004225891 0.037474412 0.0012821119
v -0.0042553595 0.036711767 0.0044938624
v -0.0047718543 0.03682257 -0.0013976948
v -0.0042851027 0.036299992 -0.0022036454
v -0.00454739 0.035662703 -0.0028111094
v -0.0047559473 0.03381842 -0.0035832198
v -0.0042020073 0.034837745 -0.0032278236
v -0.00454739 0.035662703 -0.0028111094
v -0.0042020073 0.034837745 -0.0032278236
v -0.0043070754 0.034818996 0.009614969
v -0.0042553595 0.036711767 0.0044938624
v -0.0047413674 0.03454803 0.010284672
v -0.004328957 0.033513673 0.01147912
v -0.004734478 0.033589244 0.0115164565
v -0.0047559473 0.03381842 -0.0035832198
v -0.004215649 0.030458633 -0.004219999
v -0.004745533 0.03060431 -0.004200166
v -0.0044597397 0.030291144 -0.004161474
v -0.004215649 0.030458633 -0.004219999
v -0.004328957 0.033513673 0.01147912
v -0.0043472787 0.030389646 0.011943807
v -0.0046794433 0.030378385 0.012029506
v 0.0017749558 0.026514769 0.08056672
v 0.002502365 0.027033852 0.079549305
v 0.0023368264 0.026484597 0.07952952
v 0.0032741432 0.026717514 0.078961596
v 0.002502365 0.027033852 0.079549305
v 0.0030408783 0.026231922 0.07914062
v 0.0040226784 0.026060674 0.0790467
v 0.0038478929 0.025249783 0.07955307
v 0.0043458594 0.025496107 0.0795879
v -0.0092402585 0.028159844 0.042258564
v -0.009303126 0.024420708 0.042962752
v -0.009115581 0.0244471 0.04227501
v 0.004715106 0.030107766 0.04121279
v 0.0046728514 0.030712957 0.035530247
v 0.004723417 0.030126886 0.03553126
v -0.0046443674 0.032104213 0.0055238013
v -0.0042881127 0.032513503 0.0059436113
v -0.0048421784 0.033158198 0.0062127477
v -0.0042881127 0.032513503 0.0059436113
v -0.004285286 0.031687293 0.005047401
v -0.004813854 0.031514052 0.004218385
v -0.004273785 0.031562064 0.0035682914
v -0.004283169 0.03399292 0.0062508397
v -0.0048421784 0.033158198 0.0062127477
v -0.004798336 0.03449421 0.0060745203
v -0.0048060836 0.03304028 0.001858567
v -0.0048157996 0.031753413 0.0030234898
v -0.0042534373 0.033020467 0.0019464404
v -0.0048046648 0.03425448 0.0018939582
v -0.00424593 0.034400653 0.0018982154
v -0.004808693 0.035265766 0.0024720454
v -0.0042534373 0.033020467 0.0019464404
v -0.0048060836 0.03304028 0.001858567
v 0.00241745 0.026482144 0.09612323
v 0.0020562059 0.027047522 0.09714176
v 0.0025599517 0.02702921 0.09607257
v 0.0021038589 0.025678556 0.11029568
v 0.0027916946 0.024880726 0.110127755
v 0.0024680786 0.024824755 0.110255234
v -0.0041351737 0.027048858 0.09249733
v -0.0044707605 0.026473666 0.09135328
v -0.0046125525 0.027042609 0.091442995
v -0.0051290477 0.026215231 0.09104025
v -0.0046125525 0.027042609 0.091442995
v -0.0054063494 0.026688987 0.09088621
v -0.006398827 0.025495514 0.09143767
v -0.005866722 0.025165226 0.09147626
v -0.006389019 0.025480459 0.09362112
v -0.0058986167 0.024713388 0.09255568
v -0.005866379 0.025189288 0.09355512
v -0.006389019 0.025480459 0.09362112
v -0.0064462395 0.02505716 0.092566825
v -0.005866722 0.025165226 0.09147626
v -0.006398827 0.025495514 0.09143767
v -0.009176937 0.024490869 0.033129975
v -0.009005299 0.030089254 0.033125523
v -0.009172946 0.024343729 0.034058183
v 0.0028220788 0.03181842 0.00542584
v 0.0022583427 0.031413116 0.004000386
v 0.00282827 0.03141435 0.00403988
v 0.0022800292 0.032182705 0.002472388
v 0.00282827 0.03141435 0.00403988
v 0.002856285 0.032883495 0.0020012234
v 0.0022777405 0.034304325 0.0062127137
v 0.0022644196 0.033245012 0.0062981606
v 0.0028247682 0.032717757 0.0061459774
v 0.0022565231 0.032336585 0.005900896
v 0.0028247682 0.032717757 0.0061459774
v 0.0028220788 0.03181842 0.00542584
v 0.0022583427 0.031413116 0.004000386
v -0.0054329294 0.024301095 0.04258476
v -0.0061795795 0.024318274 0.043150995
v -0.006077684 0.024298977 0.04846525
v -0.006077684 0.024298977 0.04846525
v -0.005452078 0.024487475 0.0485457
v -0.0057168133 0.024379538 0.042361017
v -0.0061795795 0.024318274 0.043150995
v -0.009303126 0.024420708 0.042962752
v -0.009115581 0.0244471 0.04227501
v 0.0028247682 0.032717757 0.0061459774
v 0.0028359604 0.034211997 0.006382172
v 0.0022777405 0.034304325 0.0062127137
v 0.0028485605 0.03515392 0.0058245873
v 0.0022777405 0.034304325 0.0062127137
v 0.0020712777 0.027046788 0.07635014
v 0.0023660087 0.026490906 0.07747384
v 0.0025660058 0.027040612 0.0774334
v 0.0020712777 0.027046788 0.07635014
v 0.0017524223 0.026489004 0.076340094
v 0.0025391865 0.027041482 0.07526346
v -0.004451786 0.026474368 0.072739914
v -0.004106438 0.02704951 0.07159587
v -0.0046292096 0.027030407 0.07264703
v -0.0046292096 0.027030407 0.07264703
v -0.005132687 0.026191592 0.07306282
v -0.0054088156 0.026689462 0.07319549
v -0.0063869306 0.02550416 0.07271869
v -0.005870241 0.025222339 0.07266233
v 0.0038721315 0.024715118 0.08535209
v 0.004354271 0.025468163 0.086483344
v 0.003827156 0.025229711 0.08647368
v 0.004354271 0.025468163 0.086483344
v 0.0044075316 0.024999801 0.08533806
v 0.0038422623 0.02517692 0.08438221
v -0.0041418574 0.027049927 0.080650344
v -0.0045014536 0.026458664 0.07944833
v -0.0046601715 0.027026553 0.07946306
v -0.0052359467 0.026132934 0.079148114
v -0.0046601715 0.027026553 0.07946306
v -0.0055061416 0.026627835 0.07897962
v -0.005866379 0.025218317 0.07955626
v -0.0064050867 0.025461 0.07960585
v -0.005893284 0.024712982 0.08071223
v -0.005866379 0.025218317 0.07955626
v -0.0064459303 0.025040394 0.080712974
v -0.005861309 0.02519248 0.081683576
v -0.0064082337 0.025451692 0.08167402
v 0.0023939668 0.026486875 0.100418
v 0.0020716782 0.027048111 0.10153081
v 0.002570778 0.027019287 0.100446545
v 0.0020716782 0.027048111 0.10153081
v 0.0017074242 0.026475884 0.10155355
v 0.0024584313 0.027036382 0.1025342
v 0.0024584313 0.027036382 0.1025342
v 0.002248146 0.026504885 0.10257375
v -0.0060614203 0.024427578 0.0331588
v -0.0048984145 0.024294628 0.026903097
v -0.0063206404 0.024335656 0.03413846
v -0.006084432 0.026861724 0.034140937
v -0.0063206404 0.024335656 0.03413846
v -0.006044712 0.028170966 0.03319537
v -0.0060614203 0.024427578 0.0331588
v -0.0060759974 0.028179577 0.034191474
v 0.002491722 0.027054336 0.093534425
v 0.0017469978 0.026483314 0.09248255
v 0.002294918 0.026510589 0.09356597
v 0.002491722 0.027054336 0.093534425
v 0.0021063995 0.027045922 0.09249635
v 0.002404026 0.026477816 0.09136577
v 0.002404026 0.026477816 0.09136577
v 0.00254813 0.027036052 0.09136562
v 0.006824335 0.029753841 0.033389486
v 0.006093035 0.029970046 0.033278305
v 0.0070131915 0.028302584 0.033275563
v 0.004097872 0.029713294 0.0332078
v 0.006093035 0.029970046 0.033278305
v 0.0043658637 0.026482353 0.033232674
v 0.006342459 0.026786225 0.03327821
v 0.007014141 0.027686011 0.033435237
v 0.0065935194 0.026832903 0.03353381
v 0.006093035 0.029970046 0.033278305
v 0.0034944077 0.030038295 0.033192366
v -0.0046794433 0.030378385 0.012029506
v -0.0043472787 0.030389646 0.011943807
v 0.002216572 0.030122364 0.012010737
v 0.0043991376 0.024269048 0.033047654
v 0.0033419495 0.024329532 0.03319705
v 0.0043658637 0.026482353 0.033232674
v -0.0040878984 0.027047165 0.085364655
v -0.0044721565 0.02646839 0.084233634
v -0.0046535227 0.0270226 0.08418927
v -0.005209614 0.026139794 0.08391026
v -0.0046535227 0.0270226 0.08418927
v -0.0055010836 0.02664132 0.083780155
v -0.0056766015 0.025675854 0.08401337
v -0.006406197 0.025466358 0.08435142
v -0.005899269 0.024718229 0.085284084
v 0.000937706 0.008823298 0.12277675
v 0.00088222505 0.007544836 0.12717634
v 0.0009373169 0.008809747 0.12766157
v 0.000937706 0.008823298 0.12277675
v 0.00096318056 0.00748311 0.12278252
v 0.001479721 0.0061831963 0.1269867
v 0.0015179901 0.0061440025 0.12291345
v 0.0015676346 0.0010486954 0.12695073
v 0.0011306762 0.0010799487 0.122833386
v 0.004723417 0.030126886 0.03553126
v -0.007034068 0.030883318 0.0355602
v -0.007020793 0.030230513 0.03541348
v 0.004723417 0.030126886 0.03553126
v 0.0021448059 0.030845853 0.035555217
v 0.0021448059 0.030845853 0.035555217
v 0.0046728514 0.030712957 0.035530247
v 0.0047994805 0.030344611 0.00963353
v 0.004857731 0.030810777 0.011232082
v 0.0048137167 0.030928316 0.008957762
v 0.0048683737 0.03240967 0.011295442
v 0.0048828963 0.03298252 0.010324393
v 0.0048137167 0.030928316 0.008957762
v 0.0048985747 0.032765117 0.009469485
v 0.0048183976 0.031768855 0.008770702
v -0.0016809083 0.019678263 0.1854545
v -0.0017288818 0.019158326 0.18551025
v -0.0016741334 0.019678071 0.18821596
v -0.0010922241 0.019557372 0.18355313
v -0.0017288818 0.019158326 0.18551025
v -0.0010808258 0.018983293 0.1841345
v -0.004328957 0.033513673 0.01147912
v -0.0047413674 0.03454803 0.010284672
v -0.0043070754 0.034818996 0.009614969
v 0.0017524223 0.026489004 0.076340094
v 0.0025391865 0.027041482 0.07526346
v 0.002368967 0.026475362 0.07523065
v 0.003336628 0.026698655 0.07474333
v 0.0025391865 0.027041482 0.07526346
v 0.0036033783 0.025688585 0.0749642
v 0.004108961 0.025961215 0.07475179
v 0.0043893014 0.025265185 0.07552535
v 0.0038363114 0.024988752 0.075550005
v 0.0040565873 0.026035538 0.0732169
v 0.0043893014 0.025265185 0.07552535
v 0.0032803116 0.026722077 0.07325843
v 0.0025391865 0.027041482 0.07526346
v 0.0023968564 0.027047116 0.07255893
v 0.0030145398 0.026234016 0.07305153
v 0.0023968564 0.027047116 0.07255893
v 0.0021846427 0.026498491 0.07255386
v 0.0038279458 0.025137896 0.07258608
v 0.0043596956 0.025474995 0.07265388
v -0.0038722917 0.024144541 0.13271554
v -0.003834526 0.024190867 0.1255699
v -0.0037340699 0.02367828 0.1257477
v 0.0070682 0.01538679 0.058631014
v 0.006891945 0.0148749575 0.054058235
v 0.0070557324 0.014241438 0.054250997
v 0.006891945 0.0148749575 0.054058235
v 0.007162053 0.015468531 0.056472823
v 0.007119487 0.016418042 0.060682245
v 0.007162053 0.015468531 0.056472823
v 0.007150895 0.016662534 0.05969488
v 0.0071583223 0.018219998 0.062016834
v 0.00705114 0.020932738 0.06508189
v 0.0070824223 0.021257693 0.06472259
v 0.0069243563 0.021258175 0.067315
v 0.006866658 0.018391846 0.061844397
v 0.0032192974 0.016793234 0.059888106
v 0.007150895 0.016662534 0.05969488
v 0.007162053 0.015468531 0.056472823
v 0.0032027464 0.015105467 0.054313317
v 0.006891945 0.0148749575 0.054058235
v 0.0032502336 0.018361118 0.061959185
v 0.006422716 0.02109061 0.06420673
v 0.0032209854 0.020482635 0.06375516
v 0.003299881 0.02129104 0.064689524
v 0.0069243563 0.021258175 0.067315
v 0.0045097447 0.02124866 0.07210546
v 0.004426758 0.021061948 0.107060246
v 0.0032571258 0.021272587 0.1053639
v 0.004426758 0.021061948 0.107060246
v 0.0032407609 0.020799821 0.108220845
v 0.004509613 0.02065297 0.10827005
v 0.00231435 0.035277877 0.002648193
v 0.0028724212 0.03484757 0.0021902116
v 0.0023000564 0.03363638 0.0019129952
v 0.0010381393 0.024203697 0.1256401
v 0.0010689469 0.024150478 0.132704
v 0.00093949126 0.023681477 0.1257631
v -0.005333938 0.029635394 0.053401846
v -0.0053669936 0.030152751 0.052375127
v -0.005272342 0.030182872 0.048516255
v -0.0052961055 0.028190669 0.04855247
v -0.005272342 0.030182872 0.048516255
v -0.005435427 0.028853228 0.05387751
v -0.0053307177 0.026770059 0.04856713
v -0.0053876154 0.027860845 0.053816043
v -0.005399484 0.026908742 0.052632827
v -0.0053444724 0.02651732 0.04231871
v -0.0053119785 0.028171191 0.042309653
v -0.0054329294 0.024301095 0.04258476
v -0.005452078 0.024487475 0.0485457
v -0.0057168133 0.024379538 0.042361017
v -0.0092402585 0.028159844 0.042258564
v -0.009115581 0.0244471 0.04227501
v -0.0092402585 0.028159844 0.042258564
v -0.0053119785 0.028171191 0.042309653
v -0.0016410371 0.022694508 0.18832962
v -0.0018787994 0.023136595 0.18680261
v -0.001665619 0.022682952 0.18542911
v -0.00051818846 0.019652445 0.18843907
v -0.00025474548 0.019216474 0.18683228
v -0.0004805603 0.019672558 0.18539476
v -0.0047553866 0.02309146 0.134138
v -0.0048337784 0.024060342 0.13558121
v -0.0048683165 0.024335323 0.13515964
v -0.0048683165 0.024335323 0.13515964
v -0.0048337784 0.024060342 0.13558121
v -0.0047553866 0.02309146 0.134138
v -0.0058949892 0.024701074 0.076347835
v -0.0063971616 0.025509179 0.07528058
v -0.005863947 0.025226092 0.07527456
v -0.0063971616 0.025509179 0.07528058
v -0.006445633 0.025040895 0.07636456
v -0.00586639 0.025269605 0.07746562
v -0.0061146356 0.026011826 0.07792043
v 0.0024177819 0.02704579 0.09824595
v 0.0017706185 0.026493954 0.09710207
v 0.0022377204 0.0265135 0.09828043
v 0.0024177819 0.02704579 0.09824595
v 0.0020562059 0.027047522 0.09714176
v 0.00241745 0.026482144 0.09612323
v -0.0038425254 0.02651675 0.07614101
v -0.0045612715 0.02704675 0.07735798
v -0.004326645 0.02650676 0.07740078
v -0.0045286906 0.02645541 0.075160526
v -0.0041237525 0.02704849 0.07633469
v -0.0045612715 0.02704675 0.07735798
v -0.0045286906 0.02645541 0.075160526
v -0.0046948986 0.027016971 0.07521384
v -0.0051773014 0.026172008 0.07487968
v -0.0046948986 0.027016971 0.07521384
v -0.0054310057 0.026671508 0.07473921
v -0.0060513555 0.026105601 0.0747842
v -0.005863947 0.025226092 0.07527456
v -0.0063971616 0.025509179 0.07528058
v -0.004611614 0.027037024 0.096232645
v -0.003787239 0.026482023 0.09732058
v -0.0044016154 0.026511408 0.09617909
v -0.004611614 0.027037024 0.096232645
v -0.004119976 0.027048014 0.097271815
v -0.0043638153 0.026519975 0.09834444
v -0.004567703 0.027044896 0.09827852
v -0.0047028353 0.027014727 0.10517506
v -0.0038033067 0.026495956 0.10631344
v -0.00446315 0.026529668 0.10518873
v -0.0046078265 0.027000435 0.10741555
v -0.0044753035 0.026463091 0.10749258
v -0.0047028353 0.027014727 0.10517506
v -0.0041301497 0.02704753 0.106310844
v -0.0046078265 0.027000435 0.10741555
v -0.0046078265 0.027000435 0.10741555
v -0.0051659774 0.02617173 0.10779552
v -0.005815361 0.026398102 0.107938536
v -0.006431076 0.025303347 0.10715421
v -0.0059260484 0.025046088 0.10714405
v -0.00592218 0.024758615 0.106074095
v -0.0059260484 0.025046088 0.10714405
v -0.006446617 0.025077676 0.106096685
v -0.0061872024 0.025913224 0.10486046
v -0.006431076 0.025303347 0.10715421
v 0.0043545915 0.025494616 0.10043924
v 0.0038683433 0.024726791 0.10158139
v 0.0038311044 0.02527828 0.10044439
v 0.0043545915 0.025494616 0.10043924
v 0.0030285073 0.026250685 0.10009404
v 0.003303692 0.026710808 0.09991787
v 0.002570778 0.027019287 0.100446545
v 0.0023939668 0.026486875 0.100418
v -0.0063869306 0.02550416 0.07271869
v -0.0058951434 0.024708698 0.07155578
v -0.005870241 0.025222339 0.07266233
v -0.0063869306 0.02550416 0.07271869
v -0.0064439047 0.025055777 0.07156298
v -0.005889959 0.025177246 0.07057476
v -0.005889959 0.025177246 0.07057476
v -0.0064258347 0.025309736 0.07058489
v -0.0056090984 0.025772233 0.07015745
v -0.005889959 0.025177246 0.07057476
v -0.006113159 0.026013535 0.07000498
v -0.0053814696 0.02670087 0.06998125
v -0.0043749507 0.026498977 0.07050201
v -0.0046216794 0.02703988 0.0705012
v -0.0046216794 0.02703988 0.0705012
v -0.003817423 0.026514053 0.07157108
v 0.0038627414 0.024720117 0.071595445
v 0.0043596956 0.025474995 0.07265388
v 0.0038279458 0.025137896 0.07258608
v 0.0043596956 0.025474995 0.07265388
v 0.0044117374 0.024966963 0.07156282
v 0.003827362 0.02517838 0.07056222
v 0.0043623676 0.025467165 0.07048057
v -0.00072104647 0.024596438 0.12739833
v -0.0006556091 0.024326162 0.12560052
v -0.0006134949 0.023826703 0.12564196
v -0.00424593 0.034400653 0.0018982154
v -0.004808693 0.035265766 0.0024720454
v -0.0042472803 0.0354608 0.0027240904
v -0.004813854 0.031514052 0.004218385
v -0.004285286 0.031687293 0.005047401
v -0.0046443674 0.032104213 0.0055238013
v 0.0017462998 0.026479146 0.085287504
v 0.0026108436 0.027030246 0.08428411
v 0.0024441034 0.026474856 0.08422905
v 0.0033475114 0.02669735 0.08376207
v 0.0026108436 0.027030246 0.08428411
v 0.0036152801 0.02571432 0.0839905
v 0.004091343 0.025978798 0.08384843
v 0.0043785553 0.02535906 0.084324315
v 0.0038422623 0.02517692 0.08438221
v 0.0024020576 0.033658057 0.011463911
v 0.0025577203 0.03037183 0.012080426
v 0.002216572 0.030122364 0.012010737
v 0.0024868469 0.00041668408 0.094094865
v 0.0025025138 -0.00010283677 0.09600808
v 0.0026570891 -8.617246E-05 0.09480691
v 0.0025025138 -0.00010283677 0.09600808
v 0.0024548378 0.009972395 0.09650251
v 0.0024643936 0.009695873 0.054005116
v 0.0025007857 0.00038411727 0.0675792
v 0.0025570951 0.00063699624 0.054069214
v 0.0027456407 0.00051766005 0.054040078
v 0.0021467113 0.011891071 0.06478256
v 0.0031035806 0.011591174 0.097632274
v 0.0017988395 0.013994043 0.09698628
v 0.0020020695 0.01380696 0.054257125
v 0.0031774063 0.01207874 0.10138234
v 0.0018466415 0.013973242 0.10971308
v 0.0031570587 0.012417834 0.10978783
v 0.0031858578 0.01512952 0.060055945
v 0.0031759015 0.0151885 0.073102556
v 0.0032027464 0.015105467 0.054313317
v 0.0032192974 0.016793234 0.059888106
v 0.0032502336 0.018361118 0.061959185
v 0.0032209854 0.020482635 0.06375516
v 0.003299881 0.02129104 0.064689524
v 0.0032571258 0.021272587 0.1053639
v 0.0031962662 0.015453634 0.10980294
v 0.0018466415 0.013973242 0.10971308
v 0.0032407609 0.020799821 0.108220845
v 0.0032734452 0.0197751 0.10940947
v 0.0044075316 0.024999801 0.08533806
v 0.0038422623 0.02517692 0.08438221
v 0.0043785553 0.02535906 0.084324315
v -0.002079094 0.02421026 0.12746385
v -0.002177971 0.023824291 0.1256484
v -0.0021744003 0.024321616 0.12553748
v -0.0047359313 0.023469366 0.13299432
v -0.004851471 0.021489955 0.13359787
v -0.0047259065 0.022980217 0.13343908
v -0.0047259065 0.022980217 0.13343908
v -0.004851471 0.021489955 0.13359787
v -0.0047359313 0.023469366 0.13299432
v -0.0036189996 0.030410033 -0.004645496
v -0.0002723236 0.030176414 -0.0046311393
v 0.0016636505 0.030344587 -0.0046108603
v -0.0064070206 0.025446855 0.102587394
v -0.0058989488 0.02471454 0.101483084
v -0.00587883 0.025148254 0.102544874
v -0.0064070206 0.025446855 0.102587394
v -0.0064494438 0.025013966 0.10148807
v -0.0058804094 0.025182644 0.10052418
v -0.0064107627 0.025440866 0.10055967
v 0.004824005 0.03141043 -0.00017034545
v 0.004893345 0.03241987 0.00012994783
v 0.004967686 0.030958975 -0.0010687127
v 0.0049925195 0.032473028 -0.0025976663
v 0.0048637963 0.033664167 -0.001636385
v 0.0047800024 0.033424202 -0.0021297743
v 0.004982243 0.03330963 -0.0004294851
v 0.0048637963 0.033664167 -0.001636385
v 0.004967686 0.030958975 -0.0010687127
v 0.004893345 0.03241987 0.00012994783
v 0.0049782027 0.03151769 -0.0023622673
v -0.004273785 0.031562064 0.0035682914
v -0.004813854 0.031514052 0.004218385
v -0.0048157996 0.031753413 0.0030234898
v 0.0024575272 0.025113007 -0.017047927
v 0.0006278229 0.02441163 -0.017046083
v 0.002260826 0.024358518 -0.017112505
v 0.0020830764 0.024275586 0.13508852
v 0.0022074967 0.02394236 0.13559702
v 0.0022025527 0.024210954 0.13550892
v 0.0022074967 0.02394236 0.13559702
v 0.0020830764 0.024275586 0.13508852
v 0.0022025527 0.024210954 0.13550892
v -0.0010701142 0.022840658 0.1894166
v -0.0010873718 0.02337722 0.18947285
v -0.0016410371 0.022694508 0.18832962
v 0.0016175079 0.016091298 0.122685745
v 0.0006986389 0.018045004 0.122659184
v 0.0010489426 0.017653126 0.122699596
v 0.0020863723 0.024518535 0.11332163
v 0.0024680786 0.024824755 0.110255234
v 0.0027916946 0.024880726 0.110127755
v 0.0020954132 0.023851912 0.11681164
v 0.0020863723 0.024518535 0.11332163
v 0.0016511307 0.023593554 0.11882452
v 0.0019038849 0.023481961 0.11899515
v 0.00091607665 0.02451917 0.11882592
v 0.002882492 0.024728447 0.10979876
v 0.0021229936 0.025613494 0.10968838
v 0.0021038589 0.025678556 0.11029568
v 0.0031182861 0.021450931 0.109701015
v 0.00248909 0.021498272 0.11368913
v -0.0009404984 0.025928415 0.10971577
v 0.0021219177 0.02149077 0.11930275
v 0.0013509063 0.025649894 0.11380872
v 0.0019281693 0.02349232 0.13293102
v 0.0021393814 0.02154776 0.13368122
v 0.0019544677 0.02293606 0.13372304
v 0.0010689469 0.024150478 0.132704
v 0.0010381393 0.024203697 0.1256401
v -0.0006556091 0.024326162 0.12560052
v -0.0012855607 0.024849212 0.11909252
v -0.004146927 0.025568753 0.11411969
v -0.0030415878 0.025841663 0.1097978
v -0.0047612 0.025688969 0.10968455
v -0.004716248 0.02552326 0.1103861
v -0.0037394485 0.024517968 0.11882404
v -0.0021744003 0.024321616 0.12553748
v -0.00072104647 0.024596438 0.12739833
v -0.002079094 0.02421026 0.12746385
v -0.003834526 0.024190867 0.1255699
v -0.0037340699 0.02367828 0.1257477
v -0.002177971 0.023824291 0.1256484
v -0.0047146683 0.0234528 0.11886171
v -0.0044413377 0.023539877 0.11876589
v -0.0038722917 0.024144541 0.13271554
v -0.0047359313 0.023469366 0.13299432
v -0.0048562777 0.021433214 0.118909515
v -0.004851471 0.021489955 0.13359787
v -0.0051619494 0.021502752 0.11366422
v -0.005199577 0.024461526 0.113384135
v -0.0059024733 0.021443333 0.109686
v -0.0056122513 0.024830913 0.11012502
v -0.005527977 0.024722943 0.10968322
v -0.0051318053 0.02546793 0.11007551
v -0.0047612 0.025688969 0.10968455
v -0.004716248 0.02552326 0.1103861
v -0.005265404 0.02484936 0.110255264
v -0.0056122513 0.024830913 0.11012502
v -0.0048771743 0.024511682 0.113380075
v -0.005199577 0.024461526 0.113384135
v -0.0044413377 0.023539877 0.11876589
v -0.0047146683 0.0234528 0.11886171
v 0.0044047222 0.025016287 0.07649289
v 0.0038363114 0.024988752 0.075550005
v 0.0043893014 0.025265185 0.07552535
v 0.0038363114 0.024988752 0.075550005
v 0.0038659058 0.024733406 0.07651124
v 0.0043563424 0.02548375 0.07750908
v 0.0038659058 0.024733406 0.07651124
v 0.003846897 0.025292275 0.077473916
v 0.0043563424 0.02548375 0.07750908
v 0.003043991 0.026218861 0.07782379
v 0.003308487 0.02671161 0.07802317
v 0.0025660058 0.027040612 0.0774334
v 0.0023660087 0.026490906 0.07747384
v 0.0020965806 0.027048271 0.07154843
v 0.0021846427 0.026498491 0.07255386
v 0.0023968564 0.027047116 0.07255893
v 0.0024949608 0.027034158 0.0705601
v 0.0017445774 0.026479695 0.07154686
v 0.0021846427 0.026498491 0.07255386
v 0.0024949608 0.027034158 0.0705601
v 0.0022863636 0.026484441 0.0705261
v 0.003313797 0.026710158 0.06995253
v 0.0024949608 0.027034158 0.0705601
v 0.0035540257 0.02575471 0.07016255
v 0.004014645 0.02609499 0.07002383
v 0.0043623676 0.025467165 0.07048057
v 0.003827362 0.02517838 0.07056222
v 0.004509613 0.02065297 0.10827005
v 0.00450943 0.020081136 0.10912684
v 0.0043686447 0.019730777 0.10951658
v 0.00089108275 0.0218516 0.18822382
v 0.00058296206 0.021166662 0.18943462
v 0.0011282959 0.021162936 0.18948284
v 0.0008852692 0.022023184 0.18683495
v 0.00041244508 0.02183098 0.18826097
v 0.00058296206 0.021166662 0.18943462
v -0.0036130943 0.030422416 -0.004248363
v -0.004215649 0.030458633 -0.004219999
v -0.0044597397 0.030291144 -0.004161474
v 0.0069243563 0.021258175 0.067315
v 0.004512005 0.020894455 0.07180035
v 0.0045097447 0.02124866 0.07210546
v -0.006207919 0.027477093 0.05359706
v -0.0061781416 0.028955014 0.05383242
v -0.006139943 0.02790562 0.053817175
v -0.0061781416 0.028955014 0.05383242
v -0.006117163 0.030033229 0.05278254
v -0.0062128315 0.026952457 0.052897867
v -0.00621241 0.03010872 0.0521976
v -0.006175134 0.026755607 0.048554376
v -0.0060992963 0.030189855 0.043146905
v -0.0061795795 0.024318274 0.043150995
v -0.006077684 0.024298977 0.04846525
v 0.0011306762 0.0010799487 0.122833386
v 0.0010716706 0.0010406345 0.12699091
v 0.0015676346 0.0010486954 0.12695073
v 0.004723417 0.030126886 0.03553126
v -0.0046601715 0.027026553 0.07946306
v -0.0045612715 0.02704675 0.07735798
v -0.0055061416 0.026627835 0.07897962
v -0.0045612715 0.02704675 0.07735798
v -0.0054074707 0.026687846 0.078007504
v -0.0064050867 0.025461 0.07960585
v -0.0061146356 0.026011826 0.07792043
v 0.0025660058 0.027040612 0.0774334
v 0.002502365 0.027033852 0.079549305
v 0.003308487 0.02671161 0.07802317
v 0.002502365 0.027033852 0.079549305
v 0.0032741432 0.026717514 0.078961596
v 0.0043563424 0.02548375 0.07750908
v 0.0040226784 0.026060674 0.0790467
v 0.0043458594 0.025496107 0.0795879
v 0.0043785553 0.02535906 0.084324315
v 0.0043762205 0.02537667 0.08165935
v 0.004091343 0.025978798 0.08384843
v 0.0043762205 0.02537667 0.08165935
v 0.0040917434 0.02598036 0.082211904
v 0.0033475114 0.02669735 0.08376207
v 0.0033915138 0.026672047 0.08226789
v 0.0026108436 0.027030246 0.08428411
v 0.002309606 0.028200056 0.04860987
v -0.0053119785 0.028171191 0.042309653
v -0.0052961055 0.028190669 0.04855247
v 0.0023915158 0.028188886 0.04790661
v 0.0056110867 0.028175732 0.047912873
v 0.0032738629 0.028206153 0.034270722
v 0.005733175 0.028161887 0.034683757
v -0.0060759974 0.028179577 0.034191474
v -0.009157211 0.02815951 0.03415595
v -0.0092402585 0.028159844 0.042258564
v -0.006044712 0.028170966 0.03319537
v 0.0032925396 0.028200686 0.033251647
v -0.0027634734 0.024353253 0.13009277
v 0.00093413546 0.024450133 0.13260634
v -0.003044014 0.02448552 0.13259798
v 0.0007826843 0.024324944 0.13020584
v -0.0010873718 0.02337722 0.18947285
v -0.0022022096 0.02298719 0.19036104
v -0.0018787994 0.023136595 0.18680261
v -0.0011147003 0.023227025 0.19042894
v -5.218506E-06 0.023028264 0.1902721
v -0.00043084717 0.023219794 0.18824528
v -0.0004538727 0.023224248 0.18536349
v -0.001094925 0.023339445 0.18355289
v -7.090759E-05 0.02308365 0.18355566
v -0.0004538727 0.023224248 0.18536349
v 0.0007219849 0.022226421 0.19042873
v 0.0008852692 0.022023184 0.18683495
v 0.0008553314 0.022123883 0.1835557
v 0.00096771243 0.021819966 0.18529421
v 0.0010894776 0.021189895 0.18356414
v 0.00089108275 0.0218516 0.18822382
v 0.0011282959 0.021162936 0.18948284
v 0.0009961395 0.021084579 0.1904201
v 0.000694931 0.020125315 0.19042946
v 0.0009690857 0.020546423 0.18828504
v 0.000894516 0.020368747 0.18682301
v -0.00015724183 0.01925013 0.19023576
v -0.00025474548 0.019216474 0.18683228
v 0.0008836212 0.020278644 0.18356155
v -0.00011494446 0.019254988 0.18355252
v 0.0009252777 0.02060341 0.18521552
v 0.0010894776 0.021189895 0.18356414
v -0.007023262 0.0031974982 0.10363942
v 0.0046622315 0.0035059198 0.102328
v 0.0046020583 0.0032004851 0.10361758
v -0.006979408 0.0034875404 0.10244313
v 0.0046022986 0.004245317 0.10143633
v -0.007027897 0.0041962606 0.10151532
v -0.007018078 0.005322059 0.10096613
v 0.004661648 0.006553589 0.10093422
v -0.0069742813 0.0065560075 0.100979164
v 0.0046493914 0.007627043 0.101454675
v -0.006995991 0.00764358 0.10149504
v -0.006952698 0.00867723 0.103523865
v 0.004687523 0.008716455 0.10346926
v 0.0046777497 0.008478015 0.10474378
v -0.0069959336 0.008435924 0.104770385
v 0.0046834946 0.007801506 0.10571337
v -0.0069768676 0.006956013 0.106175
v 0.004668617 0.0068696546 0.10627518
v 0.0046647494 0.005454399 0.10635739
v -0.0069736405 0.005691369 0.10635736
v 0.004604073 0.0042298352 0.10578167
v -0.0069977646 0.004371377 0.10587486
v 0.0045553893 0.0034564524 0.10483388
v -0.0070393523 0.003423582 0.10486447
v 0.0046020583 0.0032004851 0.10361758
v -0.007023262 0.0031974982 0.10363942
v -0.0017288818 0.019158326 0.18551025
v -0.002265564 0.019434895 0.19041951
v -0.0017254486 0.019154197 0.18821315
v -0.0010667267 0.018986259 0.18946512
v -0.0010821533 0.019063603 0.19042316
v -0.00015724183 0.01925013 0.19023576
v -0.00043656921 0.019174986 0.18840173
v -0.00025474548 0.019216474 0.18683228
v -0.0017288818 0.019158326 0.18551025
v -0.001947464 0.019218676 0.18355118
v -0.0010808258 0.018983293 0.1841345
v -0.00011494446 0.019254988 0.18355252
v -0.00041322326 0.019155951 0.18550535
v -0.00025474548 0.019216474 0.18683228
v -0.0029699707 0.02017348 0.18823549
v -0.0030099335 0.02033095 0.19042091
v -0.00303891 0.020322155 0.18355404
v -0.0032690277 0.021180471 0.18944551
v -0.003127533 0.021332856 0.1904246
v -0.0030574494 0.02034091 0.18672621
v -0.003109726 0.020539423 0.18524979
v -0.003270035 0.021191752 0.18414697
v -0.003037445 0.02203236 0.18355373
v -0.0031004334 0.021851376 0.1854616
v -0.0029544067 0.02219133 0.19026692
v -0.0030823518 0.021825744 0.1883843
v -0.003127533 0.021332856 0.1904246
v -0.0030823518 0.021825744 0.1883843
v -0.0031004334 0.021851376 0.1854616
v -0.0021022796 0.023062818 0.18355274
v -0.0018787994 0.023136595 0.18680261
v -0.001094925 0.023339445 0.18355289
v 0.0031751469 0.026713857 0.048607275
v 0.0030522086 0.026738921 0.052255012
v 0.0031481448 0.030078685 0.048632544
v 0.003000545 0.030108552 0.052322216
v 0.002933773 0.029495955 0.053604543
v 0.002933773 0.029495955 0.053604543
v 0.0030448423 0.028959123 0.05388837
v 0.00306725 0.02790085 0.053887784
v 0.003051038 0.027055481 0.053243212
v 0.00218672 0.024340553 0.026963739
v -0.0060614203 0.024427578 0.0331588
v 0.0033419495 0.024329532 0.03319705
v -0.0048984145 0.024294628 0.026903097
v -0.004516342 0.024340173 -0.012042118
v 0.0023774186 0.024300482 -0.012046227
v 0.0013384095 0.024318742 -0.013553725
v -0.002746811 0.024330445 -0.014325777
v 0.00055368803 0.024402054 -0.014152016
v 0.0006278229 0.02441163 -0.017046083
v -0.0026273804 0.024445496 -0.017108843
v -0.0030213317 0.02556864 0.13512908
v 0.0008509827 0.025558477 0.1323071
v 0.00092440797 0.02557409 0.13511725
v -0.002974617 0.025562728 0.1322944
v -0.0058986167 0.024713388 0.09255568
v -0.0058777197 0.025101932 0.09632601
v -0.005866379 0.025189288 0.09355512
v -0.0059035607 0.024718475 0.09732588
v -0.0061139376 0.0215343 0.11076111
v -0.0058989488 0.02471454 0.101483084
v -0.0058804094 0.025182644 0.10052418
v -0.0058840713 0.025263028 0.09837077
v -0.00592218 0.024758615 0.106074095
v -0.00587883 0.025148254 0.102544874
v -0.0059260484 0.025046088 0.10714405
v -0.005855896 0.02536034 0.11079901
v -0.0051659774 0.02617173 0.10779552
v -0.0048876572 0.026352208 0.11080462
v -0.006099369 0.02153394 0.076355636
v -0.0044753035 0.026463091 0.10749258
v -0.0015913009 0.026483357 0.10761571
v -0.0023872606 0.02648683 0.10615519
v -4.335022E-05 0.02651643 0.10727817
v -0.0038033067 0.026495956 0.10631344
v 0.0031312408 0.026241863 0.11081075
v -0.0021975632 0.026490457 0.10231347
v -0.0013886032 0.026486535 0.10497729
v -0.0007475281 0.026484462 0.10292638
v -0.00045224762 0.026485706 0.105061196
v 6.513977E-05 0.026511898 0.10245261
v 0.00035529328 0.026482802 0.10638235
v 0.00038320542 0.02649825 0.10161278
v 0.002254097 0.026509324 0.10734065
v 0.0030200044 0.026235307 0.10777975
v 0.0038058015 0.025363438 0.107496865
v 0.0038935319 0.025212118 0.11081171
v 0.0017194977 0.026475415 0.10617764
v 0.0017074242 0.026475884 0.10155355
v 0.002457779 0.026492693 0.10515196
v 0.002248146 0.026504885 0.10257375
v 0.0017706185 0.026493954 0.09710207
v 0.0023939668 0.026486875 0.100418
v 0.0022377204 0.0265135 0.09828043
v 0.00011291885 0.026495347 0.09651225
v -2.6893616E-05 0.026505472 0.09832124
v -0.0003937111 0.026521502 0.10032414
v -0.0011809502 0.026513683 0.10017824
v -0.0017173233 0.026518378 0.098462366
v -0.0019938354 0.026521686 0.10058633
v -0.0022801552 0.026512593 0.097823344
v -0.0037928468 0.026485967 0.10154746
v -0.0044960175 0.026483415 0.102718726
v -0.00446315 0.026529668 0.10518873
v -0.003787239 0.026482023 0.09732058
v -0.0023063507 0.026523918 0.09679279
v -0.0043638153 0.026519975 0.09834444
v -0.0044998396 0.026504597 0.10038875
v -0.0022356377 0.026511865 0.09314704
v -0.003807209 0.026501922 0.0925019
v -0.0044016154 0.026511408 0.09617909
v -0.0016894226 0.0265011 0.096082926
v -0.0008135033 0.026520753 0.093885936
v -0.0006405945 0.02651613 0.09594619
v 5.434799E-05 0.026486564 0.093373
v 0.00035060119 0.026523208 0.09249278
v -0.0023320313 0.026523443 0.09210146
v 0.0017469978 0.026483314 0.09248255
v 0.00241745 0.026482144 0.09612323
v 0.002294918 0.026510589 0.09356597
v 0.00034416962 0.026493782 0.08542589
v -0.00067147065 0.026499018 0.09117588
v 1.9054412E-05 0.026509138 0.08629106
v -0.00086859515 0.026511764 0.0867743
v -0.0017010613 0.026515206 0.09131969
v -0.001750431 0.026531914 0.0865786
v -0.0023540612 0.026516749 0.085767046
v 0.0017462998 0.026479146 0.085287504
v 0.0003481636 0.026532039 0.08072403
v 4.214859E-05 0.02649818 0.08453496
v -0.00013800431 0.026528066 0.081684716
v -0.0009370537 0.0265083 0.0820115
v -0.0014523811 0.026511157 0.08406809
v -0.0018347283 0.026517902 0.08174663
v -0.0021816902 0.026491774 0.084669225
v -0.0023486137 0.026505305 0.08096808
v -0.0038253593 0.02651446 0.08527028
v 0.0023440819 0.026490964 0.086500205
v 0.002404026 0.026477816 0.09136577
v 0.0035803872 0.025767103 0.09107664
v 0.0035314865 0.025841612 0.08685721
v 0.003827156 0.025229711 0.08647368
v 0.003840603 0.025163919 0.091509394
v -0.004453182 0.026513223 0.08652924
v -0.0044707605 0.026473666 0.09135328
v -0.005158882 0.026175959 0.08687192
v -0.0051290477 0.026215231 0.09104025
v -0.005898136 0.025107728 0.08632888
v -0.005866722 0.025165226 0.09147626
v -0.005899269 0.024718229 0.085284084
v -0.005893284 0.024712982 0.08071223
v -0.005861309 0.02519248 0.081683576
v -0.0058949892 0.024701074 0.076347835
v -0.005866379 0.025218317 0.07955626
v -0.00586639 0.025269605 0.07746562
v -0.0058951434 0.024708698 0.07155578
v -0.006079176 0.021534609 0.06719323
v -0.0058278465 0.025241861 0.06719368
v -0.005889959 0.025177246 0.07057476
v -0.005870241 0.025222339 0.07266233
v -0.005863947 0.025226092 0.07527456
v -0.005861309 0.02519248 0.081683576
v -0.0056766015 0.025675854 0.08401337
v -0.005627106 0.025722241 0.08204186
v -0.005209614 0.026139794 0.08391026
v -0.004508469 0.026497683 0.08180083
v -0.0044721565 0.02646839 0.084233634
v -0.0038212966 0.02651705 0.08063564
v -0.0023589248 0.026514417 0.076662056
v -0.0022109528 0.026525492 0.07993986
v -0.0017829094 0.02654463 0.07753472
v -0.0015183334 0.02651612 0.07934285
v -0.0005367165 0.026518881 0.07933725
v -0.00015482712 0.026506769 0.07741538
v 0.00031782532 0.026516665 0.07664764
v 0.0017749558 0.026514769 0.08056672
v 0.0024267083 0.026505735 0.081779875
v 0.0024441034 0.026474856 0.08422905
v 0.0031131478 0.026199037 0.08210938
v 0.0036152801 0.02571432 0.0839905
v 0.0038430518 0.025171114 0.081647664
v 0.0038422623 0.02517692 0.08438221
v 0.0017524223 0.026489004 0.076340094
v 0.0023660087 0.026490906 0.07747384
v 0.0023368264 0.026484597 0.07952952
v 0.0003454857 0.026501635 0.071573354
v 0.00018668747 0.026506204 0.07571646
v -0.0006896038 0.026509069 0.07293214
v -0.00137253 0.026496818 0.07500562
v -0.0022159652 0.026524425 0.072271906
v -0.0021670188 0.026518384 0.0756023
v -0.002339218 0.026518282 0.07120052
v 0.0017445774 0.026479695 0.07154686
v 0.0020274352 0.02658769 0.06719399
v -1.7166137E-08 0.0265493 0.07066102
v -0.00084621046 0.026573816 0.07019096
v 0.002368967 0.026475362 0.07523065
v 0.0021846427 0.026498491 0.07255386
v 0.0022863636 0.026484441 0.0705261
v -0.0017754021 0.026497897 0.0704509
v 0.0035540257 0.02575471 0.07016255
v -0.00410075 0.026579885 0.067193024
v 0.0037341842 0.025358628 0.06719389
v 0.003827362 0.02517838 0.07056222
v -0.003817423 0.026514053 0.07157108
v -0.0043749507 0.026498977 0.07050201
v -0.0056090984 0.025772233 0.07015745
v -0.0051859645 0.026126215 0.06719331
v -0.005889959 0.025177246 0.07057476
v -0.0038425254 0.02651675 0.07614101
v -0.004451786 0.026474368 0.072739914
v -0.004326645 0.02650676 0.07740078
v -0.0045286906 0.02645541 0.075160526
v -0.005132687 0.026191592 0.07306282
v -0.0051773014 0.026172008 0.07487968
v -0.005863947 0.025226092 0.07527456
v -0.005870241 0.025222339 0.07266233
v -0.004326645 0.02650676 0.07740078
v -0.0045014536 0.026458664 0.07944833
v -0.0050668833 0.02622934 0.07781605
v -0.0052359467 0.026132934 0.079148114
v -0.00586639 0.025269605 0.07746562
v -0.005866379 0.025218317 0.07955626
v -0.006779806 0.014387409 0.057340823
v -0.006779287 0.004367858 0.054020695
v -0.006779862 0.013782006 0.054102276
v -0.006779961 0.0043589645 0.09394066
v -0.0067798262 0.015449674 0.06006854
v -0.006779778 0.017183926 0.06279567
v -0.0067798006 0.020818165 0.066150755
v -0.007217487 0.0034069447 0.05419312
v -0.006779194 0.021206202 0.072002046
v -0.006779766 0.0114491675 0.094999686
v -0.006779789 0.01294552 0.096222885
v -0.006779778 0.020840548 0.107745916
v -0.008176849 0.0036519282 0.09487217
v -0.007403309 0.003547916 0.0940085
v -0.0074724886 0.011153546 0.09567843
v -0.0067798006 0.013793949 0.097879626
v -0.007448788 0.012542522 0.09674519
v -0.006779961 0.0142875295 0.10982666
v -0.006778404 0.019957438 0.10941267
v -0.00735878 0.013721101 0.10358143
v -0.007272217 0.013767949 0.10970432
v -0.0073734513 0.01317768 0.097911894
v -0.007551853 0.0122104585 0.098201536
v -0.00727993 0.012575632 0.10972507
v -0.007508732 0.011791473 0.097229734
v -0.0074714012 0.01102021 0.09662305
v -0.007689102 0.00463076 0.09588861
v -0.008322132 0.0022966338 0.09586707
v -0.007951321 0.00092150137 0.09590102
v -0.008342457 0.0023106444 0.09485716
v -0.008322132 0.0022966338 0.09586707
v -0.007702034 0.0023302627 0.09398032
v -0.007933182 0.0008307427 0.0947918
v -0.007951321 0.00092150137 0.09590102
v -0.004864483 -5.598747E-05 0.09584912
v -0.0073243678 0.001069597 0.09394875
v -0.0074100164 0.0023854536 0.054277077
v -0.0071075605 0.001126968 0.054277167
v -0.0048668333 0.0005646008 0.054333698
v -0.004736183 0.00026116884 0.09416839
v -0.004864483 -5.598747E-05 0.09584912
v -0.0029247436 0.03408025 0.13360849
v -0.001892189 0.0330875 0.13550676
v -0.0018872452 0.03307855 0.13348925
v -0.002959923 0.034173727 0.13551213
v -0.0034151 0.03572893 0.13357468
v -0.003042572 0.03665206 0.13548233
v -0.002378334 0.03732496 0.13357684
v -0.0023944245 0.037335806 0.13540539
v -0.001406845 0.037717048 0.13365582
v -0.00043826294 0.037668746 0.1354521
v -0.00048284914 0.03755883 0.13356432
v 0.00046133425 0.03725165 0.13360642
v 0.00047355652 0.03722167 0.13547555
v 0.0010881271 0.036561213 0.13356496
v 0.0014038238 0.035747003 0.13550508
v 0.0014067536 0.03559689 0.13357611
v 0.0012545929 0.0346737 0.13548541
v 0.001260292 0.034664795 0.1335716
v -0.00012226868 0.03310341 0.13553771
v -0.00012135315 0.033080053 0.13347939
v 0.000498848 0.031036291 0.13543905
v 0.00045011903 0.030676655 0.13209139
v 0.00049676513 0.024513397 0.13151708
v 0.00046206664 0.02457026 0.13545655
v -0.00019596863 0.031877253 0.13234657
v 0.00045011903 0.030676655 0.13209139
v -0.0001239624 0.031776205 0.13549308
v -0.00012135315 0.033080053 0.13347939
v -0.00019596863 0.031877253 0.13234657
v -0.00012226868 0.03310341 0.13553771
v 0.0031842042 0.007830297 0.11659215
v -0.0051703034 0.007878286 0.12279672
v -0.0053107683 0.007887957 0.11647372
v 0.0030319977 0.007840027 0.12280595
v 0.003240509 0.006887216 0.12277937
v -0.0053050234 0.0067193736 0.116575964
v -0.005207291 0.0068556503 0.12273472
v 0.0031556627 0.0067945705 0.11648883
v 0.0038279458 0.025137896 0.07258608
v 0.0036033783 0.025688585 0.0749642
v 0.0038363114 0.024988752 0.075550005
v 0.0030145398 0.026234016 0.07305153
v 0.0021846427 0.026498491 0.07255386
v -0.0043445434 0.009359151 0.119755015
v -0.004343548 0.01774247 0.09279034
v -0.0042331466 0.01764587 0.11968272
v -0.004324791 0.0094521 0.09280097
v -0.003733429 0.008618632 0.11983667
v -0.0034461822 0.008605709 0.092785746
v 0.0015297318 0.008631866 0.11985269
v 0.0012900811 0.008648425 0.09278288
v 0.0021198578 0.00938929 0.119804144
v 0.0021198578 0.00938929 0.119804144
v 0.0020282136 0.009393029 0.0928171
v 0.0018349456 0.017659903 0.11980424
v 0.002040104 0.017775668 0.09286121
v -0.009005299 0.030089254 0.033125523
v -0.0071432246 0.024354875 0.033152405
v -0.006407444 0.030103758 0.033133425
v -0.009176937 0.024490869 0.033129975
v -0.0074714012 0.01102021 0.09662305
v -0.004738186 0.003997813 0.096059084
v -0.007689102 0.00463076 0.09588861
v -0.0048917085 0.010442378 0.09668049
v -0.007508732 0.011791473 0.097229734
v -0.0054076198 0.011723719 0.09778489
v -0.007551853 0.0122104585 0.098201536
v -0.0055392836 0.012181777 0.102643535
v -0.00727993 0.012575632 0.10972507
v -0.0055485535 0.0123983715 0.10967783
v -0.008322132 0.0022966338 0.09586707
v -0.007689102 0.00463076 0.09588861
v -0.007951321 0.00092150137 0.09590102
v -0.004864483 -5.598747E-05 0.09584912
v -0.0052659987 0.008228172 0.12274725
v -0.0053256457 0.015701948 0.11983721
v -0.005255081 0.015970295 0.122520424
v -0.0050424044 0.007887259 0.11982641
v -0.0027634734 0.024353253 0.13009277
v 0.0009884033 0.023298519 0.13008998
v 0.0007826843 0.024324944 0.13020584
v -0.003691475 0.022285657 0.1301764
v 0.0016002503 0.022308206 0.13016453
v -0.0039603882 0.020977117 0.13014692
v 0.0018355179 0.02082274 0.13020726
v -0.0035524522 0.019341715 0.1301687
v -0.0025471572 0.017757326 0.13007629
v 0.00043398284 0.017625988 0.13012975
v -0.0024816056 0.015266429 0.13014747
v 0.00041498567 0.015183806 0.13009538
v -0.003487793 0.013704684 0.13023286
v 0.001434494 0.0135301715 0.13016959
v -0.003576851 0.011186903 0.13018672
v 0.0014517746 0.011226829 0.13019887
v -0.0025239259 0.009687737 0.13019899
v 0.000382164 0.009669141 0.13027957
v 0.0025570951 0.00063699624 0.054069214
v 0.0042818254 0.007981848 0.053969517
v 0.0024643936 0.009695873 0.054005116
v 0.0043981476 0.004328216 0.054031473
v 0.005052561 0.0024878355 0.053999808
v 0.005078383 0.0029382233 0.054251004
v 0.004510859 0.007926996 0.05419659
v 0.0045092525 0.013752504 0.05410569
v 0.0024643936 0.009695873 0.054005116
v 0.0020020695 0.01380696 0.054257125
v 0.0032027464 0.015105467 0.054313317
v 0.006891945 0.0148749575 0.054058235
v 0.0070557324 0.014241438 0.054250997
v 0.0027456407 0.00051766005 0.054040078
v 0.0025570951 0.00063699624 0.054069214
v 0.004923151 0.0016112179 0.053997334
v 0.00447997 0.0009757729 0.054094832
v 0.00480559 0.0010648164 0.054380756
v 0.0027456407 0.00051766005 0.054040078
v 0.00094244385 0.024460234 0.13470025
v -0.002805748 0.024372254 0.13706772
v -0.0030359803 0.02447865 0.13479196
v 0.0007848587 0.02439174 0.13713823
v -0.0063206404 0.024335656 0.03413846
v -0.009172946 0.024343729 0.034058183
v -0.006084432 0.026861724 0.034140937
v -0.009157211 0.02815951 0.03415595
v -0.0060759974 0.028179577 0.034191474
v 0.0032925396 0.028200686 0.033251647
v -0.0060614203 0.024427578 0.0331588
v -0.006044712 0.028170966 0.03319537
v 0.0033419495 0.024329532 0.03319705
v 0.004857731 0.030810777 0.011232082
v 0.0027609672 0.030780116 0.011269006
v 0.002762638 0.031882 0.0115585355
v 0.0048683737 0.03240967 0.011295442
v 0.002740734 0.032810688 0.010918181
v 0.0048828963 0.03298252 0.010324393
v 0.002783249 0.03282348 0.009377875
v 0.0048985747 0.032765117 0.009469485
v 0.002763279 0.03222583 0.008898385
v 0.0048183976 0.031768855 0.008770702
v 0.0048137167 0.030928316 0.008957762
v 0.0027523614 0.030984264 0.008940625
v 0.002765831 0.030339243 0.009662066
v 0.0047994805 0.030344611 0.00963353
v 0.0027592164 0.030320793 0.010614071
v 0.004857731 0.030810777 0.011232082
v 0.0027609672 0.030780116 0.011269006
v -0.0024412079 0.031100905 0.13219655
v -0.0024623107 0.024559628 0.13547792
v -0.00253434 0.024520215 0.13156416
v -0.0024371338 0.030978553 0.13543053
v -0.0018985977 0.031811167 0.13235293
v -0.0018312378 0.031839684 0.1354839
v 0.0070557324 0.014241438 0.054250997
v 0.0045092525 0.013752504 0.05410569
v 0.0070682 0.01538679 0.058631014
v 0.0045112753 0.015869483 0.06090914
v 0.007119487 0.016418042 0.060682245
v 0.0045106774 0.019040423 0.06470628
v 0.00705114 0.020932738 0.06508189
v 0.0045150146 0.02088227 0.06613323
v 0.004512005 0.020894455 0.07180035
v 0.0069243563 0.021258175 0.067315
v 0.0045150146 0.02088227 0.06613323
v 0.0045106774 0.019040423 0.06470628
v 0.0045112753 0.015869483 0.06090914
v 0.0045117047 0.0043550036 0.06227254
v 0.0045092525 0.013752504 0.05410569
v 0.004510859 0.007926996 0.05419659
v 0.0043981476 0.004328216 0.054031473
v 0.005078383 0.0029382233 0.054251004
v 0.005203297 0.0033837329 0.094041824
v 0.0054193726 0.0024315815 0.09395945
v 0.005453945 0.0044163424 0.09468379
v 0.005052561 0.0024878355 0.053999808
v 0.00451236 0.0044315346 0.09395623
v 0.004513035 0.009886112 0.094557464
v 0.00480559 0.0010648164 0.054380756
v 0.004923151 0.0016112179 0.053997334
v 0.0051613655 0.0077655623 0.09487252
v 0.0045119133 0.012678778 0.09593332
v 0.005183487 0.011145915 0.09567038
v 0.0051619606 0.009241789 0.096227475
v 0.0052395286 0.011532912 0.09695263
v 0.0053534433 0.0045411196 0.09600318
v 0.005206089 0.012415674 0.096670106
v 0.005259167 0.01199272 0.09769701
v 0.004512451 0.013579148 0.09727785
v 0.0050833514 0.013705648 0.102633394
v 0.005091637 0.012527902 0.10816876
v 0.004426758 0.021061948 0.107060246
v 0.0045116274 0.01413192 0.1011975
v 0.00450943 0.020081136 0.10912684
v 0.0050128098 0.013411742 0.109841324
v 0.0049814302 0.012775188 0.10988964
v 0.004468094 0.014291612 0.109950334
v 0.0043686447 0.019730777 0.10951658
v 0.004426758 0.021061948 0.107060246
v 0.0045097447 0.02124866 0.07210546
v 0.004509613 0.02065297 0.10827005
v -0.0013295974 0.009211314 0.14083701
v -0.0013709335 0.009210246 0.13966087
v -0.0025355301 0.009506197 0.14090177
v -0.003538147 0.010293254 0.13961017
v -0.0035052795 0.010293634 0.1408879
v -0.0026399689 0.011121905 0.13941225
v -0.0012739563 0.010392191 0.13934886
v -0.003116661 0.012580617 0.13941278
v -0.0041959533 0.011355689 0.13960846
v -0.004313759 0.012600753 0.14090793
v -0.0041959533 0.011355689 0.13960846
v -0.0024719697 0.013977767 0.13942915
v -0.004041527 0.01381947 0.13964467
v -0.0033170013 0.014850778 0.13965835
v -0.0018004761 0.014383856 0.13943934
v -0.0022378922 0.015509172 0.13967241
v -0.00074100494 0.014486712 0.13946676
v -0.00052640535 0.01567799 0.1396468
v 0.00056332396 0.013672271 0.13947016
v 0.00065290835 0.015218787 0.1396538
v 0.0015676346 0.014354592 0.1396471
v 0.0009277954 0.01219063 0.13946418
v 0.0021264725 0.011980825 0.13962641
v 0.00067826844 0.01146087 0.13946053
v -0.0004952774 0.0104882065 0.13944817
v 0.0009223251 0.009901194 0.1395958
v -0.0012739563 0.010392191 0.13934886
v -0.0013709335 0.009210246 0.13966087
v -0.0013295974 0.009211314 0.14083701
v 0.0009223251 0.009901194 0.1395958
v 0.0008820648 0.009916723 0.1408842
v 0.0016664658 0.010821653 0.14089942
v 0.0021264725 0.011980825 0.13962641
v 0.002136017 0.011987353 0.14088365
v 0.0020663452 0.013219661 0.14087889
v 0.0015676346 0.014354592 0.1396471
v 0.0006350784 0.015203104 0.140884
v 0.00065290835 0.015218787 0.1396538
v -0.00054114533 0.01563323 0.14087026
v -0.00052640535 0.01567799 0.1396468
v -0.0022367248 0.01551774 0.14089555
v -0.0022378922 0.015509172 0.13967241
v -0.0033234102 0.014859801 0.14089936
v -0.0033170013 0.014850778 0.13965835
v -0.004055214 0.013827214 0.14090753
v -0.004041527 0.01381947 0.13964467
v -0.004313759 0.012600753 0.14090793
v 0.0022074967 0.02394236 0.13559702
v 0.0020458375 0.023174088 0.1341712
v 0.002141304 0.022297446 0.13491517
v 0.0020830764 0.024275586 0.13508852
v 0.0020830764 0.024275586 0.13508852
v 0.002141304 0.022297446 0.13491517
v 0.0020458375 0.023174088 0.1341712
v 0.0022074967 0.02394236 0.13559702
v 0.0008852692 0.022023184 0.18683495
v 0.000447464 0.021752013 0.18525289
v 0.00041244508 0.02183098 0.18826097
v 0.00096771243 0.021819966 0.18529421
v 0.0010894776 0.021189895 0.18356414
v 0.0005793457 0.021217586 0.18417197
v 0.00045011903 0.030676655 0.13209139
v -0.0024412079 0.031100905 0.13219655
v -0.00253434 0.024520215 0.13156416
v 0.00049676513 0.024513397 0.13151708
v -0.0018985977 0.031811167 0.13235293
v -0.0024412079 0.031100905 0.13219655
v -0.00019596863 0.031877253 0.13234657
v -0.0018872452 0.03307855 0.13348925
v -0.00012135315 0.033080053 0.13347939
v -0.00026957702 0.033849817 0.13353768
v -0.0017827149 0.03386613 0.13353805
v 0.001260292 0.034664795 0.1335716
v 0.00089929963 0.03556219 0.13352312
v 0.0014067536 0.03559689 0.13357611
v 0.0010881271 0.036561213 0.13356496
v 0.0006173172 0.03631402 0.13354124
v 0.00046133425 0.03725165 0.13360642
v -0.00048284914 0.03755883 0.13356432
v -0.00058168033 0.03720319 0.13352571
v -0.001406845 0.037717048 0.13365582
v -0.002378334 0.03732496 0.13357684
v -0.0021410293 0.036912765 0.1335254
v -0.0034151 0.03572893 0.13357468
v -0.0029247436 0.03408025 0.13360849
v -0.0018872452 0.03307855 0.13348925
v -0.0028847351 0.035685696 0.13356432
v -0.0034151 0.03572893 0.13357468
v -0.0038072434 0.016040536 0.122761235
v -0.0030260927 0.017945942 0.12268665
v 0.0006986389 0.018045004 0.122659184
v -0.0012351151 0.013277999 0.12276976
v 0.0016175079 0.016091298 0.122685745
v -0.005255081 0.015970295 0.122520424
v 0.0031244203 0.01582062 0.122673444
v -0.0052659987 0.008228172 0.12274725
v 0.0028777772 0.007890221 0.12273404
v -0.0061795795 0.024318274 0.043150995
v -0.009093828 0.029975267 0.043131564
v -0.0060992963 0.030189855 0.043146905
v -0.009303126 0.024420708 0.042962752
v -0.009258439 0.029962838 0.042856343
v -0.008734682 0.030209364 0.042985596
v -0.0060992963 0.030189855 0.043146905
v 0.002040104 0.017775668 0.09286121
v -0.0042331466 0.01764587 0.11968272
v -0.004343548 0.01774247 0.09279034
v 0.0018349456 0.017659903 0.11980424
v -0.004324791 0.0094521 0.09280097
v 0.002040104 0.017775668 0.09286121
v -0.004343548 0.01774247 0.09279034
v 0.0020282136 0.009393029 0.0928171
v -0.0034461822 0.008605709 0.092785746
v 0.0012900811 0.008648425 0.09278288
v 0.00060482026 0.03628437 0.13549389
v 0.00089929963 0.03556219 0.13352312
v 0.0006173172 0.03631402 0.13354124
v 0.0007797318 0.034872483 0.13549086
v 0.00035865785 0.0342439 0.13548085
v 0.00089929963 0.03556219 0.13352312
v -0.00026957702 0.033849817 0.13353768
v -0.001750122 0.03388007 0.13550109
v -0.0017827149 0.03386613 0.13353805
v -0.0024693375 0.034458883 0.13548896
v -0.0028847351 0.035685696 0.13356432
v -0.002826393 0.035726514 0.13551727
v -0.0025907592 0.03637998 0.13552585
v -0.0028847351 0.035685696 0.13356432
v -0.0021410293 0.036912765 0.1335254
v -0.0013614349 0.03714767 0.13549615
v -0.00058168033 0.03720319 0.13352571
v 0.00060482026 0.03628437 0.13549389
v 0.0006173172 0.03631402 0.13354124
v -0.0023258973 0.010430117 0.12917188
v -0.00038667297 0.008923576 0.1293276
v -0.0006369095 0.010120064 0.12916407
v -0.0017350388 0.008887843 0.12931924
v -0.003075966 0.009445777 0.12932888
v -0.003009407 0.011085399 0.12917177
v -0.0040486907 0.010399018 0.12932517
v -0.0034047775 0.012811572 0.12917888
v -0.004575783 0.011674858 0.12932147
v -0.0023837127 0.014370057 0.12917216
v -0.0034207534 0.012748384 0.1285179
v -0.0030150376 0.011070067 0.12852004
v -0.003009407 0.011085399 0.12917177
v -0.0023258973 0.010430117 0.12917188
v -0.0015241242 0.010115449 0.12853304
v -0.0006369095 0.010120064 0.12916407
v 0.00014815522 0.010418539 0.12853308
v -0.0023957063 0.014372685 0.12852311
v -0.0013295974 0.014755216 0.12852558
v -0.00046598053 0.014679263 0.12916814
v -0.0003943634 0.0146689555 0.12852925
v 0.0009322815 0.013615987 0.1291666
v 0.0009189606 0.013652897 0.1285295
v 0.0012375412 0.012788478 0.12853341
v 0.0012158433 0.011913646 0.12917961
v 0.0008428803 0.01106989 0.12852941
v 0.00020874024 0.010467796 0.1291535
v 0.00014815522 0.010418539 0.12853308
v -0.0006369095 0.010120064 0.12916407
v -0.00046598053 0.014679263 0.12916814
v -0.0030883027 0.015277548 0.12931843
v -0.0014368516 0.015978782 0.12931506
v -0.004060524 0.0143627105 0.12930995
v -0.00010061645 0.015866686 0.12933579
v 0.0009322815 0.013615987 0.1291666
v -0.004581505 0.013107849 0.12999608
v 0.0019866028 0.014246691 0.12930591
v 0.0012158433 0.011913646 0.12917961
v 0.0023944473 0.011646607 0.12930544
v 0.00020874024 0.010467796 0.1291535
v 0.0018719559 0.010398884 0.12931152
v -0.0006369095 0.010120064 0.12916407
v -0.00038667297 0.008923576 0.1293276
v 0.00090078736 0.009426133 0.13001826
v -0.0017192002 0.008892151 0.13000698
v 0.0018603058 0.0103930365 0.13001032
v 0.0024008104 0.011641226 0.13002273
v 0.0024234925 0.01300249 0.12996298
v 0.0019978867 0.014259399 0.13001896
v 0.0011146546 0.015259071 0.13001476
v -0.0001129303 0.015874125 0.13000059
v -0.001454155 0.015977755 0.13001972
v -0.0014368516 0.015978782 0.12931506
v -0.00316333 0.015340522 0.13000776
v -0.0030883027 0.015277548 0.12931843
v -0.004581505 0.013107849 0.12999608
v -0.003794632 0.0011080041 0.12286246
v -0.0036943818 0.0060523762 0.12699652
v -0.0034531632 0.0010298289 0.12699418
v -0.0037177505 0.006060922 0.12284573
v -0.0031427077 0.007536955 0.12714496
v -0.003140808 0.007547082 0.12281013
v -0.0031594848 0.008848655 0.12765816
v -0.003171913 0.008863944 0.1227743
v -0.004008041 0.010418312 0.12773761
v -0.004009323 0.010376942 0.122792624
v -0.004431427 0.012223689 0.12769987
v -0.004463104 0.012221967 0.12280306
v -0.003898247 0.014394897 0.12769218
v -0.004006279 0.014374907 0.12283849
v -0.002579773 0.015768414 0.12767206
v -0.0026499252 0.01581105 0.12283206
v -0.0010862045 0.015988259 0.1228311
v 0.00044327546 0.015737569 0.12768319
v 0.0005535507 0.015811194 0.12288956
v 0.0017999725 0.014216486 0.1277138
v 0.0019102478 0.014318975 0.122872844
v 0.0022158509 0.011979847 0.12771143
v 0.002235237 0.012013484 0.12288386
v 0.0018204803 0.010262067 0.12768541
v 0.0017857819 0.010255831 0.12285162
v 0.0009373169 0.008809747 0.12766157
v 0.000937706 0.008823298 0.12277675
v 0.0021198578 0.00938929 0.119804144
v -0.0042331466 0.01764587 0.11968272
v 0.0018349456 0.017659903 0.11980424
v -0.0043445434 0.009359151 0.119755015
v 0.0015297318 0.008631866 0.11985269
v -0.003733429 0.008618632 0.11983667
v 0.0021198578 0.00938929 0.119804144
v 0.0011306762 0.0010799487 0.122833386
v 0.0007249832 0.0045285504 0.12704563
v 0.0010716706 0.0010406345 0.12699091
v 0.00080278015 0.0046069645 0.122753516
v -2.4650573E-05 0.0051514325 0.12274805
v -0.0011938476 0.005426388 0.12704995
v -0.0012669525 0.005347355 0.12275355
v -0.0025316163 0.0049248026 0.12704885
v -0.002555809 0.004947599 0.122748815
v -0.003286354 0.004058054 0.12705187
v -0.0031009598 0.0040014903 0.12282438
v -0.0034531632 0.0010298289 0.12699418
v -0.003794632 0.0011080041 0.12286246
v 0.003561081 0.025778607 0.102996126
v 0.0038563386 0.02508253 0.10542154
v 0.0038345032 0.025181409 0.10258135
v 0.0031292725 0.02619955 0.10483966
v 0.002248146 0.026504885 0.10257375
v 0.0018466415 0.013973242 0.10971308
v 0.004468094 0.014291612 0.109950334
v 0.0031570587 0.012417834 0.10978783
v 0.0049814302 0.012775188 0.10988964
v 0.0050128098 0.013411742 0.109841324
v 0.0031962662 0.015453634 0.10980294
v 0.0018466415 0.013973242 0.10971308
v 0.0043686447 0.019730777 0.10951658
v 0.0032734452 0.0197751 0.10940947
v 0.0032407609 0.020799821 0.108220845
v 0.004509613 0.02065297 0.10827005
v 0.0011306762 0.0010799487 0.122833386
v 0.0015179901 0.0061440025 0.12291345
v 0.00080278015 0.0046069645 0.122753516
v -2.4650573E-05 0.0051514325 0.12274805
v 0.00096318056 0.00748311 0.12278252
v 0.000937706 0.008823298 0.12277675
v 0.00096318056 0.00748311 0.12278252
v -0.0012669525 0.005347355 0.12275355
v -0.003140808 0.007547082 0.12281013
v -0.0037177505 0.006060922 0.12284573
v -0.002555809 0.004947599 0.122748815
v -0.0031009598 0.0040014903 0.12282438
v -0.003794632 0.0011080041 0.12286246
v -0.003171913 0.008863944 0.1227743
v -0.004009323 0.010376942 0.122792624
v -0.0010862045 0.015988259 0.1228311
v -0.004463104 0.012221967 0.12280306
v -0.004006279 0.014374907 0.12283849
v -0.0026499252 0.01581105 0.12283206
v 0.002235237 0.012013484 0.12288386
v 0.0017857819 0.010255831 0.12285162
v 0.0019102478 0.014318975 0.122872844
v 0.0005535507 0.015811194 0.12288956
v 0.0029595338 0.026255239 0.0939585
v 0.0036317024 0.02569799 0.09588871
v 0.0037983856 0.025339477 0.09368283
v 0.002294918 0.026510589 0.09356597
v 0.0038394814 0.025023485 0.096439555
v 0.0037983856 0.025339477 0.09368283
v 0.0038622322 0.024719965 0.0972618
v 0.0038508226 0.0247086 0.092571124
v 0.0040853806 0.021534007 0.11071956
v 0.0038683433 0.024726791 0.10158139
v 0.0038493462 0.025214573 0.09832839
v 0.0038311044 0.02527828 0.10044439
v 0.0038624725 0.024722943 0.106391385
v 0.0038345032 0.025181409 0.10258135
v 0.0038563386 0.02508253 0.10542154
v 0.0038058015 0.025363438 0.107496865
v 0.0038721315 0.024715118 0.08535209
v 0.003840603 0.025163919 0.091509394
v 0.0038750153 0.024732757 0.080586
v 0.0040870057 0.021534238 0.07821177
v 0.0038422623 0.02517692 0.08438221
v 0.0038659058 0.024733406 0.07651124
v 0.0038478929 0.025249783 0.07955307
v 0.003846897 0.025292275 0.077473916
v 0.0038627414 0.024720117 0.071595445
v 0.0038363114 0.024988752 0.075550005
v 0.0038279458 0.025137896 0.07258608
v 0.004078543 0.021534454 0.06719419
v 0.003827362 0.02517838 0.07056222
v 0.0038478929 0.025249783 0.07955307
v 0.003043991 0.026218861 0.07782379
v 0.0030408783 0.026231922 0.07914062
v 0.0023660087 0.026490906 0.07747384
v 0.0028431816 0.030904625 -0.0010570226
v 0.004967686 0.030958975 -0.0010687127
v 0.00285886 0.031139763 -0.0020867852
v 0.0049782027 0.03151769 -0.0023622673
v 0.002867523 0.032020025 -0.0026730145
v 0.0049925195 0.032473028 -0.0025976663
v 0.0047800024 0.033424202 -0.0021297743
v 0.0028665506 0.03346235 -0.0021159097
v 0.0048637963 0.033664167 -0.001636385
v 0.0028651084 0.033715043 -0.0010764025
v 0.004982243 0.03330963 -0.0004294851
v 0.0028564339 0.033425774 -0.00041120313
v 0.0028645478 0.032491717 0.00010945719
v 0.004893345 0.03241987 0.00012994783
v 0.004824005 0.03141043 -0.00017034545
v 0.0028431816 0.030904625 -0.0010570226
v 0.004967686 0.030958975 -0.0010687127
v -0.0031004334 0.021851376 0.1854616
v -0.0027336273 0.021198804 0.18417746
v -0.003270035 0.021191752 0.18414697
v -0.0025610505 0.02180695 0.18543369
v -0.0031004334 0.021851376 0.1854616
v -0.002573593 0.021765638 0.18840812
v -0.0030823518 0.021825744 0.1883843
v -0.0047612 0.025688969 0.10968455
v -0.004716248 0.02552326 0.1103861
v -0.0014386368 0.025518028 0.1096957
v -0.004146927 0.025568753 0.11411969
v 0.0012492599 0.02550783 0.113711804
v -0.0037394485 0.024517968 0.11882404
v 0.0021038589 0.025678556 0.11029568
v 0.0018647233 0.025546571 0.10969176
v 0.0024680786 0.024824755 0.110255234
v 0.00091607665 0.02451917 0.11882592
v -0.0006134949 0.023826703 0.12564196
v -0.002177971 0.023824291 0.1256484
v -0.002079094 0.02421026 0.12746385
v -0.00072104647 0.024596438 0.12739833
v -0.0037340699 0.02367828 0.1257477
v 0.00093949126 0.023681477 0.1257631
v -0.0044413377 0.023539877 0.11876589
v 0.0014227066 0.023279432 0.12571892
v 0.0016511307 0.023593554 0.11882452
v -0.004216919 0.023281047 0.12567866
v -0.0038722917 0.024144541 0.13271554
v -0.0047359313 0.023469366 0.13299432
v -0.004851471 0.021489955 0.13359787
v -0.0048562777 0.021433214 0.118909515
v -0.0048771743 0.024511682 0.113380075
v -0.0051619494 0.021502752 0.11366422
v -0.005265404 0.02484936 0.110255264
v -0.0059024733 0.021443333 0.109686
v -0.005527977 0.024722943 0.10968322
v -0.004716248 0.02552326 0.1103861
v -0.0047612 0.025688969 0.10968455
v 0.0021219177 0.02149077 0.11930275
v 0.00248909 0.021498272 0.11368913
v 0.0020863723 0.024518535 0.11332163
v 0.0024680786 0.024824755 0.110255234
v 0.0031182861 0.021450931 0.109701015
v 0.0021229936 0.025613494 0.10968838
v 0.0021393814 0.02154776 0.13368122
v 0.0019544677 0.02293606 0.13372304
v 0.0019281693 0.02349232 0.13293102
v 0.0010689469 0.024150478 0.132704
v -0.0067798006 0.020818165 0.066150755
v -0.00934619 0.021207083 0.06712175
v -0.006779194 0.021206202 0.072002046
v -0.009341326 0.020944837 0.06504451
v -0.009376385 0.01754339 0.062083077
v -0.006779778 0.017183926 0.06279567
v -0.0067798262 0.015449674 0.06006854
v -0.009385884 0.01599635 0.059974033
v -0.006779806 0.014387409 0.057340823
v -0.009413181 0.014837473 0.05711979
v -0.006779862 0.013782006 0.054102276
v -0.009248647 0.014239856 0.054126248
v -0.0092402585 0.028159844 0.042258564
v -0.009258439 0.029962838 0.042856343
v -0.009303126 0.024420708 0.042962752
v -0.009157211 0.02815951 0.03415595
v -0.009005299 0.030089254 0.033125523
v -0.0030017854 0.01932669 0.17908889
v -0.00182753 0.018627372 0.17977843
v -0.0018165894 0.01864402 0.17906275
v -0.0030296172 0.019305883 0.17978747
v -0.0037310487 0.020555314 0.17908199
v -0.0037308654 0.020514803 0.17979394
v -0.0036598663 0.0219692 0.17909221
v -0.0037028503 0.021918084 0.17979258
v -0.002924469 0.023128046 0.17910092
v -0.0029604493 0.02310282 0.17980023
v -0.0017037048 0.023710547 0.17908199
v -0.0017460022 0.023723094 0.17979418
v -0.00039358521 0.023669938 0.17911105
v -0.00036557007 0.023692332 0.17984748
v 0.0007920685 0.022984343 0.17907509
v 0.00080978393 0.023004819 0.17983717
v 0.0014462585 0.02185037 0.1790776
v 0.001463974 0.021808537 0.17983899
v 0.0014290009 0.020497167 0.17907439
v 0.0014418182 0.020446487 0.17984107
v 0.00073709106 0.01932232 0.17909494
v 0.00074235536 0.019276107 0.17984818
v -0.00044741822 0.018646888 0.17909153
v -0.00045817567 0.018644687 0.17985372
v -0.0018165894 0.01864402 0.17906275
v -0.00182753 0.018627372 0.17977843
v -0.0064469376 0.02505511 0.08531358
v -0.005898136 0.025107728 0.08632888
v -0.006410923 0.025435193 0.08637907
v -0.005899269 0.024718229 0.085284084
v -0.006406197 0.025466358 0.08435142
v -0.00045863344 0.018621724 0.18346667
v -0.0018050537 0.018645704 0.18268794
v -0.0018069764 0.018637706 0.18345429
v -0.00044238282 0.018627701 0.18271382
v 0.00073443603 0.01926387 0.18346688
v 0.0007314606 0.019304603 0.18273883
v 0.0014348144 0.020429203 0.18348031
v 0.0014360962 0.020454427 0.18274269
v 0.001459488 0.021790357 0.18348783
v 0.0014567871 0.021814102 0.18271267
v 0.0008112488 0.022988077 0.18350486
v 0.0008017731 0.023011323 0.182717
v -0.0003558197 0.02370641 0.18351154
v -0.00034199524 0.023709578 0.18272991
v -0.0017302093 0.02374069 0.18350786
v -0.0017159272 0.023730524 0.18278117
v -0.0029450683 0.023079919 0.18351023
v -0.0029244232 0.02310056 0.18273032
v -0.003657669 0.021891782 0.18349776
v -0.0036348267 0.021953143 0.18270886
v -0.0036881561 0.02050525 0.18348306
v -0.0036720429 0.020535428 0.1826972
v -0.0029929962 0.019312141 0.18346588
v -0.0036881561 0.02050525 0.18348306
v -0.0029946899 0.019327851 0.18270339
v -0.0018069764 0.018637706 0.18345429
v -0.0018050537 0.018645704 0.18268794
v -0.0030010988 0.019334715 0.18094125
v -0.0017999725 0.01861412 0.18167548
v -0.0018079376 0.018642122 0.18090907
v -0.0030023805 0.019331928 0.1816943
v -0.003708069 0.020537019 0.18092929
v -0.0036974945 0.020518864 0.18168516
v -0.0036689758 0.021937327 0.18093818
v -0.0036750184 0.021925714 0.18167555
v -0.002916504 0.023100791 0.18093917
v -0.0029589843 0.023068007 0.18167889
v -0.0017123566 0.023751464 0.18093868
v -0.0017219696 0.023744164 0.18167661
v -0.00035906982 0.02371207 0.18098702
v -0.00035105896 0.023709632 0.18165572
v 0.00079701236 0.023013229 0.18097317
v 0.0008203583 0.023005331 0.18162434
v 0.0014730378 0.021837808 0.18096347
v 0.0014974365 0.021815341 0.18162738
v 0.0014648895 0.020472402 0.18094918
v 0.0014602203 0.020441359 0.18164769
v 0.0007641907 0.019293422 0.1809401
v 0.00075228885 0.019288734 0.1816896
v -0.0004381256 0.018632518 0.18094459
v -0.00044439698 0.01861529 0.18166406
v -0.0018079376 0.018642122 0.18090907
v -0.0017999725 0.01861412 0.18167548
v -0.00048907474 0.023292344 0.1808189
v 0.00047639466 0.02270825 0.18081236
v 0.0010418701 0.02172745 0.18080874
v 0.0010388031 0.020584214 0.1808123
v -0.0016235962 0.02331231 0.18079455
v -0.002916504 0.023100791 0.18093917
v 0.00044924926 0.019599734 0.18081392
v 0.0007641907 0.019293422 0.1809401
v -0.0026235352 0.02277992 0.18080178
v -0.0036689758 0.021937327 0.18093818
v -0.0032606965 0.02181743 0.18080899
v -0.003708069 0.020537019 0.18092929
v -0.0032953492 0.020647945 0.18081054
v -0.0030010988 0.019334715 0.18094125
v -0.00055581663 0.019050058 0.18081282
v -0.0004381256 0.018632518 0.18094459
v -0.0017083283 0.019057935 0.18080007
v -0.0018079376 0.018642122 0.18090907
v -0.0016911621 0.01910692 0.17987607
v -0.0005762787 0.019121522 0.17988887
v 0.00038154604 0.019613465 0.17989804
v 0.00094880676 0.020511275 0.17990391
v 0.000993164 0.02166549 0.17990735
v 0.00045501709 0.022667486 0.17989172
v -0.0005061493 0.023216633 0.17991108
v -0.001639618 0.023246732 0.17988689
v -0.002639923 0.02271853 0.17988034
v -0.0032606965 0.02181743 0.18080899
v -0.0032420654 0.02173238 0.17986917
v -0.0032473297 0.020599943 0.17985022
v -0.0027176514 0.019629424 0.18080752
v -0.0018079376 0.018642122 0.18090907
v -0.0026631774 0.01963773 0.17986076
v -0.0017083283 0.019057935 0.18080007
v -0.0016911621 0.01910692 0.17987607
v -0.005452078 0.024487475 0.0485457
v -0.006175134 0.026755607 0.048554376
v -0.0053307177 0.026770059 0.04856713
v -0.006077684 0.024298977 0.04846525
v -0.0004805603 0.019672558 0.18539476
v -0.0010808258 0.018983293 0.1841345
v -0.0010922241 0.019557372 0.18355313
v -0.00041322326 0.019155951 0.18550535
v -0.00025474548 0.019216474 0.18683228
v -0.0064070206 0.025446855 0.102587394
v -0.00587883 0.025148254 0.102544874
v -0.0052443696 0.026135828 0.10303538
v -0.00553672 0.026623808 0.10319441
v -0.004717964 0.027005585 0.10270555
v -0.0044960175 0.026483415 0.102718726
v -0.0048984145 0.024294628 0.026903097
v -0.0071432246 0.024354875 0.033152405
v -0.0063206404 0.024335656 0.03413846
v -0.005570549 0.024317654 0.02682993
v -0.004516342 0.024340173 -0.012042118
v -0.0051950915 0.02430378 -0.012257124
v -0.004893631 0.024291499 -0.013723761
v -0.002746811 0.024330445 -0.014325777
v -0.0044173966 0.02446175 -0.017077675
v -0.004893631 0.024291499 -0.013723761
v -0.0026273804 0.024445496 -0.017108843
v 0.0057684057 0.026684424 0.034621317
v 0.0056110867 0.028175732 0.047912873
v 0.005619337 0.02669107 0.047927342
v 0.005733175 0.028161887 0.034683757
v 0.0031751469 0.026713857 0.048607275
v 0.0022882777 0.026969593 0.053131446
v 0.0030522086 0.026738921 0.052255012
v 0.0024180387 0.026738076 0.048003457
v 0.006330662 0.026712121 0.04848251
v 0.005619337 0.02669107 0.047927342
v -0.0041350024 0.013948121 0.109618105
v -0.0054523773 0.01553944 0.109795004
v -0.0040698852 0.014024451 0.09158992
v -0.0054536765 0.015174969 0.07192898
v -0.00406164 0.013917558 0.072288424
v -0.005627581 0.014998053 0.054121275
v -0.0054685194 0.015778126 0.057340052
v -0.0054906523 0.016768439 0.05988279
v -0.0055470257 0.018558547 0.061975766
v -0.004261807 0.0137508735 0.054321017
v -0.005533058 0.02135102 0.07139282
v -0.0055384827 0.021241054 0.064579815
v -0.005464302 0.021065492 0.10663594
v -0.0054660416 0.020677878 0.108254
v -0.005475151 0.01984386 0.10951468
v -0.004569998 0.011799468 0.07146891
v -0.0046902853 0.009865176 0.05404156
v -0.0054076198 0.011723719 0.09778489
v -0.0040698852 0.014024451 0.09158992
v -0.0055392836 0.012181777 0.102643535
v -0.0041350024 0.013948121 0.109618105
v -0.0055485535 0.0123983715 0.10967783
v -0.0048917085 0.010442378 0.09668049
v -0.0047133234 0.009825084 0.07141449
v -0.004724838 0.004206401 0.054127764
v -0.0048668333 0.0005646008 0.054333698
v -0.004736183 0.00026116884 0.09416839
v -0.004738186 0.003997813 0.096059084
v -0.004864483 -5.598747E-05 0.09584912
v -0.0055485535 0.0123983715 0.10967783
v -0.0054523773 0.01553944 0.109795004
v -0.0041350024 0.013948121 0.109618105
v -0.006779961 0.0142875295 0.10982666
v -0.00727993 0.012575632 0.10972507
v -0.006779961 0.0142875295 0.10982666
v -0.007272217 0.013767949 0.10970432
v -0.006778404 0.019957438 0.10941267
v -0.0054523773 0.01553944 0.109795004
v -0.005475151 0.01984386 0.10951468
v -0.001665619 0.022682952 0.18542911
v -0.001094925 0.023339445 0.18355289
v -0.001086319 0.02283871 0.18417342
v -0.0018787994 0.023136595 0.18680261
v 0.0007826843 0.024324944 0.13020584
v 0.0009884033 0.023298519 0.13008998
v 0.00093413546 0.024450133 0.13260634
v 0.00094244385 0.024460234 0.13470025
v 0.00092440797 0.02557409 0.13511725
v 0.0008509827 0.025558477 0.1323071
v 0.0007848587 0.02439174 0.13713823
v 0.0016213073 0.022229709 0.13713495
v 0.0016002503 0.022308206 0.13016453
v 0.0018312149 0.020767132 0.13717385
v 0.0018355179 0.02082274 0.13020726
v 0.0014310379 0.019300785 0.13235232
v 0.00047035218 0.017675197 0.13717033
v 0.00043398284 0.017625988 0.13012975
v 0.00044698335 0.015202496 0.13718563
v 0.00041498567 0.015183806 0.13009538
v 0.0013967056 0.013720392 0.1371131
v 0.001434494 0.0135301715 0.13016959
v 0.0013922196 0.011131677 0.1370821
v 0.0014517746 0.011226829 0.13019887
v 0.000382164 0.009669141 0.13027957
v 0.00011705017 0.009645296 0.13714297
v -0.0025239259 0.009687737 0.13019899
v -0.0024442521 0.009678725 0.13716152
v -0.003576851 0.011186903 0.13018672
v -0.0035026246 0.011226796 0.13710023
v -0.0034832153 0.013707484 0.13711838
v -0.003487793 0.013704684 0.13023286
v -0.0024938278 0.015280173 0.13723582
v -0.0024816056 0.015266429 0.13014747
v -0.002563385 0.01762947 0.13720523
v -0.0025471572 0.017757326 0.13007629
v -0.0035524522 0.019341715 0.1301687
v -0.0034228363 0.0192475 0.13709182
v -0.0039170836 0.020926395 0.1371087
v -0.0039603882 0.020977117 0.13014692
v -0.0036426315 0.022376051 0.13710429
v -0.003691475 0.022285657 0.1301764
v -0.0031482927 0.023288263 0.13242903
v -0.0027634734 0.024353253 0.13009277
v -0.002805748 0.024372254 0.13706772
v -0.0030359803 0.02447865 0.13479196
v -0.003044014 0.02448552 0.13259798
v -0.0030213317 0.02556864 0.13512908
v -0.002974617 0.025562728 0.1322944
v -0.004851471 0.021489955 0.13359787
v -0.0047259065 0.022980217 0.13343908
v -0.0048560943 0.022305943 0.13493879
v -0.0047553866 0.02309146 0.134138
v -0.004850281 0.023066865 0.13539824
v -0.0048337784 0.024060342 0.13558121
v -0.0048560943 0.022305943 0.13493879
v -0.0047259065 0.022980217 0.13343908
v -0.004851471 0.021489955 0.13359787
v -0.0047553866 0.02309146 0.134138
v -0.004850281 0.023066865 0.13539824
v -0.0048337784 0.024060342 0.13558121
v -0.0051899757 0.026180191 0.1000712
v -0.0058840713 0.025263028 0.09837077
v -0.0058804094 0.025182644 0.10052418
v -0.0051685525 0.026190808 0.09875335
v -0.0043638153 0.026519975 0.09834444
v -0.0044998396 0.026504597 0.10038875
v 0.005733175 0.028161887 0.034683757
v 0.003322443 0.026729193 0.034268185
v 0.0032738629 0.028206153 0.034270722
v 0.0057684057 0.026684424 0.034621317
v 0.0032925396 0.028200686 0.033251647
v 0.003322443 0.026729193 0.034268185
v 0.0033419495 0.024329532 0.03319705
v 0.0032738629 0.028206153 0.034270722
v -0.0058777197 0.025101932 0.09632601
v -0.006447487 0.025042986 0.097312376
v -0.006401413 0.025443316 0.09619304
v -0.0059035607 0.024718475 0.09732588
v -0.0064009554 0.025468621 0.098332144
v 0.00229414 0.035228066 0.0055670664
v 0.0023542328 0.034470398 0.010360192
v 0.0022777405 0.034304325 0.0062127137
v 0.0023102188 0.035808522 0.0042266087
v 0.0023542328 0.034470398 0.010360192
v 0.0024020576 0.033658057 0.011463911
v 0.0022644196 0.033245012 0.0062981606
v 0.002216572 0.030122364 0.012010737
v 0.0022565231 0.032336585 0.005900896
v 0.0022338638 0.030359894 0.005531371
v 0.0022583427 0.031413116 0.004000386
v 0.0023450775 0.037335675 0.0016900594
v 0.00231435 0.035277877 0.002648193
v 0.0022765617 0.030399937 -0.0006131864
v 0.0023000564 0.03363638 0.0019129952
v 0.0023594627 0.037039638 -0.0008837176
v 0.002375038 0.036338136 -0.0020372022
v 0.0023769035 0.0352327 -0.002965559
v 0.0022800292 0.032182705 0.002472388
v 0.0023033067 0.030400462 -0.004184568
v 0.0017186737 0.030164868 -0.004229858
v -0.0010809059 0.030376391 -0.00019596901
v 0.0022338638 0.030359894 0.005531371
v 0.002216572 0.030122364 0.012010737
v -0.0043472787 0.030389646 0.011943807
v -0.004215649 0.030458633 -0.004219999
v 0.0016636505 0.030344587 -0.0046108603
v -0.0036130943 0.030422416 -0.004248363
v -0.0036189996 0.030410033 -0.004645496
v -0.0014386368 0.025518028 0.1096957
v -0.0009404984 0.025928415 0.10971577
v -0.0047612 0.025688969 0.10968455
v 0.0018647233 0.025546571 0.10969176
v 0.0021229936 0.025613494 0.10968838
v 0.0024680786 0.024824755 0.110255234
v 0.0030319977 0.007840027 0.12280595
v -0.005207291 0.0068556503 0.12273472
v -0.0051703034 0.007878286 0.12279672
v 0.003240509 0.006887216 0.12277937
v -0.0010677795 0.019523414 0.18942058
v -0.00035728456 0.019699905 0.19036998
v -0.0013151551 0.019535957 0.19041637
v 5.7449342E-05 0.020050187 0.18821488
v -0.00051818846 0.019652445 0.18843907
v -0.0004805603 0.019672558 0.18539476
v 0.00057710265 0.021084618 0.19037206
v 0.00011924744 0.02011834 0.18355246
v -0.0010922241 0.019557372 0.18355313
v 0.00058296206 0.021166662 0.18943462
v 5.570984E-05 0.022312595 0.18827689
v 0.00035339355 0.022006655 0.19037618
v -0.0011363983 0.022822298 0.19041942
v 0.00044581605 0.020614833 0.18828326
v 0.00045053102 0.020667123 0.18516615
v 0.00041244508 0.02183098 0.18826097
v 0.0005793457 0.021217586 0.18417197
v 0.00054977415 0.021203816 0.18355434
v 0.00013961791 0.022225982 0.18355547
v 0.000447464 0.021752013 0.18525289
v -0.0010701142 0.022840658 0.1894166
v -0.0021666412 0.022378039 0.19038807
v -0.00047991943 0.022695383 0.18826422
v -0.0004978638 0.02269481 0.18534544
v -0.0016410371 0.022694508 0.18832962
v -0.001086319 0.02283871 0.18417342
v -0.001075058 0.022798065 0.18356004
v -0.001665619 0.022682952 0.18542911
v -0.0022259674 0.022277704 0.18356048
v -0.0021690675 0.022341719 0.18541023
v -0.0027336273 0.021198804 0.18417746
v -0.0026890412 0.021174297 0.18356875
v -0.0022887269 0.020154037 0.18355453
v -0.0025610505 0.02180695 0.18543369
v -0.002573593 0.021765638 0.18840812
v -0.0027339477 0.02116599 0.18941623
v -0.002645645 0.021600857 0.19042526
v -0.0026322785 0.020583494 0.19037028
v -0.0022525636 0.02010968 0.18907261
v -0.0013151551 0.019535957 0.19041637
v -0.0025825195 0.020634346 0.18838005
v -0.0010677795 0.019523414 0.18942058
v -0.0026247255 0.020653358 0.18527184
v -0.0016741334 0.019678071 0.18821596
v -0.0022345276 0.020086454 0.18558635
v -0.0010922241 0.019557372 0.18355313
v -0.0016809083 0.019678263 0.1854545
v -0.0016741334 0.019678071 0.18821596
v -0.0010667267 0.018986259 0.18946512
v -0.0010677795 0.019523414 0.18942058
v -0.0017254486 0.019154197 0.18821315
v -0.00025474548 0.019216474 0.18683228
v -0.00051818846 0.019652445 0.18843907
v -0.00043656921 0.019174986 0.18840173
v -0.0010677795 0.019523414 0.18942058
v -0.0010667267 0.018986259 0.18946512
v -0.0054074707 0.026687846 0.078007504
v -0.004326645 0.02650676 0.07740078
v -0.0045612715 0.02704675 0.07735798
v -0.0050668833 0.02622934 0.07781605
v -0.0061146356 0.026011826 0.07792043
v -0.00586639 0.025269605 0.07746562
v -0.0044707605 0.026473666 0.09135328
v -0.0041351737 0.027048858 0.09249733
v -0.003807209 0.026501922 0.0925019
v -0.0045576096 0.027013788 0.09357444
v -0.0045576096 0.027013788 0.09357444
v -0.0043917275 0.02650148 0.09361119
v -0.005381115 0.026699957 0.09413846
v -0.0045576096 0.027013788 0.09357444
v -0.0056093903 0.025750302 0.09393632
v -0.00607774 0.02604855 0.094080396
v -0.005866379 0.025189288 0.09355512
v -0.006389019 0.025480459 0.09362112
v 0.00045053102 0.020667123 0.18516615
v 0.000894516 0.020368747 0.18682301
v 0.00044581605 0.020614833 0.18828326
v 0.0009252777 0.02060341 0.18521552
v 0.0005793457 0.021217586 0.18417197
v 0.0010894776 0.021189895 0.18356414
v 0.0020618592 0.027047364 0.080633454
v 0.0024267083 0.026505735 0.081779875
v 0.0025577203 0.027009344 0.08179491
v 0.0017749558 0.026514769 0.08056672
v 0.002502365 0.027033852 0.079549305
v 0.0031131478 0.026199037 0.08210938
v 0.0025577203 0.027009344 0.08179491
v 0.0024267083 0.026505735 0.081779875
v 0.0033915138 0.026672047 0.08226789
v 0.0040917434 0.02598036 0.082211904
v 0.0038430518 0.025171114 0.081647664
v 0.0043762205 0.02537667 0.08165935
v -0.0043638153 0.026519975 0.09834444
v -0.004567703 0.027044896 0.09827852
v -0.005865898 0.026344746 0.098959625
v -0.0051685525 0.026190808 0.09875335
v -0.0058840713 0.025263028 0.09837077
v -0.0064009554 0.025468621 0.098332144
v 0.0043618353 0.025407953 0.091513015
v 0.0038508226 0.0247086 0.092571124
v 0.003840603 0.025163919 0.091509394
v 0.0044077835 0.02496482 0.09257641
v 0.0037983856 0.025339477 0.09368283
v 0.0040975455 0.025973646 0.09410603
v -0.0007958908 0.03437982 0.13436753
v -0.0011865922 0.033706248 0.13436165
v -0.00079401396 0.033713184 0.13474697
v -0.0011858139 0.034377176 0.13436732
v -0.00088634493 0.035217524 0.13445222
v -0.0011858139 0.034377176 0.13436732
v -0.0011018601 0.03521714 0.13465418
v -0.0011889038 0.034375314 0.13474001
v -0.0011858139 0.034377176 0.13436732
v -0.0011865922 0.033706248 0.13436165
v -0.00079401396 0.033713184 0.13474697
v -0.0007935562 0.034378108 0.13473584
v -0.0011018601 0.03521714 0.13465418
v -0.0007935562 0.034378108 0.13473584
v -0.00088634493 0.035217524 0.13445222
v -0.0007958908 0.03437982 0.13436753
v -0.0007935562 0.034378108 0.13473584
v -0.00079401396 0.033713184 0.13474697
v 0.002141304 0.022297446 0.13491517
v 0.0019544677 0.02293606 0.13372304
v 0.0021393814 0.02154776 0.13368122
v 0.0020458375 0.023174088 0.1341712
v 0.0020458375 0.023174088 0.1341712
v 0.002141304 0.022297446 0.13491517
v 0.0021393814 0.02154776 0.13368122
v 0.0019544677 0.02293606 0.13372304
v 0.0038493462 0.025214573 0.09832839
v 0.0044032633 0.025036626 0.09726572
v 0.0043755914 0.025381982 0.09826124
v 0.0044032633 0.025036626 0.09726572
v 0.0038622322 0.024719965 0.0972618
v 0.0038394814 0.025023485 0.096439555
v 0.004087841 0.025972899 0.095776826
v 0.0038493462 0.025214573 0.09832839
v 0.004050041 0.026032416 0.098851286
v 0.0029530793 0.026276141 0.098720625
v 0.0031863442 0.026771532 0.09886826
v 0.0022377204 0.0265135 0.09828043
v 0.0024177819 0.02704579 0.09824595
v 0.0038563386 0.02508253 0.10542154
v 0.00402887 0.026062094 0.10472249
v 0.004384781 0.0253356 0.10531395
v 0.0031292725 0.02619955 0.10483966
v 0.002606804 0.027025472 0.10513613
v 0.002457779 0.026492693 0.10515196
v 0.0017194977 0.026475415 0.10617764
v 0.00044581605 0.020614833 0.18828326
v 0.0011282959 0.021162936 0.18948284
v 0.00058296206 0.021166662 0.18943462
v 0.0009690857 0.020546423 0.18828504
v 0.000894516 0.020368747 0.18682301
v -0.0026247255 0.020653358 0.18527184
v -0.003270035 0.021191752 0.18414697
v -0.0027336273 0.021198804 0.18417746
v -0.003109726 0.020539423 0.18524979
v -0.0012240772 0.018016871 0.060832307
v 0.0009412365 0.017961418 0.059058197
v -0.0012313871 0.016925214 0.05902874
v 0.00047171116 0.018607093 0.06086825
v 0.0019565448 0.019835599 0.059082653
v 0.00011579132 0.019326339 0.12861444
v -0.001166153 0.018942868 0.12859654
v -0.0010954742 0.019059338 0.1789695
v 0.00059980777 0.019920653 0.17898959
v 0.0009965057 0.020303521 0.12862673
v 0.00096826174 0.02087547 0.1789718
v 0.0015176125 0.01997731 0.060899787
v 0.0021417046 0.02166137 0.059092615
v 0.0017661124 0.021556854 0.060895976
v 0.00083573913 0.021999214 0.17897078
v 0.0017579871 0.023343375 0.059068296
v 0.0013244562 0.023025347 0.060864728
v 0.00069307425 0.024862614 0.059087466
v 8.2763676E-05 0.02292034 0.17899008
v 0.00022822953 0.024165677 0.060851958
v -0.0012287636 0.025676351 0.059044927
v -0.0012856035 0.02459711 0.060787275
v -0.0011326905 0.023257708 0.17898448
v -0.003223057 0.0248981 0.05901391
v -0.0028073988 0.024141103 0.06076628
v -0.0023268585 0.02293471 0.1790195
v -0.0043362235 0.023260755 0.05897894
v -0.0031356355 0.021936595 0.17901707
v -0.003858224 0.023010647 0.060807124
v -0.0046886387 0.02149559 0.058966976
v -0.003242157 0.020784067 0.17900343
v -0.0042957114 0.021533044 0.060808867
v -0.004449846 0.019678917 0.0590109
v -0.0033680191 0.020261183 0.12856579
v -0.0027714844 0.019831024 0.17898683
v -0.0040224837 0.019921215 0.060816392
v -0.0034186908 0.017872054 0.059088346
v -0.0024589463 0.019298485 0.12857848
v -0.0010954742 0.019059338 0.1789695
v -0.001166153 0.018942868 0.12859654
v -0.002946024 0.018564101 0.060817674
v -0.0012313871 0.016925214 0.05902874
v -0.0012240772 0.018016871 0.060832307
v -0.002573593 0.021765638 0.18840812
v -0.0032690277 0.021180471 0.18944551
v -0.0027339477 0.02116599 0.18941623
v -0.0030823518 0.021825744 0.1883843
v 0.002260826 0.024358518 -0.017112505
v 0.0006278229 0.02441163 -0.017046083
v 0.00055368803 0.024402054 -0.014152016
v 0.0013384095 0.024318742 -0.013553725
v 0.0023774186 0.024300482 -0.012046227
v 0.0030412446 0.02426667 -0.012225453
v 0.00218672 0.024340553 0.026963739
v 0.0029321823 0.02428977 0.010570017
v 0.0028882085 0.024262019 0.026976096
v 0.0043991376 0.024269048 0.033047654
v 0.0033419495 0.024329532 0.03319705
v -0.00047991943 0.022695383 0.18826422
v -0.0010873718 0.02337722 0.18947285
v -0.0010701142 0.022840658 0.1894166
v -0.00043084717 0.023219794 0.18824528
v -0.003817423 0.026514053 0.07157108
v -0.0046216794 0.02703988 0.0705012
v -0.004106438 0.02704951 0.07159587
v -0.004451786 0.026474368 0.072739914
v -0.0026757661 0.019687554 0.18261749
v -0.0018050537 0.018645704 0.18268794
v -0.0016978455 0.019108634 0.18262772
v -0.0029946899 0.019327851 0.18270339
v -0.0032097015 0.020649083 0.1826126
v -0.0036720429 0.020535428 0.1826972
v -0.0032066803 0.02179348 0.1826247
v -0.0036348267 0.021953143 0.18270886
v -0.0025699767 0.022781337 0.18263742
v -0.0029244232 0.02310056 0.18273032
v -0.0015995636 0.023279687 0.18264534
v -0.0017159272 0.023730524 0.18278117
v -0.0004975891 0.02326441 0.1826613
v -0.00034199524 0.023709578 0.18272991
v 0.00043272402 0.022686724 0.18263102
v 0.0008017731 0.023011323 0.182717
v 0.0009877167 0.0217388 0.18262747
v 0.0014567871 0.021814102 0.18271267
v 0.0009976502 0.0206121 0.18264961
v 0.0014360962 0.020454427 0.18274269
v 0.00042585755 0.019643597 0.18265142
v 0.0007314606 0.019304603 0.18273883
v -0.000555954 0.019102344 0.18262392
v -0.00044238282 0.018627701 0.18271382
v -0.0016978455 0.019108634 0.18262772
v -0.0018050537 0.018645704 0.18268794
v -0.0005445099 0.023134032 0.18174115
v -0.001586197 0.023153909 0.18174544
v 0.000371521 0.022595584 0.18174578
v -0.0025699767 0.022781337 0.18263742
v 0.00043272402 0.022686724 0.18263102
v -0.0025316163 0.022642944 0.1817439
v 0.00091539003 0.021655703 0.18172805
v -0.0032066803 0.02179348 0.1826247
v 0.0009877167 0.0217388 0.18262747
v -0.0031106416 0.021715254 0.1817405
v 0.000869751 0.020545987 0.1817159
v -0.0032097015 0.020649083 0.1826126
v 0.0009976502 0.0206121 0.18264961
v -0.0031106416 0.020625297 0.18172449
v 0.00030180358 0.019690098 0.18175085
v -0.0026757661 0.019687554 0.18261749
v 0.00042585755 0.019643597 0.18265142
v -0.002562744 0.019722467 0.18173617
v -0.0016978455 0.019108634 0.18262772
v -0.001655777 0.019197067 0.18173423
v -0.0006145935 0.019195478 0.18174794
v -0.000555954 0.019102344 0.18262392
v -0.001655777 0.019197067 0.18173423
v -0.0016978455 0.019108634 0.18262772
v -0.005627106 0.025722241 0.08204186
v -0.0064082337 0.025451692 0.08167402
v -0.005861309 0.02519248 0.081683576
v -0.005528492 0.026627155 0.08229487
v -0.004508469 0.026497683 0.08180083
v -0.0046541747 0.02701832 0.08182491
v -0.0038212966 0.02651705 0.08063564
v -0.002974617 0.025562728 0.1322944
v 0.00093413546 0.024450133 0.13260634
v 0.0008509827 0.025558477 0.1323071
v -0.003044014 0.02448552 0.13259798
v -0.004612152 0.014546353 0.1277948
v -0.005122032 0.01303774 0.1283753
v -0.0051463395 0.013041757 0.12778275
v -0.0046008453 0.014509291 0.12837361
v -0.0033050538 0.015864333 0.12780312
v -0.003329567 0.015866503 0.1283934
v -0.0017257233 0.016484985 0.12778683
v -0.001739296 0.016482573 0.12838882
v 0.0001158371 0.0163609 0.12780015
v 9.1804504E-05 0.016369235 0.12838498
v 0.001432869 0.015675774 0.12779304
v 0.0014794235 0.015609544 0.12838934
v 0.0024799576 0.014501716 0.12781416
v 0.0024746018 0.014409577 0.12838435
v 0.002968895 0.012979628 0.1277864
v 0.0029808884 0.012949628 0.12837127
v 0.002914467 0.011488304 0.1277803
v 0.0029106904 0.011409835 0.12835145
v 0.0023008117 0.010071688 0.12780082
v 0.0022617187 0.010016369 0.12832771
v 0.0012208786 0.009005987 0.12778787
v 0.0011238327 0.008962402 0.12833497
v -0.00029917146 0.008378832 0.12778313
v -0.0002835617 0.00837622 0.12837368
v -0.0038253593 0.02651446 0.08527028
v -0.0045988658 0.027004305 0.08654149
v -0.004453182 0.026513223 0.08652924
v -0.0044721565 0.02646839 0.084233634
v -0.0040878984 0.027047165 0.085364655
v -0.0045988658 0.027004305 0.08654149
v -0.0053977775 0.026693407 0.08700713
v -0.0045988658 0.027004305 0.08654149
v -0.005158882 0.026175959 0.08687192
v -0.0060881767 0.026051328 0.08691727
v -0.005898136 0.025107728 0.08632888
v -0.006410923 0.025435193 0.08637907
v -0.002805748 0.024372254 0.13706772
v 0.0007848587 0.02439174 0.13713823
v -0.0036426315 0.022376051 0.13710429
v 0.0016213073 0.022229709 0.13713495
v 0.0018312149 0.020767132 0.13717385
v -0.0039170836 0.020926395 0.1371087
v -0.0034228363 0.0192475 0.13709182
v 0.00047035218 0.017675197 0.13717033
v -0.002563385 0.01762947 0.13720523
v 0.00044698335 0.015202496 0.13718563
v -0.0024938278 0.015280173 0.13723582
v 0.0013967056 0.013720392 0.1371131
v -0.0034832153 0.013707484 0.13711838
v 0.0013922196 0.011131677 0.1370821
v -0.0035026246 0.011226796 0.13710023
v 0.00011705017 0.009645296 0.13714297
v -0.0024442521 0.009678725 0.13716152
v -0.0030023805 0.019331928 0.1816943
v -0.001655777 0.019197067 0.18173423
v -0.0017999725 0.01861412 0.18167548
v -0.002562744 0.019722467 0.18173617
v -0.0036974945 0.020518864 0.18168516
v -0.0031106416 0.020625297 0.18172449
v -0.0036750184 0.021925714 0.18167555
v -0.0031106416 0.021715254 0.1817405
v -0.0029589843 0.023068007 0.18167889
v -0.0025316163 0.022642944 0.1817439
v -0.0017219696 0.023744164 0.18167661
v -0.001586197 0.023153909 0.18174544
v -0.00035105896 0.023709632 0.18165572
v -0.0005445099 0.023134032 0.18174115
v 0.0008203583 0.023005331 0.18162434
v 0.000371521 0.022595584 0.18174578
v 0.0014974365 0.021815341 0.18162738
v 0.00091539003 0.021655703 0.18172805
v 0.0014602203 0.020441359 0.18164769
v 0.000869751 0.020545987 0.1817159
v 0.00075228885 0.019288734 0.1816896
v 0.00030180358 0.019690098 0.18175085
v -0.00044439698 0.01861529 0.18166406
v -0.0006145935 0.019195478 0.18174794
v -0.0017999725 0.01861412 0.18167548
v -0.001655777 0.019197067 0.18173423
v 0.002042324 0.027046818 0.08527158
v 0.0023440819 0.026490964 0.086500205
v 0.002550934 0.027043348 0.08647291
v 0.0017462998 0.026479146 0.085287504
v 0.0026108436 0.027030246 0.08428411
v 0.0046752435 0.0024735196 0.10178392
v -0.0070033954 0.0019677288 0.103630245
v 0.004612129 0.0020041768 0.10368452
v -0.007002125 0.0023731303 0.101884745
v 0.0046849707 0.0035591724 0.100518756
v -0.006999321 0.0034162141 0.100566216
v 0.004664543 0.004892427 0.09983445
v -0.006995041 0.0050198096 0.09976631
v 0.0046603545 0.006752999 0.09978725
v -0.007019943 0.006836707 0.09978258
v 0.004623253 0.008317942 0.10048666
v -0.006979591 0.008391468 0.100489944
v 0.0046443557 0.00935475 0.10167288
v -0.0070098494 0.009506594 0.101873085
v 0.004658867 0.009903913 0.103430785
v -0.0070143584 0.009918725 0.10347867
v 0.004662117 0.009537319 0.10526413
v -0.006999138 0.009586105 0.10524048
v 0.0046642 0.008480853 0.10667548
v -0.0070043565 0.008632667 0.1065764
v 0.004648407 0.007174451 0.107391916
v -0.006996437 0.0073252497 0.107376456
v 0.004641243 0.005192582 0.107507505
v -0.006986847 0.00546594 0.1075968
v 0.004641815 0.003447766 0.10664713
v -0.0069807814 0.0037029863 0.106934056
v 0.004663925 0.0024011864 0.10530618
v -0.0069859773 0.0023684576 0.10539012
v 0.004612129 0.0020041768 0.10368452
v -0.0070033954 0.0019677288 0.103630245
v 0.002606804 0.027025472 0.10513613
v 0.0017194977 0.026475415 0.10617764
v 0.002045746 0.027055876 0.106193095
v 0.002254097 0.026509324 0.10734065
v 0.0024549866 0.027033245 0.107312314
v 0.0038683433 0.024726791 0.10158139
v 0.0043545915 0.025494616 0.10043924
v 0.0044043963 0.025029866 0.10157408
v 0.0038345032 0.025181409 0.10258135
v 0.004364788 0.025449423 0.10259735
v -0.006779778 0.020840548 0.107745916
v -0.005475151 0.01984386 0.10951468
v -0.006778404 0.019957438 0.10941267
v -0.0054660416 0.020677878 0.108254
v -0.005464302 0.021065492 0.10663594
v -0.006779194 0.021206202 0.072002046
v -0.005533058 0.02135102 0.07139282
v -0.00934619 0.021207083 0.06712175
v -0.0055384827 0.021241054 0.064579815
v -0.009287219 0.021246046 0.06462448
v -0.0055470257 0.018558547 0.061975766
v -0.009372722 0.01812274 0.061629068
v -0.009435705 0.016684147 0.059740346
v -0.0054906523 0.016768439 0.05988279
v -0.00945524 0.015640322 0.057034224
v -0.0054685194 0.015778126 0.057340052
v -0.009247816 0.01507051 0.05417412
v -0.005627581 0.014998053 0.054121275
v 0.004364788 0.025449423 0.10259735
v 0.003561081 0.025778607 0.102996126
v 0.0038345032 0.025181409 0.10258135
v 0.00403236 0.026064526 0.10314379
v 0.0033116227 0.026713062 0.10313183
v 0.002248146 0.026504885 0.10257375
v 0.0024584313 0.027036382 0.1025342
v -0.007034068 0.030883318 0.0355602
v -0.00711447 0.030212691 0.041066222
v -0.007020793 0.030230513 0.03541348
v -0.0069968235 0.03076765 0.041109513
v -0.0061872024 0.025913224 0.10486046
v -0.0057274248 0.025571823 0.10499048
v -0.00592218 0.024758615 0.106074095
v -0.005520859 0.026632713 0.1046506
v -0.00446315 0.026529668 0.10518873
v -0.0047028353 0.027014727 0.10517506
v -0.0045014536 0.026458664 0.07944833
v -0.0041418574 0.027049927 0.080650344
v -0.0038212966 0.02651705 0.08063564
v -0.0046541747 0.02701832 0.08182491
v -0.00044741822 0.018646888 0.17909153
v -0.0010954742 0.019059338 0.1789695
v -0.0018165894 0.01864402 0.17906275
v 0.00073709106 0.01932232 0.17909494
v 0.00059980777 0.019920653 0.17898959
v 0.0014290009 0.020497167 0.17907439
v 0.00096826174 0.02087547 0.1789718
v 0.0014462585 0.02185037 0.1790776
v 0.00083573913 0.021999214 0.17897078
v 0.0007920685 0.022984343 0.17907509
v 8.2763676E-05 0.02292034 0.17899008
v -0.00039358521 0.023669938 0.17911105
v -0.0011326905 0.023257708 0.17898448
v -0.0017037048 0.023710547 0.17908199
v -0.0023268585 0.02293471 0.1790195
v -0.002924469 0.023128046 0.17910092
v -0.0036598663 0.0219692 0.17909221
v -0.0031356355 0.021936595 0.17901707
v -0.0037310487 0.020555314 0.17908199
v -0.003242157 0.020784067 0.17900343
v -0.0030017854 0.01932669 0.17908889
v -0.0027714844 0.019831024 0.17898683
v -0.0018165894 0.01864402 0.17906275
v -0.0010954742 0.019059338 0.1789695
v 0.003986023 0.026129883 0.10798575
v 0.0030200044 0.026235307 0.10777975
v 0.0038058015 0.025363438 0.107496865
v 0.003271202 0.0267207 0.10795854
v 0.002254097 0.026509324 0.10734065
v 0.0024549866 0.027033245 0.107312314
v 0.0038058015 0.025363438 0.107496865
v 0.004415039 0.024937967 0.10639412
v 0.003986023 0.026129883 0.10798575
v 0.0038624725 0.024722943 0.106391385
v 0.004384781 0.0253356 0.10531395
v 0.0038563386 0.02508253 0.10542154
v -0.00945524 0.015640322 0.057034224
v -0.009248647 0.014239856 0.054126248
v -0.009247816 0.01507051 0.05417412
v -0.009413181 0.014837473 0.05711979
v -0.009435705 0.016684147 0.059740346
v -0.009385884 0.01599635 0.059974033
v -0.009372722 0.01812274 0.061629068
v -0.009376385 0.01754339 0.062083077
v -0.009287219 0.021246046 0.06462448
v -0.009341326 0.020944837 0.06504451
v -0.00934619 0.021207083 0.06712175
v 0.0040975455 0.025973646 0.09410603
v 0.0029595338 0.026255239 0.0939585
v 0.0037983856 0.025339477 0.09368283
v 0.003246174 0.02674616 0.09410742
v 0.002294918 0.026510589 0.09356597
v 0.002491722 0.027054336 0.093534425
v -0.0019878158 0.010666109 0.13688187
v -0.0012739563 0.010392191 0.13934886
v -0.0005280304 0.0105358735 0.13688187
v -0.0026399689 0.011121905 0.13941225
v -0.0029706345 0.0117780715 0.13687612
v -0.002911812 0.013283007 0.13687472
v -0.0018042756 0.01433459 0.13688014
v -0.0018004761 0.014383856 0.13943934
v -0.00074100494 0.014486712 0.13946676
v -3.2981872E-05 0.014148399 0.13693331
v 0.00056332396 0.013672271 0.13947016
v 0.0008373642 0.012917046 0.1369146
v 0.0009277954 0.01219063 0.13946418
v 0.0006233597 0.011451771 0.13687804
v 0.00067826844 0.01146087 0.13946053
v -0.0004952774 0.0104882065 0.13944817
v -0.0005280304 0.0105358735 0.13688187
v -0.0012739563 0.010392191 0.13934886
v -0.0030296172 0.019305883 0.17978747
v -0.0016911621 0.01910692 0.17987607
v -0.00182753 0.018627372 0.17977843
v -0.0026631774 0.01963773 0.17986076
v -0.0037308654 0.020514803 0.17979394
v -0.0032473297 0.020599943 0.17985022
v -0.0037028503 0.021918084 0.17979258
v -0.0032420654 0.02173238 0.17986917
v -0.0029604493 0.02310282 0.17980023
v -0.002639923 0.02271853 0.17988034
v -0.0017460022 0.023723094 0.17979418
v -0.001639618 0.023246732 0.17988689
v -0.00036557007 0.023692332 0.17984748
v -0.0005061493 0.023216633 0.17991108
v 0.00080978393 0.023004819 0.17983717
v 0.00045501709 0.022667486 0.17989172
v 0.001463974 0.021808537 0.17983899
v 0.000993164 0.02166549 0.17990735
v 0.0014418182 0.020446487 0.17984107
v 0.00094880676 0.020511275 0.17990391
v 0.00074235536 0.019276107 0.17984818
v 0.00038154604 0.019613465 0.17989804
v -0.00045817567 0.018644687 0.17985372
v -0.0005762787 0.019121522 0.17988887
v -0.00182753 0.018627372 0.17977843
v -0.0016911621 0.01910692 0.17987607
v -0.0025825195 0.020634346 0.18838005
v -0.0030574494 0.02034091 0.18672621
v -0.0026247255 0.020653358 0.18527184
v -0.003109726 0.020539423 0.18524979
v -0.0025825195 0.020634346 0.18838005
v -0.0032690277 0.021180471 0.18944551
v -0.0027339477 0.02116599 0.18941623
v -0.0034531632 0.0010298289 0.12699418
v -0.0036943818 0.0060523762 0.12699652
v -0.003286354 0.004058054 0.12705187
v -0.0025316163 0.0049248026 0.12704885
v -0.0031427077 0.007536955 0.12714496
v -0.0011938476 0.005426388 0.12704995
v 0.00088222505 0.007544836 0.12717634
v 0.0007249832 0.0045285504 0.12704563
v 0.001479721 0.0061831963 0.1269867
v 0.0015676346 0.0010486954 0.12695073
v 0.0010716706 0.0010406345 0.12699091
v 0.0009373169 0.008809747 0.12766157
v -0.0031594848 0.008848655 0.12765816
v -0.004008041 0.010418312 0.12773761
v 0.0018204803 0.010262067 0.12768541
v 0.0022158509 0.011979847 0.12771143
v -0.002579773 0.015768414 0.12767206
v 0.0017999725 0.014216486 0.1277138
v 0.00044327546 0.015737569 0.12768319
v -0.003898247 0.014394897 0.12769218
v -0.004431427 0.012223689 0.12769987
v -0.0006134949 0.023826703 0.12564196
v 0.0010381393 0.024203697 0.1256401
v 0.00093949126 0.023681477 0.1257631
v -0.0006556091 0.024326162 0.12560052
v -0.0030359803 0.02447865 0.13479196
v 0.00092440797 0.02557409 0.13511725
v 0.00094244385 0.024460234 0.13470025
v -0.0030213317 0.02556864 0.13512908
v 0.003869156 0.026103707 0.110808335
v 0.0031312408 0.026241863 0.11081075
v 0.0024378663 0.026949156 0.11080583
v -0.0048876572 0.026352208 0.11080462
v -0.0045569 0.027029194 0.11070852
v -0.005855896 0.02536034 0.11079901
v -0.0058392333 0.026226131 0.110797055
v -0.006351631 0.02564979 0.110625505
v -0.0061139376 0.0215343 0.11076111
v -0.0066185305 0.021534368 0.110639684
v 0.0043561934 0.025485735 0.1106773
v 0.003869156 0.026103707 0.110808335
v 0.0038935319 0.025212118 0.11081171
v 0.0045962906 0.021534344 0.110690646
v 0.0040853806 0.021534007 0.11071956
v 0.00447997 0.0009757729 0.054094832
v 0.0027456407 0.00051766005 0.054040078
v 0.0025007857 0.00038411727 0.0675792
v 0.005101799 0.0010954834 0.09396509
v 0.0024868469 0.00041668408 0.094094865
v 0.005702568 0.00085254514 0.094949774
v 0.0026570891 -8.617246E-05 0.09480691
v 0.0060839998 0.0024436605 0.09495989
v 0.005120739 0.00076603325 0.0959334
v 0.0025025138 -0.00010283677 0.09600808
v 0.0057749636 0.0012637484 0.095982924
v 0.005890263 0.0011196904 0.0949879
v 0.0060184593 0.0026186404 0.095974915
v 0.005896637 0.0036075308 0.09507602
v -0.001852501 0.008375592 0.1277935
v -0.0002835617 0.00837622 0.12837368
v -0.00029917146 0.008378832 0.12778313
v -0.0017752304 0.008386928 0.12833731
v -0.0032711793 0.008994429 0.12780078
v -0.0032800368 0.0089959 0.12834582
v -0.00445253 0.010049543 0.12779628
v -0.004423805 0.0100515755 0.12833728
v -0.00509523 0.0115116 0.12780048
v -0.005056778 0.011502221 0.12834962
v -0.0051463395 0.013041757 0.12778275
v -0.0017752304 0.008386928 0.12833731
v 0.00014815522 0.010418539 0.12853308
v -0.0002835617 0.00837622 0.12837368
v -0.0015241242 0.010115449 0.12853304
v -0.0032800368 0.0089959 0.12834582
v -0.004423805 0.0100515755 0.12833728
v -0.0030150376 0.011070067 0.12852004
v -0.005056778 0.011502221 0.12834962
v -0.005122032 0.01303774 0.1283753
v -0.0034207534 0.012748384 0.1285179
v -0.0046008453 0.014509291 0.12837361
v -0.003329567 0.015866503 0.1283934
v -0.0023957063 0.014372685 0.12852311
v -0.001739296 0.016482573 0.12838882
v -0.0013295974 0.014755216 0.12852558
v 9.1804504E-05 0.016369235 0.12838498
v -0.0003943634 0.0146689555 0.12852925
v 0.0014794235 0.015609544 0.12838934
v 0.0024746018 0.014409577 0.12838435
v 0.0009189606 0.013652897 0.1285295
v 0.0029808884 0.012949628 0.12837127
v 0.0012375412 0.012788478 0.12853341
v 0.0029106904 0.011409835 0.12835145
v 0.0022617187 0.010016369 0.12832771
v 0.0008428803 0.01106989 0.12852941
v 0.0011238327 0.008962402 0.12833497
v 0.00014815522 0.010418539 0.12853308
v -0.0002835617 0.00837622 0.12837368
v -0.0045793303 0.011720992 0.1299915
v -0.004581505 0.013107849 0.12999608
v -0.004024178 0.010425525 0.13000003
v -0.0040486907 0.010399018 0.12932517
v -0.0030334855 0.009412218 0.1299946
v -0.003075966 0.009445777 0.12932888
v -0.0017192002 0.008892151 0.13000698
v -0.0017350388 0.008887843 0.12931924
v -0.0013151551 0.019535957 0.19041637
v -0.00015724183 0.01925013 0.19023576
v -0.0010821533 0.019063603 0.19042316
v -0.002265564 0.019434895 0.19041951
v -0.0026322785 0.020583494 0.19037028
v -0.0030099335 0.02033095 0.19042091
v -0.002645645 0.021600857 0.19042526
v -0.003127533 0.021332856 0.1904246
v -0.0029544067 0.02219133 0.19026692
v -0.0021666412 0.022378039 0.19038807
v -0.0022022096 0.02298719 0.19036104
v -0.0011147003 0.023227025 0.19042894
v -0.0011363983 0.022822298 0.19041942
v -5.218506E-06 0.023028264 0.1902721
v 0.00035339355 0.022006655 0.19037618
v 0.0007219849 0.022226421 0.19042873
v -0.00015724183 0.01925013 0.19023576
v -0.00035728456 0.019699905 0.19036998
v 0.000694931 0.020125315 0.19042946
v 0.00057710265 0.021084618 0.19037206
v 0.0007219849 0.022226421 0.19042873
v 0.0009961395 0.021084579 0.1904201
v 0.0040853806 0.021534007 0.11071956
v 0.0045962906 0.021534344 0.110690646
v 0.00461578 0.021534326 0.09930484
v 0.0046147155 0.021534238 0.07821177
v 0.0040870057 0.021534238 0.07821177
v 0.004606264 0.021534454 0.06719419
v 0.004078543 0.021534454 0.06719419
v -0.0066629103 0.021534448 0.067197055
v -0.006099369 0.02153394 0.076355636
v -0.006079176 0.021534609 0.06719323
v -0.0065885126 0.021534072 0.09402145
v -0.0061139376 0.0215343 0.11076111
v -0.0066185305 0.021534368 0.110639684
v -0.0058278465 0.025241861 0.06719368
v -0.0066629103 0.021534448 0.067197055
v -0.006079176 0.021534609 0.06719323
v -0.0063651926 0.025596797 0.06719368
v -0.0051859645 0.026126215 0.06719331
v -0.0056512873 0.02654378 0.06719331
v -0.00410075 0.026579885 0.067193024
v -0.0044443016 0.02702958 0.067193024
v 0.0020274352 0.02658769 0.06719399
v 0.002371525 0.027037935 0.06719399
v 0.0037341842 0.025358628 0.06719389
v 0.004269791 0.025721824 0.06719389
v 0.004078543 0.021534454 0.06719419
v 0.004606264 0.021534454 0.06719419
v 0.0016664658 0.010821653 0.14089942
v 0.0020663452 0.013219661 0.14087889
v 0.002136017 0.011987353 0.14088365
v 0.0006350784 0.015203104 0.140884
v -0.00054114533 0.01563323 0.14087026
v -0.0022367248 0.01551774 0.14089555
v -0.0033234102 0.014859801 0.14089936
v -0.004055214 0.013827214 0.14090753
v -0.004313759 0.012600753 0.14090793
v -0.0035052795 0.010293634 0.1408879
v -0.0025355301 0.009506197 0.14090177
v -0.0013295974 0.009211314 0.14083701
v 0.0008820648 0.009916723 0.1408842
v 0.005091637 0.012527902 0.10816876
v 0.0031570587 0.012417834 0.10978783
v 0.0049814302 0.012775188 0.10988964
v 0.0031774063 0.01207874 0.10138234
v 0.005259167 0.01199272 0.09769701
v 0.0031035806 0.011591174 0.097632274
v 0.0052395286 0.011532912 0.09695263
v 0.0024548378 0.009972395 0.09650251
v 0.0051619606 0.009241789 0.096227475
v 0.0025025138 -0.00010283677 0.09600808
v 0.0053534433 0.0045411196 0.09600318
v 0.005120739 0.00076603325 0.0959334
v 0.0057749636 0.0012637484 0.095982924
v 0.0060184593 0.0026186404 0.095974915
v 0.0025025138 -0.00010283677 0.09600808
v 0.00073443603 0.01926387 0.18346688
v -0.00045863344 0.018621724 0.18346667
v 0.0014348144 0.020429203 0.18348031
v 0.001459488 0.021790357 0.18348783
v 0.0008112488 0.022988077 0.18350486
v -0.0003558197 0.02370641 0.18351154
v -0.0017302093 0.02374069 0.18350786
v -0.0029450683 0.023079919 0.18351023
v -0.003657669 0.021891782 0.18349776
v -0.0036881561 0.02050525 0.18348306
v -0.0029929962 0.019312141 0.18346588
v -0.0018069764 0.018637706 0.18345429
v 0.0023033067 0.030400462 -0.004184568
v 0.0017186737 0.030164868 -0.004229858
v 0.0025977402 0.030248037 -0.0040088953
v 0.002878807 0.03053342 -0.0040367735
v 0.00241745 0.026482144 0.09612323
v 0.0025599517 0.02702921 0.09607257
v 0.0033149528 0.026709395 0.09563203
v 0.0036317024 0.02569799 0.09588871
v 0.004087841 0.025972899 0.095776826
v 0.0038394814 0.025023485 0.096439555
v 0.003827156 0.025229711 0.08647368
v 0.004354271 0.025468163 0.086483344
v 0.0035314865 0.025841612 0.08685721
v 0.0023440819 0.026490964 0.086500205
v 0.002550934 0.027043348 0.08647291
v 0.0035803872 0.025767103 0.09107664
v 0.0043618353 0.025407953 0.091513015
v 0.003840603 0.025163919 0.091509394
v 0.004016407 0.026084553 0.09092037
v 0.0032596092 0.02673918 0.09085845
v 0.002404026 0.026477816 0.09136577
v 0.00254813 0.027036052 0.09136562
v -0.005866379 0.025189288 0.09355512
v -0.0058777197 0.025101932 0.09632601
v -0.0056093903 0.025750302 0.09393632
v -0.0050751115 0.026263036 0.0958185
v -0.0043917275 0.02650148 0.09361119
v -0.0044016154 0.026511408 0.09617909
v -0.0050751115 0.026263036 0.0958185
v -0.004611614 0.027037024 0.096232645
v -0.0044016154 0.026511408 0.09617909
v -0.005351635 0.026714979 0.09568869
v -0.0061196596 0.026009507 0.09569527
v -0.0058777197 0.025101932 0.09632601
v -0.006401413 0.025443316 0.09619304
v 0.0023008117 0.010071688 0.12780082
v 0.002914467 0.011488304 0.1277803
v 0.0012208786 0.009005987 0.12778787
v -0.00029917146 0.008378832 0.12778313
v -0.001852501 0.008375592 0.1277935
v -0.0032711793 0.008994429 0.12780078
v -0.00445253 0.010049543 0.12779628
v -0.00509523 0.0115116 0.12780048
v -0.0051463395 0.013041757 0.12778275
v -0.004612152 0.014546353 0.1277948
v -0.0033050538 0.015864333 0.12780312
v -0.0017257233 0.016484985 0.12778683
v 0.0001158371 0.0163609 0.12780015
v 0.001432869 0.015675774 0.12779304
v 0.0024799576 0.014501716 0.12781416
v 0.002968895 0.012979628 0.1277864
v 0.0046728514 0.030712957 0.035530247
v 0.004571325 0.030811941 0.04112711
v 0.0021448059 0.030845853 0.035555217
v -0.0045634117 0.030905975 0.037851114
v -0.0069968235 0.03076765 0.041109513
v -0.007034068 0.030883318 0.0355602
v 0.0024008104 0.011641226 0.13002273
v 0.0018603058 0.0103930365 0.13001032
v 0.00090078736 0.009426133 0.13001826
v -0.0017192002 0.008892151 0.13000698
v -0.0030334855 0.009412218 0.1299946
v -0.004024178 0.010425525 0.13000003
v -0.0045793303 0.011720992 0.1299915
v -0.004581505 0.013107849 0.12999608
v -0.00316333 0.015340522 0.13000776
v -0.001454155 0.015977755 0.13001972
v -0.0001129303 0.015874125 0.13000059
v 0.0011146546 0.015259071 0.13001476
v 0.0019978867 0.014259399 0.13001896
v 0.0024234925 0.01300249 0.12996298
v 0.00091607665 0.02451917 0.11882592
v 0.0013509063 0.025649894 0.11380872
v 0.0012492599 0.02550783 0.113711804
v 0.0021038589 0.025678556 0.11029568
v -0.005351635 0.026714979 0.09568869
v -0.0045576096 0.027013788 0.09357444
v -0.005381115 0.026699957 0.09413846
v -0.0061196596 0.026009507 0.09569527
v -0.00607774 0.02604855 0.094080396
v -0.006401413 0.025443316 0.09619304
v -0.0057274248 0.025571823 0.10499048
v -0.00587883 0.025148254 0.102544874
v -0.0052443696 0.026135828 0.10303538
v -0.00446315 0.026529668 0.10518873
v 0.0030285073 0.026250685 0.10009404
v 0.0022377204 0.0265135 0.09828043
v 0.0029530793 0.026276141 0.098720625
v 0.0038493462 0.025214573 0.09832839
v 0.007018611 0.028756885 0.048563737
v 0.006347071 0.029946843 0.048637547
v 0.006453628 0.03001006 0.048465207
v 0.006713137 0.02726187 0.048560217
v 0.0031481448 0.030078685 0.048632544
v 0.006330662 0.026712121 0.04848251
v 0.0031751469 0.026713857 0.048607275
v 0.0046022986 0.004245317 0.10143633
v 0.004664543 0.004892427 0.09983445
v 0.0046849707 0.0035591724 0.100518756
v 0.0046603545 0.006752999 0.09978725
v 0.0046622315 0.0035059198 0.102328
v 0.004661648 0.006553589 0.10093422
v 0.0046752435 0.0024735196 0.10178392
v 0.004623253 0.008317942 0.10048666
v 0.0046020583 0.0032004851 0.10361758
v 0.004612129 0.0020041768 0.10368452
v 0.0045553893 0.0034564524 0.10483388
v 0.004663925 0.0024011864 0.10530618
v 0.004604073 0.0042298352 0.10578167
v 0.004641815 0.003447766 0.10664713
v 0.0046647494 0.005454399 0.10635739
v 0.004641243 0.005192582 0.107507505
v 0.004668617 0.0068696546 0.10627518
v 0.004648407 0.007174451 0.107391916
v 0.0046834946 0.007801506 0.10571337
v 0.0046642 0.008480853 0.10667548
v 0.0046777497 0.008478015 0.10474378
v 0.004662117 0.009537319 0.10526413
v 0.004687523 0.008716455 0.10346926
v 0.004658867 0.009903913 0.103430785
v 0.0046493914 0.007627043 0.101454675
v 0.0046443557 0.00935475 0.10167288
v -0.0069768676 0.006956013 0.106175
v -0.006999138 0.009586105 0.10524048
v -0.0070043565 0.008632667 0.1065764
v -0.006996437 0.0073252497 0.107376456
v -0.0069959336 0.008435924 0.104770385
v -0.0069736405 0.005691369 0.10635736
v -0.0070143584 0.009918725 0.10347867
v -0.006986847 0.00546594 0.1075968
v -0.0069977646 0.004371377 0.10587486
v -0.0069807814 0.0037029863 0.106934056
v -0.0070393523 0.003423582 0.10486447
v -0.0069859773 0.0023684576 0.10539012
v -0.007023262 0.0031974982 0.10363942
v -0.0070033954 0.0019677288 0.103630245
v -0.006979408 0.0034875404 0.10244313
v -0.007002125 0.0023731303 0.101884745
v -0.007027897 0.0041962606 0.10151532
v -0.006999321 0.0034162141 0.100566216
v -0.007018078 0.005322059 0.10096613
v -0.006995041 0.0050198096 0.09976631
v -0.0069742813 0.0065560075 0.100979164
v -0.007019943 0.006836707 0.09978258
v -0.006995991 0.00764358 0.10149504
v -0.006979591 0.008391468 0.100489944
v -0.006952698 0.00867723 0.103523865
v -0.0070098494 0.009506594 0.101873085
v -0.0042577973 0.03586472 0.004253548
v -0.0042553595 0.036711767 0.0044938624
v -0.0042472803 0.0354608 0.0027240904
v -0.004270237 0.03536122 0.005435036
v -0.004225891 0.037474412 0.0012821119
v -0.0043070754 0.034818996 0.009614969
v -0.004283169 0.03399292 0.0062508397
v -0.0042130738 0.037280433 -0.00041337663
v -0.0042851027 0.036299992 -0.0022036454
v -0.0042020073 0.034837745 -0.0032278236
v -0.00424593 0.034400653 0.0018982154
v -0.0042881127 0.032513503 0.0059436113
v -0.004328957 0.033513673 0.01147912
v -0.0043472787 0.030389646 0.011943807
v -0.004285286 0.031687293 0.005047401
v -0.004215649 0.030458633 -0.004219999
v -0.0042534373 0.033020467 0.0019464404
v -0.004273785 0.031562064 0.0035682914
vt 0.016708374 0.72265625
vt 0.005138397 0.75
vt 0.016799927 0.7480469
vt 0.0047836304 0.8876953
vt 0.02760315 0.8671875
vt 0.0046424866 0.8671875
vt 0.02748108 0.8886719
vt 0.02760315 0.8671875
vt 0.0060806274 0.8886719
vt 0.54541016 0.8149414
vt 0.6118164 0.8510742
vt 0.6123047 0.8149414
vt 0.5078125 0.7783203
vt 0.5419922 0.84228516
vt 0.5419922 0.7783203
vt 0.5419922 0.84228516
vt 0.5078125 0.7783203
vt 0.5078125 0.84228516
vt 0.6118164 0.8510742
vt 0.54541016 0.8149414
vt 0.5449219 0.8515625
vt 0.9033203 0.0748291
vt 0.88623047 0.055877686
vt 0.88720703 0.07623291
vt 0.9082031 0.07098389
vt 0.88623047 0.055877686
vt 0.9082031 0.05581665
vt 0.030822754 0.6870117
vt 0.03137207 0.69433594
vt 0.032684326 0.7192383
vt 0.66064453 0.31835938
vt 0.67626953 0.28857422
vt 0.66064453 0.28808594
vt 0.67626953 0.28857422
vt 0.67578125 0.31811523
vt 0.74121094 0.50097656
vt 0.74609375 0.47753906
vt 0.74121094 0.47802734
vt 0.74121094 0.5239258
vt 0.74609375 0.5239258
vt 0.74121094 0.50097656
vt 0.052001953 0.7792969
vt 0.052459717 0.7714844
vt 0.046447754 0.7783203
vt 0.05206299 0.7651367
vt 0.052459717 0.7714844
vt 0.04574585 0.76416016
vt 0.04522705 0.7783203
vt 0.93652344 0.36132812
vt 0.93652344 0.35473633
vt 0.9321289 0.3503418
vt 0.92626953 0.34960938
vt 0.9321289 0.3503418
vt 0.93115234 0.3334961
vt 0.91259766 0.34960938
vt 0.9057617 0.35058594
vt 0.8964844 0.36132812
vt 0.8979492 0.3540039
vt 0.90722656 0.34033203
vt 0.91259766 0.33325195
vt 0.90771484 0.33374023
vt 0.5029297 0.7939453
vt 0.45629883 0.8017578
vt 0.50341797 0.7993164
vt 0.45581055 0.8496094
vt 0.50390625 0.85253906
vt 0.4555664 0.84472656
vt 0.03555298 0.77246094
vt 0.0418396 0.7651367
vt 0.03604126 0.7651367
vt 0.03555298 0.77246094
vt 0.042053223 0.77490234
vt 0.035888672 0.7788086
vt 0.92626953 0.34960938
vt 0.93115234 0.3334961
vt 0.9267578 0.3334961
vt 0.45629883 0.8017578
vt 0.5029297 0.7939453
vt 0.45629883 0.79785156
vt 0.50390625 0.8486328
vt 0.4555664 0.84472656
vt 0.50390625 0.85253906
vt 0.89501953 0.5385742
vt 0.8881836 0.53466797
vt 0.8881836 0.5385742
vt 0.9379883 0.53466797
vt 0.89941406 0.5527344
vt 0.9345703 0.5517578
vt 0.8881836 0.53466797
vt 0.8881836 0.5283203
vt 0.9379883 0.5283203
vt 0.8881836 0.5214844
vt 0.9375 0.5214844
vt 0.71435547 0.46166992
vt 0.6899414 0.46728516
vt 0.6904297 0.46972656
vt 0.68310547 0.45898438
vt 0.6904297 0.46972656
vt 0.71240234 0.45263672
vt 0.71435547 0.46166992
vt 0.7167969 0.44335938
vt 0.7192383 0.46191406
vt 0.7216797 0.46191406
vt 0.72753906 0.44311523
vt 0.73779297 0.46289062
vt 0.7368164 0.43676758
vt 0.72753906 0.43530273
vt 0.74365234 0.4296875
vt 0.7441406 0.43774414
vt 0.7416992 0.4633789
vt 0.75146484 0.44091797
vt 0.74609375 0.4645996
vt 0.7680664 0.47192383
vt 0.77490234 0.46142578
vt 0.7963867 0.45703125
vt 0.75146484 0.4321289
vt 0.75 0.41625977
vt 0.7158203 0.4350586
vt 0.72802734 0.42773438
vt 0.7104492 0.4362793
vt 0.7158203 0.42749023
vt 0.7285156 0.41479492
vt 0.70654297 0.44555664
vt 0.7426758 0.4152832
vt 0.7104492 0.42773438
vt 0.73779297 0.3388672
vt 0.73291016 0.3388672
vt 0.7241211 0.33911133
vt 0.71972656 0.3395996
vt 0.7421875 0.33862305
vt 0.7133789 0.3395996
vt 0.7524414 0.33911133
vt 0.7910156 0.44360352
vt 0.79541016 0.34326172
vt 0.70410156 0.42895508
vt 0.6743164 0.41625977
vt 0.6723633 0.34301758
vt 0.67089844 0.44360352
vt 0.66015625 0.34472656
vt 0.65625 0.34301758
vt 0.64697266 0.4489746
vt 0.6542969 0.41601562
vt 0.66845703 0.4543457
vt 0.6401367 0.4494629
vt 0.64941406 0.34399414
vt 0.6381836 0.42236328
vt 0.6333008 0.44970703
vt 0.6401367 0.4597168
vt 0.6586914 0.45654297
vt 0.6484375 0.45874023
vt 0.64404297 0.47705078
vt 0.6513672 0.47460938
vt 0.64941406 0.46069336
vt 0.66503906 0.45874023
vt 0.6796875 0.46264648
vt 0.6870117 0.4711914
vt 0.6904297 0.46972656
vt 0.6870117 0.4711914
vt 0.6538086 0.47973633
vt 0.6508789 0.47802734
vt 0.6538086 0.47973633
vt 0.6386719 0.4814453
vt 0.640625 0.48486328
vt 0.33276367 0.7963867
vt 0.33251953 0.8071289
vt 0.33398438 0.80810547
vt 0.33203125 0.8105469
vt 0.30981445 0.8105469
vt 0.29638672 0.81152344
vt 0.28881836 0.80810547
vt 0.28881836 0.8100586
vt 0.30981445 0.8105469
vt 0.28588867 0.79785156
vt 0.2163086 0.80908203
vt 0.21704102 0.81103516
vt 0.2121582 0.8125
vt 0.21350098 0.81347656
vt 0.2088623 0.8251953
vt 0.20739746 0.8256836
vt 0.20739746 0.82958984
vt 0.2163086 0.80908203
vt 0.19946289 0.7988281
vt 0.2121582 0.8125
vt 0.19824219 0.8125
vt 0.1965332 0.82421875
vt 0.20739746 0.8256836
vt 0.19616699 0.8286133
vt 0.20739746 0.82958984
vt 0.19445801 0.85498047
vt 0.20581055 0.85595703
vt 0.28588867 0.79589844
vt 0.29833984 0.7939453
vt 0.21044922 0.796875
vt 0.30932617 0.7949219
vt 0.19946289 0.7988281
vt 0.19909668 0.79345703
vt 0.21057129 0.79345703
vt 0.19848633 0.796875
vt 0.33129883 0.8095703
vt 0.33154297 0.7973633
vt 0.33251953 0.8071289
vt 0.33129883 0.7944336
vt 0.30932617 0.7949219
vt 0.33276367 0.7963867
vt 0.33251953 0.8071289
vt 0.33203125 0.8105469
vt 0.33129883 0.8095703
vt 0.33398438 0.80810547
vt 0.9477539 0.4716797
vt 0.9477539 0.46801758
vt 0.9404297 0.47192383
vt 0.91845703 0.46777344
vt 0.93652344 0.48583984
vt 0.9121094 0.48510742
vt 0.90234375 0.48486328
vt 0.89990234 0.4777832
vt 0.8979492 0.46777344
vt 0.9477539 0.46801758
vt 0.8989258 0.4584961
vt 0.93359375 0.4584961
vt 0.9472656 0.4580078
vt 0.91845703 0.45825195
vt 0.8979492 0.45117188
vt 0.91503906 0.45117188
vt 0.93066406 0.45092773
vt 0.9477539 0.45092773
vt 0.0048980713 0.06689453
vt 0.0064086914 0.088012695
vt 0.0079193115 0.0703125
vt 0.0079193115 0.0703125
vt 0.0064086914 0.088012695
vt 0.009117126 0.08477783
vt 0.74609375 0.50097656
vt 0.74609375 0.47753906
vt 0.74121094 0.50097656
vt 0.74609375 0.50097656
vt 0.74121094 0.50097656
vt 0.74609375 0.5239258
vt 0.36376953 0.8720703
vt 0.30444336 0.8642578
vt 0.30004883 0.87109375
vt 0.2956543 0.8754883
vt 0.2919922 0.8691406
vt 0.23217773 0.8754883
vt 0.30444336 0.8642578
vt 0.36376953 0.8720703
vt 0.359375 0.8647461
vt 0.30004883 0.87109375
vt 0.36328125 0.9135742
vt 0.29956055 0.9140625
vt 0.2364502 0.8676758
vt 0.23217773 0.8754883
vt 0.2919922 0.8691406
vt 0.23181152 0.9169922
vt 0.2956543 0.8754883
vt 0.29516602 0.91748047
vt 0.7939453 0.09893799
vt 0.79833984 0.08343506
vt 0.796875 0.064331055
vt 0.7885742 0.10473633
vt 0.7807617 0.10809326
vt 0.7392578 0.10882568
vt 0.796875 0.064331055
vt 0.6953125 0.11248779
vt 0.72998047 0.11401367
vt 0.7832031 0.050476074
vt 0.78808594 0.052825928
vt 0.7392578 0.049682617
vt 0.7314453 0.04586792
vt 0.6933594 0.04647827
vt 0.68847656 0.04940796
vt 0.6645508 0.05178833
vt 0.6879883 0.107910156
vt 0.6567383 0.08227539
vt 0.6586914 0.056640625
vt 0.66259766 0.105407715
vt 0.6567383 0.08227539
vt 0.6591797 0.10223389
vt 0.6953125 0.11248779
vt 0.7319336 0.11987305
vt 0.7402344 0.11236572
vt 0.6953125 0.121154785
vt 0.7421875 0.12060547
vt 0.6875 0.113220215
vt 0.6894531 0.12054443
vt 0.78515625 0.120910645
vt 0.78466797 0.11462402
vt 0.79052734 0.11444092
vt 0.66064453 0.11450195
vt 0.6621094 0.1217041
vt 0.80371094 0.12194824
vt 0.7988281 0.113586426
vt 0.65478516 0.12030029
vt 0.65478516 0.1138916
vt 0.6357422 0.113342285
vt 0.6333008 0.12054443
vt 0.82177734 0.115722656
vt 0.8203125 0.12237549
vt 0.8359375 0.12176514
vt 0.8203125 0.12237549
vt 0.83496094 0.11437988
vt 0.40771484 0.8017578
vt 0.40722656 0.7988281
vt 0.40356445 0.80322266
vt 0.40722656 0.7988281
vt 0.40234375 0.7993164
vt 0.40454102 0.7973633
vt 0.014251709 0.2697754
vt 0.04937744 0.30981445
vt 0.011054993 0.2512207
vt 0.037506104 0.31201172
vt 0.043518066 0.31225586
vt 0.029846191 0.30810547
vt 0.014251709 0.2697754
vt 0.037506104 0.31201172
vt 0.05621338 0.30273438
vt 0.0574646 0.296875
vt 0.054016113 0.26098633
vt 0.050201416 0.24523926
vt 0.041748047 0.23144531
vt 0.028045654 0.21862793
vt 0.034698486 0.22229004
vt 0.011054993 0.2512207
vt 0.010925293 0.23706055
vt 0.013824463 0.22558594
vt 0.022491455 0.21777344
vt 0.017929077 0.2199707
vt 0.060821533 0.29614258
vt 0.06011963 0.28881836
vt 0.6621094 0.034240723
vt 0.66064453 0.0075149536
vt 0.65966797 0.030700684
vt 0.66552734 0.005252838
vt 0.66064453 0.0075149536
vt 0.6953125 0.037200928
vt 0.7788086 0.004196167
vt 0.7817383 0.037078857
vt 0.70214844 0.042022705
vt 0.7807617 0.041290283
vt 0.7871094 0.031982422
vt 0.7866211 0.010696411
vt 0.05114746 0.3330078
vt 0.056365967 0.32983398
vt 0.057373047 0.32299805
vt 0.044189453 0.3203125
vt 0.050811768 0.3178711
vt 0.05114746 0.3330078
vt 0.041656494 0.32641602
vt 0.042816162 0.32958984
vt 0.25854492 0.86279297
vt 0.25463867 0.8642578
vt 0.25952148 0.8642578
vt 0.25463867 0.8642578
vt 0.25463867 0.86279297
vt 0.24829102 0.8647461
vt 0.24829102 0.86279297
vt 0.24389648 0.8647461
vt 0.25561523 0.83740234
vt 0.25024414 0.83740234
vt 0.25878906 0.83740234
vt 0.26391602 0.8618164
vt 0.25952148 0.8642578
vt 0.2644043 0.8642578
vt 0.26245117 0.83740234
vt 0.2590332 0.8120117
vt 0.2529297 0.8120117
vt 0.24865723 0.8120117
vt 0.24487305 0.83740234
vt 0.23693848 0.8120117
vt 0.23779297 0.83740234
vt 0.23706055 0.8623047
vt 0.23327637 0.83740234
vt 0.23071289 0.8120117
vt 0.23010254 0.86279297
vt 0.23706055 0.8623047
vt 0.22851562 0.83740234
vt 0.22619629 0.8120117
vt 0.2241211 0.83740234
vt 0.21850586 0.8120117
vt 0.22705078 0.86279297
vt 0.21936035 0.8623047
vt 0.22595215 0.8647461
vt 0.23254395 0.8642578
vt 0.22595215 0.8647461
vt 0.23669434 0.86279297
vt 0.23706055 0.8623047
vt 0.23657227 0.8647461
vt 0.24389648 0.8647461
vt 0.24389648 0.8647461
vt 0.05206299 0.7651367
vt 0.052459717 0.7714844
vt 0.05456543 0.77246094
vt 0.0060539246 0.72021484
vt 0.012237549 0.6923828
vt 0.006603241 0.6879883
vt 0.64208984 0.84716797
vt 0.68408203 0.8417969
vt 0.6333008 0.84716797
vt 0.8276367 0.07659912
vt 0.8183594 0.07684326
vt 0.81347656 0.07702637
vt 0.35351562 0.4963379
vt 0.35498047 0.49609375
vt 0.3623047 0.46191406
vt 0.11920166 0.19311523
vt 0.12854004 0.19348145
vt 0.12841797 0.18310547
vt 0.12841797 0.18310547
vt 0.11968994 0.18286133
vt 0.107543945 0.19348145
vt 0.11987305 0.1776123
vt 0.12841797 0.17773438
vt 0.107910156 0.18249512
vt 0.11993408 0.17248535
vt 0.1282959 0.17236328
vt 0.1282959 0.16711426
vt 0.09667969 0.18811035
vt 0.09637451 0.1932373
vt 0.08355713 0.19360352
vt 0.10803223 0.17700195
vt 0.11975098 0.16210938
vt 0.12805176 0.15637207
vt 0.08404541 0.18322754
vt 0.072753906 0.19335938
vt 0.09698486 0.18286133
vt 0.10797119 0.17163086
vt 0.107543945 0.15661621
vt 0.09729004 0.1776123
vt 0.119384766 0.15612793
vt 0.12805176 0.15637207
vt 0.11907959 0.15014648
vt 0.12792969 0.15026855
vt 0.118652344 0.14489746
vt 0.1282959 0.13977051
vt 0.107299805 0.14990234
vt 0.11871338 0.13476562
vt 0.12854004 0.13000488
vt 0.107055664 0.13562012
vt 0.11895752 0.12475586
vt 0.12866211 0.12512207
vt 0.107177734 0.13061523
vt 0.11920166 0.119628906
vt 0.12854004 0.11999512
vt 0.10736084 0.12536621
vt 0.107543945 0.12005615
vt 0.096191406 0.12487793
vt 0.09637451 0.11975098
vt 0.08337402 0.12512207
vt 0.096069336 0.12988281
vt 0.09613037 0.1348877
vt 0.08337402 0.13500977
vt 0.08380127 0.14465332
vt 0.09631348 0.13989258
vt 0.09655762 0.14489746
vt 0.07244873 0.12988281
vt 0.072509766 0.1348877
vt 0.0725708 0.124938965
vt 0.072753906 0.11993408
vt 0.06137085 0.12487793
vt 0.061157227 0.1340332
vt 0.049194336 0.12536621
vt 0.04937744 0.12036133
vt 0.037994385 0.12548828
vt 0.09686279 0.14990234
vt 0.08404541 0.14953613
vt 0.08441162 0.15649414
vt 0.097229004 0.15686035
vt 0.09741211 0.1619873
vt 0.097473145 0.16711426
vt 0.084472656 0.17236328
vt 0.097473145 0.17236328
vt 0.08428955 0.17773438
vt 0.07330322 0.18310547
vt 0.07354736 0.17773438
vt 0.061828613 0.1842041
vt 0.061523438 0.19384766
vt 0.04937744 0.19384766
vt 0.07373047 0.17248535
vt 0.061950684 0.17358398
vt 0.050048828 0.17785645
vt 0.038482666 0.18444824
vt 0.038146973 0.19433594
vt 0.02746582 0.19421387
vt 0.027908325 0.18347168
vt 0.017105103 0.1932373
vt 0.016708374 0.18395996
vt 0.02809143 0.17785645
vt 0.038757324 0.1730957
vt 0.050201416 0.17236328
vt 0.06173706 0.16210938
vt 0.07366943 0.16186523
vt 0.07354736 0.15673828
vt 0.07318115 0.1496582
vt 0.061584473 0.15637207
vt 0.049987793 0.15637207
vt 0.03869629 0.16137695
vt 0.028213501 0.17211914
vt 0.07287598 0.14465332
vt 0.061309814 0.14880371
vt 0.061187744 0.14355469
vt 0.016708374 0.17382812
vt 0.016708374 0.18395996
vt 0.016525269 0.16271973
vt 0.027999878 0.15588379
vt 0.016281128 0.14916992
vt 0.016525269 0.16271973
vt 0.049682617 0.14929199
vt 0.049102783 0.13500977
vt 0.0385437 0.15576172
vt 0.037902832 0.13439941
vt 0.03829956 0.1484375
vt 0.038116455 0.14355469
vt 0.027709961 0.14904785
vt 0.016281128 0.14916992
vt 0.027313232 0.13977051
vt 0.01675415 0.13867188
vt 0.027175903 0.13049316
vt 0.027282715 0.12561035
vt 0.016830444 0.12902832
vt 0.016952515 0.12438965
vt 0.0211792 0.30981445
vt 0.009719849 0.31445312
vt 0.027359009 0.31225586
vt 0.74853516 0.5986328
vt 0.7451172 0.6020508
vt 0.7451172 0.5986328
vt 0.61865234 0.6245117
vt 0.8442383 0.6245117
vt 0.62109375 0.62402344
vt 0.79248047 0.015289307
vt 0.7944336 0.01184845
vt 0.79345703 0.010818481
vt 0.8276367 0.008628845
vt 0.7944336 0.01184845
vt 0.82714844 0.007156372
vt 0.83447266 0.0038852692
vt 0.9057617 0.12927246
vt 0.9057617 0.16064453
vt 0.9082031 0.12939453
vt 0.9160156 0.0077819824
vt 0.91845703 0.011619568
vt 0.92089844 0.013755798
vt 0.27563477 0.38598633
vt 0.27563477 0.38989258
vt 0.27807617 0.38305664
vt 0.2836914 0.3786621
vt 0.28759766 0.3791504
vt 0.2919922 0.39208984
vt 0.29296875 0.38452148
vt 0.29345703 0.38842773
vt 0.28515625 0.39526367
vt 0.28955078 0.39501953
vt 0.27563477 0.38989258
vt 0.27563477 0.38989258
vt 0.28100586 0.3947754
vt 0.27734375 0.39331055
vt 0.79248047 0.015289307
vt 0.7919922 0.03933716
vt 0.79345703 0.03845215
vt 0.7973633 0.04220581
vt 0.79345703 0.03845215
vt 0.13757324 0.8613281
vt 0.12310791 0.8613281
vt 0.12976074 0.8618164
vt 0.3659668 0.84521484
vt 0.36450195 0.84521484
vt 0.36914062 0.84521484
vt 0.94384766 0.25683594
vt 0.9536133 0.25585938
vt 0.94384766 0.2434082
vt 0.94384766 0.2434082
vt 0.9428711 0.23120117
vt 0.95166016 0.2290039
vt 0.94091797 0.22631836
vt 0.9482422 0.2199707
vt 0.9379883 0.22180176
vt 0.9472656 0.21582031
vt 0.93896484 0.21520996
vt 0.9350586 0.20605469
vt 0.94433594 0.20410156
vt 0.9350586 0.20129395
vt 0.9423828 0.1965332
vt 0.93359375 0.19763184
vt 0.032989502 0.32373047
vt 0.027252197 0.32006836
vt 0.02859497 0.3239746
vt 0.02859497 0.3239746
vt 0.025115967 0.33203125
vt 0.028823853 0.33618164
vt 0.027252197 0.32006836
vt 0.032043457 0.31713867
vt 0.027359009 0.31225586
vt 0.020370483 0.31567383
vt 0.027359009 0.31225586
vt 0.009719849 0.31445312
vt 0.01260376 0.3178711
vt 0.005241394 0.31860352
vt 0.010185242 0.32836914
vt 0.008956909 0.33569336
vt 0.01638794 0.33374023
vt 0.021530151 0.3383789
vt 0.021530151 0.3383789
vt 0.028823853 0.33618164
vt 0.020370483 0.31567383
vt 0.02859497 0.3239746
vt 0.027252197 0.32006836
vt 0.6645508 0.05178833
vt 0.66064453 0.053710938
vt 0.6586914 0.056640625
vt 0.051605225 0.7807617
vt 0.046447754 0.7783203
vt 0.04522705 0.7783203
vt 0.052001953 0.7792969
vt 0.046447754 0.7783203
vt 0.8149414 0.05404663
vt 0.80859375 0.054473877
vt 0.8105469 0.054138184
vt 0.80859375 0.054473877
vt 0.8095703 0.07733154
vt 0.80908203 0.076049805
vt 0.91259766 0.34960938
vt 0.92626953 0.34960938
vt 0.91259766 0.3474121
vt 0.0039787292 0.3244629
vt 0.008956909 0.33569336
vt 0.005241394 0.31860352
vt 0.9794922 0.26879883
vt 0.98046875 0.27416992
vt 0.9814453 0.26831055
vt 0.9946289 0.26782227
vt 0.9814453 0.26831055
vt 0.9951172 0.29760742
vt 0.98095703 0.29760742
vt 0.9794922 0.26879883
vt 0.9760742 0.26879883
vt 0.9790039 0.26611328
vt 0.9711914 0.2998047
vt 0.9628906 0.27148438
vt 0.9638672 0.3005371
vt 0.9580078 0.27075195
vt 0.9790039 0.26611328
vt 0.95751953 0.2536621
vt 0.9736328 0.2536621
vt 0.95751953 0.27172852
vt 0.95751953 0.3005371
vt 0.95751953 0.2536621
vt 0.94091797 0.27124023
vt 0.95751953 0.3005371
vt 0.9404297 0.30078125
vt 0.8222656 0.05419922
vt 0.88623047 0.055877686
vt 0.88671875 0.054595947
vt 0.9082031 0.05581665
vt 0.88671875 0.054595947
vt 0.88623047 0.055877686
vt 0.37670898 0.7915039
vt 0.38452148 0.7919922
vt 0.3857422 0.79052734
vt 0.40673828 0.79052734
vt 0.39794922 0.7910156
vt 0.39892578 0.7915039
vt 0.84375 0.8286133
vt 0.61865234 0.82714844
vt 0.62109375 0.828125
vt 0.26464844 0.9350586
vt 0.25097656 0.9370117
vt 0.2565918 0.93652344
vt 0.26757812 0.9355469
vt 0.26464844 0.93652344
vt 0.26757812 0.93359375
vt 0.2614746 0.9316406
vt 0.25097656 0.9370117
vt 0.25585938 0.9316406
vt 0.2614746 0.9296875
vt 0.23669434 0.9350586
vt 0.23352051 0.93310547
vt 0.26782227 0.9316406
vt 0.3215332 0.93359375
vt 0.29370117 0.9370117
vt 0.2705078 0.9370117
vt 0.32104492 0.9370117
vt 0.3215332 0.9296875
vt 0.23693848 0.9316406
vt 0.23083496 0.93115234
vt 0.23730469 0.92529297
vt 0.23120117 0.9248047
vt 0.2944336 0.9301758
vt 0.32177734 0.92578125
vt 0.25561523 0.9296875
vt 0.27172852 0.9301758
vt 0.29418945 0.92626953
vt 0.27172852 0.9248047
vt 0.32128906 0.9223633
vt 0.24438477 0.92822266
vt 0.25585938 0.9267578
vt 0.26489258 0.9248047
vt 0.26464844 0.92822266
vt 0.2680664 0.9267578
vt 0.2746582 0.92285156
vt 0.32104492 0.9189453
vt 0.29370117 0.9189453
vt 0.26782227 0.92333984
vt 0.2619629 0.92333984
vt 0.26757812 0.9213867
vt 0.26733398 0.9199219
vt 0.25610352 0.9248047
vt 0.24450684 0.9267578
vt 0.23461914 0.92285156
vt 0.23120117 0.9248047
vt 0.2619629 0.9199219
vt 0.2565918 0.9199219
vt 0.23461914 0.92285156
vt 0.25073242 0.9199219
vt 0.23718262 0.92041016
vt 0.099243164 0.8613281
vt 0.09918213 0.7866211
vt 0.09844971 0.7861328
vt 0.099243164 0.8613281
vt 0.0993042 0.8598633
vt 0.09844971 0.7861328
vt 0.09918213 0.7866211
vt 0.11810303 0.7866211
vt 0.1227417 0.7861328
vt 0.12512207 0.78466797
vt 0.1315918 0.78466797
vt 0.13879395 0.7866211
vt 0.9238281 0.21923828
vt 0.9194336 0.2208252
vt 0.91748047 0.2241211
vt 0.93603516 0.22705078
vt 0.9355469 0.23046875
vt 0.93652344 0.23388672
vt 0.17797852 0.86035156
vt 0.1796875 0.8569336
vt 0.17871094 0.85595703
vt 0.18762207 0.85498047
vt 0.17871094 0.85595703
vt 0.1796875 0.8569336
vt 0.18847656 0.7915039
vt 0.1796875 0.7895508
vt 0.17883301 0.79052734
vt 0.17871094 0.78515625
vt 0.17883301 0.79052734
vt 0.1796875 0.7895508
vt 0.056884766 0.55078125
vt 0.057678223 0.5522461
vt 0.057800293 0.54589844
vt 0.38183594 0.44555664
vt 0.390625 0.45898438
vt 0.38256836 0.41308594
vt 0.46850586 0.51953125
vt 0.38720703 0.45947266
vt 0.46704102 0.52490234
vt 0.38183594 0.44555664
vt 0.39404297 0.46899414
vt 0.3857422 0.46533203
vt 0.38330078 0.46118164
vt 0.38183594 0.45507812
vt 0.38183594 0.44555664
vt 0.45043945 0.4650879
vt 0.55615234 0.46118164
vt 0.41674805 0.41381836
vt 0.3876953 0.39160156
vt 0.38256836 0.41308594
vt 0.38305664 0.38891602
vt 0.40576172 0.39770508
vt 0.45776367 0.39916992
vt 0.39038086 0.3881836
vt 0.4182129 0.38476562
vt 0.38500977 0.38452148
vt 0.3894043 0.38305664
vt 0.3803711 0.3857422
vt 0.38061523 0.39038086
vt 0.38330078 0.38208008
vt 0.39013672 0.38110352
vt 0.41796875 0.37890625
vt 0.45947266 0.38330078
vt 0.59033203 0.3815918
vt 0.52246094 0.37597656
vt 0.60498047 0.37280273
vt 0.60546875 0.37695312
vt 0.60546875 0.38085938
vt 0.5566406 0.43676758
vt 0.6064453 0.43115234
vt 0.6088867 0.5161133
vt 0.53466797 0.5180664
vt 0.5048828 0.51708984
vt 0.6010742 0.52197266
vt 0.61035156 0.5205078
vt 0.6064453 0.5239258
vt 0.56152344 0.52197266
vt 0.5336914 0.52197266
vt 0.55322266 0.52685547
vt 0.5336914 0.5239258
vt 0.55810547 0.52734375
vt 0.5620117 0.5234375
vt 0.6010742 0.52197266
vt 0.55810547 0.5727539
vt 0.54541016 0.62158203
vt 0.5595703 0.61816406
vt 0.5644531 0.6220703
vt 0.5644531 0.6196289
vt 0.5761719 0.6201172
vt 0.4741211 0.52197266
vt 0.47143555 0.5263672
vt 0.47143555 0.5576172
vt 0.45776367 0.55810547
vt 0.3779297 0.5263672
vt 0.49682617 0.62158203
vt 0.38452148 0.5439453
vt 0.37060547 0.5292969
vt 0.37109375 0.5751953
vt 0.36865234 0.60595703
vt 0.36621094 0.53027344
vt 0.47216797 0.5957031
vt 0.375 0.6220703
vt 0.42626953 0.6225586
vt 0.36206055 0.62402344
vt 0.47216797 0.6220703
vt 0.3635254 0.5751953
vt 0.36035156 0.5292969
vt 0.35180664 0.52783203
vt 0.3635254 0.60595703
vt 0.3491211 0.62353516
vt 0.3491211 0.5732422
vt 0.47802734 0.6220703
vt 0.51904297 0.62890625
vt 0.4741211 0.6274414
vt 0.4255371 0.66308594
vt 0.43432617 0.6479492
vt 0.3942871 0.6796875
vt 0.5625 0.6274414
vt 0.5058594 0.6669922
vt 0.39501953 0.6894531
vt 0.38842773 0.69091797
vt 0.3876953 0.70410156
vt 0.38745117 0.71875
vt 0.39257812 0.7182617
vt 0.38623047 0.73583984
vt 0.41479492 0.70458984
vt 0.39086914 0.7421875
vt 0.38623047 0.7573242
vt 0.39648438 0.7597656
vt 0.39013672 0.7626953
vt 0.39770508 0.76464844
vt 0.4260254 0.765625
vt 0.4963379 0.76708984
vt 0.44482422 0.70703125
vt 0.4958496 0.75927734
vt 0.5361328 0.7348633
vt 0.5517578 0.75927734
vt 0.5419922 0.64501953
vt 0.609375 0.7602539
vt 0.6098633 0.7675781
vt 0.57910156 0.73779297
vt 0.609375 0.6772461
vt 0.58740234 0.6738281
vt 0.58251953 0.64697266
vt 0.61083984 0.6225586
vt 0.5854492 0.62158203
vt 0.5761719 0.6201172
vt 0.6010742 0.6201172
vt 0.6074219 0.61865234
vt 0.61083984 0.6196289
vt 0.58496094 0.6196289
vt 0.5854492 0.62158203
vt 0.5761719 0.6201172
vt 0.609375 0.6772461
vt 0.61279297 0.62841797
vt 0.61376953 0.6791992
vt 0.14294434 0.69677734
vt 0.14538574 0.6669922
vt 0.14672852 0.6567383
vt 0.20117188 0.67089844
vt 0.15075684 0.65234375
vt 0.20007324 0.64501953
vt 0.14794922 0.65722656
vt 0.14672852 0.6567383
vt 0.18640137 0.7006836
vt 0.14587402 0.69677734
vt 0.14294434 0.69677734
vt 0.13696289 0.66552734
vt 0.14294434 0.72509766
vt 0.14257812 0.64941406
vt 0.14099121 0.6542969
vt 0.1348877 0.66503906
vt 0.13500977 0.65478516
vt 0.13330078 0.69677734
vt 0.1381836 0.74121094
vt 0.13256836 0.7373047
vt 0.14001465 0.7495117
vt 0.13500977 0.65478516
vt 0.13659668 0.74902344
vt 0.1373291 0.7548828
vt 0.14257812 0.7558594
vt 0.15319824 0.6411133
vt 0.1418457 0.734375
vt 0.15612793 0.6489258
vt 0.2310791 0.6357422
vt 0.23132324 0.6333008
vt 0.1451416 0.72509766
vt 0.14611816 0.74609375
vt 0.14794922 0.7524414
vt 0.17736816 0.7319336
vt 0.14904785 0.7519531
vt 0.1463623 0.7597656
vt 0.14453125 0.7607422
vt 0.15527344 0.7583008
vt 0.15246582 0.76416016
vt 0.1517334 0.7651367
vt 0.15588379 0.75683594
vt 0.20617676 0.7368164
vt 0.20666504 0.76416016
vt 0.20666504 0.7709961
vt 0.20617676 0.7729492
vt 0.28149414 0.75683594
vt 0.24023438 0.7602539
vt 0.2409668 0.7626953
vt 0.28857422 0.75634766
vt 0.24169922 0.77001953
vt 0.20617676 0.7729492
vt 0.29248047 0.76171875
vt 0.29418945 0.7631836
vt 0.29296875 0.75146484
vt 0.2939453 0.7524414
vt 0.29907227 0.75634766
vt 0.30029297 0.7573242
vt 0.30493164 0.74902344
vt 0.296875 0.74609375
vt 0.29785156 0.70703125
vt 0.2998047 0.70703125
vt 0.30688477 0.70751953
vt 0.29882812 0.66748047
vt 0.30200195 0.65283203
vt 0.29516602 0.65625
vt 0.30688477 0.6660156
vt 0.29516602 0.65625
vt 0.30273438 0.65234375
vt 0.2770996 0.66845703
vt 0.2927246 0.65283203
vt 0.29711914 0.64746094
vt 0.29833984 0.6459961
vt 0.2915039 0.6430664
vt 0.23046875 0.64501953
vt 0.28833008 0.6489258
vt 0.2878418 0.64990234
vt 0.23083496 0.6425781
vt 0.29248047 0.64160156
vt 0.23132324 0.6333008
vt 0.29833984 0.6459961
vt 0.13256836 0.7373047
vt 0.13500977 0.65478516
vt 0.13659668 0.74902344
vt 0.13330078 0.69677734
vt 0.1348877 0.66503906
vt 0.38256836 0.41308594
vt 0.38061523 0.39038086
vt 0.30688477 0.70751953
vt 0.30493164 0.74902344
vt 0.30688477 0.6660156
vt 0.29248047 0.76171875
vt 0.24169922 0.77001953
vt 0.15319824 0.6411133
vt 0.14538574 0.6455078
vt 0.32226562 0.5444336
vt 0.32006836 0.52783203
vt 0.35180664 0.52783203
vt 0.3269043 0.57373047
vt 0.3491211 0.62353516
vt 0.3017578 0.57421875
vt 0.33154297 0.6035156
vt 0.33422852 0.62402344
vt 0.3173828 0.6225586
vt 0.29614258 0.6225586
vt 0.3173828 0.6225586
vt 0.29589844 0.5986328
vt 0.28979492 0.6230469
vt 0.29638672 0.57421875
vt 0.2919922 0.59814453
vt 0.29858398 0.5288086
vt 0.32006836 0.52783203
vt 0.29418945 0.52978516
vt 0.28857422 0.5986328
vt 0.28222656 0.6225586
vt 0.29052734 0.52978516
vt 0.2836914 0.5986328
vt 0.25390625 0.6225586
vt 0.2841797 0.57470703
vt 0.2841797 0.5288086
vt 0.18371582 0.6230469
vt 0.2109375 0.54345703
vt 0.25732422 0.52734375
vt 0.15368652 0.52783203
vt 0.06970215 0.6220703
vt 0.07098389 0.5415039
vt 0.0715332 0.5263672
vt 0.067871094 0.6166992
vt 0.0692749 0.5390625
vt 0.07098389 0.5415039
vt 0.9711914 0.66552734
vt 0.99658203 0.7050781
vt 0.99658203 0.66552734
vt 0.78222656 0.63671875
vt 0.9711914 0.63183594
vt 0.796875 0.6323242
vt 0.8886719 0.63134766
vt 0.8286133 0.7036133
vt 0.79296875 0.7055664
vt 0.99658203 0.70703125
vt 0.79345703 0.6948242
vt 0.66552734 0.703125
vt 0.7504883 0.70214844
vt 0.75 0.70751953
vt 0.7504883 0.70947266
vt 0.99658203 0.74121094
vt 0.6689453 0.7080078
vt 0.61865234 0.7416992
vt 0.99658203 0.7441406
vt 0.61865234 0.70996094
vt 0.61865234 0.7050781
vt 0.61865234 0.6323242
vt 0.61865234 0.74658203
vt 0.72021484 0.63378906
vt 0.7109375 0.6328125
vt 0.71484375 0.6303711
vt 0.61865234 0.6245117
vt 0.8442383 0.6245117
vt 0.7832031 0.6303711
vt 0.84472656 0.6303711
vt 0.73291016 0.63183594
vt 0.7832031 0.6303711
vt 0.84472656 0.6303711
vt 0.99658203 0.74560547
vt 0.92578125 0.74560547
vt 0.9116211 0.7607422
vt 0.99658203 0.78515625
vt 0.9711914 0.78515625
vt 0.9111328 0.7832031
vt 0.9038086 0.7602539
vt 0.9711914 0.81396484
vt 0.9038086 0.7583008
vt 0.83447266 0.78271484
vt 0.8256836 0.74658203
vt 0.84375 0.75878906
vt 0.8432617 0.7607422
vt 0.8354492 0.7607422
vt 0.61865234 0.81884766
vt 0.9658203 0.81884766
vt 0.9716797 0.81884766
vt 0.84472656 0.82177734
vt 0.61865234 0.82128906
vt 0.85498047 0.22766113
vt 0.7285156 0.22595215
vt 0.73339844 0.2619629
vt 0.85498047 0.26000977
vt 0.7285156 0.22595215
vt 0.72802734 0.26000977
vt 0.7285156 0.22595215
vt 0.7246094 0.2631836
vt 0.6948242 0.22558594
vt 0.7246094 0.2631836
vt 0.6958008 0.26391602
vt 0.6352539 0.24511719
vt 0.66064453 0.24560547
vt 0.6582031 0.21044922
vt 0.66308594 0.24743652
vt 0.6621094 0.27539062
vt 0.66015625 0.2800293
vt 0.65771484 0.28198242
vt 0.63916016 0.2824707
vt 0.6357422 0.28027344
vt 0.6582031 0.21044922
vt 0.64501953 0.20983887
vt 0.6352539 0.24511719
vt 0.63671875 0.20947266
vt 0.6328125 0.2763672
vt 0.63183594 0.2467041
vt 0.02748108 0.8886719
vt 0.18347168 0.8671875
vt 0.02760315 0.8671875
vt 0.19592285 0.8828125
vt 0.18969727 0.88916016
vt 0.19592285 0.8847656
vt 0.20092773 0.88183594
vt 0.22460938 0.88183594
vt 0.22790527 0.8671875
vt 0.02748108 0.8886719
vt 0.18273926 0.9160156
vt 0.18884277 0.91503906
vt 0.19726562 0.890625
vt 0.19750977 0.91503906
vt 0.20239258 0.890625
vt 0.2010498 0.91552734
vt 0.22644043 0.88916016
vt 0.22607422 0.9160156
vt 0.1928711 0.9194336
vt 0.19592285 0.92041016
vt 0.19909668 0.921875
vt 0.2064209 0.9375
vt 0.19909668 0.921875
vt 0.2241211 0.92285156
vt 0.22741699 0.93847656
vt 0.027450562 0.9379883
vt 0.109313965 0.91748047
vt 0.09509277 0.91503906
vt 0.02748108 0.8886719
vt 0.049224854 0.91503906
vt 0.04928589 0.91748047
vt 0.029693604 0.9160156
vt 0.02784729 0.91552734
vt 0.02671814 0.9165039
vt 0.02784729 0.91552734
vt 0.67626953 0.28857422
vt 0.8984375 0.31811523
vt 0.8979492 0.28833008
vt 0.67578125 0.31811523
vt 0.8276367 0.07659912
vt 0.88623047 0.055877686
vt 0.8222656 0.05419922
vt 0.88720703 0.07623291
vt 0.8222656 0.09991455
vt 0.8886719 0.07684326
vt 0.8276367 0.07659912
vt 0.8881836 0.09564209
vt 0.91308594 0.21484375
vt 0.83740234 0.18383789
vt 0.83691406 0.21447754
vt 0.9135742 0.18383789
vt 0.84716797 0.12915039
vt 0.9057617 0.16064453
vt 0.9057617 0.12927246
vt 0.8461914 0.16223145
vt 0.84472656 0.12927246
vt 0.83691406 0.12902832
vt 0.84472656 0.16040039
vt 0.8359375 0.15991211
vt 0.93896484 0.5722656
vt 0.890625 0.58740234
vt 0.9379883 0.58447266
vt 0.8964844 0.5722656
vt 0.88964844 0.5727539
vt 0.89990234 0.55810547
vt 0.93408203 0.5566406
vt 0.9267578 0.33544922
vt 0.91259766 0.3474121
vt 0.92626953 0.34960938
vt 0.9121094 0.33544922
vt 0.9248047 0.30078125
vt 0.94091797 0.27124023
vt 0.9243164 0.27124023
vt 0.9404297 0.30078125
vt 0.0060539246 0.72021484
vt 0.016448975 0.6972656
vt 0.012237549 0.6923828
vt 0.017486572 0.7050781
vt 0.0178833 0.7207031
vt 0.016708374 0.72265625
vt 0.005138397 0.75
vt 0.9790039 0.36108398
vt 0.9873047 0.3251953
vt 0.9785156 0.32421875
vt 0.98291016 0.36083984
vt 0.98535156 0.30981445
vt 0.9785156 0.32421875
vt 0.9897461 0.32104492
vt 0.45703125 0.8203125
vt 0.45654297 0.83984375
vt 0.5 0.82421875
vt 0.5024414 0.8442383
vt 0.5029297 0.7705078
vt 0.45654297 0.79296875
vt 0.5029297 0.79003906
vt 0.46020508 0.7734375
vt 0.062805176 0.578125
vt 0.016448975 0.59765625
vt 0.062072754 0.59814453
vt 0.020950317 0.578125
vt 0.05166626 0.52685547
vt 0.009490967 0.5258789
vt 0.009971619 0.546875
vt 0.057800293 0.54589844
vt 0.9448242 0.1619873
vt 0.9135742 0.18383789
vt 0.94433594 0.1829834
vt 0.9135742 0.16259766
vt 0.019180298 0.75097656
vt 0.03100586 0.74853516
vt 0.020080566 0.72216797
vt 0.031829834 0.72216797
vt 0.019973755 0.7192383
vt 0.019622803 0.70458984
vt 0.030136108 0.69433594
vt 0.03137207 0.69433594
vt 0.021438599 0.69628906
vt 0.029510498 0.68847656
vt 0.0047798157 0.78271484
vt 0.016799927 0.7524414
vt 0.005264282 0.7524414
vt 0.015792847 0.7832031
vt 0.01914978 0.75439453
vt 0.031234741 0.7836914
vt 0.030227661 0.7524414
vt 0.019866943 0.7836914
vt 0.8066406 0.18334961
vt 0.83740234 0.16235352
vt 0.8066406 0.16247559
vt 0.83740234 0.18383789
vt 0.76171875 0.21533203
vt 0.76171875 0.20410156
vt 0.7714844 0.20410156
vt 0.77197266 0.21533203
vt 0.77197266 0.21533203
vt 0.7758789 0.20458984
vt 0.7836914 0.21533203
vt 0.7758789 0.20458984
vt 0.7832031 0.20373535
vt 0.78759766 0.20422363
vt 0.79248047 0.21533203
vt 0.79541016 0.2043457
vt 0.8041992 0.21533203
vt 0.8041992 0.20422363
vt 0.81396484 0.21533203
vt 0.8041992 0.21533203
vt 0.8198242 0.20373535
vt 0.8198242 0.21533203
vt 0.82958984 0.20410156
vt 0.82958984 0.21533203
vt 0.8881836 0.09564209
vt 0.90966797 0.095703125
vt 0.8886719 0.07684326
vt 0.90966797 0.08105469
vt 0.9033203 0.0748291
vt 0.1182251 0.86035156
vt 0.09918213 0.7866211
vt 0.0993042 0.8598633
vt 0.11810303 0.7866211
vt 0.1227417 0.7861328
vt 0.12310791 0.8613281
vt 0.13757324 0.8613281
vt 0.13879395 0.7866211
vt 0.15820312 0.8598633
vt 0.15905762 0.7861328
vt 0.17260742 0.8383789
vt 0.17272949 0.86035156
vt 0.17224121 0.7861328
vt 0.17871094 0.85595703
vt 0.17797852 0.86035156
vt 0.18701172 0.8364258
vt 0.18762207 0.85498047
vt 0.17883301 0.79052734
vt 0.18847656 0.7915039
vt 0.17871094 0.78515625
vt 0.17285156 0.78515625
vt 0.15844727 0.78466797
vt 0.15905762 0.7861328
vt 0.13879395 0.7866211
vt 0.09088135 0.7871094
vt 0.07183838 0.86083984
vt 0.0904541 0.86083984
vt 0.0715332 0.7871094
vt 0.06738281 0.86083984
vt 0.06530762 0.7871094
vt 0.05810547 0.7871094
vt 0.060150146 0.86083984
vt 0.05230713 0.86083984
vt 0.05215454 0.7871094
vt 0.032104492 0.7871094
vt 0.03161621 0.86083984
vt 0.018737793 0.7871094
vt 0.019165039 0.86083984
vt 0.00522995 0.83740234
vt 0.013587952 0.7919922
vt 0.013519287 0.78759766
vt 0.004951477 0.79296875
vt 0.0138549805 0.8564453
vt 0.0050964355 0.8564453
vt 0.013893127 0.86083984
vt 0.88623047 0.5683594
vt 0.58740234 0.58154297
vt 0.8857422 0.58154297
vt 0.58691406 0.56640625
vt 0.5810547 0.58154297
vt 0.5810547 0.56689453
vt 0.2084961 0.15075684
vt 0.2166748 0.1505127
vt 0.21569824 0.14379883
vt 0.21679688 0.15783691
vt 0.2010498 0.16870117
vt 0.21325684 0.16772461
vt 0.19970703 0.17419434
vt 0.21472168 0.18469238
vt 0.20996094 0.19006348
vt 0.22351074 0.16723633
vt 0.21887207 0.17382812
vt 0.22180176 0.18518066
vt 0.22583008 0.1652832
vt 0.21948242 0.15405273
vt 0.21313477 0.19445801
vt 0.22290039 0.15197754
vt 0.22265625 0.14697266
vt 0.21569824 0.14379883
vt 0.26660156 0.13928223
vt 0.22558594 0.15966797
vt 0.24975586 0.18310547
vt 0.2565918 0.16845703
vt 0.26000977 0.16052246
vt 0.26635742 0.14770508
vt 0.37768555 0.16247559
vt 0.37768555 0.15136719
vt 0.22497559 0.19873047
vt 0.3774414 0.13781738
vt 0.37768555 0.1303711
vt 0.41308594 0.13928223
vt 0.41333008 0.13171387
vt 0.4177246 0.13256836
vt 0.41601562 0.15209961
vt 0.41210938 0.15148926
vt 0.41308594 0.17211914
vt 0.4104004 0.1628418
vt 0.40893555 0.17150879
vt 0.41186523 0.18200684
vt 0.37768555 0.17126465
vt 0.40771484 0.18151855
vt 0.2866211 0.18151855
vt 0.37768555 0.18115234
vt 0.40527344 0.19763184
vt 0.24719238 0.20898438
vt 0.3125 0.25854492
vt 0.3737793 0.23327637
vt 0.28466797 0.2512207
vt 0.19946289 0.22155762
vt 0.22180176 0.23657227
vt 0.20703125 0.20825195
vt 0.2043457 0.19921875
vt 0.40185547 0.2866211
vt 0.31469727 0.26464844
vt 0.3713379 0.28442383
vt 0.28271484 0.26586914
vt 0.3005371 0.26635742
vt 0.27319336 0.27294922
vt 0.22375488 0.25561523
vt 0.23071289 0.27490234
vt 0.21362305 0.25268555
vt 0.18237305 0.26513672
vt 0.18237305 0.25830078
vt 0.22241211 0.27978516
vt 0.18041992 0.24230957
vt 0.2746582 0.2849121
vt 0.24291992 0.2770996
vt 0.23010254 0.2824707
vt 0.22875977 0.2866211
vt 0.2479248 0.2890625
vt 0.2220459 0.2841797
vt 0.30126953 0.28076172
vt 0.27490234 0.28955078
vt 0.24902344 0.2861328
vt 0.25390625 0.29223633
vt 0.25097656 0.2980957
vt 0.27612305 0.3095703
vt 0.32080078 0.2902832
vt 0.37060547 0.2993164
vt 0.27978516 0.30004883
vt 0.36889648 0.30737305
vt 0.39868164 0.30297852
vt 0.36645508 0.31469727
vt 0.3972168 0.31298828
vt 0.39404297 0.32250977
vt 0.4013672 0.31396484
vt 0.390625 0.3449707
vt 0.40356445 0.30395508
vt 0.40649414 0.28759766
vt 0.38989258 0.33325195
vt 0.390625 0.3449707
vt 0.3876953 0.36816406
vt 0.40820312 0.23449707
vt 0.36254883 0.32592773
vt 0.3840332 0.35961914
vt 0.38330078 0.3684082
vt 0.35913086 0.3383789
vt 0.3557129 0.35498047
vt 0.35424805 0.36523438
vt 0.27514648 0.33911133
vt 0.27734375 0.3310547
vt 0.24963379 0.31396484
vt 0.25024414 0.32250977
vt 0.27148438 0.34716797
vt 0.25073242 0.3310547
vt 0.24255371 0.31884766
vt 0.24780273 0.3317871
vt 0.23217773 0.30371094
vt 0.23120117 0.3059082
vt 0.22570801 0.29736328
vt 0.22265625 0.30273438
vt 0.21948242 0.2939453
vt 0.21069336 0.29052734
vt 0.21154785 0.31103516
vt 0.17883301 0.2998047
vt 0.18041992 0.28125
vt 0.17944336 0.2861328
vt 0.103759766 0.2993164
vt 0.10357666 0.30297852
vt 0.11016846 0.31518555
vt 0.10449219 0.28637695
vt 0.103881836 0.27905273
vt 0.060821533 0.29614258
vt 0.06112671 0.3017578
vt 0.060821533 0.31176758
vt 0.062072754 0.31445312
vt 0.06402588 0.32348633
vt 0.06555176 0.32714844
vt 0.06536865 0.3322754
vt 0.06719971 0.33154297
vt 0.0703125 0.33789062
vt 0.103515625 0.27026367
vt 0.06011963 0.28881836
vt 0.060821533 0.29614258
vt 0.054016113 0.26098633
vt 0.09875488 0.2355957
vt 0.050201416 0.24523926
vt 0.045898438 0.22961426
vt 0.10168457 0.22216797
vt 0.04296875 0.21875
vt 0.096069336 0.21557617
vt 0.04067993 0.21118164
vt 0.19470215 0.20349121
vt 0.09466553 0.2097168
vt 0.039794922 0.20568848
vt 0.19140625 0.19580078
vt 0.09350586 0.20349121
vt 0.039611816 0.20043945
vt 0.19458008 0.18579102
vt 0.19958496 0.19152832
vt 0.19848633 0.17944336
vt 0.19970703 0.17419434
vt 0.6694336 0.22644043
vt 0.6958008 0.26391602
vt 0.6948242 0.22558594
vt 0.67041016 0.26464844
vt 0.87597656 0.2578125
vt 0.8647461 0.25
vt 0.8647461 0.2578125
vt 0.87597656 0.2487793
vt 0.88623047 0.25805664
vt 0.8852539 0.24890137
vt 0.88916016 0.24987793
vt 0.8989258 0.25048828
vt 0.8979492 0.25976562
vt 0.8979492 0.25976562
vt 0.90283203 0.2536621
vt 0.9160156 0.26342773
vt 0.8979492 0.25976562
vt 0.91796875 0.2524414
vt 0.9238281 0.26464844
vt 0.9248047 0.25805664
vt 0.94384766 0.26635742
vt 0.94384766 0.25683594
vt 0.9248047 0.25634766
vt 0.94384766 0.25683594
vt 0.008468628 0.024017334
vt 0.6503906 0.002040863
vt 0.0034389496 0.00447464
vt 0.6503906 0.02798462
vt 0.011833191 0.02720642
vt 0.18701172 0.8364258
vt 0.18847656 0.8364258
vt 0.18847656 0.7915039
vt 0.18762207 0.85498047
vt 0.9057617 0.42163086
vt 0.91259766 0.41064453
vt 0.8959961 0.4177246
vt 0.91259766 0.41064453
vt 0.8964844 0.41064453
vt 0.90625 0.4255371
vt 0.91259766 0.42529297
vt 0.90722656 0.44702148
vt 0.91259766 0.43237305
vt 0.9057617 0.43237305
vt 0.91259766 0.44702148
vt 0.31884766 0.5126953
vt 0.31884766 0.5209961
vt 0.33007812 0.5126953
vt 0.33032227 0.5209961
vt 0.3383789 0.5209961
vt 0.3408203 0.5126953
vt 0.34936523 0.5209961
vt 0.34936523 0.5126953
vt 0.2121582 0.5229492
vt 0.21569824 0.5151367
vt 0.20837402 0.5151367
vt 0.21960449 0.5229492
vt 0.2241211 0.5151367
vt 0.22790527 0.5229492
vt 0.2319336 0.5151367
vt 0.2319336 0.5229492
vt 0.23657227 0.5151367
vt 0.23657227 0.5229492
vt 0.2319336 0.5151367
vt 0.20837402 0.5151367
vt 0.20861816 0.5229492
vt 0.20483398 0.5151367
vt 0.2010498 0.5229492
vt 0.1977539 0.5151367
vt 0.1940918 0.5229492
vt 0.19458008 0.5151367
vt 0.3955078 0.35083008
vt 0.4091797 0.35498047
vt 0.39746094 0.36279297
vt 0.40551758 0.34716797
vt 0.39672852 0.3474121
vt 0.39941406 0.34545898
vt 0.0054130554 0.107177734
vt 0.3786621 0.107543945
vt 0.0064086914 0.088012695
vt 0.55810547 0.08843994
vt 0.5756836 0.10736084
vt 0.5957031 0.08850098
vt 0.6489258 0.08843994
vt 0.6484375 0.107299805
vt 0.2692871 0.84228516
vt 0.27856445 0.85058594
vt 0.2775879 0.8432617
vt 0.2668457 0.84375
vt 0.27856445 0.85058594
vt 0.26708984 0.85546875
vt 0.26953125 0.8569336
vt 0.27783203 0.85498047
vt 0.6152344 0.13220215
vt 0.6171875 0.14221191
vt 0.63134766 0.13208008
vt 0.62597656 0.14367676
vt 0.63720703 0.14331055
vt 0.63671875 0.12792969
vt 0.63427734 0.14538574
vt 0.6430664 0.14282227
vt 0.63378906 0.15124512
vt 0.6533203 0.12792969
vt 0.6303711 0.15637207
vt 0.6464844 0.14770508
vt 0.65234375 0.15026855
vt 0.63916016 0.15551758
vt 0.6357422 0.15979004
vt 0.6464844 0.15942383
vt 0.64404297 0.15441895
vt 0.64941406 0.15710449
vt 0.010566711 0.5708008
vt 0.05831909 0.5551758
vt 0.009185791 0.5551758
vt 0.06021118 0.57128906
vt 0.061920166 0.6069336
vt 0.012130737 0.6225586
vt 0.061553955 0.6225586
vt 0.015586853 0.6069336
vt 0.9785156 0.32421875
vt 0.9746094 0.30517578
vt 0.9682617 0.3232422
vt 0.98535156 0.30981445
vt 0.9682617 0.3232422
vt 0.9790039 0.36108398
vt 0.96777344 0.36108398
vt 0.5053711 0.86865234
vt 0.45581055 0.8496094
vt 0.4555664 0.86621094
vt 0.50390625 0.85253906
vt 0.45629883 0.8017578
vt 0.49951172 0.8149414
vt 0.50341797 0.7993164
vt 0.4543457 0.8173828
vt 0.20751953 0.4970703
vt 0.19763184 0.46655273
vt 0.20117188 0.5053711
vt 0.20996094 0.46679688
vt 0.21887207 0.47607422
vt 0.22570801 0.49047852
vt 0.2253418 0.4794922
vt 0.23876953 0.48657227
vt 0.23657227 0.4807129
vt 0.24584961 0.48242188
vt 0.24743652 0.48046875
vt 0.81347656 0.07702637
vt 0.8222656 0.09991455
vt 0.8276367 0.07659912
vt 0.81347656 0.10040283
vt 0.8095703 0.1003418
vt 0.8095703 0.07733154
vt 0.27661133 0.5097656
vt 0.26367188 0.52001953
vt 0.27929688 0.51953125
vt 0.26879883 0.5083008
vt 0.26123047 0.5058594
vt 0.265625 0.4975586
vt 0.26171875 0.5024414
vt 0.2548828 0.5097656
vt 0.2578125 0.5239258
vt 0.24169922 0.5239258
vt 0.2487793 0.50683594
vt 0.25732422 0.49658203
vt 0.26049805 0.49291992
vt 0.2541504 0.49169922
vt 0.24230957 0.5019531
vt 0.24768066 0.5024414
vt 0.24926758 0.4987793
vt 0.24829102 0.49291992
vt 0.24438477 0.4963379
vt 0.9135742 0.28808594
vt 0.8984375 0.31811523
vt 0.9140625 0.31811523
vt 0.8979492 0.28833008
vt 0.8984375 0.31811523
vt 0.67578125 0.3334961
vt 0.8984375 0.33374023
vt 0.67578125 0.31811523
vt 0.8979492 0.28833008
vt 0.67578125 0.27294922
vt 0.67626953 0.28857422
vt 0.8984375 0.27270508
vt 0.41137695 0.34765625
vt 0.42456055 0.35351562
vt 0.4128418 0.36157227
vt 0.42089844 0.34521484
vt 0.41430664 0.34399414
vt 0.5810547 0.5541992
vt 0.87939453 0.5498047
vt 0.5810547 0.5498047
vt 0.87939453 0.5541992
vt 0.87939453 0.5625
vt 0.5810547 0.5571289
vt 0.5810547 0.5625
vt 0.87939453 0.55615234
vt 0.5595703 0.8100586
vt 0.54785156 0.7739258
vt 0.5473633 0.8095703
vt 0.5605469 0.78222656
vt 0.5629883 0.78515625
vt 0.5629883 0.80859375
vt 0.59814453 0.78515625
vt 0.6010742 0.78222656
vt 0.5991211 0.80810547
vt 0.5605469 0.81152344
vt 0.6015625 0.81152344
vt 0.61328125 0.8120117
vt 0.5488281 0.8120117
vt 0.60302734 0.8100586
vt 0.6152344 0.80908203
vt 0.61279297 0.7739258
vt 0.5527344 0.77001953
vt 0.60839844 0.77001953
vt 0.73876953 0.6118164
vt 0.73876953 0.6010742
vt 0.7006836 0.60058594
vt 0.7011719 0.6118164
vt 0.6948242 0.60058594
vt 0.69433594 0.6123047
vt 0.6879883 0.6113281
vt 0.6875 0.6010742
vt 0.62890625 0.6010742
vt 0.62841797 0.6118164
vt 0.62353516 0.6010742
vt 0.6230469 0.6118164
vt 0.5805664 0.61083984
vt 0.5805664 0.5986328
vt 0.70166016 0.58935547
vt 0.73876953 0.6010742
vt 0.7397461 0.5932617
vt 0.70214844 0.5996094
vt 0.69433594 0.58935547
vt 0.6953125 0.5996094
vt 0.68847656 0.58935547
vt 0.6879883 0.5996094
vt 0.6298828 0.58935547
vt 0.6298828 0.5996094
vt 0.62890625 0.58935547
vt 0.62353516 0.58935547
vt 0.62353516 0.5991211
vt 0.5805664 0.5878906
vt 0.5805664 0.5986328
vt 0.74609375 0.47753906
vt 0.74609375 0.50097656
vt 0.7519531 0.50097656
vt 0.75146484 0.47753906
vt 0.74609375 0.50097656
vt 0.74609375 0.5239258
vt 0.7519531 0.50097656
vt 0.75146484 0.5239258
vt 0.85498047 0.22766113
vt 0.86083984 0.25878906
vt 0.86035156 0.22790527
vt 0.85498047 0.26000977
vt 0.23046875 0.98583984
vt 0.21179199 0.99316406
vt 0.23046875 0.99316406
vt 0.21179199 0.98583984
vt 0.23046875 0.9638672
vt 0.21179199 0.9711914
vt 0.23046875 0.9711914
vt 0.21179199 0.9638672
vt 0.21179199 0.98583984
vt 0.23046875 0.9785156
vt 0.21179199 0.9785156
vt 0.23046875 0.98583984
vt 0.21179199 0.9711914
vt 0.23046875 0.9638672
vt 0.21179199 0.9638672
vt 0.23046875 0.9711914
vt 0.23046875 0.9711914
vt 0.21179199 0.9785156
vt 0.23046875 0.9785156
vt 0.21179199 0.9711914
vt 0.23046875 0.95654297
vt 0.21179199 0.9638672
vt 0.23046875 0.9638672
vt 0.21179199 0.95654297
vt 0.21179199 0.9711914
vt 0.23046875 0.9638672
vt 0.21179199 0.9638672
vt 0.23046875 0.9711914
vt 0.21179199 0.98583984
vt 0.23046875 0.9785156
vt 0.21179199 0.9785156
vt 0.23046875 0.98583984
vt 0.23046875 0.9638672
vt 0.21179199 0.9711914
vt 0.23046875 0.9711914
vt 0.21179199 0.9638672
vt 0.23046875 0.98583984
vt 0.21179199 0.99316406
vt 0.23046875 0.99316406
vt 0.21179199 0.98583984
vt 0.23046875 0.9711914
vt 0.21179199 0.9785156
vt 0.23046875 0.9785156
vt 0.21179199 0.9711914
vt 0.23046875 0.98583984
vt 0.21179199 0.99316406
vt 0.23046875 0.99316406
vt 0.21179199 0.98583984
vt 0.23046875 0.9785156
vt 0.21179199 0.98583984
vt 0.23046875 0.98583984
vt 0.21179199 0.9785156
vt 0.23046875 0.9638672
vt 0.21179199 0.9711914
vt 0.23046875 0.9711914
vt 0.21179199 0.9638672
vt 0.21179199 0.98583984
vt 0.23046875 0.9785156
vt 0.21179199 0.9785156
vt 0.23046875 0.98583984
vt 0.21179199 0.9638672
vt 0.23046875 0.95654297
vt 0.21179199 0.95654297
vt 0.23046875 0.9638672
vt 0.21179199 0.9638672
vt 0.23046875 0.95654297
vt 0.21179199 0.95654297
vt 0.23046875 0.9638672
vt 0.21179199 0.9711914
vt 0.23046875 0.9638672
vt 0.21179199 0.9638672
vt 0.23046875 0.9711914
vt 0.21179199 0.98583984
vt 0.23046875 0.9785156
vt 0.21179199 0.9785156
vt 0.23046875 0.98583984
vt 0.23046875 0.9711914
vt 0.21179199 0.9785156
vt 0.23046875 0.9785156
vt 0.21179199 0.9711914
vt 0.23046875 0.95654297
vt 0.21179199 0.9638672
vt 0.23046875 0.9638672
vt 0.21179199 0.95654297
vt 0.23046875 0.95654297
vt 0.21179199 0.9638672
vt 0.23046875 0.9638672
vt 0.21179199 0.95654297
vt 0.23046875 0.9711914
vt 0.21179199 0.9785156
vt 0.23046875 0.9785156
vt 0.21179199 0.9711914
vt 0.21179199 0.98583984
vt 0.23046875 0.9785156
vt 0.21179199 0.9785156
vt 0.23046875 0.98583984
vt 0.21179199 0.9638672
vt 0.23046875 0.95654297
vt 0.21179199 0.95654297
vt 0.23046875 0.9638672
vt 0.21179199 0.9711914
vt 0.23046875 0.9638672
vt 0.21179199 0.9638672
vt 0.23046875 0.9711914
vt 0.21179199 0.99316406
vt 0.23046875 0.98583984
vt 0.21179199 0.98583984
vt 0.23046875 0.99316406
vt 0.23046875 0.9711914
vt 0.21179199 0.9785156
vt 0.23046875 0.9785156
vt 0.21179199 0.9711914
vt 0.23046875 0.98583984
vt 0.21179199 0.99316406
vt 0.23046875 0.99316406
vt 0.21179199 0.98583984
vt 0.21179199 0.98583984
vt 0.23046875 0.9785156
vt 0.21179199 0.9785156
vt 0.23046875 0.98583984
vt 0.21179199 0.9638672
vt 0.23046875 0.95654297
vt 0.21179199 0.95654297
vt 0.23046875 0.9638672
vt 0.23046875 0.9638672
vt 0.21179199 0.9711914
vt 0.23046875 0.9711914
vt 0.21179199 0.9638672
vt 0.23046875 0.98583984
vt 0.21179199 0.99316406
vt 0.23046875 0.99316406
vt 0.21179199 0.98583984
vt 0.21179199 0.9711914
vt 0.23046875 0.9638672
vt 0.21179199 0.9638672
vt 0.23046875 0.9711914
vt 0.23046875 0.9785156
vt 0.21179199 0.98583984
vt 0.23046875 0.98583984
vt 0.21179199 0.9785156
vt 0.23046875 0.9638672
vt 0.21179199 0.9711914
vt 0.23046875 0.9711914
vt 0.21179199 0.9638672
vt 0.21179199 0.9785156
vt 0.23046875 0.9711914
vt 0.21179199 0.9711914
vt 0.23046875 0.9785156
vt 0.21179199 0.99316406
vt 0.23046875 0.98583984
vt 0.21179199 0.98583984
vt 0.23046875 0.99316406
vt 0.98876953 0.4404297
vt 0.984375 0.42382812
vt 0.984375 0.4404297
vt 0.98876953 0.42382812
vt 0.9921875 0.47045898
vt 0.98828125 0.48583984
vt 0.9921875 0.48583984
vt 0.98828125 0.47045898
vt 0.98828125 0.48583984
vt 0.9921875 0.47045898
vt 0.98828125 0.47045898
vt 0.9921875 0.48583984
vt 0.984375 0.42382812
vt 0.98876953 0.4404297
vt 0.98876953 0.42382812
vt 0.984375 0.4404297
vt 0.98828125 0.48583984
vt 0.9921875 0.47045898
vt 0.98828125 0.47045898
vt 0.9921875 0.48583984
vt 0.984375 0.42382812
vt 0.98876953 0.4404297
vt 0.98876953 0.42382812
vt 0.984375 0.4404297
vt 0.984375 0.42358398
vt 0.98876953 0.4404297
vt 0.98876953 0.42382812
vt 0.984375 0.44067383
vt 0.98828125 0.48583984
vt 0.9921875 0.47045898
vt 0.98828125 0.47045898
vt 0.9921875 0.48583984
vt 0.984375 0.42382812
vt 0.98876953 0.4404297
vt 0.98876953 0.42382812
vt 0.984375 0.4404297
vt 0.98828125 0.48583984
vt 0.9921875 0.47045898
vt 0.98828125 0.47045898
vt 0.9921875 0.48583984
vt 0.98876953 0.4404297
vt 0.984375 0.42382812
vt 0.984375 0.4404297
vt 0.98876953 0.42382812
vt 0.9921875 0.47045898
vt 0.98828125 0.48583984
vt 0.9921875 0.48583984
vt 0.98828125 0.47045898
vt 0.98876953 0.4404297
vt 0.984375 0.42382812
vt 0.984375 0.4404297
vt 0.98876953 0.42382812
vt 0.9921875 0.47045898
vt 0.98828125 0.48583984
vt 0.9921875 0.48583984
vt 0.98828125 0.47045898
vt 0.98876953 0.4404297
vt 0.984375 0.42382812
vt 0.984375 0.4404297
vt 0.98876953 0.42382812
vt 0.9921875 0.47045898
vt 0.98828125 0.48583984
vt 0.9921875 0.48583984
vt 0.98828125 0.47045898
vt 0.9921875 0.47045898
vt 0.98828125 0.48583984
vt 0.9921875 0.48583984
vt 0.98828125 0.47045898
vt 0.9892578 0.44067383
vt 0.984375 0.42382812
vt 0.984375 0.4404297
vt 0.98876953 0.42382812
vt 0.984375 0.42382812
vt 0.98876953 0.4404297
vt 0.98876953 0.42382812
vt 0.984375 0.4404297
vt 0.98828125 0.48583984
vt 0.9921875 0.47045898
vt 0.98828125 0.47045898
vt 0.9921875 0.48583984
vt 0.30493164 0.5102539
vt 0.32055664 0.50097656
vt 0.32104492 0.5097656
vt 0.31030273 0.49853516
vt 0.2998047 0.49853516
vt 0.30249023 0.49609375
vt 0.29296875 0.49926758
vt 0.2998047 0.51416016
vt 0.28271484 0.51416016
vt 0.29052734 0.49731445
vt 0.30126953 0.48901367
vt 0.3071289 0.48779297
vt 0.30200195 0.4831543
vt 0.28564453 0.48632812
vt 0.28930664 0.49291992
vt 0.29370117 0.48706055
vt 0.29003906 0.48266602
vt 0.93896484 0.32543945
vt 0.93896484 0.33618164
vt 0.9501953 0.33642578
vt 0.9423828 0.3395996
vt 0.9506836 0.3713379
vt 0.94628906 0.37109375
vt 0.34985352 0.8100586
vt 0.33862305 0.8359375
vt 0.35107422 0.8364258
vt 0.33862305 0.8100586
vt 0.3383789 0.8066406
vt 0.34985352 0.80615234
vt 0.33569336 0.7939453
vt 0.34936523 0.78125
vt 0.33203125 0.7910156
vt 0.33813477 0.7807617
vt 0.2626953 0.7807617
vt 0.26000977 0.7910156
vt 0.25048828 0.7788086
vt 0.2524414 0.79296875
vt 0.21826172 0.77978516
vt 0.21777344 0.79345703
vt 0.21704102 0.78125
vt 0.2163086 0.7915039
vt 0.6069336 0.8828125
vt 0.5991211 0.9116211
vt 0.609375 0.9111328
vt 0.60791016 0.9213867
vt 0.6069336 0.8828125
vt 0.5966797 0.8779297
vt 0.5756836 0.8798828
vt 0.5756836 0.9277344
vt 0.5722656 0.87841797
vt 0.60009766 0.92822266
vt 0.60791016 0.9213867
vt 0.5708008 0.92871094
vt 0.54248047 0.8725586
vt 0.55029297 0.9316406
vt 0.5463867 0.9345703
vt 0.51171875 0.93408203
vt 0.51123047 0.8730469
vt 0.5048828 0.87597656
vt 0.5058594 0.93115234
vt 0.49609375 0.93115234
vt 0.49658203 0.8769531
vt 0.49243164 0.8769531
vt 0.48901367 0.93115234
vt 0.48583984 0.87646484
vt 0.48388672 0.93115234
vt 0.47045898 0.87646484
vt 0.46972656 0.93115234
vt 0.4621582 0.93115234
vt 0.46240234 0.8769531
vt 0.45117188 0.93115234
vt 0.4506836 0.8769531
vt 0.44702148 0.87646484
vt 0.44628906 0.93115234
vt 0.41259766 0.93066406
vt 0.41210938 0.87646484
vt 0.40771484 0.8769531
vt 0.40356445 0.9301758
vt 0.39160156 0.88427734
vt 0.39819336 0.9267578
vt 0.3798828 0.8828125
vt 0.3762207 0.9223633
vt 0.37670898 0.88427734
vt 0.8144531 0.8666992
vt 0.8071289 0.8339844
vt 0.80566406 0.86328125
vt 0.8129883 0.8334961
vt 0.84472656 0.8901367
vt 0.8198242 0.890625
vt 0.82421875 0.8925781
vt 0.84375 0.8364258
vt 0.8496094 0.8901367
vt 0.88427734 0.8852539
vt 0.8774414 0.8417969
vt 0.88671875 0.84277344
vt 0.8911133 0.8847656
vt 0.89941406 0.8886719
vt 0.93310547 0.8774414
vt 0.9296875 0.84716797
vt 0.92626953 0.8828125
vt 0.90185547 0.8955078
vt 0.89941406 0.9003906
vt 0.90185547 0.9140625
vt 0.91845703 0.9189453
vt 0.9082031 0.91796875
vt 0.92285156 0.9160156
vt 0.93896484 0.8642578
vt 0.94677734 0.84814453
vt 0.9394531 0.8779297
vt 0.95166016 0.85058594
vt 0.9614258 0.8745117
vt 0.95947266 0.8647461
vt 0.43359375 0.16491699
vt 0.41723633 0.17419434
vt 0.4753418 0.18969727
vt 0.45996094 0.16809082
vt 0.47265625 0.18115234
vt 0.47631836 0.24389648
vt 0.45996094 0.30541992
vt 0.47558594 0.2841797
vt 0.4736328 0.30395508
vt 0.46875 0.31274414
vt 0.4074707 0.30419922
vt 0.46289062 0.31689453
vt 0.43164062 0.3083496
vt 0.41186523 0.31201172
vt 0.43969727 0.31982422
vt 0.92626953 0.4326172
vt 0.9316406 0.44726562
vt 0.9321289 0.43237305
vt 0.92626953 0.44702148
vt 0.24035645 0.9838867
vt 0.2915039 0.97753906
vt 0.24035645 0.97802734
vt 0.2915039 0.98339844
vt 0.31445312 0.96875
vt 0.24035645 0.97216797
vt 0.2915039 0.9663086
vt 0.24035645 0.9663086
vt 0.2915039 0.97216797
vt 0.31445312 0.96875
vt 0.24035645 0.9604492
vt 0.2915039 0.9555664
vt 0.24035645 0.9550781
vt 0.2915039 0.9609375
vt 0.31445312 0.96875
vt 0.24035645 0.97802734
vt 0.2915039 0.97216797
vt 0.24035645 0.97216797
vt 0.2915039 0.97753906
vt 0.31445312 0.96875
vt 0.24035645 0.97802734
vt 0.2915039 0.97216797
vt 0.24035645 0.97216797
vt 0.2915039 0.97753906
vt 0.31445312 0.96875
vt 0.24035645 0.9663086
vt 0.2915039 0.9609375
vt 0.24035645 0.9604492
vt 0.2915039 0.9663086
vt 0.31445312 0.96875
vt 0.24035645 0.9838867
vt 0.2915039 0.97753906
vt 0.24035645 0.97802734
vt 0.2915039 0.98339844
vt 0.31445312 0.96875
vt 0.24035645 0.97216797
vt 0.2915039 0.9663086
vt 0.24035645 0.9663086
vt 0.2915039 0.97216797
vt 0.31445312 0.96875
vt 0.24035645 0.9604492
vt 0.2915039 0.9555664
vt 0.24035645 0.9550781
vt 0.2915039 0.9609375
vt 0.31445312 0.96875
vt 0.24035645 0.97802734
vt 0.2915039 0.97216797
vt 0.24035645 0.97216797
vt 0.2915039 0.97753906
vt 0.31445312 0.96875
vt 0.24035645 0.9604492
vt 0.2915039 0.9555664
vt 0.24035645 0.9550781
vt 0.2915039 0.9609375
vt 0.31445312 0.96875
vt 0.24035645 0.97802734
vt 0.2915039 0.97216797
vt 0.24035645 0.97216797
vt 0.2915039 0.97753906
vt 0.31445312 0.96875
vt 0.24035645 0.97802734
vt 0.2915039 0.97216797
vt 0.24035645 0.97216797
vt 0.2915039 0.97753906
vt 0.31445312 0.96875
vt 0.24035645 0.9604492
vt 0.2915039 0.9555664
vt 0.24035645 0.9550781
vt 0.2915039 0.9609375
vt 0.31445312 0.96875
vt 0.24035645 0.9663086
vt 0.2915039 0.9609375
vt 0.24035645 0.9604492
vt 0.2915039 0.9663086
vt 0.31445312 0.96875
vt 0.24035645 0.97802734
vt 0.2915039 0.97216797
vt 0.24035645 0.97216797
vt 0.2915039 0.97753906
vt 0.31445312 0.96875
vt 0.24035645 0.97216797
vt 0.2915039 0.9663086
vt 0.24035645 0.9663086
vt 0.2915039 0.97216797
vt 0.31445312 0.96875
vt 0.24035645 0.9604492
vt 0.2915039 0.9555664
vt 0.24035645 0.9550781
vt 0.2915039 0.9609375
vt 0.31445312 0.96875
vt 0.24035645 0.9838867
vt 0.2915039 0.97753906
vt 0.24035645 0.97802734
vt 0.2915039 0.98339844
vt 0.31445312 0.96875
vt 0.24035645 0.97216797
vt 0.2915039 0.9663086
vt 0.24035645 0.9663086
vt 0.2915039 0.97216797
vt 0.31445312 0.96875
vt 0.88378906 0.52783203
vt 0.58496094 0.5341797
vt 0.88378906 0.5341797
vt 0.5883789 0.52783203
vt 0.58496094 0.53027344
vt 0.5786133 0.52783203
vt 0.5786133 0.53027344
vt 0.88378906 0.53808594
vt 0.58496094 0.5415039
vt 0.88378906 0.5415039
vt 0.58496094 0.53759766
vt 0.47973633 0.11328125
vt 0.52246094 0.120910645
vt 0.5239258 0.11340332
vt 0.5341797 0.121032715
vt 0.53222656 0.113342285
vt 0.57128906 0.112976074
vt 0.56933594 0.121398926
vt 0.5751953 0.12145996
vt 0.5756836 0.1138916
vt 0.60253906 0.12176514
vt 0.47973633 0.11328125
vt 0.47827148 0.12145996
vt 0.47387695 0.11419678
vt 0.47192383 0.121154785
vt 0.45947266 0.11260986
vt 0.4584961 0.11999512
vt 0.5756836 0.1138916
vt 0.60302734 0.114746094
vt 0.6010742 0.11303711
vt 0.6098633 0.121520996
vt 0.609375 0.113098145
vt 0.6333008 0.12054443
vt 0.6357422 0.113342285
vt 0.6113281 0.29614258
vt 0.6303711 0.29858398
vt 0.6225586 0.2944336
vt 0.6035156 0.3100586
vt 0.6333008 0.3034668
vt 0.6357422 0.34765625
vt 0.6020508 0.35473633
vt 0.63427734 0.35986328
vt 0.60595703 0.3618164
vt 0.6298828 0.36450195
vt 0.6118164 0.36572266
vt 0.6225586 0.36645508
vt 0.22277832 0.41137695
vt 0.36743164 0.44360352
vt 0.32226562 0.42260742
vt 0.22497559 0.40014648
vt 0.32226562 0.41381836
vt 0.37158203 0.4296875
vt 0.36743164 0.44360352
vt 0.37475586 0.41796875
vt 0.32226562 0.40795898
vt 0.37597656 0.41064453
vt 0.21887207 0.39111328
vt 0.21582031 0.39770508
vt 0.20727539 0.39404297
vt 0.2121582 0.3869629
vt 0.20874023 0.38305664
vt 0.2211914 0.42285156
vt 0.3623047 0.46191406
vt 0.21936035 0.4375
vt 0.20117188 0.41992188
vt 0.3149414 0.46777344
vt 0.35351562 0.4963379
vt 0.30786133 0.47998047
vt 0.23901367 0.45361328
vt 0.23706055 0.46557617
vt 0.19836426 0.44702148
vt 0.1508789 0.44799805
vt 0.19665527 0.4597168
vt 0.1907959 0.44995117
vt 0.18164062 0.47485352
vt 0.15625 0.3984375
vt 0.1953125 0.3984375
vt 0.12121582 0.46264648
vt 0.1661377 0.47607422
vt 0.20629883 0.40039062
vt 0.20117188 0.39086914
vt 0.20874023 0.38305664
vt 0.20788574 0.37817383
vt 0.12182617 0.46777344
vt 0.10394287 0.46240234
vt 0.15368652 0.48779297
vt 0.10925293 0.45751953
vt 0.13574219 0.48510742
vt 0.15283203 0.4909668
vt 0.1274414 0.49487305
vt 0.12072754 0.48095703
vt 0.049041748 0.50341797
vt 0.13098145 0.5029297
vt 0.05050659 0.51123047
vt 0.13293457 0.4465332
vt 0.08795166 0.48657227
vt 0.021148682 0.5053711
vt 0.021591187 0.5131836
vt 0.016845703 0.5053711
vt 0.017150879 0.5126953
vt 0.01586914 0.4951172
vt 0.048309326 0.49365234
vt 0.018737793 0.4753418
vt 0.014373779 0.47558594
vt 0.012619019 0.43603516
vt 0.008239746 0.38256836
vt 0.047729492 0.47436523
vt 0.012420654 0.38208008
vt 0.007068634 0.37304688
vt 0.0892334 0.43481445
vt 0.045410156 0.39892578
vt 0.011222839 0.3725586
vt 0.0059432983 0.35375977
vt 0.12402344 0.37524414
vt 0.04449463 0.38061523
vt 0.010131836 0.35302734
vt 0.008766174 0.34472656
vt 0.044403076 0.3708496
vt 0.15515137 0.3737793
vt 0.044647217 0.36010742
vt 0.04458618 0.35058594
vt 0.044311523 0.34057617
vt 0.15637207 0.36572266
vt 0.19274902 0.38452148
vt 0.15637207 0.35913086
vt 0.15661621 0.3515625
vt 0.15539551 0.34399414
vt 0.19470215 0.3635254
vt 0.19519043 0.35620117
vt 0.19750977 0.34985352
vt 0.19934082 0.35791016
vt 0.19799805 0.36376953
vt 0.19958496 0.3828125
vt 0.20629883 0.36083984
vt 0.19934082 0.35791016
vt 0.19750977 0.34985352
vt 0.14453125 0.49853516
vt 0.1517334 0.50634766
vt 0.15539551 0.50097656
vt 0.16137695 0.50927734
vt 0.1661377 0.49780273
vt 0.18579102 0.51220703
vt 0.17224121 0.4921875
vt 0.17834473 0.48242188
vt 0.18823242 0.47924805
vt 0.19006348 0.5214844
vt 0.1899414 0.48046875
vt 0.9394531 0.5053711
vt 0.9453125 0.5205078
vt 0.94628906 0.5058594
vt 0.8984375 0.51708984
vt 0.8989258 0.5053711
vt 0.93603516 0.49121094
vt 0.9013672 0.4897461
vt 0.89697266 0.5053711
vt 0.96484375 0.3618164
vt 0.95410156 0.328125
vt 0.95410156 0.3618164
vt 0.96484375 0.32910156
vt 0.96484375 0.3239746
vt 0.95458984 0.3239746
vt 0.37182617 0.5126953
vt 0.38891602 0.5209961
vt 0.38867188 0.5126953
vt 0.3725586 0.5209961
vt 0.36547852 0.5126953
vt 0.36523438 0.5209961
vt 0.34936523 0.5126953
vt 0.34936523 0.5209961
vt 0.41137695 0.5209961
vt 0.38867188 0.5126953
vt 0.38891602 0.5209961
vt 0.4169922 0.5126953
vt 0.4169922 0.5209961
vt 0.42236328 0.5209961
vt 0.42285156 0.5126953
vt 0.4284668 0.5209961
vt 0.4350586 0.5126953
vt 0.43481445 0.5209961
vt 0.4416504 0.5209961
vt 0.44189453 0.5126953
vt 0.93652344 0.36132812
vt 0.9267578 0.41064453
vt 0.93652344 0.41064453
vt 0.92626953 0.36328125
vt 0.9121094 0.36328125
vt 0.8964844 0.36132812
vt 0.91259766 0.41064453
vt 0.8964844 0.37817383
vt 0.8964844 0.3935547
vt 0.8964844 0.41064453
vt 0.9267578 0.41064453
vt 0.93652344 0.4177246
vt 0.93652344 0.41064453
vt 0.9321289 0.42163086
vt 0.9267578 0.4255371
vt 0.9316406 0.4255371
vt 0.9189453 0.31396484
vt 0.9277344 0.31835938
vt 0.9248047 0.30078125
vt 0.9404297 0.30078125
vt 0.94091797 0.3178711
vt 0.9345703 0.3190918
vt 0.9082031 0.12939453
vt 0.91503906 0.16040039
vt 0.9160156 0.12902832
vt 0.9057617 0.16064453
vt 0.83740234 0.18383789
vt 0.8461914 0.16223145
vt 0.83740234 0.16235352
vt 0.9135742 0.18383789
vt 0.9057617 0.16064453
vt 0.9135742 0.16259766
vt 0.61865234 0.82714844
vt 0.84472656 0.82177734
vt 0.61865234 0.82128906
vt 0.84375 0.8286133
vt 0.39794922 0.7910156
vt 0.40673828 0.79052734
vt 0.40625 0.77490234
vt 0.37768555 0.77490234
vt 0.3857422 0.79052734
vt 0.37670898 0.7915039
vt 0.3972168 0.80371094
vt 0.3857422 0.8041992
vt 0.3864746 0.8076172
vt 0.3852539 0.8076172
vt 0.3857422 0.79052734
vt 0.38452148 0.7919922
vt 0.3869629 0.82128906
vt 0.39746094 0.80810547
vt 0.39868164 0.80371094
vt 0.39892578 0.7915039
vt 0.39794922 0.7910156
vt 0.39868164 0.80810547
vt 0.39575195 0.82177734
vt 0.39697266 0.8222656
vt 0.39404297 0.8251953
vt 0.38916016 0.82373047
vt 0.3869629 0.82421875
vt 0.3869629 0.82128906
vt 0.39013672 0.8256836
vt 0.3935547 0.82421875
vt 0.44702148 0.32641602
vt 0.45117188 0.32250977
vt 0.43725586 0.32226562
vt 0.43725586 0.32666016
vt 0.91259766 0.42529297
vt 0.9057617 0.43237305
vt 0.91259766 0.43237305
vt 0.90625 0.4255371
vt 0.58496094 0.53759766
vt 0.88378906 0.5341797
vt 0.58496094 0.5341797
vt 0.88378906 0.53808594
vt 0.7714844 0.5136719
vt 0.75146484 0.5239258
vt 0.7714844 0.52001953
vt 0.7519531 0.50097656
vt 0.79541016 0.50097656
vt 0.8027344 0.5136719
vt 0.8027344 0.50878906
vt 0.75146484 0.47753906
vt 0.7714844 0.4885254
vt 0.7714844 0.48168945
vt 0.7519531 0.50097656
vt 0.79541016 0.50097656
vt 0.8027344 0.49316406
vt 0.80322266 0.48828125
vt 0.9316406 0.4255371
vt 0.92626953 0.4326172
vt 0.9321289 0.43237305
vt 0.9267578 0.4255371
vt 0.2915039 0.98339844
vt 0.31445312 0.96875
vt 0.2915039 0.97753906
vt 0.24035645 0.9838867
vt 0.24035645 0.97802734
vt 0.2915039 0.9609375
vt 0.31445312 0.96875
vt 0.2915039 0.9555664
vt 0.24035645 0.9604492
vt 0.24035645 0.9550781
vt 0.2915039 0.9609375
vt 0.31445312 0.96875
vt 0.2915039 0.9555664
vt 0.24035645 0.9604492
vt 0.24035645 0.9550781
vt 0.2915039 0.98339844
vt 0.31445312 0.96875
vt 0.2915039 0.97753906
vt 0.24035645 0.9838867
vt 0.24035645 0.97802734
vt 0.2915039 0.98339844
vt 0.31445312 0.96875
vt 0.2915039 0.97753906
vt 0.24035645 0.9838867
vt 0.24035645 0.97802734
vt 0.2915039 0.98339844
vt 0.31445312 0.96875
vt 0.2915039 0.97753906
vt 0.24035645 0.9838867
vt 0.24035645 0.97802734
vt 0.2915039 0.98339844
vt 0.31445312 0.96875
vt 0.2915039 0.97753906
vt 0.24035645 0.9838867
vt 0.24035645 0.97802734
vt 0.2915039 0.9609375
vt 0.31445312 0.96875
vt 0.2915039 0.9555664
vt 0.24035645 0.9604492
vt 0.24035645 0.9550781
vt 0.009971619 0.546875
vt 0.056884766 0.55078125
vt 0.057800293 0.54589844
vt 0.009628296 0.55029297
vt 0.010185242 0.55126953
vt 0.057678223 0.5522461
vt 0.009185791 0.5551758
vt 0.010185242 0.55126953
vt 0.05831909 0.5551758
vt 0.33789062 0.77783203
vt 0.34936523 0.78125
vt 0.34936523 0.77734375
vt 0.33813477 0.7807617
vt 0.18847656 0.9682617
vt 0.18164062 0.9682617
vt 0.17956543 0.9746094
vt 0.18518066 0.9790039
vt 0.19067383 0.9746094
vt 0.23046875 0.95654297
vt 0.21179199 0.9638672
vt 0.23046875 0.9638672
vt 0.21179199 0.95654297
vt 0.21179199 0.99316406
vt 0.23046875 0.98583984
vt 0.21179199 0.98583984
vt 0.23046875 0.99316406
vt 0.21179199 0.99316406
vt 0.23046875 0.98583984
vt 0.21179199 0.98583984
vt 0.23046875 0.99316406
vt 0.18847656 0.9682617
vt 0.18164062 0.9682617
vt 0.17956543 0.9746094
vt 0.18518066 0.9790039
vt 0.19067383 0.9746094
vt 0.16442871 0.9765625
vt 0.17211914 0.96875
vt 0.1652832 0.96972656
vt 0.17529297 0.9746094
vt 0.1706543 0.9794922
vt 0.18847656 0.9682617
vt 0.18518066 0.9790039
vt 0.19067383 0.9746094
vt 0.17956543 0.9746094
vt 0.18164062 0.9682617
vt 0.18847656 0.9682617
vt 0.18518066 0.9790039
vt 0.19067383 0.9746094
vt 0.17956543 0.9746094
vt 0.18164062 0.9682617
vt 0.18847656 0.9682617
vt 0.18518066 0.9790039
vt 0.19067383 0.9746094
vt 0.17956543 0.9746094
vt 0.18164062 0.9682617
vt 0.89941406 0.5527344
vt 0.93408203 0.5566406
vt 0.9345703 0.5517578
vt 0.89990234 0.55810547
vt 0.45092773 0.3293457
vt 0.4387207 0.33374023
vt 0.45092773 0.3334961
vt 0.4387207 0.3293457
vt 0.45092773 0.3334961
vt 0.45458984 0.3293457
vt 0.4572754 0.3334961
vt 0.45751953 0.32958984
vt 0.46362305 0.3334961
vt 0.46362305 0.32983398
vt 0.47387695 0.3334961
vt 0.4741211 0.3293457
vt 0.4296875 0.35375977
vt 0.4416504 0.34570312
vt 0.42773438 0.34179688
vt 0.43774414 0.33789062
vt 0.43139648 0.33618164
vt 0.2915039 0.9663086
vt 0.31445312 0.96875
vt 0.2915039 0.9609375
vt 0.24035645 0.9663086
vt 0.24035645 0.9604492
vt 0.2915039 0.9663086
vt 0.31445312 0.96875
vt 0.2915039 0.9609375
vt 0.24035645 0.9663086
vt 0.24035645 0.9604492
vt 0.2915039 0.98339844
vt 0.31445312 0.96875
vt 0.2915039 0.97753906
vt 0.24035645 0.9838867
vt 0.24035645 0.97802734
vt 0.2915039 0.97753906
vt 0.31445312 0.96875
vt 0.2915039 0.97216797
vt 0.24035645 0.97802734
vt 0.24035645 0.97216797
vt 0.2915039 0.9663086
vt 0.31445312 0.96875
vt 0.2915039 0.9609375
vt 0.24035645 0.9663086
vt 0.24035645 0.9604492
vt 0.2019043 0.94921875
vt 0.19189453 0.9506836
vt 0.19750977 0.9536133
vt 0.19299316 0.9448242
vt 0.19909668 0.94384766
vt 0.2019043 0.94921875
vt 0.19189453 0.9506836
vt 0.19750977 0.9536133
vt 0.19299316 0.9448242
vt 0.19909668 0.94384766
vt 0.24035645 0.9663086
vt 0.2915039 0.9609375
vt 0.24035645 0.9604492
vt 0.2915039 0.9663086
vt 0.31445312 0.96875
vt 0.93603516 0.49121094
vt 0.90234375 0.48486328
vt 0.9013672 0.4897461
vt 0.9121094 0.48510742
vt 0.93652344 0.48583984
vt 0.06201172 0.60302734
vt 0.015586853 0.6069336
vt 0.061920166 0.6069336
vt 0.015792847 0.6035156
vt 0.55810547 0.08843994
vt 0.009117126 0.08477783
vt 0.0064086914 0.088012695
vt 0.46362305 0.085510254
vt 0.5419922 0.08520508
vt 0.5957031 0.08850098
vt 0.47729492 0.08331299
vt 0.58691406 0.08416748
vt 0.6489258 0.08843994
vt 0.35766602 0.070007324
vt 0.0079193115 0.0703125
vt 0.0048980713 0.06689453
vt 0.37939453 0.06591797
vt 0.5595703 0.07128906
vt 0.3955078 0.06939697
vt 0.57421875 0.0703125
vt 0.5761719 0.066101074
vt 0.61816406 0.08477783
vt 0.6489258 0.0847168
vt 0.5864258 0.070617676
vt 0.6484375 0.07019043
vt 0.6484375 0.066101074
vt 0.5029297 0.79003906
vt 0.45629883 0.79785156
vt 0.5029297 0.7939453
vt 0.45654297 0.79296875
vt 0.4555664 0.84472656
vt 0.5024414 0.8442383
vt 0.45654297 0.83984375
vt 0.50390625 0.8486328
vt 0.46166992 0.32250977
vt 0.4724121 0.32666016
vt 0.4724121 0.32226562
vt 0.46484375 0.32641602
vt 0.4584961 0.32641602
vt 0.45532227 0.32250977
vt 0.45166016 0.32641602
vt 0.45117188 0.32250977
vt 0.44702148 0.32641602
vt 0.79248047 0.86279297
vt 0.80566406 0.86328125
vt 0.77685547 0.8330078
vt 0.7651367 0.8618164
vt 0.7626953 0.8334961
vt 0.7573242 0.8339844
vt 0.7529297 0.8691406
vt 0.72558594 0.88964844
vt 0.7270508 0.8364258
vt 0.74853516 0.8886719
vt 0.75146484 0.890625
vt 0.74853516 0.89208984
vt 0.71728516 0.88964844
vt 0.7192383 0.8881836
vt 0.71728516 0.88964844
vt 0.69433594 0.8413086
vt 0.68603516 0.8852539
vt 0.68408203 0.8417969
vt 0.6791992 0.8847656
vt 0.671875 0.8881836
vt 0.6435547 0.8823242
vt 0.6694336 0.89160156
vt 0.6386719 0.87646484
vt 0.64208984 0.84716797
vt 0.6333008 0.84716797
vt 0.6479492 0.9160156
vt 0.67089844 0.8979492
vt 0.6694336 0.91308594
vt 0.6621094 0.91748047
vt 0.6513672 0.91796875
vt 0.6401367 0.87939453
vt 0.6230469 0.87597656
vt 0.6225586 0.87890625
vt 0.6113281 0.8754883
vt 0.61328125 0.86083984
vt 0.60791016 0.875
vt 0.62109375 0.8491211
vt 0.61621094 0.8535156
vt 0.21203613 0.5029297
vt 0.20117188 0.5053711
vt 0.20666504 0.5102539
vt 0.20751953 0.4970703
vt 0.23254395 0.49560547
vt 0.22570801 0.49047852
vt 0.23876953 0.48657227
vt 0.24243164 0.49243164
vt 0.24584961 0.48242188
vt 0.25219727 0.48583984
vt 0.24743652 0.48046875
vt 0.74853516 0.60498047
vt 0.7451172 0.6064453
vt 0.7446289 0.6035156
vt 0.75097656 0.60546875
vt 0.87939453 0.55615234
vt 0.5810547 0.5541992
vt 0.5810547 0.5571289
vt 0.87939453 0.5541992
vt 0.9145508 0.008720398
vt 0.9135742 0.0046310425
vt 0.83447266 0.0038852692
vt 0.8276367 0.008628845
vt 0.9116211 0.041870117
vt 0.91845703 0.011619568
vt 0.7944336 0.01184845
vt 0.9194336 0.035369873
vt 0.92089844 0.013755798
vt 0.7973633 0.04220581
vt 0.79345703 0.03845215
vt 0.79248047 0.015289307
vt 0.2915039 0.9663086
vt 0.31445312 0.96875
vt 0.2915039 0.9609375
vt 0.24035645 0.9663086
vt 0.24035645 0.9604492
vt 0.2915039 0.9609375
vt 0.31445312 0.96875
vt 0.2915039 0.9555664
vt 0.24035645 0.9604492
vt 0.24035645 0.9550781
vt 0.2915039 0.9663086
vt 0.31445312 0.96875
vt 0.2915039 0.9609375
vt 0.24035645 0.9663086
vt 0.24035645 0.9604492
vt 0.2915039 0.98339844
vt 0.31445312 0.96875
vt 0.2915039 0.97753906
vt 0.24035645 0.9838867
vt 0.24035645 0.97802734
vt 0.2915039 0.9609375
vt 0.31445312 0.96875
vt 0.2915039 0.9555664
vt 0.24035645 0.9604492
vt 0.24035645 0.9550781
vt 0.2915039 0.9663086
vt 0.31445312 0.96875
vt 0.2915039 0.9609375
vt 0.24035645 0.9663086
vt 0.24035645 0.9604492
vt 0.005264282 0.7524414
vt 0.016799927 0.7524414
vt 0.005138397 0.75
vt 0.016799927 0.7480469
vt 0.03100586 0.74853516
vt 0.019180298 0.75097656
vt 0.030227661 0.7524414
vt 0.01914978 0.75439453
vt 0.8183594 0.46191406
vt 0.80615234 0.4794922
vt 0.81396484 0.48046875
vt 0.8105469 0.46044922
vt 0.80810547 0.4621582
vt 0.81152344 0.44995117
vt 0.80078125 0.34375
vt 0.8095703 0.34375
vt 0.81396484 0.42407227
vt 0.79785156 0.4243164
vt 0.8076172 0.46020508
vt 0.79052734 0.46044922
vt 0.80615234 0.4794922
vt 0.77783203 0.46533203
vt 0.7680664 0.47192383
vt 0.77001953 0.47485352
vt 0.27978516 0.35913086
vt 0.2932129 0.36035156
vt 0.28686523 0.35668945
vt 0.28100586 0.37304688
vt 0.2770996 0.36621094
vt 0.29492188 0.36743164
vt 0.29003906 0.37353516
vt 0.27197266 0.38500977
vt 0.27197266 0.35205078
vt 0.26464844 0.35229492
vt 0.26831055 0.38476562
vt 0.2607422 0.38476562
vt 0.25732422 0.35229492
vt 0.25708008 0.38452148
vt 0.25341797 0.38452148
vt 0.24987793 0.35229492
vt 0.24987793 0.38452148
vt 0.2409668 0.35229492
vt 0.24523926 0.38476562
vt 0.24084473 0.38476562
vt 0.23718262 0.38500977
vt 0.23327637 0.35229492
vt 0.23352051 0.38476562
vt 0.22973633 0.38476562
vt 0.22583008 0.35229492
vt 0.22229004 0.38500977
vt 0.21850586 0.35205078
vt 0.21850586 0.38500977
vt 0.01146698 0.03125
vt 0.002292633 0.05117798
vt 0.0056991577 0.049560547
vt 0.0070114136 0.030410767
vt 0.011833191 0.02720642
vt 0.64990234 0.03189087
vt 0.6503906 0.02798462
vt 0.0056991577 0.049560547
vt 0.64941406 0.051757812
vt 0.002292633 0.05117798
vt 0.6503906 0.05734253
vt 0.2915039 0.97216797
vt 0.31445312 0.96875
vt 0.2915039 0.9663086
vt 0.24035645 0.97216797
vt 0.24035645 0.9663086
vt 0.2915039 0.97216797
vt 0.31445312 0.96875
vt 0.2915039 0.9663086
vt 0.24035645 0.97216797
vt 0.24035645 0.9663086
vt 0.2915039 0.9663086
vt 0.31445312 0.96875
vt 0.2915039 0.9609375
vt 0.24035645 0.9663086
vt 0.24035645 0.9604492
vt 0.2915039 0.97216797
vt 0.31445312 0.96875
vt 0.2915039 0.9663086
vt 0.24035645 0.97216797
vt 0.24035645 0.9663086
vt 0.2915039 0.97753906
vt 0.31445312 0.96875
vt 0.2915039 0.97216797
vt 0.24035645 0.97802734
vt 0.24035645 0.97216797
vt 0.2915039 0.97753906
vt 0.31445312 0.96875
vt 0.2915039 0.97216797
vt 0.24035645 0.97802734
vt 0.24035645 0.97216797
vt 0.2915039 0.97216797
vt 0.31445312 0.96875
vt 0.2915039 0.9663086
vt 0.24035645 0.97216797
vt 0.24035645 0.9663086
vt 0.2915039 0.97216797
vt 0.31445312 0.96875
vt 0.2915039 0.9663086
vt 0.24035645 0.97216797
vt 0.24035645 0.9663086
vt 0.2915039 0.97216797
vt 0.31445312 0.96875
vt 0.2915039 0.9663086
vt 0.24035645 0.97216797
vt 0.24035645 0.9663086
vt 0.2915039 0.97753906
vt 0.31445312 0.96875
vt 0.2915039 0.97216797
vt 0.24035645 0.97802734
vt 0.24035645 0.97216797
vt 0.21179199 0.9785156
vt 0.23046875 0.9711914
vt 0.21179199 0.9711914
vt 0.23046875 0.9785156
vt 0.16442871 0.9765625
vt 0.1706543 0.9794922
vt 0.17529297 0.9746094
vt 0.17211914 0.96875
vt 0.1652832 0.96972656
vt 0.16442871 0.9765625
vt 0.17211914 0.96875
vt 0.1652832 0.96972656
vt 0.17529297 0.9746094
vt 0.1706543 0.9794922
vt 0.18847656 0.9682617
vt 0.18164062 0.9682617
vt 0.17956543 0.9746094
vt 0.18518066 0.9790039
vt 0.19067383 0.9746094
vt 0.18847656 0.9682617
vt 0.18164062 0.9682617
vt 0.17956543 0.9746094
vt 0.18518066 0.9790039
vt 0.19067383 0.9746094
vt 0.23046875 0.95654297
vt 0.21179199 0.9638672
vt 0.23046875 0.9638672
vt 0.21179199 0.95654297
vt 0.16442871 0.9765625
vt 0.17211914 0.96875
vt 0.1652832 0.96972656
vt 0.17529297 0.9746094
vt 0.1706543 0.9794922
vt 0.18847656 0.9682617
vt 0.18164062 0.9682617
vt 0.17956543 0.9746094
vt 0.18518066 0.9790039
vt 0.19067383 0.9746094
vt 0.16442871 0.9765625
vt 0.17211914 0.96875
vt 0.1652832 0.96972656
vt 0.17529297 0.9746094
vt 0.1706543 0.9794922
vt 0.16442871 0.9765625
vt 0.17211914 0.96875
vt 0.1652832 0.96972656
vt 0.17529297 0.9746094
vt 0.1706543 0.9794922
vt 0.21179199 0.9638672
vt 0.23046875 0.95654297
vt 0.21179199 0.95654297
vt 0.23046875 0.9638672
vt 0.16442871 0.9765625
vt 0.1706543 0.9794922
vt 0.17529297 0.9746094
vt 0.17211914 0.96875
vt 0.1652832 0.96972656
vt 0.21179199 0.9785156
vt 0.23046875 0.9711914
vt 0.21179199 0.9711914
vt 0.23046875 0.9785156
vt 0.16442871 0.9765625
vt 0.1706543 0.9794922
vt 0.17529297 0.9746094
vt 0.17211914 0.96875
vt 0.1652832 0.96972656
vt 0.18847656 0.9682617
vt 0.18164062 0.9682617
vt 0.17956543 0.9746094
vt 0.18518066 0.9790039
vt 0.19067383 0.9746094
vt 0.23046875 0.9711914
vt 0.21179199 0.9785156
vt 0.23046875 0.9785156
vt 0.21179199 0.9711914
vt 0.23046875 0.98583984
vt 0.21179199 0.99316406
vt 0.23046875 0.99316406
vt 0.21179199 0.98583984
vt 0.18847656 0.9682617
vt 0.18164062 0.9682617
vt 0.17956543 0.9746094
vt 0.18518066 0.9790039
vt 0.19067383 0.9746094
vt 0.16442871 0.9765625
vt 0.17211914 0.96875
vt 0.1652832 0.96972656
vt 0.17529297 0.9746094
vt 0.1706543 0.9794922
vt 0.16442871 0.9765625
vt 0.1706543 0.9794922
vt 0.17529297 0.9746094
vt 0.17211914 0.96875
vt 0.1652832 0.96972656
vt 0.21179199 0.98583984
vt 0.23046875 0.9785156
vt 0.21179199 0.9785156
vt 0.23046875 0.98583984
vt 0.21179199 0.98583984
vt 0.23046875 0.9785156
vt 0.21179199 0.9785156
vt 0.23046875 0.98583984
vt 0.23046875 0.9711914
vt 0.21179199 0.9785156
vt 0.23046875 0.9785156
vt 0.21179199 0.9711914
vt 0.14453125 0.5209961
vt 0.14489746 0.5151367
vt 0.13366699 0.5209961
vt 0.13354492 0.51464844
vt 0.1227417 0.52001953
vt 0.12219238 0.51416016
vt 0.11383057 0.5136719
vt 0.11553955 0.5205078
vt 0.10253906 0.52001953
vt 0.10247803 0.5131836
vt 0.09210205 0.5126953
vt 0.089538574 0.51904297
vt 0.08996582 0.51220703
vt 0.062072754 0.59814453
vt 0.016448975 0.59765625
vt 0.06201172 0.6020508
vt 0.015792847 0.6035156
vt 0.06201172 0.60302734
vt 0.7475586 0.59716797
vt 0.7475586 0.59521484
vt 0.74365234 0.5961914
vt 0.74121094 0.59472656
vt 0.74121094 0.6113281
vt 0.74365234 0.609375
vt 0.7470703 0.6113281
vt 0.7470703 0.60791016
vt 0.2019043 0.94921875
vt 0.19189453 0.9506836
vt 0.19750977 0.9536133
vt 0.19299316 0.9448242
vt 0.19909668 0.94384766
vt 0.2019043 0.94921875
vt 0.19189453 0.9506836
vt 0.19750977 0.9536133
vt 0.19299316 0.9448242
vt 0.19909668 0.94384766
vt 0.2019043 0.94921875
vt 0.19189453 0.9506836
vt 0.19750977 0.9536133
vt 0.19299316 0.9448242
vt 0.19909668 0.94384766
vt 0.2019043 0.94921875
vt 0.19909668 0.94384766
vt 0.19299316 0.9448242
vt 0.19189453 0.9506836
vt 0.19750977 0.9536133
vt 0.2019043 0.94921875
vt 0.19909668 0.94384766
vt 0.19299316 0.9448242
vt 0.19189453 0.9506836
vt 0.19750977 0.9536133
vt 0.2019043 0.94921875
vt 0.19909668 0.94384766
vt 0.19299316 0.9448242
vt 0.19189453 0.9506836
vt 0.19750977 0.9536133
vt 0.2019043 0.94921875
vt 0.19189453 0.9506836
vt 0.19750977 0.9536133
vt 0.19299316 0.9448242
vt 0.19909668 0.94384766
vt 0.2019043 0.94921875
vt 0.19909668 0.94384766
vt 0.19299316 0.9448242
vt 0.19189453 0.9506836
vt 0.19750977 0.9536133
vt 0.58740234 0.58154297
vt 0.5810547 0.5839844
vt 0.58691406 0.5839844
vt 0.5810547 0.58154297
vt 0.8276367 0.07659912
vt 0.8222656 0.05419922
vt 0.8183594 0.07684326
vt 0.8149414 0.05404663
vt 0.81347656 0.07702637
vt 0.8105469 0.054138184
vt 0.80908203 0.076049805
vt 0.80859375 0.054473877
vt 0.8095703 0.07733154
vt 0.6899414 0.1850586
vt 0.6582031 0.17700195
vt 0.66308594 0.18249512
vt 0.65625 0.15344238
vt 0.66015625 0.12976074
vt 0.6635742 0.12683105
vt 0.6904297 0.12451172
vt 0.6953125 0.121154785
vt 0.7319336 0.11987305
vt 0.6948242 0.18835449
vt 0.72998047 0.18884277
vt 0.74072266 0.18481445
vt 0.74121094 0.124694824
vt 0.78515625 0.12597656
vt 0.78466797 0.18395996
vt 0.79052734 0.18115234
vt 0.7988281 0.17077637
vt 0.80078125 0.15539551
vt 0.79833984 0.13879395
vt 0.9121094 0.04324341
vt 0.9116211 0.041870117
vt 0.7973633 0.04220581
vt 0.9194336 0.035369873
vt 0.83740234 0.50097656
vt 0.8515625 0.5024414
vt 0.83447266 0.49682617
vt 0.88623047 0.49682617
vt 0.8823242 0.5019531
vt 0.82910156 0.4663086
vt 0.89160156 0.4658203
vt 0.828125 0.43237305
vt 0.89208984 0.4309082
vt 0.8881836 0.42211914
vt 0.83251953 0.4230957
vt 0.88671875 0.37768555
vt 0.8364258 0.37109375
vt 0.8803711 0.36108398
vt 0.83984375 0.35888672
vt 0.8803711 0.35595703
vt 0.84033203 0.35327148
vt 0.8808594 0.34594727
vt 0.83984375 0.34838867
vt 0.8408203 0.3425293
vt 0.8803711 0.34277344
vt 0.9140625 0.31811523
vt 0.9165039 0.28710938
vt 0.9135742 0.28808594
vt 0.9165039 0.3190918
vt 0.69433594 0.6123047
vt 0.6879883 0.6113281
vt 0.68847656 0.61279297
vt 0.6298828 0.61279297
vt 0.62841797 0.6118164
vt 0.62841797 0.61279297
vt 0.6230469 0.6118164
vt 0.62353516 0.61279297
vt 0.5805664 0.61083984
vt 0.03100586 0.74853516
vt 0.032684326 0.7192383
vt 0.031829834 0.72216797
vt 0.03137207 0.69433594
vt 0.40405273 0.8144531
vt 0.4033203 0.8095703
vt 0.40234375 0.8125
vt 0.40625 0.80908203
vt 0.40673828 0.8144531
vt 0.40820312 0.81152344
vt 0.69433594 0.6123047
vt 0.70166016 0.61279297
vt 0.7011719 0.6118164
vt 0.73876953 0.6118164
vt 0.34936523 0.78125
vt 0.3515625 0.7949219
vt 0.35131836 0.78125
vt 0.34985352 0.80615234
vt 0.3515625 0.8066406
vt 0.34985352 0.8100586
vt 0.35131836 0.8100586
vt 0.35107422 0.8364258
vt 0.9135742 0.0046310425
vt 0.9145508 0.008720398
vt 0.9160156 0.0077819824
vt 0.91845703 0.011619568
vt 0.5805664 0.5986328
vt 0.62353516 0.6010742
vt 0.62353516 0.5991211
vt 0.62890625 0.6010742
vt 0.6298828 0.5996094
vt 0.6875 0.6010742
vt 0.6879883 0.5996094
vt 0.6948242 0.60058594
vt 0.6953125 0.5996094
vt 0.7006836 0.60058594
vt 0.70214844 0.5996094
vt 0.73876953 0.6010742
vt 0.46142578 0.33984375
vt 0.45166016 0.35351562
vt 0.46362305 0.34570312
vt 0.44995117 0.34375
vt 0.45654297 0.3359375
vt 0.45043945 0.33911133
vt 0.13757324 0.8613281
vt 0.15905762 0.8618164
vt 0.15820312 0.8598633
vt 0.17260742 0.8613281
vt 0.17272949 0.86035156
vt 0.17797852 0.86035156
vt 0.57910156 0.56689453
vt 0.5810547 0.58154297
vt 0.5810547 0.56689453
vt 0.57910156 0.58154297
vt 0.3708496 0.77783203
vt 0.3725586 0.8457031
vt 0.3737793 0.77783203
vt 0.36914062 0.84521484
vt 0.36767578 0.7783203
vt 0.3659668 0.84521484
vt 0.36450195 0.7783203
vt 0.36450195 0.84521484
vt 0.36108398 0.77783203
vt 0.359375 0.8457031
vt 0.35766602 0.77783203
vt 0.35595703 0.8457031
vt 0.3544922 0.77783203
vt 0.3544922 0.8457031
vt 0.1182251 0.86035156
vt 0.11853027 0.8613281
vt 0.12310791 0.8613281
vt 0.0993042 0.8598633
vt 0.099243164 0.8613281
vt 0.90283203 0.2536621
vt 0.89941406 0.24108887
vt 0.8989258 0.25048828
vt 0.90283203 0.23901367
vt 0.9121094 0.23828125
vt 0.91796875 0.2524414
vt 0.9248047 0.23852539
vt 0.9248047 0.25634766
vt 0.92041016 0.22924805
vt 0.91748047 0.2241211
vt 0.92578125 0.22509766
vt 0.9238281 0.21923828
vt 0.93066406 0.22497559
vt 0.93310547 0.21984863
vt 0.9316406 0.23962402
vt 0.94384766 0.25683594
vt 0.94384766 0.2434082
vt 0.93652344 0.23388672
vt 0.9428711 0.23120117
vt 0.93603516 0.22705078
vt 0.9379883 0.22180176
vt 0.94091797 0.22631836
vt 0.05911255 0.7548828
vt 0.039031982 0.71191406
vt 0.040618896 0.7583008
vt 0.05847168 0.6665039
vt 0.03878784 0.6665039
vt 0.060699463 0.66503906
vt 0.0546875 0.6464844
vt 0.060577393 0.6455078
vt 0.08288574 0.66503906
vt 0.100097656 0.64404297
vt 0.103759766 0.6660156
vt 0.105407715 0.64501953
vt 0.10498047 0.6694336
vt 0.12432861 0.66308594
vt 0.10583496 0.7519531
vt 0.12597656 0.75390625
vt 0.10461426 0.75439453
vt 0.12475586 0.75927734
vt 0.103759766 0.6660156
vt 0.10498047 0.6694336
vt 0.0925293 0.75439453
vt 0.08288574 0.66503906
vt 0.07342529 0.7553711
vt 0.060699463 0.66503906
vt 0.05911255 0.7548828
vt 0.05847168 0.6665039
vt 0.06222534 0.77490234
vt 0.05911255 0.7548828
vt 0.057281494 0.7739258
vt 0.074035645 0.77490234
vt 0.07342529 0.7553711
vt 0.08312988 0.7734375
vt 0.0925293 0.75439453
vt 0.10559082 0.77490234
vt 0.10461426 0.75439453
vt 0.6064453 0.43115234
vt 0.6113281 0.43798828
vt 0.61083984 0.51171875
vt 0.48388672 0.19128418
vt 0.48510742 0.18457031
vt 0.48242188 0.1862793
vt 0.48510742 0.18457031
vt 0.48706055 0.19165039
vt 0.48168945 0.19616699
vt 0.484375 0.19787598
vt 0.33251953 0.35302734
vt 0.33203125 0.3413086
vt 0.28686523 0.34106445
vt 0.33251953 0.35302734
vt 0.28686523 0.35302734
vt 0.44995117 0.33520508
vt 0.4494629 0.31054688
vt 0.43823242 0.3059082
vt 0.43823242 0.3059082
vt 0.43920898 0.3413086
vt 0.43359375 0.29956055
vt 0.43920898 0.3413086
vt 0.43603516 0.3466797
vt 0.3881836 0.30078125
vt 0.3881836 0.30078125
vt 0.3881836 0.3486328
vt 0.41577148 0.34887695
vt 0.4345703 0.34838867
vt 0.43725586 0.3623047
vt 0.43725586 0.3623047
vt 0.3894043 0.36621094
vt 0.3881836 0.3486328
vt 0.68115234 0.5126953
vt 0.6611328 0.5151367
vt 0.67626953 0.5214844
vt 0.68115234 0.5126953
vt 0.65966797 0.5029297
vt 0.43701172 0.46533203
vt 0.39038086 0.4482422
vt 0.38916016 0.4675293
vt 0.39038086 0.4482422
vt 0.43701172 0.44848633
vt 0.39770508 0.44482422
vt 0.39770508 0.4387207
vt 0.39135742 0.44506836
vt 0.3828125 0.43652344
vt 0.3791504 0.44458008
vt 0.3786621 0.3869629
vt 0.37768555 0.44311523
vt 0.38378906 0.3569336
vt 0.37939453 0.35351562
vt 0.3779297 0.3635254
vt 0.37939453 0.35351562
vt 0.37524414 0.35302734
vt 0.3720703 0.44360352
vt 0.36572266 0.35302734
vt 0.36499023 0.44384766
vt 0.35961914 0.44384766
vt 0.35717773 0.35351562
vt 0.3569336 0.43237305
vt 0.34643555 0.39697266
vt 0.35595703 0.44311523
vt 0.3371582 0.3527832
vt 0.34643555 0.43066406
vt 0.35595703 0.44311523
vt 0.33251953 0.35302734
vt 0.33618164 0.3305664
vt 0.28686523 0.35302734
vt 0.28198242 0.38500977
vt 0.26635742 0.38598633
vt 0.27612305 0.3972168
vt 0.2644043 0.44311523
vt 0.33984375 0.3227539
vt 0.33276367 0.32861328
vt 0.33618164 0.3305664
vt 0.33276367 0.32861328
vt 0.33984375 0.3227539
vt 0.3395996 0.31811523
vt 0.2644043 0.44311523
vt 0.27685547 0.43066406
vt 0.2626953 0.3864746
vt 0.34326172 0.32104492
vt 0.3395996 0.31811523
vt 0.3395996 0.31811523
vt 0.34960938 0.3161621
vt 0.34960938 0.32104492
vt 0.3540039 0.3173828
vt 0.35498047 0.32470703
vt 0.35913086 0.3227539
vt 0.3569336 0.33081055
vt 0.28100586 0.44458008
vt 0.27685547 0.43066406
vt 0.3388672 0.44482422
vt 0.28833008 0.4819336
vt 0.33276367 0.4814453
vt 0.3425293 0.44433594
vt 0.36132812 0.44433594
vt 0.33129883 0.71484375
vt 0.2927246 0.71533203
vt 0.35498047 0.48242188
vt 0.37109375 0.48291016
vt 0.37426758 0.44555664
vt 0.36743164 0.5805664
vt 0.33496094 0.71533203
vt 0.35205078 0.7163086
vt 0.36645508 0.71728516
vt 0.35839844 0.74609375
vt 0.36401367 0.7470703
vt 0.3334961 0.7451172
vt 0.3305664 0.7446289
vt 0.2932129 0.74560547
vt 0.2915039 0.7441406
vt 0.25952148 0.7182617
vt 0.28833008 0.4819336
vt 0.25268555 0.484375
vt 0.24816895 0.4453125
vt 0.28100586 0.44458008
vt 0.2607422 0.72753906
vt 0.27978516 0.7475586
vt 0.26245117 0.7475586
vt 0.30371094 0.7602539
vt 0.2919922 0.75683594
vt 0.3305664 0.7446289
vt 0.32373047 0.7578125
vt 0.3334961 0.7451172
vt 0.2927246 0.77197266
vt 0.30273438 0.76660156
vt 0.3334961 0.7451172
vt 0.33618164 0.7661133
vt 0.16577148 0.54003906
vt 0.17480469 0.5209961
vt 0.16625977 0.5209961
vt 0.17480469 0.5209961
vt 0.17468262 0.54003906
vt 0.5546875 0.81591797
vt 0.5595703 0.81933594
vt 0.55615234 0.80126953
vt 0.56103516 0.8027344
vt 0.5566406 0.79003906
vt 0.5595703 0.81933594
vt 0.56152344 0.79052734
vt 0.5566406 0.79003906
vt 0.56152344 0.78027344
vt 0.56152344 0.78027344
vt 0.55615234 0.7753906
vt 0.28076172 0.8256836
vt 0.28051758 0.8227539
vt 0.27197266 0.8261719
vt 0.28881836 0.8251953
vt 0.28051758 0.8227539
vt 0.28881836 0.8251953
vt 0.28881836 0.82177734
vt 0.38305664 0.7548828
vt 0.38256836 0.7319336
vt 0.37719727 0.7651367
vt 0.39135742 0.44506836
vt 0.39770508 0.4387207
vt 0.40698242 0.19067383
vt 0.41333008 0.2076416
vt 0.40942383 0.19787598
vt 0.09136963 0.91308594
vt 0.107788086 0.91796875
vt 0.11651611 0.91796875
vt 0.7084961 0.88916016
vt 0.6821289 0.8803711
vt 0.6640625 0.8754883
vt 0.28710938 0.27807617
vt 0.28198242 0.27783203
vt 0.2861328 0.30249023
vt 0.28125 0.30395508
vt 0.28198242 0.27783203
vt 0.28125 0.30908203
vt 0.2861328 0.31176758
vt 0.28125 0.30395508
vt 0.28149414 0.31201172
vt 0.2861328 0.31176758
vt 0.28588867 0.31762695
vt 0.28125 0.31835938
vt 0.2866211 0.3232422
vt 0.28173828 0.32763672
vt 0.2866211 0.3232422
vt 0.28173828 0.35058594
vt 0.28637695 0.33007812
vt 0.28198242 0.38500977
vt 0.2866211 0.3232422
vt 0.28173828 0.32763672
vt 0.3815918 0.71484375
vt 0.3762207 0.71972656
vt 0.37695312 0.7324219
vt 0.3815918 0.71484375
vt 0.38256836 0.7319336
vt 0.18408203 0.49194336
vt 0.17797852 0.48486328
vt 0.18591309 0.5151367
vt 0.17456055 0.51660156
vt 0.18591309 0.5151367
vt 0.17248535 0.48461914
vt 0.16967773 0.4855957
vt 0.16564941 0.4897461
vt 0.16625977 0.5209961
vt 0.17480469 0.5209961
vt 0.2980957 0.81591797
vt 0.29785156 0.81933594
vt 0.30615234 0.81640625
vt 0.4658203 0.3334961
vt 0.46606445 0.31152344
vt 0.4494629 0.31054688
vt 0.4494629 0.31054688
vt 0.44995117 0.33520508
vt 0.44506836 0.28955078
vt 0.4560547 0.29492188
vt 0.43823242 0.3059082
vt 0.43652344 0.2861328
vt 0.43359375 0.29956055
vt 0.45629883 0.35058594
vt 0.45898438 0.34887695
vt 0.43920898 0.3413086
vt 0.4482422 0.3564453
vt 0.43603516 0.3466797
vt 0.4345703 0.34838867
vt 0.43725586 0.3623047
vt 0.6977539 0.51904297
vt 0.71875 0.47070312
vt 0.69677734 0.47094727
vt 0.71972656 0.51904297
vt 0.71875 0.47070312
vt 0.70214844 0.5253906
vt 0.70214844 0.5253906
vt 0.71533203 0.52441406
vt 0.71533203 0.53466797
vt 0.70214844 0.53466797
vt 0.703125 0.54052734
vt 0.7192383 0.54296875
vt 0.72558594 0.54589844
vt 0.72216797 0.5473633
vt 0.7270508 0.5541992
vt 0.7211914 0.55810547
vt 0.72021484 0.5649414
vt 0.7133789 0.56884766
vt 0.70654297 0.5649414
vt 0.69873047 0.56640625
vt 0.6972656 0.55908203
vt 0.69384766 0.56152344
vt 0.6953125 0.5541992
vt 0.69433594 0.54296875
vt 0.70214844 0.53466797
vt 0.6977539 0.5449219
vt 0.38623047 0.5317383
vt 0.38085938 0.57177734
vt 0.3857422 0.56933594
vt 0.38623047 0.5317383
vt 0.3840332 0.52783203
vt 0.43945312 0.57421875
vt 0.3857422 0.56933594
vt 0.38085938 0.57177734
vt 0.3857422 0.56933594
vt 0.43676758 0.56933594
vt 0.4099121 0.08190918
vt 0.41088867 0.08868408
vt 0.41259766 0.083496094
vt 0.5673828 0.8076172
vt 0.5722656 0.8027344
vt 0.5678711 0.7871094
vt 0.5683594 0.8183594
vt 0.5727539 0.8178711
vt 0.5722656 0.8027344
vt 0.5673828 0.8076172
vt 0.5727539 0.8178711
vt 0.5722656 0.7895508
vt 0.5678711 0.7871094
vt 0.5722656 0.7792969
vt 0.5678711 0.7871094
vt 0.4411621 0.53027344
vt 0.43676758 0.56933594
vt 0.43945312 0.57421875
vt 0.42260742 0.056274414
vt 0.42773438 0.062194824
vt 0.42456055 0.054626465
vt 0.42382812 0.0625
vt 0.42773438 0.062194824
vt 0.4267578 0.06628418
vt 0.4267578 0.06628418
vt 0.42260742 0.06768799
vt 0.41918945 0.072631836
vt 0.4267578 0.06628418
vt 0.42260742 0.06768799
vt 0.41870117 0.0690918
vt 0.4165039 0.07208252
vt 0.41235352 0.06689453
vt 0.40966797 0.068847656
vt 0.41625977 0.078063965
vt 0.4267578 0.06628418
vt 0.4099121 0.08190918
vt 0.40966797 0.068847656
vt 0.4255371 0.082092285
vt 0.4267578 0.06628418
vt 0.4255371 0.082092285
vt 0.42773438 0.08892822
vt 0.42773438 0.062194824
vt 0.43652344 0.06311035
vt 0.4375 0.08477783
vt 0.43652344 0.034332275
vt 0.42773438 0.03274536
vt 0.42456055 0.040222168
vt 0.42456055 0.054626465
vt 0.43774414 0.02746582
vt 0.42529297 0.0055732727
vt 0.42504883 0.025222778
vt 0.4165039 0.021820068
vt 0.41577148 0.00459671
vt 0.41088867 0.006389618
vt 0.4086914 0.027236938
vt 0.4423828 0.022979736
vt 0.46826172 0.0051078796
vt 0.4440918 0.02633667
vt 0.4494629 0.02229309
vt 0.44018555 0.03363037
vt 0.4519043 0.027954102
vt 0.43896484 0.040100098
vt 0.44506836 0.03945923
vt 0.45458984 0.0256958
vt 0.45751953 0.032470703
vt 0.45385742 0.032714844
vt 0.46826172 0.026412964
vt 0.4736328 0.02229309
vt 0.4790039 0.005088806
vt 0.47924805 0.022216797
vt 0.48388672 0.0064086914
vt 0.48706055 0.03274536
vt 0.5078125 0.006942749
vt 0.5078125 0.07635498
vt 0.46606445 0.0340271
vt 0.45507812 0.039978027
vt 0.44995117 0.039154053
vt 0.45751953 0.06213379
vt 0.46606445 0.062683105
vt 0.46606445 0.089782715
vt 0.46826172 0.0826416
vt 0.46826172 0.05606079
vt 0.46923828 0.040924072
vt 0.4741211 0.052490234
vt 0.47998047 0.043273926
vt 0.47998047 0.052459717
vt 0.484375 0.055755615
vt 0.48486328 0.03970337
vt 0.4501953 0.043151855
vt 0.45507812 0.055664062
vt 0.44311523 0.052459717
vt 0.44970703 0.051971436
vt 0.43798828 0.056396484
vt 0.44848633 0.055541992
vt 0.45263672 0.05783081
vt 0.45410156 0.06213379
vt 0.4411621 0.05831909
vt 0.44213867 0.0670166
vt 0.45043945 0.068603516
vt 0.4404297 0.07043457
vt 0.44628906 0.06915283
vt 0.44677734 0.07287598
vt 0.45288086 0.0715332
vt 0.44702148 0.078186035
vt 0.4572754 0.0881958
vt 0.45361328 0.08081055
vt 0.4519043 0.08343506
vt 0.44335938 0.08270264
vt 0.44067383 0.085998535
vt 0.4404297 0.09136963
vt 0.45263672 0.0925293
vt 0.43725586 0.09240723
vt 0.44360352 0.09490967
vt 0.45532227 0.09466553
vt 0.45532227 0.11224365
vt 0.4489746 0.099243164
vt 0.4489746 0.09564209
vt 0.44189453 0.09814453
vt 0.4489746 0.10797119
vt 0.44213867 0.108947754
vt 0.43774414 0.11340332
vt 0.44799805 0.11138916
vt 0.44091797 0.115112305
vt 0.45239258 0.11419678
vt 0.42773438 0.1184082
vt 0.42504883 0.095825195
vt 0.42529297 0.111328125
vt 0.43676758 0.121398926
vt 0.44018555 0.1204834
vt 0.4572754 0.11871338
vt 0.45410156 0.118652344
vt 0.4416504 0.1274414
vt 0.44360352 0.12438965
vt 0.46655273 0.11846924
vt 0.46850586 0.1116333
vt 0.46899414 0.09674072
vt 0.45507812 0.12524414
vt 0.44873047 0.125
vt 0.45751953 0.1619873
vt 0.46606445 0.16271973
vt 0.4489746 0.12866211
vt 0.46899414 0.15490723
vt 0.46899414 0.12585449
vt 0.47338867 0.15148926
vt 0.47387695 0.12890625
vt 0.45507812 0.15527344
vt 0.4482422 0.15148926
vt 0.47973633 0.15136719
vt 0.4802246 0.12841797
vt 0.48461914 0.15478516
vt 0.48486328 0.12487793
vt 0.4873047 0.16223145
vt 0.48754883 0.11791992
vt 0.44140625 0.1529541
vt 0.43676758 0.15917969
vt 0.42797852 0.16210938
vt 0.42504883 0.12536621
vt 0.42504883 0.15441895
vt 0.4194336 0.12866211
vt 0.4194336 0.1517334
vt 0.40966797 0.12524414
vt 0.41357422 0.15222168
vt 0.4091797 0.15539551
vt 0.40722656 0.11791992
vt 0.40698242 0.16235352
vt 0.38598633 0.10864258
vt 0.4074707 0.08862305
vt 0.40966797 0.111083984
vt 0.40966797 0.09588623
vt 0.40722656 0.06274414
vt 0.40966797 0.068847656
vt 0.4074707 0.034332275
vt 0.40966797 0.055541992
vt 0.4128418 0.04208374
vt 0.4189453 0.051727295
vt 0.4189453 0.04333496
vt 0.42456055 0.054626465
vt 0.3857422 0.0072517395
vt 0.4086914 0.027236938
vt 0.3864746 0.27368164
vt 0.4074707 0.24719238
vt 0.4111328 0.27392578
vt 0.40893555 0.2536621
vt 0.40698242 0.2175293
vt 0.4099121 0.2397461
vt 0.4099121 0.22460938
vt 0.40698242 0.19067383
vt 0.41333008 0.2076416
vt 0.4091797 0.18444824
vt 0.40942383 0.1685791
vt 0.41845703 0.18066406
vt 0.41870117 0.17211914
vt 0.42456055 0.18347168
vt 0.42456055 0.16967773
vt 0.42773438 0.19116211
vt 0.4099121 0.22460938
vt 0.4140625 0.22766113
vt 0.4194336 0.23693848
vt 0.4194336 0.22790527
vt 0.4248047 0.24023438
vt 0.4243164 0.22509766
vt 0.42797852 0.24707031
vt 0.4248047 0.24023438
vt 0.43823242 0.22338867
vt 0.42773438 0.21789551
vt 0.42456055 0.19885254
vt 0.4243164 0.22509766
vt 0.43676758 0.21557617
vt 0.43798828 0.19702148
vt 0.43676758 0.18859863
vt 0.42456055 0.16967773
vt 0.43774414 0.1673584
vt 0.44018555 0.16003418
vt 0.44335938 0.15588379
vt 0.4477539 0.1550293
vt 0.45239258 0.1574707
vt 0.45385742 0.16186523
vt 0.4411621 0.16564941
vt 0.45239258 0.16638184
vt 0.4423828 0.17150879
vt 0.44482422 0.16870117
vt 0.4482422 0.17248535
vt 0.4416504 0.1821289
vt 0.45458984 0.16967773
vt 0.45751953 0.19091797
vt 0.44726562 0.18066406
vt 0.45385742 0.18310547
vt 0.46606445 0.19116211
vt 0.46923828 0.18371582
vt 0.46948242 0.16918945
vt 0.4428711 0.18566895
vt 0.44018555 0.1895752
vt 0.44750977 0.18432617
vt 0.45166016 0.18579102
vt 0.45410156 0.1907959
vt 0.44091797 0.19482422
vt 0.44433594 0.19787598
vt 0.45532227 0.19763184
vt 0.4494629 0.1977539
vt 0.44848633 0.2019043
vt 0.45703125 0.2154541
vt 0.44848633 0.20727539
vt 0.46606445 0.2175293
vt 0.46899414 0.21044922
vt 0.4416504 0.20874023
vt 0.44311523 0.21166992
vt 0.45141602 0.2121582
vt 0.44018555 0.21618652
vt 0.45703125 0.2154541
vt 0.45385742 0.21606445
vt 0.45288086 0.22070312
vt 0.45214844 0.22631836
vt 0.4411621 0.22155762
vt 0.44506836 0.2244873
vt 0.44335938 0.22790527
vt 0.44262695 0.2376709
vt 0.44921875 0.2368164
vt 0.43798828 0.2421875
vt 0.45532227 0.2401123
vt 0.44873047 0.24035645
vt 0.44091797 0.24365234
vt 0.45361328 0.24682617
vt 0.4572754 0.24694824
vt 0.4519043 0.25170898
vt 0.43676758 0.25
vt 0.44018555 0.24926758
vt 0.46606445 0.24707031
vt 0.46777344 0.24060059
vt 0.46875 0.22473145
vt 0.45410156 0.25439453
vt 0.4477539 0.25463867
vt 0.46801758 0.25390625
vt 0.4260254 0.27416992
vt 0.42504883 0.25439453
vt 0.41992188 0.25756836
vt 0.4411621 0.25585938
vt 0.44311523 0.2529297
vt 0.4182129 0.27416992
vt 0.41381836 0.25732422
vt 0.40893555 0.2536621
vt 0.46728516 0.27416992
vt 0.47338867 0.2578125
vt 0.4482422 0.25756836
vt 0.48120117 0.27368164
vt 0.4790039 0.25708008
vt 0.48339844 0.2541504
vt 0.48339844 0.2541504
vt 0.48657227 0.24694824
vt 0.50634766 0.27392578
vt 0.5083008 0.2064209
vt 0.4868164 0.2166748
vt 0.48535156 0.22290039
vt 0.48388672 0.23986816
vt 0.48706055 0.19165039
vt 0.484375 0.19787598
vt 0.484375 0.21008301
vt 0.48510742 0.16882324
vt 0.4868164 0.08905029
vt 0.48095703 0.10827637
vt 0.4807129 0.09851074
vt 0.4741211 0.099365234
vt 0.47387695 0.10821533
vt 0.46899414 0.09674072
vt 0.4868164 0.062438965
vt 0.484375 0.055755615
vt 0.48413086 0.06982422
vt 0.48486328 0.08258057
vt 0.48486328 0.08258057
vt 0.4802246 0.07904053
vt 0.4741211 0.07293701
vt 0.47338867 0.07891846
vt 0.46899414 0.06982422
vt 0.46826172 0.0826416
vt 0.46899414 0.06982422
vt 0.27246094 0.8276367
vt 0.28173828 0.8300781
vt 0.2890625 0.8261719
vt 0.29736328 0.82714844
vt 0.29711914 0.8305664
vt 0.3059082 0.8276367
vt 0.5991211 0.017852783
vt 0.5991211 0.032958984
vt 0.6064453 0.024765015
vt 0.5756836 0.03036499
vt 0.5991211 0.032958984
vt 0.54296875 0.017852783
vt 0.5419922 0.030166626
vt 0.6064453 0.024765015
vt 0.6020508 0.003080368
vt 0.6069336 0.00308609
vt 0.5371094 0.015235901
vt 0.5419922 0.030166626
vt 0.5307617 0.014083862
vt 0.52001953 0.029312134
vt 0.52001953 0.029312134
vt 0.5234375 0.015899658
vt 0.22473145 0.20837402
vt 0.22314453 0.20446777
vt 0.22290039 0.2775879
vt 0.22290039 0.2775879
vt 0.22314453 0.28125
vt 0.22314453 0.20446777
vt 0.22473145 0.20837402
vt 0.25732422 0.20837402
vt 0.56689453 0.7182617
vt 0.57128906 0.7114258
vt 0.5673828 0.69970703
vt 0.56689453 0.7182617
vt 0.57128906 0.72558594
vt 0.43676758 0.56933594
vt 0.4411621 0.53027344
vt 0.43652344 0.53222656
vt 0.6459961 0.85498047
vt 0.64697266 0.84033203
vt 0.6425781 0.8300781
vt 0.65283203 0.8046875
vt 0.67285156 0.75
vt 0.6816406 0.7402344
vt 0.68408203 0.7426758
vt 0.67578125 0.75097656
vt 0.65283203 0.8046875
vt 0.68896484 0.74072266
vt 0.6816406 0.7402344
vt 0.71240234 0.7363281
vt 0.68896484 0.74072266
vt 0.6425781 0.8300781
vt 0.64697266 0.84033203
vt 0.6459961 0.85498047
vt 0.65234375 0.85839844
vt 0.6533203 0.86621094
vt 0.66552734 0.8730469
vt 0.6640625 0.8754883
vt 0.6821289 0.8803711
vt 0.6821289 0.8803711
vt 0.6699219 0.8251953
vt 0.66064453 0.81152344
vt 0.6879883 0.82714844
vt 0.65283203 0.8046875
vt 0.6669922 0.79296875
vt 0.67578125 0.75097656
vt 0.7084961 0.8833008
vt 0.7084961 0.88916016
vt 0.67578125 0.7885742
vt 0.68408203 0.7426758
vt 0.68896484 0.74072266
vt 0.6894531 0.79052734
vt 0.71240234 0.7363281
vt 0.7011719 0.8095703
vt 0.6972656 0.796875
vt 0.7114258 0.81640625
vt 0.71240234 0.8833008
vt 0.7163086 0.7363281
vt 0.7763672 0.8071289
vt 0.7792969 0.7368164
vt 0.7207031 0.8852539
vt 0.78027344 0.73876953
vt 0.73876953 0.88916016
vt 0.7207031 0.8886719
vt 0.77001953 0.8857422
vt 0.76953125 0.88916016
vt 0.77783203 0.8847656
vt 0.7817383 0.88427734
vt 0.79003906 0.8076172
vt 0.7919922 0.8183594
vt 0.80371094 0.8286133
vt 0.8100586 0.87841797
vt 0.8144531 0.828125
vt 0.82714844 0.8720703
vt 0.7963867 0.796875
vt 0.82373047 0.8222656
vt 0.8364258 0.85839844
vt 0.8051758 0.7895508
vt 0.8408203 0.8442383
vt 0.8022461 0.7397461
vt 0.7792969 0.7368164
vt 0.8173828 0.79052734
vt 0.8076172 0.74072266
vt 0.81640625 0.7519531
vt 0.8261719 0.79589844
vt 0.83935547 0.8095703
vt 0.8300781 0.8076172
vt 0.81640625 0.7519531
vt 0.84716797 0.83447266
vt 0.84521484 0.8510742
vt 0.8364258 0.85839844
vt 0.84716797 0.83447266
vt 0.8417969 0.80371094
vt 0.8364258 0.85839844
vt 0.83496094 0.86816406
vt 0.82714844 0.8720703
vt 0.8100586 0.87841797
vt 0.82128906 0.87890625
vt 0.82714844 0.8720703
vt 0.82128906 0.87890625
vt 0.8232422 0.7558594
vt 0.8417969 0.80371094
vt 0.81640625 0.7519531
vt 0.8095703 0.7373047
vt 0.8076172 0.74072266
vt 0.8100586 0.87841797
vt 0.78027344 0.8876953
vt 0.7817383 0.88427734
vt 0.77783203 0.8847656
vt 0.78027344 0.8876953
vt 0.8095703 0.7373047
vt 0.77734375 0.734375
vt 0.7792969 0.7368164
vt 0.46923828 0.19152832
vt 0.46875 0.19824219
vt 0.4711914 0.19641113
vt 0.4741211 0.20166016
vt 0.46875 0.19824219
vt 0.47509766 0.1986084
vt 0.4802246 0.20117188
vt 0.48168945 0.19616699
vt 0.484375 0.19787598
vt 0.43164062 0.7548828
vt 0.43603516 0.7324219
vt 0.43286133 0.7319336
vt 0.22314453 0.20446777
vt 0.25732422 0.20837402
vt 0.25976562 0.20629883
vt 0.5600586 0.75683594
vt 0.5566406 0.76171875
vt 0.56103516 0.7680664
vt 0.5566406 0.76171875
vt 0.5566406 0.75097656
vt 0.5620117 0.74365234
vt 0.5576172 0.7373047
vt 0.55615234 0.7753906
vt 0.56103516 0.7680664
vt 0.56152344 0.78027344
vt 0.5620117 0.7167969
vt 0.5629883 0.7324219
vt 0.5576172 0.71728516
vt 0.5629883 0.7060547
vt 0.5576172 0.70458984
vt 0.5629883 0.6953125
vt 0.5576172 0.71728516
vt 0.5620117 0.7167969
vt 0.47143555 0.09466553
vt 0.46606445 0.089782715
vt 0.46899414 0.09674072
vt 0.20043945 0.76171875
vt 0.1940918 0.7607422
vt 0.19567871 0.76171875
vt 0.42773438 0.1184082
vt 0.42211914 0.1237793
vt 0.42504883 0.12536621
vt 0.41870117 0.12548828
vt 0.42504883 0.12536621
vt 0.4194336 0.12866211
vt 0.40966797 0.12524414
vt 0.41235352 0.122924805
vt 0.40966797 0.111083984
vt 0.41064453 0.11798096
vt 0.41210938 0.113342285
vt 0.40966797 0.111083984
vt 0.40722656 0.11791992
vt 0.41235352 0.122924805
vt 0.40966797 0.12524414
vt 0.37695312 0.7324219
vt 0.37719727 0.7651367
vt 0.38256836 0.7319336
vt 0.5678711 0.75439453
vt 0.5722656 0.74121094
vt 0.5673828 0.7416992
vt 0.57128906 0.72558594
vt 0.5673828 0.7416992
vt 0.56689453 0.7182617
vt 0.5722656 0.7792969
vt 0.5727539 0.77001953
vt 0.5673828 0.7685547
vt 0.5722656 0.76123047
vt 0.5673828 0.7685547
vt 0.5678711 0.75439453
vt 0.5722656 0.74121094
vt 0.26831055 0.27148438
vt 0.27172852 0.27612305
vt 0.3034668 0.27612305
vt 0.3034668 0.27612305
vt 0.30444336 0.27246094
vt 0.26733398 0.27319336
vt 0.27172852 0.27612305
vt 0.2709961 0.29345703
vt 0.26708984 0.2919922
vt 0.6894531 0.79052734
vt 0.67578125 0.7885742
vt 0.67626953 0.7910156
vt 0.6669922 0.79296875
vt 0.67626953 0.7910156
vt 0.46606445 0.2175293
vt 0.4716797 0.21240234
vt 0.46899414 0.21044922
vt 0.46606445 0.2175293
vt 0.46948242 0.21765137
vt 0.46875 0.22473145
vt 0.42211914 0.24194336
vt 0.42797852 0.24707031
vt 0.4248047 0.24023438
vt 0.4248047 0.24023438
vt 0.41845703 0.2401123
vt 0.4194336 0.23693848
vt 0.4099121 0.2397461
vt 0.41235352 0.24194336
vt 0.48413086 0.16223145
vt 0.48461914 0.15478516
vt 0.4819336 0.15673828
vt 0.48461914 0.15478516
vt 0.4873047 0.16223145
vt 0.48266602 0.16687012
vt 0.42773438 0.19116211
vt 0.42211914 0.19689941
vt 0.42456055 0.19885254
vt 0.41796875 0.19848633
vt 0.42456055 0.19885254
vt 0.41870117 0.20178223
vt 0.41235352 0.19616699
vt 0.40942383 0.19787598
vt 0.4104004 0.1907959
vt 0.41235352 0.19616699
vt 0.40698242 0.19067383
vt 0.41210938 0.18640137
vt 0.4091797 0.18444824
vt 0.47143555 0.068115234
vt 0.46606445 0.062683105
vt 0.46899414 0.06982422
vt 0.46606445 0.062683105
vt 0.46972656 0.062438965
vt 0.46826172 0.05606079
vt 0.46826172 0.05606079
vt 0.47070312 0.057769775
vt 0.15332031 0.42749023
vt 0.16174316 0.46557617
vt 0.16064453 0.4206543
vt 0.14538574 0.421875
vt 0.16064453 0.4206543
vt 0.13781738 0.42797852
vt 0.15332031 0.42749023
vt 0.13757324 0.421875
vt 0.46850586 0.1116333
vt 0.4699707 0.11846924
vt 0.4711914 0.113342285
vt 0.46850586 0.1116333
vt 0.46655273 0.11846924
vt 0.4716797 0.12408447
vt 0.4716797 0.12408447
vt 0.46899414 0.12585449
vt 0.18273926 0.3293457
vt 0.18164062 0.33374023
vt 0.19152832 0.32836914
vt 0.1829834 0.34545898
vt 0.18164062 0.33374023
vt 0.20202637 0.34399414
vt 0.20056152 0.3322754
vt 0.1953125 0.328125
vt 0.2006836 0.33007812
vt 0.18164062 0.33374023
vt 0.18103027 0.3491211
vt 0.7792969 0.7368164
vt 0.77734375 0.734375
vt 0.7163086 0.7363281
vt 0.12573242 0.4326172
vt 0.13098145 0.43920898
vt 0.1394043 0.43286133
vt 0.42797852 0.16210938
vt 0.42236328 0.16723633
vt 0.42456055 0.16967773
vt 0.41796875 0.16882324
vt 0.42456055 0.16967773
vt 0.41870117 0.17211914
vt 0.41430664 0.16845703
vt 0.40942383 0.1685791
vt 0.41064453 0.16235352
vt 0.6533203 0.6621094
vt 0.6464844 0.68847656
vt 0.6542969 0.69140625
vt 0.6533203 0.6621094
vt 0.6455078 0.6621094
vt 0.6376953 0.6875
vt 0.63671875 0.66308594
vt 0.6069336 0.68847656
vt 0.6035156 0.6635742
vt 0.25976562 0.20629883
vt 0.25634766 0.27807617
vt 0.2619629 0.2783203
vt 0.25976562 0.20629883
vt 0.25732422 0.2232666
vt 0.25732422 0.2232666
vt 0.25732422 0.20837402
vt 0.58740234 0.87402344
vt 0.5834961 0.86572266
vt 0.57958984 0.8833008
vt 0.57128906 0.8652344
vt 0.5673828 0.8725586
vt 0.57958984 0.8833008
vt 0.56884766 0.87890625
vt 0.5761719 0.8833008
vt 0.28076172 0.8144531
vt 0.28051758 0.81152344
vt 0.27246094 0.8149414
vt 0.28955078 0.81347656
vt 0.28051758 0.81152344
vt 0.28955078 0.8100586
vt 0.8095703 0.7373047
vt 0.81640625 0.7519531
vt 0.8232422 0.7558594
vt 0.46948242 0.21765137
vt 0.46875 0.22473145
vt 0.4711914 0.22290039
vt 0.4741211 0.2277832
vt 0.46875 0.22473145
vt 0.47924805 0.2244873
vt 0.4807129 0.22766113
vt 0.48535156 0.22290039
vt 0.48242188 0.22094727
vt 0.47998047 0.2364502
vt 0.48535156 0.22290039
vt 0.4736328 0.23620605
vt 0.46875 0.22473145
vt 0.46777344 0.24060059
vt 0.47460938 0.23950195
vt 0.46777344 0.24060059
vt 0.47045898 0.24230957
vt 0.4814453 0.24230957
vt 0.48388672 0.23986816
vt 0.23815918 0.8984375
vt 0.23754883 0.85498047
vt 0.23583984 0.8569336
vt 0.6323242 0.07220459
vt 0.60546875 0.066101074
vt 0.60595703 0.07171631
vt 0.60546875 0.066101074
vt 0.62060547 0.06768799
vt 0.6459961 0.07147217
vt 0.62060547 0.06768799
vt 0.64160156 0.06744385
vt 0.6586914 0.06744385
vt 0.68408203 0.06738281
vt 0.6821289 0.06518555
vt 0.6972656 0.064941406
vt 0.6582031 0.06512451
vt 0.64208984 0.04385376
vt 0.64160156 0.06744385
vt 0.62060547 0.06768799
vt 0.6074219 0.044006348
vt 0.60546875 0.066101074
vt 0.65771484 0.043395996
vt 0.6791992 0.06137085
vt 0.6743164 0.04244995
vt 0.6821289 0.042663574
vt 0.6972656 0.064941406
vt 0.7260742 0.050964355
vt 0.9355469 0.050079346
vt 0.92529297 0.043304443
vt 0.9355469 0.050079346
vt 0.9423828 0.04272461
vt 0.9428711 0.050598145
vt 0.5708008 0.6948242
vt 0.5673828 0.69970703
vt 0.57128906 0.7114258
vt 0.2064209 0.85546875
vt 0.20605469 0.8984375
vt 0.20812988 0.8574219
vt 0.20019531 0.25512695
vt 0.19689941 0.26123047
vt 0.19519043 0.2836914
vt 0.20690918 0.28466797
vt 0.19519043 0.2836914
vt 0.20776367 0.2529297
vt 0.2154541 0.2849121
vt 0.21069336 0.25341797
vt 0.21582031 0.26098633
vt 0.21557617 0.32226562
vt 0.20568848 0.32202148
vt 0.2290039 0.32128906
vt 0.22851562 0.28564453
vt 0.22851562 0.32373047
vt 0.2064209 0.34570312
vt 0.22888184 0.34423828
vt 0.2064209 0.34570312
vt 0.20568848 0.32202148
vt 0.28173828 0.8300781
vt 0.27246094 0.8276367
vt 0.27270508 0.8305664
vt 0.28295898 0.81933594
vt 0.27319336 0.81689453
vt 0.27319336 0.8198242
vt 0.15161133 0.76904297
vt 0.1451416 0.7607422
vt 0.14343262 0.7636719
vt 0.2409668 0.91503906
vt 0.24291992 0.91748047
vt 0.24707031 0.90722656
vt 0.41064453 0.21765137
vt 0.4099121 0.22460938
vt 0.41235352 0.22253418
vt 0.4099121 0.22460938
vt 0.40698242 0.2175293
vt 0.41235352 0.21228027
vt 0.41333008 0.2076416
vt 0.46826172 0.0826416
vt 0.46948242 0.08972168
vt 0.47070312 0.084228516
vt 0.46826172 0.0826416
vt 0.46606445 0.089782715
vt 0.47143555 0.09466553
vt 0.4248047 0.21862793
vt 0.42529297 0.21118164
vt 0.42260742 0.2130127
vt 0.421875 0.22314453
vt 0.42773438 0.21789551
vt 0.42529297 0.21118164
vt 0.421875 0.22314453
vt 0.4243164 0.22509766
vt 0.4182129 0.22473145
vt 0.4243164 0.22509766
vt 0.4194336 0.22790527
vt 0.4140625 0.22766113
vt 0.41235352 0.22253418
vt 0.4099121 0.22460938
vt 0.42504883 0.095825195
vt 0.4243164 0.08856201
vt 0.42260742 0.094055176
vt 0.42504883 0.095825195
vt 0.42773438 0.08892822
vt 0.42285156 0.083740234
vt 0.4255371 0.082092285
vt 0.42456055 0.040222168
vt 0.42456055 0.032562256
vt 0.42260742 0.038146973
vt 0.42504883 0.025222778
vt 0.42236328 0.026733398
vt 0.42456055 0.040222168
vt 0.42773438 0.03274536
vt 0.42504883 0.025222778
vt 0.42504883 0.025222778
vt 0.41870117 0.02519226
vt 0.4165039 0.021820068
vt 0.4086914 0.027236938
vt 0.41137695 0.028808594
vt 0.41088867 0.033843994
vt 0.41137695 0.028808594
vt 0.4074707 0.034332275
vt 0.4128418 0.04208374
vt 0.4086914 0.027236938
vt 0.48413086 0.06982422
vt 0.48339844 0.062408447
vt 0.48168945 0.06793213
vt 0.48413086 0.06982422
vt 0.47485352 0.06976318
vt 0.4741211 0.07293701
vt 0.46899414 0.06982422
vt 0.47143555 0.068115234
vt 0.4099121 0.2397461
vt 0.4111328 0.2475586
vt 0.41235352 0.24194336
vt 0.4099121 0.2397461
vt 0.4074707 0.24719238
vt 0.4116211 0.2524414
vt 0.4116211 0.2524414
vt 0.40893555 0.2536621
vt 0.4152832 0.25439453
vt 0.4116211 0.2524414
vt 0.41381836 0.25732422
vt 0.41992188 0.25756836
vt 0.42260742 0.25219727
vt 0.42504883 0.25439453
vt 0.42504883 0.25439453
vt 0.42504883 0.24731445
vt 0.48339844 0.24682617
vt 0.48388672 0.23986816
vt 0.4814453 0.24230957
vt 0.48388672 0.23986816
vt 0.48657227 0.24694824
vt 0.48120117 0.25146484
vt 0.48339844 0.2541504
vt 0.21813965 0.86621094
vt 0.21740723 0.85498047
vt 0.21582031 0.8564453
vt 0.5576172 0.70458984
vt 0.5629883 0.6953125
vt 0.5576172 0.6928711
vt 0.5620117 0.74365234
vt 0.5566406 0.75097656
vt 0.5600586 0.75683594
vt 0.46923828 0.16235352
vt 0.46948242 0.16918945
vt 0.47192383 0.16723633
vt 0.47460938 0.17224121
vt 0.46948242 0.16918945
vt 0.47973633 0.16882324
vt 0.48095703 0.17175293
vt 0.48510742 0.16882324
vt 0.48266602 0.16687012
vt 0.6816406 0.7402344
vt 0.71240234 0.7363281
vt 0.7163086 0.7363281
vt 0.9033203 0.46728516
vt 0.9116211 0.46484375
vt 0.90625 0.46484375
vt 0.9116211 0.46484375
vt 0.9140625 0.50927734
vt 0.72558594 0.5083008
vt 0.78564453 0.46704102
vt 0.7260742 0.46826172
vt 0.7265625 0.46728516
vt 0.7734375 0.5180664
vt 0.9189453 0.51660156
vt 0.9160156 0.5283203
vt 0.7265625 0.52685547
vt 0.9355469 0.5180664
vt 0.97216797 0.5283203
vt 0.97265625 0.51953125
vt 0.7524414 0.53515625
vt 0.8100586 0.53564453
vt 0.7270508 0.53466797
vt 0.75146484 0.54248047
vt 0.7607422 0.5498047
vt 0.7685547 0.55908203
vt 0.7729492 0.5625
vt 0.953125 0.5629883
vt 0.97265625 0.5371094
vt 0.97216797 0.5283203
vt 0.9658203 0.5605469
vt 0.9711914 0.55615234
vt 0.4873047 0.16223145
vt 0.48266602 0.16687012
vt 0.48510742 0.16882324
vt 0.22644043 0.8676758
vt 0.22814941 0.8564453
vt 0.2265625 0.8544922
vt 0.15014648 0.7758789
vt 0.16149902 0.7714844
vt 0.15258789 0.7729492
vt 0.24707031 0.9033203
vt 0.25708008 0.9038086
vt 0.24450684 0.89990234
vt 0.74560547 0.7270508
vt 0.7758789 0.7290039
vt 0.79345703 0.72753906
vt 0.40966797 0.055541992
vt 0.41064453 0.06262207
vt 0.41235352 0.057739258
vt 0.40966797 0.055541992
vt 0.40722656 0.06274414
vt 0.41235352 0.06689453
vt 0.40966797 0.068847656
vt 0.5800781 0.8251953
vt 0.5878906 0.82470703
vt 0.5722656 0.82373047
vt 0.5654297 0.9042969
vt 0.5566406 0.8930664
vt 0.5620117 0.90283203
vt 0.55908203 0.8881836
vt 0.5566406 0.8930664
vt 0.57666016 0.8930664
vt 0.56591797 0.8847656
vt 0.5722656 0.90283203
vt 0.5576172 0.7373047
vt 0.5620117 0.74365234
vt 0.5629883 0.7324219
vt 0.33618164 0.7661133
vt 0.3256836 0.7705078
vt 0.33544922 0.7705078
vt 0.20471191 0.9135742
vt 0.20239258 0.9165039
vt 0.20385742 0.9160156
vt 0.12042236 0.7597656
vt 0.12243652 0.7626953
vt 0.12213135 0.7602539
vt 0.2890625 0.82910156
vt 0.2890625 0.8261719
vt 0.28173828 0.8300781
vt 0.4482422 0.3564453
vt 0.45898438 0.34887695
vt 0.45629883 0.35058594
vt 0.19787598 0.78027344
vt 0.19567871 0.76171875
vt 0.1940918 0.7607422
vt 0.19714355 0.8017578
vt 0.19787598 0.78027344
vt 0.19934082 0.81396484
vt 0.19787598 0.8154297
vt 0.20629883 0.81396484
vt 0.19299316 0.75878906
vt 0.20007324 0.7578125
vt 0.20043945 0.76171875
vt 0.17346191 0.76220703
vt 0.17883301 0.78564453
vt 0.21875 0.7583008
vt 0.18603516 0.81884766
vt 0.20507812 0.7832031
vt 0.1998291 0.89990234
vt 0.18811035 0.90478516
vt 0.19689941 0.90478516
vt 0.20605469 0.8984375
vt 0.2064209 0.85546875
vt 0.21740723 0.85498047
vt 0.2211914 0.81591797
vt 0.23815918 0.78515625
vt 0.23132324 0.75878906
vt 0.24169922 0.7583008
vt 0.24353027 0.7631836
vt 0.23706055 0.81396484
vt 0.2265625 0.8544922
vt 0.21813965 0.86621094
vt 0.22644043 0.8676758
vt 0.23754883 0.85498047
vt 0.23583984 0.8569336
vt 0.22814941 0.8564453
vt 0.24560547 0.8144531
vt 0.24401855 0.81347656
vt 0.23815918 0.8984375
vt 0.24450684 0.89990234
vt 0.25756836 0.81591797
vt 0.25708008 0.9038086
vt 0.26464844 0.78564453
vt 0.24694824 0.78027344
vt 0.26953125 0.76171875
vt 0.24902344 0.7602539
vt 0.24951172 0.7573242
vt 0.2442627 0.7602539
vt 0.24169922 0.7583008
vt 0.24353027 0.7631836
vt 0.2475586 0.76171875
vt 0.24902344 0.7602539
vt 0.24511719 0.78027344
vt 0.24694824 0.78027344
vt 0.24401855 0.81347656
vt 0.24560547 0.8144531
vt 0.4868164 0.2166748
vt 0.48242188 0.22094727
vt 0.48535156 0.22290039
vt 0.48242188 0.22094727
vt 0.48364258 0.21679688
vt 0.484375 0.21008301
vt 0.48364258 0.21679688
vt 0.4819336 0.21203613
vt 0.484375 0.21008301
vt 0.47509766 0.21032715
vt 0.4741211 0.20703125
vt 0.46899414 0.21044922
vt 0.4716797 0.21240234
vt 0.46606445 0.24707031
vt 0.47045898 0.24230957
vt 0.46777344 0.24060059
vt 0.46801758 0.25390625
vt 0.4699707 0.24707031
vt 0.47045898 0.24230957
vt 0.46801758 0.25390625
vt 0.47070312 0.25219727
vt 0.47338867 0.2578125
vt 0.46801758 0.25390625
vt 0.47802734 0.25390625
vt 0.4790039 0.25708008
vt 0.48339844 0.2541504
vt 0.48120117 0.25146484
vt 0.9873047 0.41333008
vt 0.9838867 0.4182129
vt 0.9819336 0.42089844
vt 0.29492188 0.796875
vt 0.30322266 0.7988281
vt 0.3034668 0.79589844
vt 0.28637695 0.796875
vt 0.29492188 0.7998047
vt 0.30322266 0.7988281
vt 0.7416992 0.7270508
vt 0.7363281 0.72802734
vt 0.734375 0.72998047
vt 0.6972656 0.064941406
vt 0.72558594 0.053741455
vt 0.7260742 0.050964355
vt 0.25927734 0.30029297
vt 0.26831055 0.29882812
vt 0.2619629 0.29882812
vt 0.26831055 0.29882812
vt 0.27490234 0.30517578
vt 0.25610352 0.30444336
vt 0.27514648 0.30859375
vt 0.25512695 0.3305664
vt 0.2758789 0.36279297
vt 0.24072266 0.3630371
vt 0.23986816 0.3310547
vt 0.6035156 0.6635742
vt 0.6040039 0.68847656
vt 0.6069336 0.68847656
vt 0.34643555 0.43066406
vt 0.42456055 0.19885254
vt 0.42529297 0.21118164
vt 0.41870117 0.20178223
vt 0.42529297 0.21118164
vt 0.4194336 0.20727539
vt 0.40942383 0.19787598
vt 0.41333008 0.2076416
vt 0.46899414 0.21044922
vt 0.46875 0.19824219
vt 0.4741211 0.20703125
vt 0.46875 0.19824219
vt 0.4741211 0.20166016
vt 0.484375 0.21008301
vt 0.4802246 0.20117188
vt 0.484375 0.19787598
vt 0.48510742 0.16882324
vt 0.48510742 0.18457031
vt 0.48095703 0.17175293
vt 0.48510742 0.18457031
vt 0.48095703 0.18127441
vt 0.47460938 0.17224121
vt 0.47485352 0.1809082
vt 0.46948242 0.16918945
vt 0.18811035 0.3486328
vt 0.23364258 0.3864746
vt 0.23352051 0.3491211
vt 0.18762207 0.3527832
vt 0.16833496 0.3527832
vt 0.18225098 0.4345703
vt 0.16760254 0.4321289
vt 0.23828125 0.4350586
vt 0.2565918 0.4350586
vt 0.25708008 0.38671875
vt 0.23803711 0.44091797
vt 0.1821289 0.4404297
vt 0.5253906 0.6533203
vt 0.51123047 0.6303711
vt 0.5102539 0.6542969
vt 0.5253906 0.63183594
vt 0.34228516 0.8383789
vt 0.33520508 0.8330078
vt 0.33740234 0.8544922
vt 0.34204102 0.83251953
vt 0.34887695 0.8339844
vt 0.3461914 0.8461914
vt 0.3461914 0.86328125
vt 0.34228516 0.8745117
vt 0.34838867 0.87402344
vt 0.3461914 0.86328125
vt 0.35546875 0.83251953
vt 0.35717773 0.8544922
vt 0.35620117 0.8745117
vt 0.35864258 0.86376953
vt 0.36206055 0.8745117
vt 0.35839844 0.8461914
vt 0.36206055 0.8378906
vt 0.36254883 0.83251953
vt 0.36889648 0.8330078
vt 0.36547852 0.8457031
vt 0.36645508 0.8544922
vt 0.3762207 0.83447266
vt 0.37524414 0.8544922
vt 0.36767578 0.87402344
vt 0.37597656 0.87353516
vt 0.36499023 0.8642578
vt 0.36206055 0.8745117
vt 0.114746094 0.14880371
vt 0.122680664 0.07885742
vt 0.114746094 0.07922363
vt 0.12213135 0.14855957
vt 0.12963867 0.0791626
vt 0.12915039 0.14880371
vt 0.13659668 0.14880371
vt 0.1439209 0.07885742
vt 0.14404297 0.1484375
vt 0.15112305 0.07891846
vt 0.15136719 0.14868164
vt 0.1652832 0.14831543
vt 0.16503906 0.07867432
vt 0.17272949 0.07873535
vt 0.17297363 0.14855957
vt 0.1796875 0.07867432
vt 0.18554688 0.1484375
vt 0.18615723 0.07879639
vt 0.19458008 0.07879639
vt 0.1932373 0.1484375
vt 0.20263672 0.0791626
vt 0.20166016 0.14855957
vt 0.20996094 0.07946777
vt 0.20996094 0.14892578
vt 0.21740723 0.0791626
vt 0.21740723 0.14880371
vt 0.30639648 0.86279297
vt 0.3100586 0.8330078
vt 0.30639648 0.8461914
vt 0.30273438 0.8383789
vt 0.30273438 0.8330078
vt 0.29711914 0.83447266
vt 0.29956055 0.84521484
vt 0.29833984 0.85498047
vt 0.30639648 0.86279297
vt 0.30810547 0.8745117
vt 0.30297852 0.87109375
vt 0.296875 0.8745117
vt 0.2993164 0.86279297
vt 0.29833984 0.85498047
vt 0.31640625 0.8461914
vt 0.31713867 0.8330078
vt 0.31713867 0.8745117
vt 0.32250977 0.8383789
vt 0.3232422 0.83251953
vt 0.3173828 0.85498047
vt 0.31860352 0.8642578
vt 0.32250977 0.87109375
vt 0.32763672 0.8745117
vt 0.32617188 0.86279297
vt 0.32861328 0.8339844
vt 0.32617188 0.84521484
vt 0.3232422 0.83251953
vt 0.32617188 0.84521484
vt 0.32617188 0.86279297
vt 0.3359375 0.87402344
vt 0.33740234 0.8544922
vt 0.34228516 0.8745117
vt 0.35742188 0.35253906
vt 0.3569336 0.33081055
vt 0.3371582 0.3527832
vt 0.33618164 0.3305664
vt 0.33984375 0.3227539
vt 0.33984375 0.3227539
vt 0.34326172 0.32104492
vt 0.34960938 0.32104492
vt 0.35498047 0.32470703
vt 0.1887207 0.4868164
vt 0.23791504 0.44970703
vt 0.18200684 0.4494629
vt 0.23010254 0.4873047
vt 0.22827148 0.72021484
vt 0.18762207 0.72021484
vt 0.19372559 0.7294922
vt 0.21740723 0.73339844
vt 0.19848633 0.73291016
vt 0.19836426 0.7504883
vt 0.21716309 0.75097656
vt 0.48657227 0.6533203
vt 0.50439453 0.6308594
vt 0.48754883 0.6298828
vt 0.50341797 0.6538086
vt 0.35986328 0.111328125
vt 0.35766602 0.08874512
vt 0.3569336 0.10534668
vt 0.35986328 0.08276367
vt 0.37890625 0.0023593903
vt 0.35986328 0.057922363
vt 0.35717773 0.06365967
vt 0.35668945 0.076538086
vt 0.35961914 0.030426025
vt 0.35742188 0.05154419
vt 0.35791016 0.023986816
vt 0.35595703 0.002105713
vt 0.34960938 0.020095825
vt 0.34765625 0.0020828247
vt 0.37890625 0.20837402
vt 0.34521484 0.021911621
vt 0.32788086 0.0211792
vt 0.33251953 0.029922485
vt 0.31860352 0.02319336
vt 0.34106445 0.02897644
vt 0.2993164 0.002035141
vt 0.33154297 0.05291748
vt 0.32666016 0.036987305
vt 0.3227539 0.04925537
vt 0.32104492 0.036468506
vt 0.3178711 0.052093506
vt 0.3161621 0.028564453
vt 0.31591797 0.057128906
vt 0.30493164 0.02281189
vt 0.30004883 0.020187378
vt 0.2927246 0.021865845
vt 0.29174805 0.002023697
vt 0.30810547 0.029785156
vt 0.30810547 0.0574646
vt 0.30371094 0.03591919
vt 0.30493164 0.051361084
vt 0.3076172 0.084106445
vt 0.30395508 0.06427002
vt 0.30493164 0.0770874
vt 0.31762695 0.087646484
vt 0.31835938 0.07684326
vt 0.32055664 0.064819336
vt 0.32543945 0.06567383
vt 0.32861328 0.07598877
vt 0.33032227 0.06323242
vt 0.33203125 0.07977295
vt 0.34106445 0.057495117
vt 0.34521484 0.05050659
vt 0.3449707 0.035705566
vt 0.34106445 0.08282471
vt 0.33203125 0.0859375
vt 0.34448242 0.076660156
vt 0.34521484 0.064453125
vt 0.3317871 0.107788086
vt 0.34106445 0.1116333
vt 0.34472656 0.089660645
vt 0.32836914 0.09020996
vt 0.3232422 0.103393555
vt 0.32202148 0.09100342
vt 0.3178711 0.10644531
vt 0.3161621 0.111694336
vt 0.3322754 0.11401367
vt 0.30786133 0.11175537
vt 0.30371094 0.08996582
vt 0.30444336 0.105285645
vt 0.3161621 0.15405273
vt 0.32226562 0.11956787
vt 0.31811523 0.14880371
vt 0.32348633 0.14587402
vt 0.32836914 0.11871338
vt 0.32885742 0.14709473
vt 0.3322754 0.15197754
vt 0.30786133 0.15478516
vt 0.3161621 0.1821289
vt 0.31811523 0.15930176
vt 0.3190918 0.1763916
vt 0.3239746 0.17443848
vt 0.3269043 0.16210938
vt 0.3293457 0.17602539
vt 0.33129883 0.15856934
vt 0.3322754 0.18066406
vt 0.3413086 0.15490723
vt 0.30419922 0.14758301
vt 0.30395508 0.11846924
vt 0.2956543 0.12017822
vt 0.29614258 0.14550781
vt 0.2919922 0.14770508
vt 0.2915039 0.117614746
vt 0.3449707 0.14733887
vt 0.3449707 0.11853027
vt 0.34960938 0.14538574
vt 0.34936523 0.12042236
vt 0.35742188 0.14855957
vt 0.35717773 0.11779785
vt 0.35986328 0.15490723
vt 0.35986328 0.18225098
vt 0.3569336 0.1763916
vt 0.35986328 0.20837402
vt 0.35668945 0.18908691
vt 0.3564453 0.20166016
vt 0.35986328 0.23706055
vt 0.37890625 0.2631836
vt 0.3564453 0.2631836
vt 0.35717773 0.24291992
vt 0.35668945 0.23034668
vt 0.35668945 0.21472168
vt 0.3569336 0.1763916
vt 0.3540039 0.16247559
vt 0.35351562 0.17419434
vt 0.34985352 0.16308594
vt 0.34521484 0.17565918
vt 0.34521484 0.16113281
vt 0.34106445 0.18261719
vt 0.33251953 0.2064209
vt 0.33154297 0.18688965
vt 0.32885742 0.20117188
vt 0.32739258 0.19042969
vt 0.3215332 0.19042969
vt 0.3190918 0.2019043
vt 0.31640625 0.20654297
vt 0.3076172 0.18310547
vt 0.30371094 0.17578125
vt 0.30371094 0.16113281
vt 0.2993164 0.17382812
vt 0.29516602 0.16259766
vt 0.29174805 0.17663574
vt 0.29174805 0.16027832
vt 0.30786133 0.20837402
vt 0.30419922 0.20153809
vt 0.30419922 0.18933105
vt 0.3161621 0.23693848
vt 0.31713867 0.2121582
vt 0.32250977 0.22875977
vt 0.32641602 0.2163086
vt 0.33154297 0.23278809
vt 0.33129883 0.21276855
vt 0.3322754 0.23913574
vt 0.30786133 0.23706055
vt 0.30615234 0.2631836
vt 0.31835938 0.24243164
vt 0.3232422 0.24523926
vt 0.30395508 0.21496582
vt 0.30517578 0.2310791
vt 0.30444336 0.24316406
vt 0.32885742 0.24365234
vt 0.2956543 0.24536133
vt 0.34277344 0.2631836
vt 0.29296875 0.2631836
vt 0.29174805 0.24291992
vt 0.34106445 0.23693848
vt 0.34448242 0.24328613
vt 0.35302734 0.24536133
vt 0.34985352 0.2631836
vt 0.35717773 0.24291992
vt 0.3413086 0.20959473
vt 0.3449707 0.22998047
vt 0.34423828 0.20202637
vt 0.34545898 0.2154541
vt 0.34936523 0.22802734
vt 0.34960938 0.21716309
vt 0.35668945 0.21472168
vt 0.35668945 0.23034668
vt 0.34423828 0.20202637
vt 0.34521484 0.18981934
vt 0.34887695 0.19958496
vt 0.35009766 0.19152832
vt 0.3564453 0.20166016
vt 0.35668945 0.18908691
vt 0.5307617 0.31152344
vt 0.51123047 0.25146484
vt 0.51171875 0.30688477
vt 0.7495117 0.25170898
vt 0.5473633 0.31860352
vt 0.56396484 0.32910156
vt 0.58447266 0.34838867
vt 0.5126953 0.24499512
vt 0.61865234 0.35253906
vt 0.75634766 0.29418945
vt 0.7636719 0.3034668
vt 0.8330078 0.35083008
vt 0.7573242 0.24633789
vt 0.7504883 0.24597168
vt 0.76171875 0.29174805
vt 0.7739258 0.30859375
vt 0.7680664 0.2998047
vt 0.8457031 0.31152344
vt 0.84277344 0.34545898
vt 0.80810547 0.30664062
vt 0.84472656 0.3071289
vt 0.77441406 0.3034668
vt 0.7763672 0.29760742
vt 0.84521484 0.30004883
vt 0.7705078 0.29541016
vt 0.76708984 0.29077148
vt 0.7631836 0.2529297
vt 0.7636719 0.23864746
vt 0.7631836 0.23034668
vt 0.7573242 0.23876953
vt 0.7636719 0.23864746
vt 0.7504883 0.23828125
vt 0.75683594 0.23046875
vt 0.7631836 0.23034668
vt 0.76123047 0.21118164
vt 0.7504883 0.22961426
vt 0.5131836 0.23864746
vt 0.5131836 0.23083496
vt 0.5131836 0.21704102
vt 0.75097656 0.21289062
vt 0.76123047 0.21118164
vt 0.5546875 0.5703125
vt 0.5439453 0.55615234
vt 0.5439453 0.5708008
vt 0.55566406 0.55615234
vt 0.5678711 0.5703125
vt 0.5751953 0.55615234
vt 0.58251953 0.5703125
vt 0.58203125 0.5566406
vt 0.59033203 0.5698242
vt 0.59716797 0.55615234
vt 0.59765625 0.56933594
vt 0.60498047 0.5703125
vt 0.60498047 0.55615234
vt 0.6118164 0.5703125
vt 0.61816406 0.55566406
vt 0.6191406 0.5703125
vt 0.62646484 0.55615234
vt 0.62646484 0.5703125
vt 0.64208984 0.55566406
vt 0.64208984 0.57128906
vt 0.62060547 0.50390625
vt 0.6430664 0.4951172
vt 0.640625 0.44995117
vt 0.6118164 0.45629883
vt 0.64697266 0.50341797
vt 0.6430664 0.4951172
vt 0.625 0.51220703
vt 0.6455078 0.515625
vt 0.64697266 0.50341797
vt 0.6298828 0.52197266
vt 0.43676758 0.56933594
vt 0.38623047 0.5317383
vt 0.3857422 0.56933594
vt 0.43652344 0.53222656
vt 0.3251953 0.27416992
vt 0.37646484 0.31152344
vt 0.37597656 0.2746582
vt 0.3256836 0.31225586
vt 0.2915039 0.23083496
vt 0.29516602 0.2166748
vt 0.29077148 0.21313477
vt 0.30004883 0.22802734
vt 0.30517578 0.2310791
vt 0.44628906 0.45581055
vt 0.6074219 0.40649414
vt 0.44628906 0.40625
vt 0.6074219 0.4560547
vt 0.44628906 0.46166992
vt 0.6074219 0.4633789
vt 0.44628906 0.49316406
vt 0.6074219 0.49169922
vt 0.44628906 0.4987793
vt 0.44628906 0.4987793
vt 0.6074219 0.49804688
vt 0.44628906 0.54833984
vt 0.6074219 0.54833984
vt 0.34423828 0.39941406
vt 0.3100586 0.4111328
vt 0.3449707 0.41479492
vt 0.31079102 0.39916992
vt 0.5830078 0.09423828
vt 0.5444336 0.070251465
vt 0.5449219 0.08831787
vt 0.58251953 0.078430176
vt 0.5888672 0.09527588
vt 0.59228516 0.08270264
vt 0.59521484 0.09576416
vt 0.62158203 0.08337402
vt 0.6640625 0.09326172
vt 0.6635742 0.08288574
vt 0.53027344 0.08935547
vt 0.5449219 0.08831787
vt 0.52246094 0.085632324
vt 0.5205078 0.066345215
vt 0.390625 0.28295898
vt 0.43359375 0.29956055
vt 0.43652344 0.2861328
vt 0.3881836 0.30078125
vt 0.5253906 0.6533203
vt 0.5317383 0.6308594
vt 0.5253906 0.63183594
vt 0.53759766 0.6586914
vt 0.53759766 0.6269531
vt 0.54541016 0.66015625
vt 0.5463867 0.6254883
vt 0.5551758 0.65771484
vt 0.5649414 0.65185547
vt 0.5654297 0.63378906
vt 0.57958984 0.6513672
vt 0.5800781 0.63427734
vt 0.5888672 0.65722656
vt 0.58984375 0.6279297
vt 0.6040039 0.65771484
vt 0.6040039 0.6279297
vt 0.61328125 0.6513672
vt 0.61328125 0.63427734
vt 0.5205078 0.037353516
vt 0.56396484 0.049346924
vt 0.57470703 0.038909912
vt 0.54248047 0.049072266
vt 0.53125 0.052520752
vt 0.5341797 0.05368042
vt 0.56347656 0.051361084
vt 0.5986328 0.05203247
vt 0.57470703 0.038909912
vt 0.5996094 0.036743164
vt 0.6074219 0.044006348
vt 0.60546875 0.066101074
vt 0.6015625 0.06738281
vt 0.52001953 0.038513184
vt 0.5205078 0.037353516
vt 0.5258789 0.051574707
vt 0.52246094 0.049102783
vt 0.52197266 0.05178833
vt 0.52001953 0.038513184
vt 0.4802246 0.62939453
vt 0.46606445 0.65185547
vt 0.47973633 0.6533203
vt 0.4658203 0.6303711
vt 0.16064453 0.4206543
vt 0.16064453 0.40356445
vt 0.14538574 0.421875
vt 0.13769531 0.40356445
vt 0.13757324 0.421875
vt 0.1821289 0.4404297
vt 0.23791504 0.44970703
vt 0.23803711 0.44091797
vt 0.18200684 0.4494629
vt 0.57470703 0.8442383
vt 0.57470703 0.86035156
vt 0.5830078 0.86035156
vt 0.58740234 0.8442383
vt 0.5917969 0.86035156
vt 0.5961914 0.8442383
vt 0.6035156 0.8598633
vt 0.60302734 0.8442383
vt 0.609375 0.86035156
vt 0.61279297 0.84472656
vt 0.6191406 0.84472656
vt 0.61865234 0.86035156
vt 0.62597656 0.86035156
vt 0.62597656 0.84521484
vt 0.6333008 0.86035156
vt 0.6333008 0.8442383
vt 0.63671875 0.8598633
vt 0.66259766 0.49804688
vt 0.6953125 0.45507812
vt 0.66503906 0.4489746
vt 0.6850586 0.50390625
vt 0.65966797 0.5029297
vt 0.68115234 0.5126953
vt 0.95947266 0.08557129
vt 0.94433594 0.0881958
vt 0.9667969 0.1105957
vt 0.9584961 0.12927246
vt 0.97265625 0.12164307
vt 0.9765625 0.15234375
vt 0.9980469 0.15185547
vt 0.98583984 0.16149902
vt 0.98828125 0.19470215
vt 1 0.16430664
vt 0.98583984 0.16149902
vt 0.9765625 0.15234375
vt 0.9584961 0.12927246
vt 0.88916016 0.13745117
vt 0.94433594 0.0881958
vt 0.91064453 0.08911133
vt 0.8886719 0.08898926
vt 0.87939453 0.089660645
vt 0.8828125 0.32763672
vt 0.87646484 0.32714844
vt 0.8886719 0.3330078
vt 0.8745117 0.08917236
vt 0.88964844 0.32641602
vt 0.9223633 0.3305664
vt 0.8676758 0.0904541
vt 0.8696289 0.089416504
vt 0.9091797 0.33422852
vt 0.93896484 0.33911133
vt 0.9291992 0.3388672
vt 0.91796875 0.34228516
vt 0.93115234 0.3461914
vt 0.88964844 0.34106445
vt 0.93652344 0.34448242
vt 0.93408203 0.35058594
vt 0.9448242 0.34716797
vt 0.94433594 0.37963867
vt 0.9375 0.41259766
vt 0.9897461 0.39648438
vt 0.9482422 0.3708496
vt 0.9838867 0.4182129
vt 0.9428711 0.42260742
vt 0.93896484 0.42285156
vt 0.94921875 0.4230957
vt 0.9819336 0.42089844
vt 0.9897461 0.39648438
vt 0.99072266 0.19665527
vt 0.9873047 0.41333008
vt 0.117004395 0.15771484
vt 0.11920166 0.16479492
vt 0.12390137 0.15771484
vt 0.13208008 0.16479492
vt 0.13110352 0.15771484
vt 0.13342285 0.17126465
vt 0.123168945 0.17126465
vt 0.14526367 0.17126465
vt 0.13842773 0.16479492
vt 0.14477539 0.15771484
vt 0.13842773 0.16479492
vt 0.15795898 0.17126465
vt 0.15112305 0.16479492
vt 0.15759277 0.16479492
vt 0.16442871 0.17126465
vt 0.1640625 0.16479492
vt 0.17260742 0.17126465
vt 0.1730957 0.16479492
vt 0.18566895 0.17126465
vt 0.17944336 0.16479492
vt 0.18591309 0.16479492
vt 0.19824219 0.17126465
vt 0.1986084 0.16479492
vt 0.20422363 0.17126465
vt 0.21533203 0.17126465
vt 0.21118164 0.16479492
vt 0.2199707 0.17126465
vt 0.22399902 0.16479492
vt 0.22570801 0.15771484
vt 0.21118164 0.16479492
vt 0.2121582 0.15771484
vt 0.20544434 0.15771484
vt 0.1986084 0.16479492
vt 0.1986084 0.15771484
vt 0.19213867 0.15771484
vt 0.18591309 0.16479492
vt 0.17944336 0.15771484
vt 0.17944336 0.16479492
vt 0.17297363 0.15771484
vt 0.1730957 0.16479492
vt 0.1640625 0.15771484
vt 0.1640625 0.16479492
vt 0.15759277 0.15771484
vt 0.15759277 0.16479492
vt 0.15124512 0.15771484
vt 0.15112305 0.16479492
vt 0.14477539 0.15771484
vt 0.20239258 0.9165039
vt 0.19799805 0.90771484
vt 0.19262695 0.9121094
vt 0.20471191 0.9135742
vt 0.12243652 0.7626953
vt 0.11053467 0.76416016
vt 0.11608887 0.7685547
vt 0.12042236 0.7597656
vt 0.28637695 0.796875
vt 0.27685547 0.7998047
vt 0.29492188 0.7998047
vt 0.2770996 0.796875
vt 0.26879883 0.7963867
vt 0.26953125 0.7993164
vt 0.6430664 0.4951172
vt 0.66259766 0.49804688
vt 0.66503906 0.4489746
vt 0.640625 0.44995117
vt 0.65966797 0.5029297
vt 0.66259766 0.49804688
vt 0.64697266 0.50341797
vt 0.6611328 0.5151367
vt 0.6455078 0.515625
vt 0.64746094 0.5209961
vt 0.65966797 0.5214844
vt 0.63671875 0.5283203
vt 0.6401367 0.53466797
vt 0.63623047 0.53515625
vt 0.6386719 0.5419922
vt 0.64208984 0.54003906
vt 0.6435547 0.5473633
vt 0.6508789 0.5488281
vt 0.6513672 0.5463867
vt 0.65771484 0.55029297
vt 0.6645508 0.546875
vt 0.66308594 0.5439453
vt 0.671875 0.53515625
vt 0.66796875 0.5229492
vt 0.6611328 0.5151367
vt 0.66796875 0.53466797
vt 0.671875 0.53515625
vt 0.39770508 0.5131836
vt 0.40234375 0.52441406
vt 0.4243164 0.5239258
vt 0.4128418 0.4970703
vt 0.42944336 0.5136719
vt 0.38867188 0.51123047
vt 0.43847656 0.51220703
vt 0.38916016 0.4675293
vt 0.43701172 0.46533203
vt 0.24072266 0.3630371
vt 0.27441406 0.3803711
vt 0.2758789 0.36279297
vt 0.24108887 0.38208008
vt 0.27490234 0.38208008
vt 0.2763672 0.37841797
vt 0.2758789 0.36279297
vt 0.6074219 0.36816406
vt 0.44628906 0.40625
vt 0.6074219 0.40649414
vt 0.44628906 0.36987305
vt 0.65771484 0.40600586
vt 0.6074219 0.36816406
vt 0.6074219 0.40649414
vt 0.65771484 0.36791992
vt 0.66259766 0.40063477
vt 0.6621094 0.37231445
vt 0.53027344 0.5566406
vt 0.52441406 0.57128906
vt 0.5307617 0.5708008
vt 0.51953125 0.5566406
vt 0.5136719 0.5566406
vt 0.52441406 0.57128906
vt 0.5083008 0.57128906
vt 0.49682617 0.5566406
vt 0.49682617 0.57128906
vt 0.4897461 0.5566406
vt 0.4802246 0.57128906
vt 0.47973633 0.5566406
vt 0.47436523 0.5566406
vt 0.4802246 0.57128906
vt 0.46923828 0.57128906
vt 0.46313477 0.5566406
vt 0.45751953 0.57128906
vt 0.45214844 0.5566406
vt 0.45166016 0.57128906
vt 0.12670898 0.21154785
vt 0.11401367 0.20593262
vt 0.117370605 0.21154785
vt 0.11993408 0.20593262
vt 0.12634277 0.20593262
vt 0.13232422 0.21154785
vt 0.13220215 0.20593262
vt 0.1439209 0.21154785
vt 0.13806152 0.20593262
vt 0.15637207 0.21154785
vt 0.14367676 0.21520996
vt 0.13244629 0.21520996
vt 0.13232422 0.21154785
vt 0.12670898 0.21154785
vt 0.12237549 0.21520996
vt 0.117370605 0.21154785
vt 0.11804199 0.21520996
vt 0.15649414 0.21520996
vt 0.16357422 0.21520996
vt 0.16955566 0.21154785
vt 0.16992188 0.21520996
vt 0.18151855 0.21154785
vt 0.18139648 0.21520996
vt 0.18725586 0.21520996
vt 0.19274902 0.21154785
vt 0.19812012 0.21520996
vt 0.20324707 0.21154785
vt 0.203125 0.21520996
vt 0.20788574 0.21154785
vt 0.16955566 0.21154785
vt 0.15588379 0.20593262
vt 0.16394043 0.20593262
vt 0.15014648 0.20593262
vt 0.1697998 0.20593262
vt 0.18151855 0.21154785
vt 0.14428711 0.2019043
vt 0.18151855 0.20593262
vt 0.19274902 0.21154785
vt 0.19299316 0.20593262
vt 0.20324707 0.21154785
vt 0.19885254 0.20593262
vt 0.20788574 0.21154785
vt 0.2109375 0.20593262
vt 0.2055664 0.2019043
vt 0.2121582 0.2019043
vt 0.19921875 0.2019043
vt 0.19299316 0.2019043
vt 0.18713379 0.2019043
vt 0.18151855 0.2019043
vt 0.17578125 0.2019043
vt 0.1697998 0.2019043
vt 0.16394043 0.2019043
vt 0.16394043 0.20593262
vt 0.15576172 0.2019043
vt 0.15588379 0.20593262
vt 0.14428711 0.2019043
vt 0.53466797 0.6645508
vt 0.50439453 0.6879883
vt 0.5366211 0.68896484
vt 0.5053711 0.66308594
vt 0.49487305 0.68847656
vt 0.49560547 0.66259766
vt 0.4868164 0.69140625
vt 0.48779297 0.6621094
vt 0.47631836 0.69140625
vt 0.47753906 0.6621094
vt 0.4650879 0.69091797
vt 0.46606445 0.6616211
vt 0.45166016 0.6904297
vt 0.45288086 0.6611328
vt 0.4404297 0.6899414
vt 0.4411621 0.6611328
vt 0.43164062 0.66064453
vt 0.42211914 0.6899414
vt 0.421875 0.6611328
vt 0.4099121 0.6899414
vt 0.40966797 0.6611328
vt 0.39624023 0.6904297
vt 0.39575195 0.6616211
vt 0.3857422 0.6904297
vt 0.38500977 0.6616211
vt 0.37573242 0.6904297
vt 0.375 0.6611328
vt 0.39648438 0.36938477
vt 0.44628906 0.40625
vt 0.44628906 0.36987305
vt 0.3972168 0.40795898
vt 0.39208984 0.37304688
vt 0.39282227 0.40454102
vt 0.39648438 0.36938477
vt 0.6035156 0.6635742
vt 0.5830078 0.68896484
vt 0.6040039 0.68847656
vt 0.58251953 0.66308594
vt 0.57666016 0.6635742
vt 0.5698242 0.6894531
vt 0.56884766 0.6635742
vt 0.56152344 0.6894531
vt 0.56103516 0.6635742
vt 0.5546875 0.6894531
vt 0.5546875 0.6640625
vt 0.5366211 0.68896484
vt 0.53466797 0.6645508
vt 0.2956543 0.048828125
vt 0.29101562 0.034332275
vt 0.29174805 0.051330566
vt 0.2993164 0.03778076
vt 0.30493164 0.051361084
vt 0.86328125 0.07867432
vt 0.8647461 0.06286621
vt 0.8540039 0.07092285
vt 0.85595703 0.05996704
vt 0.8598633 0.059661865
vt 0.8720703 0.070373535
vt 0.86328125 0.07867432
vt 0.89746094 0.062561035
vt 0.8979492 0.0690918
vt 0.90771484 0.06939697
vt 0.9067383 0.06286621
vt 0.4453125 0.69384766
vt 0.4428711 0.7241211
vt 0.44726562 0.71484375
vt 0.45214844 0.7182617
vt 0.44628906 0.7319336
vt 0.4465332 0.7402344
vt 0.44628906 0.7319336
vt 0.4597168 0.7192383
vt 0.47094727 0.7324219
vt 0.47436523 0.7236328
vt 0.46728516 0.7167969
vt 0.47070312 0.7114258
vt 0.47485352 0.69384766
vt 0.47094727 0.7402344
vt 0.47607422 0.7495117
vt 0.4584961 0.7832031
vt 0.47875977 0.7602539
vt 0.47607422 0.7734375
vt 0.46801758 0.78222656
vt 0.4387207 0.75927734
vt 0.44140625 0.74853516
vt 0.44067383 0.7729492
vt 0.44873047 0.78222656
vt 0.30029297 0.10296631
vt 0.29492188 0.09136963
vt 0.2927246 0.10461426
vt 0.30444336 0.105285645
vt 0.29077148 0.088134766
vt 0.2927246 0.10461426
vt 0.2890625 0.08319092
vt 0.28881836 0.11126709
vt 0.2697754 0.002664566
vt 0.2890625 0.05731201
vt 0.2919922 0.07678223
vt 0.29223633 0.06414795
vt 0.2890625 0.028503418
vt 0.29174805 0.051330566
vt 0.29101562 0.034332275
vt 0.2927246 0.021865845
vt 0.28881836 0.15441895
vt 0.2915039 0.117614746
vt 0.2890625 0.1829834
vt 0.2697754 0.19726562
vt 0.29174805 0.16027832
vt 0.2890625 0.20739746
vt 0.29223633 0.18920898
vt 0.29248047 0.20166016
vt 0.2890625 0.2368164
vt 0.29077148 0.21313477
vt 0.2915039 0.23083496
vt 0.27001953 0.2631836
vt 0.29174805 0.24291992
vt 0.29223633 0.18920898
vt 0.2998047 0.19946289
vt 0.2998047 0.19165039
vt 0.30419922 0.20153809
vt 0.63720703 0.83984375
vt 0.63671875 0.82373047
vt 0.62939453 0.83984375
vt 0.6254883 0.82373047
vt 0.62109375 0.83984375
vt 0.6176758 0.82373047
vt 0.6098633 0.8256836
vt 0.609375 0.83984375
vt 0.60546875 0.82470703
vt 0.6015625 0.83984375
vt 0.5957031 0.82373047
vt 0.5961914 0.83984375
vt 0.5883789 0.83984375
vt 0.5878906 0.82470703
vt 0.5800781 0.8251953
vt 0.5722656 0.83984375
vt 0.5722656 0.82373047
vt 0.32177734 0.80029297
vt 0.33007812 0.8027344
vt 0.3305664 0.7998047
vt 0.32177734 0.80371094
vt 0.32177734 0.80029297
vt 0.30371094 0.8027344
vt 0.30395508 0.7998047
vt 0.15649414 0.91845703
vt 0.15673828 0.91308594
vt 0.13720703 0.9165039
vt 0.15283203 0.89160156
vt 0.12121582 0.8925781
vt 0.1508789 0.8613281
vt 0.11706543 0.91259766
vt 0.11743164 0.9165039
vt 0.11218262 0.91308594
vt 0.123168945 0.8613281
vt 0.13220215 0.8203125
vt 0.14172363 0.8203125
vt 0.14099121 0.80908203
vt 0.1328125 0.80908203
vt 0.15112305 0.8198242
vt 0.122680664 0.81933594
vt 0.1583252 0.86083984
vt 0.11883545 0.81933594
vt 0.1159668 0.86083984
vt 0.15478516 0.8198242
vt 0.14453125 0.7783203
vt 0.15014648 0.7758789
vt 0.16149902 0.7714844
vt 0.17089844 0.85839844
vt 0.15893555 0.89453125
vt 0.1763916 0.88916016
vt 0.16137695 0.9135742
vt 0.18249512 0.91308594
vt 0.16357422 0.91796875
vt 0.15673828 0.91308594
vt 0.15649414 0.91845703
vt 0.103393555 0.8564453
vt 0.097595215 0.88720703
vt 0.11456299 0.89453125
vt 0.11218262 0.91308594
vt 0.09136963 0.91308594
vt 0.11651611 0.91796875
vt 0.10614014 0.7714844
vt 0.11462402 0.7709961
vt 0.11779785 0.7753906
vt 0.123535156 0.77734375
vt 0.58447266 0.34838867
vt 0.58740234 0.36376953
vt 0.61865234 0.35253906
vt 0.57421875 0.35986328
vt 0.55322266 0.34179688
vt 0.56396484 0.32910156
vt 0.5473633 0.31860352
vt 0.5410156 0.33325195
vt 0.5307617 0.31152344
vt 0.52441406 0.32666016
vt 0.51171875 0.30688477
vt 0.5078125 0.32080078
vt 0.43164062 0.7548828
vt 0.43530273 0.765625
vt 0.43603516 0.7324219
vt 0.38305664 0.7548828
vt 0.37719727 0.7651367
vt 0.024627686 0.037109375
vt 0.017486572 0.03274536
vt 0.016479492 0.037109375
vt 0.025360107 0.03274536
vt 0.032989502 0.037109375
vt 0.033203125 0.03274536
vt 0.04119873 0.037109375
vt 0.041015625 0.03274536
vt 0.04901123 0.037109375
vt 0.048828125 0.03274536
vt 0.05657959 0.037109375
vt 0.05645752 0.03274536
vt 0.06402588 0.037109375
vt 0.064208984 0.03274536
vt 0.071899414 0.037109375
vt 0.071777344 0.03274536
vt 0.0793457 0.037109375
vt 0.0793457 0.03274536
vt 0.08703613 0.037109375
vt 0.0869751 0.03274536
vt 0.09484863 0.037109375
vt 0.09460449 0.03274536
vt 0.10272217 0.037109375
vt 0.10211182 0.03274536
vt 0.11071777 0.037109375
vt 0.10998535 0.03274536
vt 0.40698242 0.16235352
vt 0.41186523 0.15771484
vt 0.4091797 0.15539551
vt 0.41064453 0.16235352
vt 0.40942383 0.1685791
vt 0.10144043 0.0021896362
vt 0.10876465 0.0066223145
vt 0.109375 0.0021896362
vt 0.10101318 0.0066223145
vt 0.09375 0.0021896362
vt 0.093566895 0.0066223145
vt 0.086242676 0.0021896362
vt 0.086120605 0.0066223145
vt 0.07879639 0.0021896362
vt 0.07873535 0.0066223145
vt 0.07147217 0.0021896362
vt 0.0713501 0.0066223145
vt 0.06402588 0.0021896362
vt 0.064086914 0.0066223145
vt 0.056518555 0.0021896362
vt 0.05657959 0.0066223145
vt 0.048980713 0.0021896362
vt 0.0491333 0.0066223145
vt 0.041412354 0.0021896362
vt 0.041778564 0.0066223145
vt 0.03375244 0.0021896362
vt 0.033996582 0.0066223145
vt 0.025848389 0.0021896362
vt 0.03375244 0.0021896362
vt 0.026367188 0.0066223145
vt 0.0178833 0.0021896362
vt 0.018585205 0.0066223145
vt 0.026397705 0.022003174
vt 0.018692017 0.017623901
vt 0.018478394 0.022003174
vt 0.026657104 0.017623901
vt 0.034057617 0.022003174
vt 0.034118652 0.017623901
vt 0.041656494 0.022003174
vt 0.04168701 0.017623901
vt 0.049224854 0.022003174
vt 0.048950195 0.017623901
vt 0.056671143 0.022003174
vt 0.056610107 0.017623901
vt 0.06402588 0.022003174
vt 0.064086914 0.017623901
vt 0.07141113 0.022003174
vt 0.07147217 0.017623901
vt 0.07885742 0.022003174
vt 0.07885742 0.017623901
vt 0.086242676 0.022003174
vt 0.08630371 0.017623901
vt 0.093688965 0.022003174
vt 0.093566895 0.017623901
vt 0.10119629 0.022003174
vt 0.10101318 0.017623901
vt 0.109069824 0.022003174
vt 0.10870361 0.017623901
vt 0.064086914 0.02458191
vt 0.07147217 0.02458191
vt 0.07891846 0.02458191
vt 0.08642578 0.02458191
vt 0.056610107 0.02458191
vt 0.049224854 0.022003174
vt 0.09387207 0.02458191
vt 0.093688965 0.022003174
vt 0.0491333 0.02458191
vt 0.041656494 0.022003174
vt 0.04159546 0.02458191
vt 0.034057617 0.022003174
vt 0.033966064 0.02458191
vt 0.026397705 0.022003174
vt 0.10119629 0.02458191
vt 0.10119629 0.022003174
vt 0.10827637 0.02458191
vt 0.109069824 0.022003174
vt 0.10845947 0.029937744
vt 0.1015625 0.029937744
vt 0.09442139 0.029937744
vt 0.08721924 0.029937744
vt 0.07940674 0.029937744
vt 0.07165527 0.029937744
vt 0.064086914 0.029937744
vt 0.056396484 0.029937744
vt 0.048736572 0.029937744
vt 0.04159546 0.02458191
vt 0.040924072 0.029937744
vt 0.033294678 0.029937744
vt 0.026489258 0.02458191
vt 0.018478394 0.022003174
vt 0.02583313 0.029937744
vt 0.01939392 0.02458191
vt 0.018997192 0.029937744
vt 0.30444336 0.27246094
vt 0.31835938 0.27563477
vt 0.31811523 0.27075195
vt 0.3034668 0.27612305
vt 0.29785156 0.8144531
vt 0.28955078 0.8100586
vt 0.28955078 0.81347656
vt 0.29858398 0.81103516
vt 0.30639648 0.81152344
vt 0.40966797 0.055541992
vt 0.41235352 0.057739258
vt 0.4182129 0.054992676
vt 0.4189453 0.051727295
vt 0.42456055 0.054626465
vt 0.42260742 0.056274414
vt 0.24853516 0.48461914
vt 0.24816895 0.4453125
vt 0.24243164 0.44604492
vt 0.25268555 0.484375
vt 0.25585938 0.71777344
vt 0.25952148 0.7182617
vt 0.2607422 0.72753906
vt 0.24987793 0.734375
vt 0.26245117 0.7475586
vt 0.2607422 0.72753906
vt 0.25195312 0.7495117
vt 0.16625977 0.6196289
vt 0.17468262 0.54003906
vt 0.16577148 0.54003906
vt 0.1751709 0.6191406
vt 0.30273438 0.4243164
vt 0.30786133 0.4020996
vt 0.30371094 0.4020996
vt 0.3071289 0.42797852
vt 0.28808594 0.4248047
vt 0.2878418 0.4284668
vt 0.5234375 0.16711426
vt 0.52246094 0.1763916
vt 0.6074219 0.16687012
vt 0.69921875 0.17456055
vt 0.6972656 0.16577148
vt 0.7817383 0.17358398
vt 0.76708984 0.17736816
vt 0.7553711 0.18200684
vt 0.74560547 0.19030762
vt 0.7807617 0.16491699
vt 0.70166016 0.20336914
vt 0.73339844 0.20288086
vt 0.5371094 0.20227051
vt 0.52978516 0.20043945
vt 0.5239258 0.1965332
vt 0.7011719 0.15563965
vt 0.78222656 0.14660645
vt 0.5786133 0.15490723
vt 0.6074219 0.16687012
vt 0.55566406 0.15625
vt 0.5234375 0.16711426
vt 0.5229492 0.1574707
vt 0.5834961 0.14916992
vt 0.7011719 0.1463623
vt 0.7817383 0.12017822
vt 0.7807617 0.10321045
vt 0.59521484 0.10180664
vt 0.5864258 0.11920166
vt 0.58740234 0.10028076
vt 0.6635742 0.08288574
vt 0.6826172 0.08337402
vt 0.67333984 0.07489014
vt 0.6743164 0.09088135
vt 0.6640625 0.09326172
vt 0.6743164 0.09088135
vt 0.6713867 0.093688965
vt 0.7084961 0.09283447
vt 0.6826172 0.08337402
vt 0.7080078 0.08496094
vt 0.29711914 0.8261719
vt 0.28881836 0.82177734
vt 0.28881836 0.8251953
vt 0.30541992 0.8232422
vt 0.38330078 0.62109375
vt 0.38964844 0.62158203
vt 0.38305664 0.6064453
vt 0.38305664 0.5942383
vt 0.37646484 0.5913086
vt 0.3762207 0.60839844
vt 0.38354492 0.57958984
vt 0.39746094 0.57958984
vt 0.39648438 0.62158203
vt 0.40649414 0.57958984
vt 0.40551758 0.62109375
vt 0.41503906 0.60839844
vt 0.4267578 0.5800781
vt 0.42651367 0.6220703
vt 0.4416504 0.5800781
vt 0.4411621 0.6225586
vt 0.45214844 0.5805664
vt 0.45288086 0.6220703
vt 0.4675293 0.5810547
vt 0.46655273 0.6220703
vt 0.47802734 0.62158203
vt 0.4794922 0.5805664
vt 0.49560547 0.6220703
vt 0.49487305 0.5805664
vt 0.50634766 0.6220703
vt 0.50634766 0.5805664
vt 0.5209961 0.5805664
vt 0.5214844 0.62158203
vt 0.53222656 0.57958984
vt 0.53271484 0.6220703
vt 0.5463867 0.57958984
vt 0.54785156 0.6220703
vt 0.55908203 0.62158203
vt 0.5571289 0.5800781
vt 0.5678711 0.57958984
vt 0.56884766 0.62109375
vt 0.57666016 0.57958984
vt 0.57714844 0.62109375
vt 0.5834961 0.6074219
vt 0.59033203 0.62109375
vt 0.58935547 0.57910156
vt 0.59033203 0.59277344
vt 0.5908203 0.60595703
vt 0.5966797 0.5908203
vt 0.59716797 0.60791016
vt 0.25708008 0.9038086
vt 0.24707031 0.9033203
vt 0.25341797 0.9121094
vt 0.24707031 0.90722656
vt 0.24890137 0.91552734
vt 0.24291992 0.91748047
vt 0.15588379 0.7636719
vt 0.15258789 0.7729492
vt 0.16149902 0.7714844
vt 0.15161133 0.76904297
vt 0.15112305 0.76123047
vt 0.1451416 0.7607422
vt 0.34985352 0.066345215
vt 0.35668945 0.076538086
vt 0.35717773 0.06365967
vt 0.34960938 0.07421875
vt 0.34448242 0.076660156
vt 0.34521484 0.064453125
vt 0.1751709 0.6191406
vt 0.16760254 0.6347656
vt 0.1763916 0.63427734
vt 0.16625977 0.6196289
vt 0.17651367 0.6401367
vt 0.16760254 0.6347656
vt 0.16748047 0.640625
vt 0.1763916 0.63427734
vt 0.41210938 0.09320068
vt 0.4074707 0.08862305
vt 0.40966797 0.09588623
vt 0.41088867 0.08868408
vt 0.4099121 0.08190918
vt 0.83203125 0.6298828
vt 0.828125 0.59472656
vt 0.82373047 0.62402344
vt 0.83740234 0.64208984
vt 0.828125 0.59472656
vt 0.8125 0.57470703
vt 0.81396484 0.62353516
vt 0.78759766 0.57128906
vt 0.80615234 0.6269531
vt 0.78808594 0.6303711
vt 0.79785156 0.64404297
vt 0.8510742 0.66503906
vt 0.83251953 0.65625
vt 0.7885742 0.68603516
vt 0.8178711 0.66308594
vt 0.8486328 0.68847656
vt 0.8417969 0.69873047
vt 0.83203125 0.70703125
vt 0.8046875 0.6582031
vt 0.7885742 0.7182617
vt 0.7832031 0.71875
vt 0.7578125 0.6821289
vt 0.78808594 0.6303711
vt 0.78759766 0.57128906
vt 0.7285156 0.5722656
vt 0.7294922 0.71875
vt 0.78271484 0.72216797
vt 0.7348633 0.7192383
vt 0.7348633 0.72265625
vt 0.13720703 0.9165039
vt 0.13427734 0.9189453
vt 0.15649414 0.91845703
vt 0.11743164 0.9165039
vt 0.11651611 0.91796875
vt 0.11218262 0.91308594
vt 0.43652344 0.53222656
vt 0.3840332 0.52783203
vt 0.38623047 0.5317383
vt 0.4411621 0.53027344
vt 0.39257812 0.7832031
vt 0.38867188 0.77685547
vt 0.39379883 0.7763672
vt 0.3857422 0.7910156
vt 0.38964844 0.7895508
vt 0.3894043 0.8100586
vt 0.37963867 0.77685547
vt 0.3852539 0.8222656
vt 0.39257812 0.8222656
vt 0.3791504 0.7832031
vt 0.37231445 0.7910156
vt 0.37451172 0.77685547
vt 0.36523438 0.7763672
vt 0.38208008 0.7910156
vt 0.38183594 0.81152344
vt 0.37548828 0.7910156
vt 0.37890625 0.8183594
vt 0.37890625 0.8222656
vt 0.37280273 0.8222656
vt 0.37597656 0.81103516
vt 0.36547852 0.7832031
vt 0.35913086 0.77685547
vt 0.36865234 0.7910156
vt 0.36865234 0.8105469
vt 0.36254883 0.79052734
vt 0.36547852 0.8183594
vt 0.36547852 0.8222656
vt 0.3623047 0.8100586
vt 0.35864258 0.8222656
vt 0.35913086 0.8100586
vt 0.35205078 0.8183594
vt 0.35205078 0.8222656
vt 0.34594727 0.8222656
vt 0.35546875 0.8100586
vt 0.3552246 0.79003906
vt 0.35205078 0.7832031
vt 0.35424805 0.7763672
vt 0.34887695 0.77685547
vt 0.34570312 0.78564453
vt 0.33984375 0.7763672
vt 0.3491211 0.79003906
vt 0.33862305 0.7832031
vt 0.3491211 0.81103516
vt 0.34179688 0.7910156
vt 0.34545898 0.80859375
vt 0.33862305 0.8222656
vt 0.34179688 0.8095703
vt 0.29785156 0.81933594
vt 0.28979492 0.8149414
vt 0.28979492 0.8183594
vt 0.2980957 0.81591797
vt 0.27319336 0.81689453
vt 0.28295898 0.81933594
vt 0.2824707 0.81640625
vt 0.28979492 0.8183594
vt 0.28979492 0.8149414
vt 0.4194336 0.20727539
vt 0.42260742 0.2130127
vt 0.42529297 0.21118164
vt 0.41870117 0.21057129
vt 0.41333008 0.2076416
vt 0.41235352 0.21228027
vt 0.42211914 0.1237793
vt 0.42773438 0.1184082
vt 0.4243164 0.1182251
vt 0.42529297 0.111328125
vt 0.42529297 0.111328125
vt 0.42285156 0.11291504
vt 0.41967773 0.10797119
vt 0.42529297 0.111328125
vt 0.41503906 0.111328125
vt 0.41381836 0.1083374
vt 0.41210938 0.113342285
vt 0.40966797 0.111083984
vt 0.29541016 0.80371094
vt 0.2854004 0.80126953
vt 0.27661133 0.8041992
vt 0.29516602 0.80126953
vt 0.3022461 0.80322266
vt 0.30297852 0.80029297
vt 0.46606445 0.19116211
vt 0.47143555 0.1854248
vt 0.46923828 0.18371582
vt 0.46923828 0.19152832
vt 0.46875 0.19824219
vt 0.47558594 0.18408203
vt 0.46923828 0.18371582
vt 0.47143555 0.1854248
vt 0.47485352 0.1809082
vt 0.48095703 0.18127441
vt 0.48242188 0.1862793
vt 0.48510742 0.18457031
vt 0.42285156 0.083740234
vt 0.4255371 0.082092285
vt 0.41625977 0.078063965
vt 0.41870117 0.08166504
vt 0.41259766 0.083496094
vt 0.4099121 0.08190918
vt 0.48486328 0.12487793
vt 0.48413086 0.11804199
vt 0.48217773 0.122924805
vt 0.48754883 0.11791992
vt 0.48168945 0.11248779
vt 0.48095703 0.10827637
vt 0.07147217 0.83203125
vt 0.07977295 0.8178711
vt 0.07128906 0.8178711
vt 0.07977295 0.83203125
vt 0.078186035 0.85009766
vt 0.07977295 0.83203125
vt 0.087402344 0.85009766
vt 0.08770752 0.83203125
vt 0.07977295 0.83203125
vt 0.07977295 0.8178711
vt 0.096069336 0.8178711
vt 0.09631348 0.83203125
vt 0.087402344 0.85009766
vt 0.09631348 0.83203125
vt 0.096191406 0.85009766
vt 0.10430908 0.83203125
vt 0.09631348 0.83203125
vt 0.096069336 0.8178711
vt 0.19262695 0.9121094
vt 0.19689941 0.90478516
vt 0.18811035 0.90478516
vt 0.19799805 0.90771484
vt 0.11608887 0.7685547
vt 0.11053467 0.76416016
vt 0.10614014 0.7714844
vt 0.11462402 0.7709961
vt 0.48217773 0.083862305
vt 0.4868164 0.08905029
vt 0.48486328 0.08258057
vt 0.4868164 0.08905029
vt 0.48339844 0.08911133
vt 0.48242188 0.0925293
vt 0.4807129 0.09851074
vt 0.48217773 0.083862305
vt 0.4802246 0.07904053
vt 0.47436523 0.081970215
vt 0.47338867 0.07891846
vt 0.47070312 0.084228516
vt 0.46826172 0.0826416
vt 0.48242188 0.037322998
vt 0.47998047 0.043273926
vt 0.48486328 0.03970337
vt 0.4753418 0.040405273
vt 0.46923828 0.040924072
vt 0.47143555 0.038970947
vt 0.46948242 0.03366089
vt 0.27661133 0.8041992
vt 0.2685547 0.80078125
vt 0.26904297 0.8041992
vt 0.27661133 0.80126953
vt 0.2854004 0.80126953
vt 0.3371582 0.8046875
vt 0.3305664 0.7998047
vt 0.33007812 0.8027344
vt 0.33789062 0.8017578
vt 0.11151123 0.73876953
vt 0.10430908 0.75146484
vt 0.11755371 0.74902344
vt 0.101745605 0.7397461
vt 0.09326172 0.75146484
vt 0.099609375 0.3383789
vt 0.1081543 0.33813477
vt 0.10656738 0.040283203
vt 0.09326172 0.040283203
vt 0.09118652 0.33862305
vt 0.08569336 0.040283203
vt 0.09289551 0.7402344
vt 0.084472656 0.75097656
vt 0.08441162 0.7402344
vt 0.07763672 0.040283203
vt 0.07678223 0.75146484
vt 0.076171875 0.74072266
vt 0.068847656 0.7524414
vt 0.06921387 0.040283203
vt 0.06768799 0.74121094
vt 0.059936523 0.75390625
vt 0.059417725 0.7416992
vt 0.0602417 0.040283203
vt 0.050598145 0.75341797
vt 0.050994873 0.7416992
vt 0.05126953 0.040283203
vt 0.041931152 0.7524414
vt 0.04196167 0.040283203
vt 0.04284668 0.74121094
vt 0.033935547 0.7519531
vt 0.033416748 0.040283203
vt 0.03488159 0.74121094
vt 0.025375366 0.7519531
vt 0.028442383 0.33911133
vt 0.025344849 0.040283203
vt 0.026535034 0.74072266
vt 0.014884949 0.75146484
vt 0.01979065 0.33862305
vt 0.012237549 0.040283203
vt 0.01121521 0.33813477
vt 0.017913818 0.7402344
vt 0.0019340515 0.74853516
vt 0.008407593 0.73828125
vt 0.33764648 0.80029297
vt 0.33129883 0.79541016
vt 0.33081055 0.79833984
vt 0.3383789 0.7973633
vt 0.36401367 0.7470703
vt 0.37402344 0.7475586
vt 0.3786621 0.7319336
vt 0.375 0.72753906
vt 0.37036133 0.7167969
vt 0.36645508 0.71728516
vt 0.375 0.4831543
vt 0.36743164 0.5805664
vt 0.37109375 0.48291016
vt 0.37426758 0.44555664
vt 0.3803711 0.44677734
vt 0.29711914 0.8305664
vt 0.2890625 0.8261719
vt 0.2890625 0.82910156
vt 0.29736328 0.82714844
vt 0.42504883 0.24731445
vt 0.42504883 0.25439453
vt 0.42797852 0.24707031
vt 0.42211914 0.24194336
vt 0.027023315 0.009147644
vt 0.018585205 0.0066223145
vt 0.020050049 0.009147644
vt 0.026367188 0.0066223145
vt 0.03414917 0.009147644
vt 0.033996582 0.0066223145
vt 0.04168701 0.009147644
vt 0.041778564 0.0066223145
vt 0.049438477 0.009147644
vt 0.0491333 0.0066223145
vt 0.056640625 0.009147644
vt 0.05657959 0.0066223145
vt 0.063964844 0.009147644
vt 0.064086914 0.0066223145
vt 0.07122803 0.009147644
vt 0.0713501 0.0066223145
vt 0.07849121 0.009147644
vt 0.07873535 0.0066223145
vt 0.0859375 0.009147644
vt 0.086120605 0.0066223145
vt 0.093322754 0.009147644
vt 0.093566895 0.0066223145
vt 0.10058594 0.009147644
vt 0.10101318 0.0066223145
vt 0.107543945 0.009147644
vt 0.10876465 0.0066223145
vt 0.06390381 0.014251709
vt 0.05657959 0.014251709
vt 0.0713501 0.014251709
vt 0.049438477 0.009147644
vt 0.07122803 0.009147644
vt 0.049072266 0.014251709
vt 0.07891846 0.014251709
vt 0.04168701 0.009147644
vt 0.07849121 0.009147644
vt 0.04144287 0.014251709
vt 0.08654785 0.014251709
vt 0.03414917 0.009147644
vt 0.0859375 0.009147644
vt 0.033935547 0.014251709
vt 0.093688965 0.014251709
vt 0.027023315 0.009147644
vt 0.093322754 0.009147644
vt 0.026855469 0.014251709
vt 0.020050049 0.009147644
vt 0.02029419 0.014251709
vt 0.10070801 0.014251709
vt 0.10058594 0.009147644
vt 0.10723877 0.014251709
vt 0.107543945 0.009147644
vt 0.41479492 0.18457031
vt 0.4091797 0.18444824
vt 0.41210938 0.18640137
vt 0.41845703 0.18066406
vt 0.42236328 0.1854248
vt 0.42456055 0.18347168
vt 0.42456055 0.19116211
vt 0.50341797 0.6538086
vt 0.51123047 0.6303711
vt 0.50439453 0.6308594
vt 0.5102539 0.6542969
vt 0.15722656 0.19970703
vt 0.15026855 0.19616699
vt 0.15014648 0.19970703
vt 0.15710449 0.19616699
vt 0.16564941 0.19970703
vt 0.16552734 0.19616699
vt 0.1730957 0.19970703
vt 0.1730957 0.19616699
vt 0.18151855 0.19970703
vt 0.18127441 0.19616699
vt 0.18786621 0.19970703
vt 0.18835449 0.19616699
vt 0.19482422 0.19970703
vt 0.1953125 0.19616699
vt 0.20214844 0.19970703
vt 0.20227051 0.19616699
vt 0.20910645 0.19970703
vt 0.20922852 0.19616699
vt 0.21679688 0.19970703
vt 0.21643066 0.19616699
vt 0.22460938 0.19970703
vt 0.22375488 0.19616699
vt 0.23242188 0.19970703
vt 0.23059082 0.19616699
vt 0.42504883 0.16235352
vt 0.42504883 0.15441895
vt 0.42285156 0.15625
vt 0.42236328 0.16723633
vt 0.42797852 0.16210938
vt 0.42504883 0.15441895
vt 0.4194336 0.1517334
vt 0.42504883 0.15441895
vt 0.41845703 0.15490723
vt 0.41357422 0.15222168
vt 0.41186523 0.15771484
vt 0.4091797 0.15539551
vt 0.46606445 0.65185547
vt 0.4658203 0.6303711
vt 0.45410156 0.65722656
vt 0.45263672 0.6254883
vt 0.44384766 0.6245117
vt 0.44555664 0.6586914
vt 0.43554688 0.65625
vt 0.4255371 0.6328125
vt 0.4255371 0.6513672
vt 0.41088867 0.6333008
vt 0.4116211 0.6508789
vt 0.40185547 0.6279297
vt 0.40234375 0.65722656
vt 0.38623047 0.6279297
vt 0.38745117 0.65722656
vt 0.3774414 0.6357422
vt 0.3779297 0.6513672
vt 0.026657104 0.017623901
vt 0.02029419 0.014251709
vt 0.018692017 0.017623901
vt 0.026855469 0.014251709
vt 0.034118652 0.017623901
vt 0.033935547 0.014251709
vt 0.04168701 0.017623901
vt 0.04144287 0.014251709
vt 0.048950195 0.017623901
vt 0.049072266 0.014251709
vt 0.056610107 0.017623901
vt 0.05657959 0.014251709
vt 0.064086914 0.017623901
vt 0.06390381 0.014251709
vt 0.07147217 0.017623901
vt 0.0713501 0.014251709
vt 0.07885742 0.017623901
vt 0.07891846 0.014251709
vt 0.08630371 0.017623901
vt 0.08654785 0.014251709
vt 0.093566895 0.017623901
vt 0.093688965 0.014251709
vt 0.10101318 0.017623901
vt 0.10070801 0.014251709
vt 0.10870361 0.017623901
vt 0.10723877 0.014251709
vt 0.46606445 0.16271973
vt 0.4716797 0.15673828
vt 0.46899414 0.15490723
vt 0.46923828 0.16235352
vt 0.46948242 0.16918945
vt 0.25146484 0.002380371
vt 0.2631836 0.072265625
vt 0.2631836 0.0027179718
vt 0.2524414 0.072265625
vt 0.24157715 0.0023384094
vt 0.24255371 0.072265625
vt 0.23266602 0.0024604797
vt 0.23181152 0.072265625
vt 0.22143555 0.0024852753
vt 0.22094727 0.072387695
vt 0.21118164 0.002708435
vt 0.21081543 0.072143555
vt 0.20166016 0.0025787354
vt 0.20019531 0.07232666
vt 0.19055176 0.0024871826
vt 0.19030762 0.072387695
vt 0.17932129 0.0024700165
vt 0.17956543 0.072265625
vt 0.16882324 0.002456665
vt 0.1697998 0.07232666
vt 0.15979004 0.0025539398
vt 0.16064453 0.072265625
vt 0.14782715 0.0025997162
vt 0.14953613 0.07220459
vt 0.13623047 0.0025939941
vt 0.13830566 0.072143555
vt 0.12609863 0.0024299622
vt 0.12609863 0.072143555
vt 0.11602783 0.0026836395
vt 0.11529541 0.07220459
vt 0.46923828 0.040924072
vt 0.46948242 0.03366089
vt 0.46606445 0.0340271
vt 0.47070312 0.028030396
vt 0.46826172 0.026412964
vt 0.48339844 0.062408447
vt 0.48413086 0.06982422
vt 0.4868164 0.062438965
vt 0.48168945 0.057800293
vt 0.484375 0.055755615
vt 0.9399414 0.016113281
vt 0.95214844 0.023635864
vt 0.9511719 0.01586914
vt 0.9433594 0.023925781
vt 0.93359375 0.024093628
vt 0.7260742 0.017684937
vt 0.72216797 0.02519226
vt 0.69677734 0.0024299622
vt 0.6816406 0.025268555
vt 0.6816406 0.0028247833
vt 0.6591797 0.025222778
vt 0.6557617 0.0023155212
vt 0.64160156 0.001964569
vt 0.6425781 0.02557373
vt 0.6245117 0.0018444061
vt 0.62646484 0.02571106
vt 0.6069336 0.00308609
vt 0.6064453 0.024765015
vt 0.484375 0.055755615
vt 0.47875977 0.05545044
vt 0.48168945 0.057800293
vt 0.47998047 0.052459717
vt 0.4741211 0.052490234
vt 0.47070312 0.057769775
vt 0.46826172 0.05606079
vt 0.25634766 0.27807617
vt 0.22314453 0.28125
vt 0.25732422 0.28173828
vt 0.22290039 0.2775879
vt 0.4128418 0.04208374
vt 0.41430664 0.03894043
vt 0.41088867 0.033843994
vt 0.4189453 0.04333496
vt 0.42260742 0.038146973
vt 0.42456055 0.040222168
vt 0.42211914 0.19689941
vt 0.42773438 0.19116211
vt 0.42456055 0.19116211
vt 0.42456055 0.18347168
vt 0.10272217 0.037109375
vt 0.10656738 0.040283203
vt 0.11071777 0.037109375
vt 0.09484863 0.037109375
vt 0.09326172 0.040283203
vt 0.08703613 0.037109375
vt 0.08569336 0.040283203
vt 0.0793457 0.037109375
vt 0.07763672 0.040283203
vt 0.071899414 0.037109375
vt 0.06921387 0.040283203
vt 0.06402588 0.037109375
vt 0.0602417 0.040283203
vt 0.05657959 0.037109375
vt 0.05126953 0.040283203
vt 0.04901123 0.037109375
vt 0.04119873 0.037109375
vt 0.04196167 0.040283203
vt 0.032989502 0.037109375
vt 0.033416748 0.040283203
vt 0.024627686 0.037109375
vt 0.025344849 0.040283203
vt 0.016479492 0.037109375
vt 0.012237549 0.040283203
vt 0.47924805 0.022216797
vt 0.47460938 0.025436401
vt 0.48095703 0.027191162
vt 0.4736328 0.02229309
vt 0.47070312 0.028030396
vt 0.46826172 0.026412964
vt 0.48095703 0.027191162
vt 0.48706055 0.03274536
vt 0.47924805 0.022216797
vt 0.48388672 0.032928467
vt 0.48486328 0.03970337
vt 0.48242188 0.037322998
vt 0.5234375 0.33129883
vt 0.5078125 0.32080078
vt 0.50683594 0.3256836
vt 0.52441406 0.32666016
vt 0.5395508 0.3371582
vt 0.5410156 0.33325195
vt 0.55078125 0.34570312
vt 0.55322266 0.34179688
vt 0.57177734 0.36157227
vt 0.57421875 0.35986328
vt 0.58740234 0.36376953
vt 0.48095703 0.10827637
vt 0.47485352 0.111450195
vt 0.48168945 0.11248779
vt 0.47387695 0.10821533
vt 0.4711914 0.113342285
vt 0.46850586 0.1116333
vt 0.1295166 0.18554688
vt 0.123168945 0.17126465
vt 0.125 0.18554688
vt 0.13342285 0.17126465
vt 0.13964844 0.18554688
vt 0.15161133 0.18554688
vt 0.16442871 0.18554688
vt 0.16442871 0.17126465
vt 0.17260742 0.17126465
vt 0.17919922 0.18554688
vt 0.18566895 0.17126465
vt 0.19189453 0.18554688
vt 0.19824219 0.17126465
vt 0.20361328 0.18554688
vt 0.20422363 0.17126465
vt 0.21533203 0.17126465
vt 0.21386719 0.18554688
vt 0.2199707 0.17126465
vt 0.025360107 0.03274536
vt 0.018997192 0.029937744
vt 0.017486572 0.03274536
vt 0.02583313 0.029937744
vt 0.033203125 0.03274536
vt 0.033294678 0.029937744
vt 0.041015625 0.03274536
vt 0.040924072 0.029937744
vt 0.048828125 0.03274536
vt 0.048736572 0.029937744
vt 0.05645752 0.03274536
vt 0.056396484 0.029937744
vt 0.064208984 0.03274536
vt 0.064086914 0.029937744
vt 0.071777344 0.03274536
vt 0.07165527 0.029937744
vt 0.0793457 0.03274536
vt 0.07940674 0.029937744
vt 0.0869751 0.03274536
vt 0.08721924 0.029937744
vt 0.09460449 0.03274536
vt 0.09442139 0.029937744
vt 0.10211182 0.03274536
vt 0.1015625 0.029937744
vt 0.10998535 0.03274536
vt 0.10845947 0.029937744
vt 0.32373047 0.7988281
vt 0.31396484 0.79589844
vt 0.30493164 0.79833984
vt 0.30493164 0.79541016
vt 0.32373047 0.7988281
vt 0.33129883 0.79541016
vt 0.33081055 0.79833984
vt 0.48510742 0.6948242
vt 0.48901367 0.7246094
vt 0.4897461 0.71240234
vt 0.49536133 0.71728516
vt 0.4921875 0.73339844
vt 0.50341797 0.72021484
vt 0.5161133 0.73291016
vt 0.5151367 0.71484375
vt 0.51953125 0.72509766
vt 0.51953125 0.69433594
vt 0.51660156 0.69433594
vt 0.51660156 0.74121094
vt 0.49194336 0.7416992
vt 0.4868164 0.75097656
vt 0.5214844 0.75
vt 0.5239258 0.7602539
vt 0.4951172 0.78271484
vt 0.5214844 0.7739258
vt 0.5131836 0.78271484
vt 0.4873047 0.77441406
vt 0.48413086 0.76171875
vt 0.21582031 0.8564453
vt 0.2064209 0.85546875
vt 0.20812988 0.8574219
vt 0.21740723 0.85498047
vt 0.47973633 0.6533203
vt 0.48754883 0.6298828
vt 0.4802246 0.62939453
vt 0.48657227 0.6533203
vt 0.4790039 0.005088806
vt 0.47436523 0.0024318695
vt 0.46826172 0.0051078796
vt 0.42138672 0.0014123917
vt 0.42529297 0.0055732727
vt 0.41015625 0.0022735596
vt 0.41577148 0.00459671
vt 0.41088867 0.006389618
vt 0.3857422 0.003545761
vt 0.3857422 0.0072517395
vt 0.48388672 0.0064086914
vt 0.4790039 0.005088806
vt 0.48535156 0.0026683807
vt 0.5078125 0.006942749
vt 0.5078125 0.003452301
vt 0.86572266 0.08874512
vt 0.85498047 0.088256836
vt 0.85253906 0.16918945
vt 0.8676758 0.32714844
vt 0.8510742 0.32666016
vt 0.86816406 0.33422852
vt 0.85009766 0.33154297
vt 0.8769531 0.3347168
vt 0.8647461 0.33984375
vt 0.84814453 0.33862305
vt 0.8696289 0.34057617
vt 0.8691406 0.3347168
vt 0.8779297 0.3408203
vt 0.88378906 0.33544922
vt 0.12017822 0.19970703
vt 0.11437988 0.19616699
vt 0.1126709 0.19970703
vt 0.121032715 0.19616699
vt 0.12805176 0.19970703
vt 0.12878418 0.19616699
vt 0.13586426 0.19970703
vt 0.1361084 0.19616699
vt 0.14331055 0.19970703
vt 0.14331055 0.19616699
vt 0.15014648 0.19970703
vt 0.121032715 0.19616699
vt 0.120910645 0.18847656
vt 0.11437988 0.19616699
vt 0.12561035 0.18847656
vt 0.12878418 0.19616699
vt 0.1361084 0.19616699
vt 0.1373291 0.18847656
vt 0.14331055 0.19616699
vt 0.15026855 0.19616699
vt 0.1505127 0.18847656
vt 0.15710449 0.19616699
vt 0.16552734 0.19616699
vt 0.16540527 0.18847656
vt 0.1730957 0.19616699
vt 0.17370605 0.18847656
vt 0.18127441 0.19616699
vt 0.18103027 0.18847656
vt 0.18835449 0.19616699
vt 0.1953125 0.19616699
vt 0.19433594 0.18847656
vt 0.20227051 0.19616699
vt 0.20129395 0.18847656
vt 0.20922852 0.19616699
vt 0.21643066 0.19616699
vt 0.21398926 0.18847656
vt 0.22375488 0.19616699
vt 0.21972656 0.18847656
vt 0.23059082 0.19616699
vt 0.13830566 0.2019043
vt 0.14428711 0.2019043
vt 0.13220215 0.2019043
vt 0.13220215 0.20593262
vt 0.12573242 0.2019043
vt 0.12634277 0.20593262
vt 0.119018555 0.2019043
vt 0.11993408 0.20593262
vt 0.32055664 0.80859375
vt 0.32739258 0.8076172
vt 0.32202148 0.80566406
vt 0.3149414 0.80810547
vt 0.31274414 0.8149414
vt 0.31054688 0.81347656
vt 0.31274414 0.82128906
vt 0.30981445 0.81933594
vt 0.31103516 0.82421875
vt 0.31567383 0.8256836
vt 0.31567383 0.82910156
vt 0.32177734 0.8310547
vt 0.32177734 0.8286133
vt 0.328125 0.82910156
vt 0.33081055 0.82373047
vt 0.3330078 0.82470703
vt 0.32739258 0.8076172
vt 0.32641602 0.8095703
vt 0.33276367 0.8120117
vt 0.33203125 0.8178711
vt 0.3330078 0.82470703
vt 0.33447266 0.8178711
vt 0.2697754 0.002664566
vt 0.26660156 0.0028324127
vt 0.26660156 0.07098389
vt 0.26660156 0.19726562
vt 0.2697754 0.19726562
vt 0.2668457 0.2631836
vt 0.27001953 0.2631836
vt 0.38232422 0.2631836
vt 0.37890625 0.20837402
vt 0.37890625 0.2631836
vt 0.38183594 0.10253906
vt 0.37890625 0.0023593903
vt 0.38208008 0.0030841827
vt 0.4104004 0.2775879
vt 0.3864746 0.27368164
vt 0.3869629 0.2770996
vt 0.4111328 0.27392578
vt 0.41870117 0.27783203
vt 0.4182129 0.27416992
vt 0.42773438 0.2770996
vt 0.4260254 0.27416992
vt 0.4658203 0.27734375
vt 0.46728516 0.27416992
vt 0.4819336 0.27734375
vt 0.48120117 0.27368164
vt 0.5058594 0.2770996
vt 0.50634766 0.27392578
vt 0.14831543 0.26953125
vt 0.15063477 0.28393555
vt 0.15112305 0.27661133
vt 0.14208984 0.2956543
vt 0.13500977 0.29833984
vt 0.12487793 0.29760742
vt 0.1184082 0.29370117
vt 0.11401367 0.28759766
vt 0.11248779 0.28027344
vt 0.11730957 0.26635742
vt 0.12310791 0.26171875
vt 0.1303711 0.26000977
vt 0.14355469 0.26416016
vt 0.8442383 0.05923462
vt 0.8540039 0.07092285
vt 0.85595703 0.05996704
vt 0.80322266 0.06976318
vt 0.7817383 0.05630493
vt 0.78027344 0.06939697
vt 0.7763672 0.056427002
vt 0.76904297 0.07409668
vt 0.76220703 0.05859375
vt 0.7089844 0.081970215
vt 0.734375 0.06124878
vt 0.71191406 0.06573486
vt 0.71435547 0.061462402
vt 0.72216797 0.058898926
vt 0.7089844 0.081970215
vt 0.25317383 0.12164307
vt 0.24609375 0.11779785
vt 0.25756836 0.12866211
vt 0.25756836 0.13684082
vt 0.2536621 0.1439209
vt 0.2467041 0.14819336
vt 0.23852539 0.1484375
vt 0.23120117 0.14453125
vt 0.22692871 0.1373291
vt 0.22680664 0.12902832
vt 0.23095703 0.12194824
vt 0.23803711 0.11791992
vt 0.8022461 0.72753906
vt 0.796875 0.7290039
vt 0.8051758 0.7294922
vt 0.80566406 0.72753906
vt 0.47143555 0.09466553
vt 0.46899414 0.09674072
vt 0.4741211 0.099365234
vt 0.4794922 0.09576416
vt 0.4807129 0.09851074
vt 0.48242188 0.0925293
vt 0.4819336 0.15673828
vt 0.48461914 0.15478516
vt 0.47875977 0.15441895
vt 0.4716797 0.15673828
vt 0.46899414 0.15490723
vt 0.4790039 0.12536621
vt 0.48486328 0.12487793
vt 0.48217773 0.122924805
vt 0.4802246 0.12841797
vt 0.47387695 0.12890625
vt 0.4716797 0.12408447
vt 0.46899414 0.12585449
vt 0.3569336 0.10534668
vt 0.35766602 0.08874512
vt 0.35327148 0.103027344
vt 0.34887695 0.091796875
vt 0.34472656 0.10498047
vt 0.34472656 0.089660645
vt 0.41918945 0.096069336
vt 0.42504883 0.095825195
vt 0.42260742 0.094055176
vt 0.41992188 0.09906006
vt 0.41357422 0.09899902
vt 0.41210938 0.09320068
vt 0.40966797 0.09588623
vt 0.1496582 0.22668457
vt 0.15258789 0.23352051
vt 0.14428711 0.22143555
vt 0.13696289 0.21838379
vt 0.12939453 0.21838379
vt 0.12243652 0.22143555
vt 0.11669922 0.2265625
vt 0.11352539 0.23364258
vt 0.11328125 0.24108887
vt 0.11590576 0.24841309
vt 0.12225342 0.2548828
vt 0.13000488 0.2578125
vt 0.13891602 0.25732422
vt 0.14538574 0.25390625
vt 0.1505127 0.24829102
vt 0.15283203 0.24084473
vt 0.25732422 0.20837402
vt 0.22473145 0.20837402
vt 0.25732422 0.2232666
vt 0.24291992 0.2631836
vt 0.22290039 0.2775879
vt 0.25634766 0.27807617
vt 0.18737793 0.27685547
vt 0.18469238 0.27075195
vt 0.18005371 0.26611328
vt 0.16723633 0.26342773
vt 0.16088867 0.26586914
vt 0.15600586 0.2709961
vt 0.15332031 0.2770996
vt 0.15332031 0.28393555
vt 0.16027832 0.29492188
vt 0.1685791 0.29785156
vt 0.17504883 0.29736328
vt 0.18103027 0.2944336
vt 0.1854248 0.28955078
vt 0.1875 0.28344727
vt 0.20629883 0.81396484
vt 0.20507812 0.7832031
vt 0.20385742 0.7832031
vt 0.20043945 0.76171875
vt 0.41992188 0.09906006
vt 0.42529297 0.111328125
vt 0.41967773 0.10797119
vt 0.41357422 0.09899902
vt 0.41381836 0.1083374
vt 0.40966797 0.09588623
vt 0.35473633 0.03692627
vt 0.35742188 0.05154419
vt 0.35009766 0.048614502
vt 0.3449707 0.035705566
vt 0.30004883 0.066223145
vt 0.30493164 0.0770874
vt 0.3005371 0.07446289
vt 0.2919922 0.07678223
vt 0.28808594 0.42260742
vt 0.28100586 0.41870117
vt 0.28027344 0.41967773
vt 0.29711914 0.42041016
vt 0.27954102 0.3996582
vt 0.3005371 0.4182129
vt 0.2998047 0.39916992
vt 0.16894531 0.2529297
vt 0.17272949 0.26245117
vt 0.16479492 0.25830078
vt 0.18395996 0.2626953
vt 0.16442871 0.2475586
vt 0.18273926 0.25585938
vt 0.1583252 0.25073242
vt 0.1932373 0.25854492
vt 0.16259766 0.23986816
vt 0.15551758 0.23950195
vt 0.16418457 0.23254395
vt 0.15783691 0.22973633
vt 0.16882324 0.22692871
vt 0.1640625 0.22167969
vt 0.17614746 0.22338867
vt 0.17456055 0.21655273
vt 0.18457031 0.22387695
vt 0.18640137 0.21728516
vt 0.19018555 0.22729492
vt 0.19421387 0.22155762
vt 0.19421387 0.2331543
vt 0.20056152 0.22998047
vt 0.19567871 0.24072266
vt 0.20275879 0.2409668
vt 0.18908691 0.25268555
vt 0.19946289 0.25146484
vt 0.15759277 0.30419922
vt 0.17333984 0.30981445
vt 0.16760254 0.3017578
vt 0.15979004 0.29711914
vt 0.1665039 0.31274414
vt 0.15002441 0.30322266
vt 0.17541504 0.3203125
vt 0.14868164 0.2956543
vt 0.14208984 0.30615234
vt 0.1381836 0.2998047
vt 0.13647461 0.31201172
vt 0.13012695 0.30908203
vt 0.13513184 0.31958008
vt 0.12780762 0.31958008
vt 0.13684082 0.32666016
vt 0.13012695 0.33007812
vt 0.14111328 0.3322754
vt 0.13647461 0.33789062
vt 0.14782715 0.33544922
vt 0.1459961 0.3425293
vt 0.15527344 0.33544922
vt 0.15686035 0.3425293
vt 0.16174316 0.3322754
vt 0.16625977 0.3383789
vt 0.16796875 0.32006836
vt 0.17285156 0.33007812
vt 0.6801758 0.6425781
vt 0.6723633 0.640625
vt 0.68408203 0.65625
vt 0.6845703 0.63183594
vt 0.6660156 0.6694336
vt 0.68896484 0.59375
vt 0.69677734 0.6245117
vt 0.66796875 0.6850586
vt 0.6772461 0.7006836
vt 0.6899414 0.70996094
vt 0.6933594 0.6635742
vt 0.70996094 0.6269531
vt 0.7006836 0.57666016
vt 0.7285156 0.5722656
vt 0.71777344 0.6347656
vt 0.7294922 0.71875
vt 0.7060547 0.66308594
vt 0.71875 0.6484375
vn -0.99853516 -0.031341553 -0.042663574
vn -0.99853516 -0.031341553 -0.042663574
vn -0.99853516 -0.031341553 -0.042663574
vn 0.13586426 -0.015930176 0.99072266
vn 0.00522995 0.016296387 1
vn 0.013687134 0.025665283 0.9995117
vn -0.0019264221 0.0063209534 1
vn 0.00522995 0.016296387 1
vn 0.11279297 -0.42358398 0.8989258
vn 0.9746094 -0.2241211 -0.00089645386
vn 0.9746094 -0.2241211 -0.00089645386
vn 0.9746094 -0.2241211 -0.00089645386
vn -0.9746094 0.2241211 0.00089645386
vn -0.9746094 0.2241211 0.00089645386
vn -0.9746094 0.2241211 0.00089645386
vn -0.9838867 0.17590332 -0.025466919
vn -0.9838867 0.17590332 -0.025466919
vn -0.9838867 0.17590332 -0.025466919
vn 0.9838867 -0.17590332 0.025466919
vn 0.9838867 -0.17590332 0.025466919
vn 0.9838867 -0.17590332 0.025466919
vn 0.99902344 -0.0050354004 -0.047058105
vn 0.9995117 0.02911377 -0.024765015
vn 0.9980469 0.05886841 0.025421143
vn 0.99560547 -0.024108887 -0.091796875
vn 0.9995117 0.02911377 -0.024765015
vn 0.9975586 0.013664246 -0.06567383
vn 0.024490356 0.15283203 -0.98779297
vn 0.09515381 0.17248535 -0.98046875
vn -0.99902344 0.0034332275 -0.039489746
vn 0.0042800903 0.018875122 -1
vn 0.013809204 0.037139893 -0.99902344
vn 0.020431519 0.049865723 -0.99853516
vn 0.013809204 0.037139893 -0.99902344
vn -0.0031776428 0.0045433044 -1
vn -0.96777344 0.040252686 -0.24890137
vn -0.96777344 0.040252686 -0.24890137
vn -0.96777344 0.040252686 -0.24890137
vn 0.96777344 -0.040252686 0.24890137
vn 0.96777344 -0.040252686 0.24890137
vn 0.96777344 -0.040252686 0.24890137
vn 0.09515381 0.17248535 -0.98046875
vn 0.024490356 0.15283203 -0.98779297
vn 0.24560547 0.12390137 -0.9614258
vn 0.1829834 0.0826416 -0.9794922
vn 0.024490356 0.15283203 -0.98779297
vn 0.21594238 0.072387695 -0.9736328
vn 0.88427734 0.050598145 -0.4645996
vn 0.0005350113 -0.009025574 1
vn 0.055999756 -0.031051636 0.9980469
vn -0.030761719 0.097961426 0.9946289
vn -0.0077552795 0.045806885 0.99902344
vn -0.030761719 0.097961426 0.9946289
vn 0.079833984 0.23510742 0.96875
vn 0.008132935 0.04055786 0.99902344
vn 0.0045700073 0.016464233 1
vn 0.008171082 0.005428314 1
vn 0.107666016 0.08880615 0.9902344
vn 0.012878418 0.2220459 0.97509766
vn 0.036621094 0.24987793 0.96777344
vn 0.103271484 0.29760742 0.94921875
vn 0.16320801 0.70996094 0.6850586
vn 0.16320801 0.70996094 0.6850586
vn 0.16320801 0.70996094 0.6850586
vn -0.16320801 -0.70996094 -0.6850586
vn -0.16320801 -0.70996094 -0.6850586
vn -0.16320801 -0.70996094 -0.6850586
vn 0.048797607 -0.17822266 0.98291016
vn -0.022506714 -0.25561523 0.9663086
vn -0.21142578 -0.3955078 0.89404297
vn 0.048797607 -0.17822266 0.98291016
vn 0.09301758 -0.05633545 0.9941406
vn 0.046417236 0.11090088 0.9926758
vn -0.0077552795 0.045806885 0.99902344
vn 0.079833984 0.23510742 0.96875
vn 0.120910645 0.24536133 0.96191406
vn 0.14282227 0.65527344 0.7416992
vn 0.14282227 0.65527344 0.7416992
vn 0.14282227 0.65527344 0.7416992
vn -0.14282227 -0.65527344 -0.7416992
vn -0.14282227 -0.65527344 -0.7416992
vn -0.14282227 -0.65527344 -0.7416992
vn -1 0.008270264 -0.0031318665
vn -0.7524414 0.6586914 -0.002735138
vn -0.99902344 0.04244995 -0.02015686
vn -0.94140625 0.3371582 0.016342163
vn -1 0.020812988 0.003791809
vn -0.99658203 0.07574463 0.029678345
vn -0.7524414 0.6586914 -0.002735138
vn -0.9160156 0.40063477 0.0026626587
vn -0.9223633 0.3864746 0.005340576
vn -1 -0.005344391 0.0048446655
vn -1 0.021835327 0.001156807
vn 0.43041992 0.8964844 -0.10333252
vn 0.9873047 0.1574707 0.017852783
vn 0.10449219 0.9946289 0.0055885315
vn 0.9941406 0.07006836 0.082092285
vn 0.10449219 0.9946289 0.0055885315
vn 0.97998047 -0.022888184 -0.19812012
vn 0.43041992 0.8964844 -0.10333252
vn 0.4086914 -0.36816406 -0.83496094
vn 0.68603516 -0.3334961 -0.6464844
vn 0.12420654 -0.42236328 -0.8979492
vn 0.07849121 -0.4074707 -0.90966797
vn -0.1149292 -0.40893555 -0.90527344
vn -0.16455078 -0.31884766 -0.93359375
vn 0.060424805 -0.111083984 -0.9921875
vn -0.36987305 0.34057617 -0.8642578
vn -0.5986328 -0.25708008 -0.75878906
vn -0.6333008 -0.32202148 -0.70410156
vn -0.9921875 -0.047332764 -0.11633301
vn -0.98535156 -0.040161133 -0.16674805
vn -0.96777344 0.25097656 0.00095415115
vn -0.9995117 0.01210022 0.026763916
vn -0.99609375 0.022247314 0.08666992
vn -0.99609375 -0.026611328 -0.0847168
vn -0.9941406 0.076293945 -0.0791626
vn 0.39404297 -0.10095215 -0.9135742
vn 0.018585205 0.37304688 -0.9277344
vn 0.7675781 -0.10925293 -0.63134766
vn 0.4194336 0.4584961 -0.7836914
vn 0.024337769 0.5727539 -0.81933594
vn 0.9970703 -0.03427124 -0.06561279
vn -0.32666016 0.5527344 -0.76660156
vn 0.79589844 0.30615234 -0.52246094
vn -0.45825195 0.5253906 -0.7167969
vn -0.074523926 0.58935547 -0.8046875
vn 0.2475586 0.58154297 -0.77490234
vn 0.7109375 0.42651367 -0.5595703
vn -0.92578125 0.22705078 -0.30200195
vn 0.9951172 0.06439209 -0.07714844
vn -1 -0.0016269684 0.015342712
vn -0.9980469 -0.04248047 0.048950195
vn -0.99365234 -0.055664062 0.09692383
vn 0.99853516 0.016860962 -0.052703857
vn 0.9975586 -0.033691406 0.061523438
vn 0.9194336 -0.39013672 -0.050079346
vn 0.9926758 -0.06750488 0.10253906
vn 0.8457031 -0.26293945 0.46411133
vn 0.33642578 -0.69873047 0.63134766
vn 0.6567383 -0.3383789 0.6738281
vn 0.96533203 -0.12200928 0.2310791
vn 0.98535156 0.14147949 0.09716797
vn 0.1496582 -0.39819336 0.90527344
vn -0.111206055 -0.50341797 0.8569336
vn -0.06530762 -0.45898438 0.88623047
vn -0.51660156 -0.34960938 0.78125
vn 0.0001103878 -0.03845215 0.99902344
vn 0.9746094 -0.0030345917 0.22363281
vn 0.5263672 -0.13012695 0.84033203
vn -0.013908386 0.11004639 0.99365234
vn 0.9091797 0.11584473 0.40014648
vn 0.99121094 0.096069336 0.09222412
vn 0.97753906 0.18859863 0.093444824
vn 0.9707031 0.17883301 0.16088867
vn 0.28076172 0.9580078 0.058288574
vn 0.10449219 0.9946289 0.0055885315
vn 0.28076172 0.9580078 0.058288574
vn 0.2939453 0.9550781 0.0418396
vn 0.19274902 0.6479492 0.7368164
vn 0.2939453 0.9550781 0.0418396
vn -0.70458984 0.5058594 0.49804688
vn -0.06866455 0.9926758 0.097961426
vn -0.019729614 -0.20898438 0.97753906
vn 0.013160706 0.025115967 0.9995117
vn 0.013946533 0.060668945 0.9980469
vn 0.99560547 0.09277344 0.011833191
vn -0.97753906 0.21032715 0.0004196167
vn 0.9892578 0.14624023 -0.01626587
vn -0.98535156 0.17004395 -0.0013532639
vn 0.058258057 0.9980469 -0.012313843
vn -0.97753906 0.21032715 0.0004196167
vn -0.98876953 -0.15039062 -0.004951477
vn 0.022323608 0.99853516 0.052825928
vn 0.02078247 0.9980469 0.055786133
vn -0.059936523 0.36547852 0.92871094
vn -0.06390381 0.3684082 0.9272461
vn -0.1508789 0.20629883 0.9667969
vn -0.17419434 0.19433594 0.96533203
vn -0.20349121 0.1730957 0.9638672
vn -1 -0.0025310516 0.00018978119
vn -1 -0.0027656555 0.00042891502
vn -0.9995117 0.035308838 0.0043525696
vn -0.99902344 0.04537964 0.0058250427
vn -0.9658203 0.25854492 0.004825592
vn -0.96240234 0.27148438 0.011123657
vn -0.101135254 0.9946289 0.014015198
vn -0.079956055 0.99658203 0.030212402
vn -0.0037384033 0.9980469 0.05935669
vn 0.0024318695 0.9970703 0.074035645
vn -0.018096924 -0.99902344 -0.04220581
vn -0.30322266 -0.9477539 -0.09716797
vn -0.0048942566 -1 -0.012825012
vn -0.9824219 -0.18566895 0.00041604042
vn -0.08673096 -0.9472656 -0.30908203
vn -0.008682251 -1 -0.011619568
vn 0.123046875 -0.9916992 0.034179688
vn -0.17663574 -0.064453125 -0.9819336
vn -1 0.0034255981 -0.0015134811
vn -0.9926758 -0.09454346 0.07611084
vn -1 0.0056114197 0.012031555
vn -0.52783203 -0.84472656 0.09033203
vn -0.9824219 -0.18566895 0.00041604042
vn -0.019729614 -0.20898438 0.97753906
vn 0.013160706 0.025115967 0.9995117
vn 0.99560547 0.09277344 0.011833191
vn -0.06011963 0.98828125 0.14025879
vn 0.013946533 0.060668945 0.9980469
vn 0.98779297 0.14746094 -0.049316406
vn 0.58447266 0.81152344 -0.009811401
vn 0.99560547 0.09106445 -0.008918762
vn 0.8671875 0.4975586 0.0036182404
vn 0.9946289 0.1026001 -0.00088119507
vn 0.9941406 0.10784912 0.008911133
vn 0.99560547 0.09082031 0.029953003
vn 0.99316406 0.11480713 0.023864746
vn 0.7832031 0.6220703 0.0034599304
vn 0.58447266 0.81152344 -0.009811401
vn 0.76220703 0.64746094 0.0077667236
vn 0.66064453 0.7504883 0.00064611435
vn 0.80615234 0.5917969 -0.003293991
vn 0.75878906 0.6513672 0.00046420097
vn 0.99902344 0.047546387 0.009796143
vn 1 0.019836426 -0.0007853508
vn 0.9995117 0.02243042 -0.00081443787
vn 1 -0.016540527 -0.004173279
vn -0.20239258 0.13427734 0.97021484
vn -0.10668945 0.15722656 0.9819336
vn -0.19274902 0.13671875 0.9716797
vn -0.19274902 0.13671875 0.9716797
vn -0.10668945 0.15722656 0.9819336
vn -0.083984375 0.16235352 0.98291016
vn -0.9165039 0.003850937 -0.40063477
vn -0.9165039 0.003850937 -0.40063477
vn -0.9165039 0.003850937 -0.40063477
vn 0.9165039 -0.003850937 0.40063477
vn 0.9165039 -0.003850937 0.40063477
vn 0.9165039 -0.003850937 0.40063477
vn 0.12512207 0.9921875 -0.00017726421
vn 0.12512207 0.9921875 -0.00017726421
vn 0.12512207 0.9921875 -0.00017726421
vn -0.12512207 -0.9921875 0.00017726421
vn -0.12512207 -0.9921875 0.00017726421
vn -0.12512207 -0.9921875 0.00017726421
vn 0.22644043 0.9741211 -0.013031006
vn 0.2166748 0.9760742 -0.0011310577
vn 0.22644043 0.9741211 -0.013031006
vn 0.2166748 0.9760742 -0.0011310577
vn 0.2166748 0.9760742 -0.0011310577
vn 0.21118164 0.97753906 0.0026550293
vn -0.22644043 -0.9741211 0.013031006
vn -0.2166748 -0.9760742 0.0011310577
vn -0.22644043 -0.9741211 0.013031006
vn -0.2166748 -0.9760742 0.0011310577
vn -0.2166748 -0.9760742 0.0011310577
vn -0.21118164 -0.97753906 -0.0026550293
vn -0.03253174 -0.32080078 -0.94677734
vn -0.01499939 -0.875 -0.48388672
vn 0.019744873 -0.31860352 -0.9477539
vn -0.12164307 -0.21582031 -0.96875
vn -0.19641113 -0.28027344 -0.9394531
vn -0.09399414 -0.25976562 -0.9609375
vn 0.019744873 -0.31860352 -0.9477539
vn 0.002658844 -0.25317383 -0.96728516
vn -0.828125 -0.18579102 -0.5292969
vn 0.109069824 -0.26098633 -0.9589844
vn 0.6269531 -0.69433594 -0.35327148
vn 0.016036987 -0.24121094 -0.97021484
vn -0.0006814003 -0.26464844 -0.96435547
vn -0.00090551376 -0.25048828 -0.9682617
vn 0.13598633 -0.22131348 -0.9658203
vn 0.041107178 -0.26660156 -0.9628906
vn -0.033203125 -0.21179199 -0.9765625
vn -0.011764526 -0.25512695 -0.9667969
vn 0.14404297 0.5253906 -0.8383789
vn -0.059173584 -0.21862793 -0.9741211
vn -0.011764526 -0.25512695 -0.9667969
vn -0.032226562 -0.33251953 -0.9423828
vn -0.99609375 0.08502197 -0.019378662
vn -0.9916992 -0.11767578 0.051940918
vn -0.09399414 -0.25976562 -0.9609375
vn -0.9970703 0.075683594 -0.020324707
vn -0.9951172 -0.089416504 -0.035736084
vn -0.98535156 0.14855957 -0.08544922
vn -0.98095703 0.17749023 -0.07910156
vn -0.9790039 -0.1796875 0.09490967
vn -0.9980469 -0.051818848 0.040100098
vn -0.7319336 -0.6347656 0.24743652
vn -0.96435547 0.25048828 -0.08288574
vn -0.9785156 0.19250488 -0.072265625
vn -0.31103516 -0.94628906 -0.087768555
vn -0.03253174 -0.32080078 -0.94677734
vn -0.2536621 0.9477539 -0.1932373
vn -0.20263672 0.9638672 -0.17382812
vn -0.02130127 0.9482422 -0.31713867
vn 0.009529114 0.9448242 -0.32763672
vn -0.01499939 -0.875 -0.48388672
vn -0.022644043 -0.9995117 0.023422241
vn 0.3930664 -0.9194336 0.014953613
vn -0.022644043 -0.9995117 0.023422241
vn 0.019744873 -0.31860352 -0.9477539
vn 0.07141113 0.007888794 -0.9975586
vn 0.05633545 0.02923584 -0.9980469
vn 0.062438965 0.02368164 -0.9975586
vn 0.05633545 0.02923584 -0.9980469
vn 0.053375244 0.0340271 -0.9980469
vn 0.040100098 0.12658691 -0.99121094
vn -0.058166504 0.25390625 0.96533203
vn 0.001783371 0.24389648 0.96972656
vn -0.023880005 0.24536133 0.9692383
vn -0.25805664 0.9301758 -0.26049805
vn -0.051696777 0.49926758 0.8647461
vn -0.017288208 0.23596191 0.9716797
vn -0.058166504 0.25390625 0.96533203
vn -0.25805664 0.9301758 -0.26049805
vn 0.10656738 0.2824707 0.953125
vn 0.088012695 0.2614746 0.9609375
vn 0.036865234 0.24609375 0.96875
vn 0.058380127 0.25024414 0.9663086
vn 0.017837524 0.24475098 0.9692383
vn -0.011352539 0.24475098 0.96972656
vn 0.118896484 0.1776123 0.9770508
vn -0.023880005 0.24536133 0.9692383
vn 0.007293701 0.27001953 0.9628906
vn 0.00793457 0.2685547 0.9633789
vn -0.007926941 0.20129395 0.9794922
vn -0.01928711 0.18054199 0.98339844
vn 0.088012695 0.2614746 0.9609375
vn 0.21350098 0.2680664 0.9394531
vn 0.97802734 -0.20654297 0.024597168
vn 0.9238281 -0.2980957 0.2397461
vn 0.7817383 -0.17443848 0.5991211
vn 0.9658203 -0.25878906 0
vn 0.9238281 -0.2980957 0.2397461
vn 0.9682617 -0.25024414 -1.2278557E-05
vn 0.96533203 -0.2602539 -0.0050735474
vn 0.9746094 -0.22351074 -0.0034637451
vn 0.99902344 0.041625977 -0.00045466423
vn 0.99658203 0.0826416 -0.0031204224
vn 0.9658203 -0.2565918 -0.036499023
vn 0.91748047 -0.3178711 -0.23864746
vn 0.28808594 0.105651855 0.95166016
vn 0.28149414 0.1463623 0.9482422
vn 0.28027344 0.10644531 0.95410156
vn 0.28076172 0.10546875 0.95410156
vn 0.19165039 0.11883545 0.9741211
vn 0.28808594 0.105651855 0.95166016
vn 0.28735352 0.105041504 0.95214844
vn 0.23400879 0.09661865 0.96728516
vn 0.04171753 -0.79003906 -0.6118164
vn -0.95654297 0.030838013 -0.2902832
vn -0.9980469 -0.020980835 -0.061279297
vn -0.95654297 0.030838013 -0.2902832
vn 0.043884277 0.10345459 -0.99365234
vn -0.10412598 0.7050781 -0.70166016
vn 0.03164673 0.89697266 -0.44091797
vn 0.3173828 0.9482422 0.010826111
vn -0.012756348 -0.12188721 -0.9926758
vn -0.014709473 0.57421875 -0.81884766
vn -0.0065460205 -0.93359375 -0.3581543
vn 0.032714844 -0.9995117 -0.011894226
vn 0.21887207 -0.9716797 -0.08807373
vn 0.28637695 -0.95654297 0.054748535
vn -0.011474609 -0.99560547 0.091796875
vn -0.06677246 -0.8959961 -0.43896484
vn -0.07080078 0.052124023 -0.99609375
vn -0.05670166 0.94873047 -0.31079102
vn -0.012069702 0.9941406 -0.107910156
vn -0.06335449 0.88720703 0.4572754
vn -0.021270752 0.9145508 0.40356445
vn 0.018981934 0.99853516 0.052001953
vn -0.03253174 0.14648438 0.98876953
vn -0.070495605 -0.031555176 0.9970703
vn 0.040893555 0.053833008 0.9975586
vn 0.046875 0.27148438 0.9614258
vn -0.016418457 -0.6152344 0.78808594
vn -0.06335449 -0.95654297 0.28515625
vn -0.011474609 -0.99560547 0.091796875
vn -0.06677246 -0.8959961 -0.43896484
vn 0.037200928 -0.90185547 0.43066406
vn 0.032714844 -0.9995117 -0.011894226
vn 0.28637695 -0.95654297 0.054748535
vn -0.96533203 0.031951904 0.25805664
vn -0.9975586 -0.016220093 0.064697266
vn 0.3557129 0.80810547 0.46923828
vn 0.99902344 0.046020508 0.014595032
vn -0.1315918 0.84765625 0.51416016
vn 0.3173828 0.9482422 0.010826111
vn 0.3173828 0.9482422 0.010826111
vn -0.99316406 -0.011054993 -0.115234375
vn -0.99316406 -0.013504028 -0.11456299
vn -0.9995117 -0.023834229 -0.019454956
vn -0.99902344 0.0034332275 -0.039489746
vn -0.9995117 -0.023834229 -0.019454956
vn -0.99316406 -0.013504028 -0.11456299
vn 0.25146484 -0.24938965 -0.9350586
vn -0.0073013306 -0.2265625 -0.9741211
vn -0.0050315857 -0.24243164 -0.97021484
vn -0.004119873 1 0.01727295
vn -0.004119873 1 0.01727295
vn -0.004119873 1 0.01727295
vn -0.98095703 0.1895752 0.037353516
vn -0.017288208 0.23596191 0.9716797
vn -0.058166504 0.25390625 0.96533203
vn -0.9472656 -0.027709961 0.31933594
vn -0.9946289 -0.089904785 -0.050445557
vn -0.94433594 0.21179199 -0.25097656
vn -0.94433594 0.21179199 -0.25097656
vn -0.8808594 0.39404297 0.2626953
vn -0.94921875 -0.029342651 0.31298828
vn -0.50390625 0.859375 0.083496094
vn -0.5805664 0.80078125 -0.14770508
vn -0.87597656 0.41552734 0.24487305
vn 0.1003418 0.9873047 -0.122558594
vn -0.05532837 0.9423828 -0.32958984
vn 0.3251953 0.8022461 -0.5004883
vn -0.9223633 0.16247559 0.35083008
vn -0.9057617 -0.17858887 0.38378906
vn -0.8051758 -0.49731445 0.3227539
vn -0.46191406 0.8833008 0.08050537
vn 0.54248047 0.8076172 -0.2310791
vn 0.7133789 0.3154297 -0.6254883
vn -0.9116211 0.25561523 0.32202148
vn -0.9506836 -0.0385437 0.30737305
vn -0.79003906 0.5727539 0.21826172
vn 0.28125 0.9448242 -0.16699219
vn 0.79296875 0.5522461 -0.25708008
vn -0.4855957 0.8701172 0.08532715
vn 0.92041016 0.26171875 -0.29003906
vn 0.7133789 0.3154297 -0.6254883
vn 0.9199219 -0.28051758 -0.2734375
vn 0.7114258 -0.46313477 -0.5288086
vn 0.6464844 -0.75927734 -0.07098389
vn 0.34960938 -0.89453125 -0.27856445
vn 0.8388672 -0.51416016 -0.17797852
vn 0.030700684 -0.99316406 0.113708496
vn -0.32495117 -0.9458008 0.0039482117
vn 0.37548828 -0.9267578 0.015357971
vn -0.6118164 -0.7338867 0.29541016
vn -0.81884766 -0.57128906 0.05368042
vn -0.35668945 -0.9042969 0.23522949
vn -0.9472656 -0.027709961 0.31933594
vn -0.9946289 -0.089904785 -0.050445557
vn -0.7158203 -0.62109375 0.31933594
vn -0.94921875 -0.029342651 0.31298828
vn -0.68603516 -0.63183594 0.3605957
vn -0.9057617 -0.17858887 0.38378906
vn -0.8051758 -0.49731445 0.3227539
vn -0.3786621 -0.87158203 0.31201172
vn 0.0960083 -0.9824219 0.1586914
vn 0.06915283 -0.9902344 0.11932373
vn 0.60546875 -0.7939453 -0.05859375
vn 0.44140625 -0.89746094 0.010131836
vn 0.67626953 -0.70996094 -0.1965332
vn -0.38623047 -0.8852539 0.25976562
vn 0.22949219 -0.9707031 0.07019043
vn -0.6948242 -0.62841797 0.34936523
vn -0.9506836 -0.0385437 0.30737305
vn -0.80029297 -0.46899414 0.37353516
vn -0.012275696 -0.98583984 0.16833496
vn -0.58251953 -0.75341797 0.3046875
vn -0.9394531 0.10107422 0.32714844
vn -0.82666016 -0.43310547 0.35961914
vn 0.94873047 -0.20837402 -0.23754883
vn 0.94970703 -0.2166748 -0.22680664
vn 0.78027344 0.58447266 -0.2220459
vn 0.9213867 0.26782227 -0.28149414
vn 0.6118164 0.76416016 -0.20458984
vn 0.38134766 0.8881836 -0.2565918
vn 0.29882812 0.94677734 -0.11987305
vn -0.06530762 0.99609375 -0.062469482
vn -0.49414062 0.86376953 0.09844971
vn -0.8808594 0.40356445 0.24719238
vn -0.4831543 0.8696289 0.10223389
vn -0.8569336 0.4050293 0.31860352
vn -0.80029297 -0.46899414 0.37353516
vn -0.9394531 0.10107422 0.32714844
vn 0.15710449 0.9711914 -0.17907715
vn -0.101379395 0.9946289 -0.01966858
vn -0.73339844 0.6479492 0.20495605
vn -0.8803711 0.38378906 0.27783203
vn -0.82666016 -0.43310547 0.35961914
vn -0.9145508 -0.25561523 0.31396484
vn -0.9301758 0.26342773 0.2548828
vn -0.89746094 -0.11529541 0.4260254
vn -0.8144531 0.41455078 0.40600586
vn -0.5107422 0.85791016 0.056152344
vn -0.079956055 0.99609375 -0.03881836
vn 0.25585938 0.9536133 -0.15722656
vn 0.4975586 0.84814453 -0.18286133
vn 0.45458984 0.8364258 -0.3059082
vn 0.92041016 0.26245117 -0.2890625
vn 0.9472656 -0.20507812 -0.24584961
vn 0.92822266 0.25585938 -0.2692871
vn 0.76660156 0.57910156 -0.27734375
vn 0.51220703 0.82714844 -0.23205566
vn 0.26367188 0.94628906 -0.18713379
vn 0.6010742 -0.79541016 -0.078186035
vn 0.9453125 -0.24267578 -0.21887207
vn 0.5786133 -0.8154297 -0.017578125
vn -0.084472656 0.98779297 0.1315918
vn -0.8144531 0.41455078 0.40600586
vn 0.68066406 0.72265625 -0.119506836
vn 0.78125 0.56347656 -0.26879883
vn 0.9863281 -0.16345215 0.005088806
vn 0.68066406 0.72265625 -0.119506836
vn 0.8276367 -0.53466797 -0.17089844
vn 0.16333008 -0.9824219 0.0914917
vn 0.92626953 0.24169922 -0.28881836
vn -0.020553589 -0.99316406 0.11431885
vn 0.9394531 -0.23022461 -0.25341797
vn 0.5932617 -0.79589844 -0.11968994
vn 0.9160156 -0.3647461 -0.16760254
vn 0.9863281 -0.16345215 0.005088806
vn 0.4633789 -0.8857422 0.024597168
vn 0.47729492 -0.85839844 0.18774414
vn -0.18713379 -0.9609375 0.203125
vn -0.9145508 -0.25561523 0.31396484
vn -0.17883301 -0.9067383 0.38183594
vn -0.89746094 -0.11529541 0.4260254
vn -0.94433594 0.21179199 -0.25097656
vn -0.9946289 -0.089904785 -0.050445557
vn -0.33276367 -0.08929443 -0.93896484
vn -0.06567383 -0.048858643 -0.99658203
vn -0.06567383 -0.048858643 -0.99658203
vn -0.06567383 -0.048858643 -0.99658203
vn -0.0034122467 1 0.003458023
vn -0.00920105 1 0
vn -0.0071640015 1 0.0026054382
vn 0.7817383 -0.17443848 0.5991211
vn 0.25463867 0.9501953 0.1809082
vn 0.97802734 -0.20654297 0.024597168
vn 0.2541504 0.9482422 0.1907959
vn 0.25463867 0.9501953 0.1809082
vn 0.25463867 0.94970703 0.18139648
vn 0.21264648 0.79345703 0.5703125
vn -0.019226074 0.1274414 -0.9916992
vn -0.019226074 0.1274414 -0.9916992
vn -0.019226074 0.1274414 -0.9916992
vn 0.9746094 -0.22351074 -0.0034637451
vn 0.5908203 0.5283203 -0.6098633
vn 0.9658203 -0.2565918 -0.036499023
vn 0.94970703 -0.3076172 -0.05871582
vn 0.90966797 0.24597168 -0.3347168
vn 0.5859375 -0.66308594 -0.46557617
vn -0.02583313 -0.13110352 -0.99121094
vn -0.06427002 -0.027770996 -0.9975586
vn -0.07507324 -0.029037476 -0.99658203
vn -0.048339844 -0.017440796 -0.99853516
vn -0.059265137 -0.016235352 -0.9980469
vn -0.03765869 -0.021499634 -0.99902344
vn -0.21875 0.24060059 -0.9458008
vn 0.90966797 0.24597168 -0.3347168
vn 0.90966797 0.24597168 -0.3347168
vn 0.24560547 0.9633789 -0.10736084
vn 0.7080078 0.70410156 -0.053527832
vn 0.7817383 -0.17443848 0.5991211
vn 0.9238281 -0.2980957 0.2397461
vn -0.047576904 -0.1776123 0.98291016
vn -0.23144531 -0.86376953 0.44726562
vn -0.047576904 -0.1776123 0.98291016
vn -0.0046157837 0.0032901764 -1
vn -0.0046157837 0.0032901764 -1
vn -0.0046157837 0.0032901764 -1
vn 0.1829834 0.06713867 -0.98095703
vn 0.062438965 0.02368164 -0.9975586
vn 0.053375244 0.0340271 -0.9980469
vn 0.05895996 0.021453857 -0.9980469
vn 0.026245117 -0.012825012 -0.9995117
vn -0.048706055 -0.054107666 -0.9975586
vn -0.048706055 -0.054107666 -0.9975586
vn 0.009971619 -0.09100342 -0.99560547
vn 0.007904053 -0.12658691 -0.9916992
vn 0.028671265 -0.48217773 -0.8754883
vn 0.0154418945 -0.5996094 -0.80029297
vn 0.10046387 -0.8129883 -0.5732422
vn 0.034973145 -0.96875 -0.24572754
vn 0.043518066 -0.9892578 -0.14013672
vn 0.43432617 -0.8979492 0.0692749
vn -0.021697998 -0.9892578 0.14343262
vn 0.08831787 -0.8125 0.5761719
vn -0.012992859 -0.49291992 0.8701172
vn 0.45092773 -0.3474121 0.8222656
vn -0.5649414 -0.81884766 0.10235596
vn 0.10021973 -0.94970703 -0.29614258
vn -0.5341797 -0.81640625 0.21887207
vn -0.5341797 -0.81640625 0.21887207
vn -0.55908203 -0.22790527 -0.796875
vn -0.87646484 -0.47387695 -0.086242676
vn 0.10021973 -0.94970703 -0.29614258
vn -0.082336426 -0.9819336 -0.16906738
vn 0.6220703 -0.68310547 -0.38305664
vn 0.87597656 -0.40014648 -0.26879883
vn 0.6220703 -0.68310547 -0.38305664
vn 0.94677734 -0.071777344 -0.31396484
vn 0.047210693 -0.006011963 -0.99902344
vn 0.38452148 0.6694336 -0.6357422
vn -0.121398926 0.52978516 -0.83935547
vn -0.37524414 0.89404297 -0.2454834
vn -0.5546875 0.12432861 -0.8227539
vn -0.9453125 0.32470703 -0.03173828
vn -0.9453125 0.32470703 -0.03173828
vn -0.87646484 -0.47387695 -0.086242676
vn -0.27685547 -0.11071777 -0.95458984
vn -0.27783203 -0.09411621 -0.9560547
vn -0.33325195 0.07098389 -0.9399414
vn 0.041107178 -0.26660156 -0.9628906
vn 0.9472656 0.27514648 -0.16394043
vn 0.14404297 0.5253906 -0.8383789
vn 0.046417236 0.11090088 0.9926758
vn 0.11291504 0.85058594 0.5136719
vn 0.09301758 -0.05633545 0.9941406
vn 0.020111084 0.9916992 0.12878418
vn 0.11291504 0.85058594 0.5136719
vn -0.10998535 -0.9926758 0.053009033
vn -0.10998535 -0.9926758 0.053009033
vn -0.10998535 -0.9926758 0.053009033
vn -0.86376953 -0.006374359 0.50390625
vn -0.91015625 -0.03540039 0.4128418
vn -0.20141602 -0.019958496 0.9794922
vn -0.0050201416 0.99658203 0.08074951
vn -0.0050201416 0.99658203 0.08074951
vn -0.0050201416 0.99658203 0.08074951
vn -0.2775879 -0.11212158 -0.95410156
vn -0.2775879 -0.11212158 -0.95410156
vn -0.2775879 -0.11212158 -0.95410156
vn 0.02545166 0.8642578 -0.5024414
vn -0.0010442734 -0.36987305 -0.9291992
vn 0.94140625 -0.11364746 -0.31762695
vn 0.0018224716 -0.89404297 -0.44799805
vn 0.94140625 -0.11364746 -0.31762695
vn -0.003479004 -0.8823242 -0.47045898
vn -0.02192688 0.24816895 -0.9682617
vn 0.02545166 0.8642578 -0.5024414
vn 0.17358398 0.94873047 -0.26416016
vn 0.94140625 -0.11364746 -0.31762695
vn 0.00053596497 0.9633789 -0.26879883
vn 0.12310791 0.98828125 -0.09033203
vn -0.0010948181 0.9995117 0.024765015
vn 0.99902344 0.014785767 0.035369873
vn 0.94140625 -0.11364746 -0.31762695
vn 0.5283203 -0.005832672 0.8491211
vn 0.9995117 0.033935547 -0.00030970573
vn 0.0093307495 0.29663086 0.9550781
vn -0.002702713 0.98876953 0.14990234
vn 0.5283203 -0.005832672 0.8491211
vn 0.5283203 -0.005832672 0.8491211
vn -0.002029419 -0.006996155 1
vn -0.00030827522 -0.004032135 1
vn -0.05480957 -0.98583984 0.1574707
vn -0.07885742 -0.99121094 0.105407715
vn -0.10144043 -0.99316406 0.055847168
vn -0.12420654 -0.9921875 0.0050582886
vn -0.10144043 -0.99316406 0.055847168
vn -0.07885742 -0.99121094 0.105407715
vn 0.35302734 0.9350586 0.03543091
vn 0.35302734 0.9350586 0.03543091
vn 0.35302734 0.9350586 0.03543091
vn 0.20825195 0.9765625 -0.058441162
vn 0.20825195 0.9765625 -0.058441162
vn 0.20825195 0.9765625 -0.058441162
vn -0.017425537 1 0
vn -0.008659363 1 -0.0024909973
vn -0.014022827 1 -0.00017154217
vn -0.68408203 0.10845947 -0.7211914
vn 0.3942871 -0.7133789 -0.57910156
vn 0.01953125 -0.16137695 -0.9868164
vn -0.93408203 -0.33789062 -0.11395264
vn 0.30517578 -0.75439453 -0.5810547
vn -0.91796875 0.39282227 -0.05731201
vn -0.6201172 0.7583008 -0.20080566
vn -0.33398438 0.47265625 -0.8154297
vn -0.5957031 0.7944336 -0.117004395
vn 0.36108398 0.35742188 0.8613281
vn -0.13415527 0.24743652 -0.95947266
vn -0.5834961 0.7763672 -0.23840332
vn -0.46679688 0.8769531 0.11291504
vn -0.76220703 0.64697266 -0.012321472
vn -0.62353516 -0.7807617 -0.038970947
vn -0.5498047 -0.8149414 -0.18249512
vn -0.59277344 -0.8051758 -0.019485474
vn -0.07684326 0.9970703 -0.0018119812
vn -0.50683594 0.46557617 0.72558594
vn -0.2709961 -0.16638184 0.9482422
vn 0.36669922 -0.81640625 0.44604492
vn -0.23730469 -0.28588867 0.92822266
vn 0.20043945 0.9794922 0.025497437
vn 0.9941406 -0.10900879 0.0062217712
vn -0.101501465 0.40649414 0.9082031
vn 0.47680664 0.8696289 0.12878418
vn 0.98535156 0.16711426 0.03302002
vn 0.9926758 0.05026245 0.10876465
vn 0.38500977 -0.92285156 -0.010925293
vn -0.27026367 0.33325195 0.9033203
vn 0.34765625 -0.087890625 0.93359375
vn 0.7128906 -0.37304688 0.59375
vn 0.38012695 0.5888672 0.7133789
vn 0.84814453 0.2529297 0.46557617
vn 0.39916992 -0.91552734 -0.047027588
vn -0.59277344 -0.8051758 -0.019485474
vn -0.62353516 -0.7807617 -0.038970947
vn -0.0184021 -0.98876953 -0.14672852
vn 0.30517578 -0.75439453 -0.5810547
vn -0.5498047 -0.8149414 -0.18249512
vn -0.93408203 -0.33789062 -0.11395264
vn 0.58447266 -0.7841797 0.20910645
vn 0.38305664 -0.57373047 0.7241211
vn 0.5576172 -0.82714844 -0.06854248
vn 0.59765625 -0.7939453 -0.111450195
vn -0.68408203 0.10845947 -0.7211914
vn 0.01953125 -0.16137695 -0.9868164
vn -0.011070251 -0.015853882 -1
vn -0.33398438 0.47265625 -0.8154297
vn -0.13415527 0.24743652 -0.95947266
vn -0.9370117 -0.3491211 0.0009946823
vn -1 -0.019424438 -0.006385803
vn -1 -0.014808655 -0.0064811707
vn -0.9370117 -0.3491211 0.0009946823
vn -0.9355469 -0.35375977 0.0011043549
vn 0.00030469894 0.06915283 0.9975586
vn 0.00030469894 0.06915283 0.9975586
vn -0 0.06915283 0.9975586
vn 0.0149383545 0.050872803 0.99853516
vn 0.028015137 0.049468994 0.99853516
vn 0.004714966 0.044555664 0.99902344
vn 0.0038261414 0.043151855 0.99902344
vn 0.43432617 -0.8979492 0.0692749
vn 0.08831787 -0.8125 0.5761719
vn 0.45092773 -0.3474121 0.8222656
vn 0.12854004 0.640625 0.75683594
vn 0.13793945 0.1907959 0.9716797
vn 0.041412354 -0.44628906 0.89404297
vn 0.20043945 -0.9794922 -0.024459839
vn 0.20043945 -0.9794922 -0.024459839
vn 0.20043945 -0.9794922 -0.024459839
vn 0.031982422 -0.060821533 -0.9975586
vn 0.031982422 -0.060821533 -0.9975586
vn 0.031982422 -0.060821533 -0.9975586
vn 0.020065308 -0.08911133 0.99560547
vn 0.020065308 -0.08911133 0.99560547
vn 0.020065308 -0.08911133 0.99560547
vn 0.09844971 -0.9951172 -0.011764526
vn 0.09844971 -0.9951172 -0.011764526
vn 0.09844971 -0.9951172 -0.011764526
vn -0.88378906 0.27392578 0.37963867
vn -0.88378906 0.27392578 0.37963867
vn -0.88378906 0.27392578 0.37963867
vn -0.97314453 -0.031555176 0.22790527
vn -0.042999268 0.038513184 0.99853516
vn -0.9169922 0.0031394958 0.39892578
vn -0.04699707 0.060028076 0.9970703
vn -0.46289062 0.37817383 0.8017578
vn -0.59814453 0.7993164 0.061706543
vn -0.97314453 -0.031555176 0.22790527
vn -0.6123047 0.78271484 0.11254883
vn -0.64746094 0.76220703 -0.011207581
vn -0.8642578 0.5029297 -0.011764526
vn -0.9902344 0.13476562 0.030044556
vn -0.97314453 -0.031555176 0.22790527
vn -0.009307861 0.010482788 1
vn -0.010513306 -0.0016622543 1
vn -0.011405945 -0.0022773743 1
vn -0.08331299 -0.010772705 0.99658203
vn -0.9169922 0.0031394958 0.39892578
vn -0.5888672 -0.10845947 0.80126953
vn 0.0042915344 -0.015266418 1
vn -0.008506775 -0.00090789795 1
vn -0.042419434 -0.12432861 0.99121094
vn -0.03125 -0.123291016 0.9916992
vn -0.5078125 -0.49414062 0.7055664
vn -0.092041016 -0.5385742 0.83740234
vn -0.91552734 -0.40039062 -0.037322998
vn -1 0.005176544 -0.011398315
vn -0.54296875 -0.83935547 -0.012229919
vn -0.049041748 -0.99853516 0.025772095
vn -0.016693115 -0.9604492 0.27783203
vn -0.0023593903 -0.25732422 0.9663086
vn -0.018493652 -0.08770752 0.99609375
vn -0.0010194778 -0.95654297 0.29223633
vn -0.049194336 -0.9873047 0.15075684
vn -0.25512695 -0.6352539 0.7290039
vn -0.21594238 -0.050231934 0.97509766
vn -0.0033054352 -0.01083374 1
vn -0.026672363 -0.005580902 0.9995117
vn -0.022766113 0.026519775 0.9995117
vn -0.01965332 0.017959595 0.9995117
vn -0.015266418 0.05041504 0.99853516
vn -0.012435913 0.49658203 0.8676758
vn -0.07763672 0.5864258 0.80615234
vn -0.9897461 0.122558594 -0.07165527
vn 0.0052261353 0.54345703 0.83935547
vn -0.041870117 0.5776367 0.8154297
vn -0.011749268 1 -0.006603241
vn -0.028533936 0.9975586 0.061065674
vn 0.9404297 0.33251953 -0.07183838
vn 0.1262207 0.20629883 -0.97021484
vn -0.05996704 0.15917969 -0.98535156
vn -0.06945801 0.9975586 -0.010368347
vn -0.030014038 0.99365234 -0.10839844
vn 0.050323486 0.9980469 -0.030639648
vn 0.018035889 0.46875 -0.8833008
vn -0.081726074 0.9941406 -0.07348633
vn 0.023666382 0.7998047 -0.5996094
vn -0.023788452 0.7558594 0.6542969
vn -0.044067383 0.99853516 0.027236938
vn -0.07647705 0.99658203 -0.024642944
vn -0.6035156 0.7973633 -0.0039863586
vn -0.6123047 0.78271484 0.11254883
vn -0.019989014 0.99853516 -0.05480957
vn -0.61376953 0.7890625 -0.027297974
vn -0.64746094 0.76220703 -0.011207581
vn -0.62890625 0.77734375 0.0126571655
vn -0.89160156 0.45214844 -0.025268555
vn -0.8642578 0.5029297 -0.011764526
vn -0.39453125 0.91845703 -0.02798462
vn -0.63916016 0.7651367 -0.07885742
vn -0.6035156 0.7919922 -0.0947876
vn -0.9394531 0.21801758 -0.26391602
vn -0.5102539 0.84033203 -0.18249512
vn -0.9584961 0.28295898 -0.0395813
vn -0.9902344 0.13476562 0.030044556
vn -0.97314453 -0.031555176 0.22790527
vn -0.9707031 0.23620605 -0.048431396
vn -0.97802734 0.053833008 -0.20080566
vn -0.9995117 0.0184021 -0.025009155
vn -0.002653122 0.9291992 -0.36914062
vn -0.007446289 0.0647583 -0.9980469
vn -0.010292053 0.054840088 -0.99853516
vn -0.041412354 0.06121826 -0.9970703
vn -0.6035156 0.7919922 -0.0947876
vn -0.63916016 0.7651367 -0.07885742
vn 0.06994629 -0.022476196 -0.9970703
vn 0.011749268 0.00047159195 -1
vn -0.07537842 0.042266846 -0.99609375
vn -0.9394531 0.21801758 -0.26391602
vn -0.97802734 0.053833008 -0.20080566
vn -0.94140625 0.032989502 -0.33618164
vn -0.027145386 -0.052581787 -0.9980469
vn -0.96728516 0.006526947 -0.2536621
vn -0.029373169 -0.025100708 -0.99902344
vn -0.06311035 -0.038391113 -0.9970703
vn -0.110961914 -0.043029785 -0.9926758
vn -0.03540039 -0.05065918 -0.9980469
vn -0.06506348 -0.06738281 -0.99560547
vn -0.004322052 -0.22070312 -0.97509766
vn -0.0063972473 -0.22192383 -0.97509766
vn -0.0074882507 -0.9970703 -0.07751465
vn -0.0076408386 -0.013618469 -1
vn 0.000916481 -0.079956055 -0.99658203
vn 0.01361084 0.0067977905 -1
vn 0.0014352798 -0.07147217 -0.9975586
vn 0.016235352 -0.00472641 -1
vn -0.08660889 -0.15063477 -0.9848633
vn -0.005870819 -0.9970703 -0.07354736
vn -0.013908386 0.009223938 -1
vn -0.07006836 0.016921997 -0.9975586
vn 0.0024356842 0.02027893 -1
vn -0.007408142 0.037078857 -0.9995117
vn -0.15356445 0.031585693 -0.98779297
vn 0.0059394836 -0.035186768 -0.9995117
vn 0.023666382 0.7998047 -0.5996094
vn -0.07745361 0.8730469 -0.4814453
vn -0.8256836 0.56152344 -0.050354004
vn -0.093688965 0.87109375 -0.48242188
vn -0.036834717 0.24975586 0.96777344
vn 0.0032997131 0.8066406 0.5908203
vn 0.0019798279 0.21459961 0.9765625
vn -0.9970703 0.004272461 -0.0769043
vn -0.9555664 0.04647827 -0.29052734
vn -0.9736328 0.0034275055 -0.2277832
vn 0.26586914 0.9638672 -0.0028362274
vn 0.9980469 0.06100464 -0.0073890686
vn 0.12927246 0.9580078 0.25610352
vn 1 0.008102417 -0.01133728
vn 0.9916992 0.055877686 0.11706543
vn 0.9189453 0.020477295 0.39404297
vn 0.9628906 0.2475586 0.10803223
vn 0.12927246 0.9580078 0.25610352
vn 0.99853516 0.025009155 -0.044830322
vn 0.9995117 -0.0038814545 -0.029190063
vn 0.26586914 0.9638672 -0.0028362274
vn -0.0657959 0.99658203 0.04977417
vn 0.070129395 0.9975586 0.0012140274
vn -0.07763672 0.5864258 0.80615234
vn -0.31958008 0.9082031 0.27001953
vn -0.4650879 0.8852539 0.015151978
vn -0.9897461 0.122558594 -0.07165527
vn -0.7324219 0.68115234 -0.0007419586
vn -0.25024414 0.9667969 -0.049316406
vn -0.5957031 0.8027344 -0.014755249
vn -0.17590332 0.9741211 -0.14050293
vn -0.9897461 0.122558594 -0.07165527
vn -0.9951172 0.098083496 0.0015983582
vn -0.8256836 0.56152344 -0.050354004
vn -0.093688965 0.87109375 -0.48242188
vn -0.44262695 0.08123779 0.8930664
vn 0.27416992 0.9614258 -0.019821167
vn 0.18713379 0.10192871 0.9770508
vn -0.20800781 -0.015853882 0.97802734
vn -0.9614258 0.0019264221 0.27514648
vn 0.9970703 -0.07885742 0.0015707016
vn 0.53564453 0.83740234 -0.10845947
vn 0.17932129 0.7792969 -0.60058594
vn 0.9995117 0.010940552 0.025497437
vn 0.9980469 -0.06488037 0.009742737
vn -0.017868042 0.5439453 -0.8388672
vn -0.15356445 0.031585693 -0.98779297
vn 0.12133789 0.12866211 -0.984375
vn -0.114868164 0.10522461 -0.98779297
vn -0.9555664 0.04647827 -0.29052734
vn 1 0.011802673 0.0027885437
vn 0.9995117 0.024780273 0.016571045
vn 0.44726562 0.032226562 -0.89404297
vn -0.20935059 0.031982422 -0.97753906
vn -0.9736328 0.0034275055 -0.2277832
vn 0.99902344 0.0054130554 -0.04107666
vn 1 0.002483368 -0.004940033
vn 0.18481445 -0.048614502 -0.9814453
vn 0.13781738 -0.14819336 -0.9794922
vn -0.43164062 -0.054779053 -0.9003906
vn -0.9736328 0.0034275055 -0.2277832
vn -0.24560547 -0.12426758 -0.9614258
vn -0.08660889 -0.15063477 -0.9848633
vn 1 -0.010574341 -0.00630188
vn 0.18603516 -0.75439453 -0.6298828
vn -0.17602539 -0.8027344 -0.5698242
vn -0.005870819 -0.9970703 -0.07354736
vn -0.58154297 -0.81152344 -0.05456543
vn 0.38867188 -0.91845703 -0.07330322
vn 0.9995117 -0.01991272 0.015113831
vn 0.13220215 -0.99121094 -0.016052246
vn -0.36035156 -0.9326172 -0.01914978
vn 0.07946777 -0.99560547 0.045959473
vn -0.16601562 -0.9716797 0.16955566
vn 0.99316406 -0.10266113 0.05532837
vn -0.56103516 -0.82714844 0.0289917
vn 0.99316406 -0.10266113 0.05532837
vn -0.049194336 -0.9873047 0.15075684
vn 0.9995117 -0.005886078 0.029907227
vn 0.9301758 -0.28588867 0.23046875
vn -0.1116333 -0.7080078 0.6972656
vn -0.25512695 -0.6352539 0.7290039
vn -0.24768066 -0.10253906 0.9633789
vn 0.99902344 -0.03048706 0.026794434
vn 0.12524414 -0.12219238 0.984375
vn 1 -0.0057029724 -0.0021572113
vn 0.1496582 -0.028747559 0.98828125
vn -0.21594238 -0.050231934 0.97509766
vn -0.9614258 0.0019264221 0.27514648
vn -0.25512695 -0.6352539 0.7290039
vn -0.5957031 0.8027344 -0.014755249
vn -0.9897461 0.122558594 -0.07165527
vn -0.9951172 0.098083496 0.0015983582
vn -0.7324219 0.68115234 -0.0007419586
vn -0.4650879 0.8852539 0.015151978
vn -0.9169922 0.0031394958 0.39892578
vn -1 0.005176544 -0.011398315
vn -0.36035156 -0.9326172 -0.01914978
vn -0.58154297 -0.81152344 -0.05456543
vn -0.56103516 -0.82714844 0.0289917
vn -0.24560547 -0.12426758 -0.9614258
vn -0.43164062 -0.054779053 -0.9003906
vn -0.44262695 0.08123779 0.8930664
vn -0.022766113 0.026519775 0.9995117
vn -0.9995117 -0.027069092 -0.025039673
vn -0.9169922 0.0031394958 0.39892578
vn -0.97314453 -0.031555176 0.22790527
vn -0.9980469 -0.06347656 -0.00041770935
vn -0.97802734 0.053833008 -0.20080566
vn -0.99853516 -0.04336548 0.023788452
vn -0.9995117 0.013847351 0.025772095
vn -0.94140625 0.032989502 -0.33618164
vn -0.96728516 0.006526947 -0.2536621
vn -0.99365234 -0.09753418 0.052764893
vn -0.96728516 0.006526947 -0.2536621
vn -0.9291992 -0.36401367 0.06542969
vn -0.546875 -0.8330078 0.084106445
vn -0.9975586 0.048217773 -0.054840088
vn -0.7753906 -0.63134766 0.009529114
vn -1 0.005176544 -0.011398315
vn -0.9169922 0.0031394958 0.39892578
vn -0.91552734 -0.40039062 -0.037322998
vn -0.57373047 -0.81884766 -0.005821228
vn -0.079711914 -0.9951172 0.055236816
vn -0.54296875 -0.83935547 -0.012229919
vn -0.13952637 -0.9897461 -0.024261475
vn -0.0104599 -1 0.013648987
vn -0.066589355 -0.9975586 -0.010147095
vn -0.049041748 -0.99853516 0.025772095
vn -0.0074882507 -0.9970703 -0.07751465
vn -0.010414124 -1 0.0087890625
vn -0.016693115 -0.9604492 0.27783203
vn -0.0010194778 -0.95654297 0.29223633
vn -0.005870819 -0.9970703 -0.07354736
vn -0.0030536652 -1 -0.005355835
vn -0.049194336 -0.9873047 0.15075684
vn -0.58154297 -0.81152344 -0.05456543
vn -0.56103516 -0.82714844 0.0289917
vn -0.9941406 -0.10845947 -0.006416321
vn 1 0.009963989 0.0011081696
vn 0.99902344 -0.04055786 -1.7940998E-05
vn 1 0.0008659363 0.005214691
vn 1 0.011680603 -0.000323534
vn 0.8203125 0.5722656 0.0048713684
vn 0.9399414 0.34179688 0.0016670227
vn 0.0231781 0.9995117 0.0023212433
vn 1 1.2278557E-05 0.0004968643
vn 0.90283203 -0.4296875 -0.0008406639
vn 0.08050537 -0.99658203 0.004447937
vn 1 0.0013313293 2.5987625E-05
vn 1 -0.008926392 -0.0026245117
vn 0.99365234 -0.11395264 -0.0021476746
vn 0.8183594 -0.57470703 -0.003332138
vn 0.022842407 -0.9995117 -8.523464E-06
vn -0.0234375 -0.9995117 0.0037021637
vn 0.15649414 -0.98779297 -0.005657196
vn -0.27783203 -0.9604492 0.0017147064
vn -0.5678711 -0.8232422 0.0002822876
vn 0.09051514 -0.99560547 0.014251709
vn 0.9995117 -0.035186768 -0.0003426075
vn 0.99902344 0.044189453 -0.001958847
vn -0.9980469 -0.06567383 -0.00087308884
vn 1 0.017959595 -0.005847931
vn 0.640625 0.7680664 0.00283432
vn 0.99560547 0.09136963 0.0012512207
vn 0.9501953 0.31152344 0.01576233
vn 0.9980469 0.061920166 -0.00033950806
vn 0.9980469 0.06390381 -0.00046014786
vn 0.9980469 0.06298828 -0.00037789345
vn 0.61376953 0.7895508 -0.0038604736
vn 0.27197266 0.96240234 0.0034332275
vn 0.0231781 0.9995117 0.0023212433
vn -0.9995117 -0.02279663 -0.0019931793
vn -0.9975586 -0.07043457 -0.0015382767
vn -1 -0.0030231476 0.0006122589
vn -1 -0.0011940002 -0.0019798279
vn -1 -0.0012073517 7.766485E-05
vn -1 0.0032806396 -0.0009870529
vn -1 0.009010315 0.013595581
vn -0.95166016 0.04324341 0.30419922
vn -1 -0.009483337 0.0010604858
vn -1 0.004802704 -0.00087976456
vn -0.9975586 -0.06628418 0.00034689903
vn -1 0.007850647 -0.003578186
vn -0.9995117 0.030838013 -0.010246277
vn -1 -0.00018203259 0.0012388229
vn -0.99902344 0.04269409 -0.00080537796
vn -0.41601562 0.9091797 0.00623703
vn -0.07672119 0.68896484 0.7207031
vn -0.042388916 0.99902344 0.0026073456
vn -0.1083374 0.9941406 0.00044083595
vn 0.0231781 0.9995117 0.0023212433
vn 0.8203125 0.5722656 0.0048713684
vn -0.41601562 0.9091797 0.00623703
vn -0.042388916 0.99902344 0.0026073456
vn 0.8203125 0.5722656 0.0048713684
vn -0.07672119 0.68896484 0.7207031
vn -0.00223732 -0.004798889 1
vn -0.95166016 0.04324341 0.30419922
vn 0.0013456345 0.00035429 1
vn -0.95166016 0.04324341 0.30419922
vn 0.0070266724 0.007926941 1
vn -0.18811035 0.9819336 0.029418945
vn 0.28076172 0.9580078 0.058288574
vn 0.2939453 0.9550781 0.0418396
vn 0.10449219 0.9946289 0.0055885315
vn 0.43041992 0.8964844 -0.10333252
vn 0.060699463 0.9975586 0.03060913
vn 0.0012741089 1 -0.012496948
vn 0.004283905 1 -0.011459351
vn -0.0013456345 1 -0.010002136
vn 0.2939453 0.9550781 0.0418396
vn -0.06866455 0.9926758 0.097961426
vn -0.18811035 0.9819336 0.029418945
vn -0.70458984 0.5058594 0.49804688
vn -0.10614014 0.9941406 -0.011138916
vn -0.96777344 0.25097656 0.00095415115
vn -1 -0.0031394958 0.018707275
vn -1 -0.0020275116 0.01878357
vn -1 -0.002380371 0.018737793
vn -0.9995117 -0.02961731 0.015960693
vn -0.36938477 -0.9291992 -0.019226074
vn -0.040863037 -0.84765625 -0.5292969
vn -0.63916016 -0.7680664 -0.040283203
vn -1 -0.002073288 0.018707275
vn -1 -0.0021018982 0.018707275
vn -0.01474762 -1 0.004070282
vn 0.47192383 -0.88183594 0.0019016266
vn 0.08123779 -0.93847656 -0.33520508
vn -0.040863037 -0.84765625 -0.5292969
vn 0.0022125244 -0.8564453 -0.5161133
vn -0.63916016 -0.7680664 -0.040283203
vn -0.012939453 -0.9975586 -0.06976318
vn -0.015037537 -0.9995117 -0.019805908
vn -0.00056934357 -0.9995117 -0.03515625
vn 0.9946289 -0.08703613 -0.055419922
vn 0.0022125244 -0.8564453 -0.5161133
vn -0.012939453 -0.9975586 -0.06976318
vn 0.9970703 0.07672119 -0.0009012222
vn 0.9975586 -0.053771973 -0.03930664
vn 0.9995117 -0.02468872 -0.008796692
vn 1 -0.011878967 -0.015434265
vn 0.9995117 0.022537231 0.003025055
vn 1 -0.0074653625 0.0034866333
vn 0.011245728 -1 -0.0020256042
vn -0.01474762 -1 0.004070282
vn 0.055847168 -0.99853516 0.0020370483
vn 1 -0.01713562 -0.00047302246
vn 0.6948242 -0.7192383 0.023086548
vn -0.031143188 -0.97509766 -0.22021484
vn 0.13586426 -0.015930176 0.99072266
vn 0.11279297 -0.42358398 0.8989258
vn 0.0031433105 1 4.87566E-05
vn -0.0013971329 1 0.00065517426
vn -0.0018539429 1 0.0007162094
vn 0.003610611 1 -1.3709068E-05
vn 0.006958008 -0.0033740997 -1
vn 0.0055503845 0.0010156631 -1
vn 0.007297516 -0.004436493 -1
vn 0.0049476624 0.0028934479 -1
vn -0.0035705566 0.008956909 1
vn 0.00060367584 0.021072388 1
vn -0.004962921 0.00491333 1
vn 0.0022697449 0.025909424 0.9995117
vn -0.015403748 -1 0.00038218498
vn 0.0011501312 -1 0.0072517395
vn 0.009399414 -1 0.010673523
vn -0.023605347 -0.9995117 -0.0030231476
vn -0.06866455 0.99658203 0.043151855
vn -0.056640625 0.99853516 0.009498596
vn -0.046417236 0.99902344 0.004016876
vn -0.07171631 0.9970703 0.02305603
vn -0.02243042 0.96777344 0.2512207
vn -0.02017212 0.9995117 0.029342651
vn -0.07171631 0.9970703 0.02305603
vn -0.018753052 0.9995117 0.023895264
vn 1 -0.00027894974 -0.0008778572
vn 1 -0.0045928955 -0.0023441315
vn 1 -0.00844574 -0.000998497
vn 1 0.00011610985 -0.0021705627
vn 1 -0.00025701523 -0.010116577
vn 1 0.007160187 -0.0010147095
vn 1 0.009223938 -9.608269E-05
vn -0.08062744 0.09295654 -0.9921875
vn -0.06542969 0.075683594 -0.9951172
vn -0.1496582 0.17114258 -0.9736328
vn 0.0008263588 0.00048184395 -1
vn -0.003479004 -0.8823242 -0.47045898
vn 0.0034294128 -1 0.002248764
vn 0.0018224716 -0.89404297 -0.44799805
vn 0.0035934448 -1 0.0019435883
vn -0.99902344 0.0034332275 -0.039489746
vn -0.99902344 -0.03277588 0.02204895
vn -0.9995117 -0.023834229 -0.019454956
vn -0.99853516 -0.036132812 -0.041137695
vn -0.9980469 0.020339966 0.061157227
vn -0.9980469 -0.0064430237 0.06549072
vn -0.99853516 -0.009994507 0.056274414
vn 0.027160645 0.036010742 -0.99902344
vn 0.022903442 0.026779175 -0.9995117
vn 0.026351929 0.030975342 -0.99902344
vn 0.028289795 0.037200928 -0.99902344
vn 0.01979065 0.011726379 -0.9995117
vn 0.026351929 0.030975342 -0.99902344
vn -0.07373047 -0.08526611 -0.99365234
vn -0.0037631989 -0.021057129 -1
vn -0.004142761 -0.019317627 -1
vn -0.0048103333 -0.01625061 -1
vn -0.0051193237 -0.014823914 -1
vn 0.005432129 0.019210815 1
vn 0.0035858154 0.016571045 1
vn 0.0064430237 0.0206604 1
vn 0.0023612976 0.014808655 1
vn 0.03152466 0.022369385 0.99902344
vn 0.007888794 -0.010261536 1
vn 0.044189453 0.039855957 0.9980469
vn -0.010040283 -0.035003662 0.9995117
vn -0.023284912 0.015174866 -0.9995117
vn -0.009407043 -0.046569824 -0.99902344
vn -0.01461792 -0.0234375 -0.9995117
vn -0.02772522 0.035003662 -0.99902344
vn -0.003250122 -0.0105896 -1
vn -0.00749588 -0.0043907166 -1
vn 0.0033016205 -0.02015686 -1
vn -0.014892578 0.006412506 -1
vn 0.99853516 0.031341553 0.042663574
vn 0.99853516 0.031341553 0.042663574
vn 0.99853516 0.031341553 0.042663574
vn 0.9995117 0.011413574 0.021499634
vn 0.9995117 -0.029541016 -0.00082731247
vn 0.99853516 0.00504303 0.05557251
vn 0.99902344 0.0020942688 0.04623413
vn 1 0.01374054 -0.017227173
vn 0.9980469 0.056488037 0.019210815
vn 0.99853516 -0.052886963 0.02192688
vn -0.017807007 -0.9916992 -0.12915039
vn -0.017807007 -0.9916992 -0.12915039
vn -0.017807007 -0.9916992 -0.12915039
vn -0.0025043488 -0.98583984 -0.16760254
vn 0.017807007 0.9916992 0.12915039
vn 0.017807007 0.9916992 0.12915039
vn 0.017807007 0.9916992 0.12915039
vn 0.0025043488 0.98583984 0.16760254
vn 0.0068130493 0.02218628 0.9995117
vn 0.0018758774 0.014877319 1
vn 0.014854431 0.034088135 0.9995117
vn -0.0063591003 0.0026817322 1
vn 0.049957275 -0.90722656 0.4177246
vn 0.029251099 -0.91503906 0.40234375
vn 0.041412354 -0.44628906 0.89404297
vn 0.08502197 -0.18652344 0.9790039
vn 0.08502197 -0.18652344 0.9790039
vn 0.13793945 0.1907959 0.9716797
vn 0.08441162 0.7553711 0.64990234
vn 0.13793945 0.1907959 0.9716797
vn 0.12854004 0.640625 0.75683594
vn -0.014587402 0.9770508 0.21325684
vn 0.062408447 0.9638672 -0.25952148
vn 0.030349731 0.88378906 -0.46655273
vn 0.082458496 0.3774414 -0.9223633
vn -0.057556152 0.10028076 -0.99316406
vn -0.07220459 -0.42578125 -0.90185547
vn 0.082458496 0.3774414 -0.9223633
vn -0.107910156 -0.77783203 -0.6191406
vn 0.016464233 -0.95214844 -0.30444336
vn 0.029251099 -0.91503906 0.40234375
vn 0.049957275 -0.90722656 0.4177246
vn -1 0.004135132 0.009056091
vn -1 -0.004383087 0.016662598
vn -1 0.004852295 0.013153076
vn -1 0.003616333 0.021697998
vn -0.9716797 0.234375 -0.024841309
vn 0.21166992 0.97753906 -0.009277344
vn 0.0007314682 1 -0.00014722347
vn -0.0023918152 1 -0.00096416473
vn 0.1583252 0.9873047 0.00024020672
vn -0.0140686035 1 -0.010543823
vn 0.091918945 0.99560547 -0.0178833
vn -0.17553711 0.984375 -0.017364502
vn -0.1472168 0.9892578 -0.008087158
vn 0.103027344 0.9946289 -0.01890564
vn 0.19396973 0.98095703 0.0018253326
vn 0.73779297 0.67529297 -0.0031986237
vn 0.66552734 0.74560547 -0.037902832
vn 0.6972656 0.7163086 0.03479004
vn 0.9863281 0.16235352 -0.02609253
vn 0.9863281 0.14086914 -0.08312988
vn 0.98828125 0.15197754 0.0038089752
vn 0.99072266 0.13269043 -0.030166626
vn 0.9970703 0.068237305 0.032714844
vn 0.9980469 -0.036865234 0.04562378
vn 0.9526367 -0.04827881 0.30004883
vn 0.09033203 0.061157227 0.9941406
vn 0.010864258 0.09118652 0.99560547
vn 0.021118164 0.083618164 0.99609375
vn -0.009864807 0.10406494 0.9946289
vn 0.066833496 -0.9975586 0.01651001
vn -0.15002441 -0.98876953 0.00737381
vn 0.00466156 -1 0.0004248619
vn -0.14794922 -0.98876953 0.014564514
vn -0.3815918 -0.9243164 0.008590698
vn -0.49804688 -0.8671875 -0.0009560585
vn 0.3959961 -0.91845703 0.00843811
vn 0.33813477 -0.94091797 -0.00084495544
vn 0.14929199 -0.98876953 0.0043296814
vn 0.1586914 -0.9873047 0.022338867
vn -0.26098633 -0.96533203 0.012145996
vn -0.20727539 -0.9785156 0.000500679
vn -0.65966797 -0.75146484 -0.0027561188
vn -0.7055664 -0.7089844 -0.0022296906
vn -0.98291016 -0.18371582 1.5079975E-05
vn -0.9941406 -0.10809326 -0.02041626
vn -0.99316406 -0.11608887 0.012336731
vn -0.99072266 -0.13500977 -0.015945435
vn -0.9760742 -0.21691895 -0.013999939
vn -0.9536133 -0.29760742 -0.04107666
vn -0.90625 -0.34301758 -0.24621582
vn -1 -0.0009627342 0.0019245148
vn -1 -0.0015182495 0.0010757446
vn -1 -0.0009403229 0.0019254684
vn -1 -0.0015058517 0.001156807
vn -0.99902344 -0.000702858 -0.03829956
vn -0.9995117 0.0007185936 -0.034698486
vn -0.24328613 0.00995636 0.96972656
vn -0.17041016 -0.4909668 0.8544922
vn -0.42333984 -0.5996094 0.6791992
vn 0.12213135 0.024032593 0.9921875
vn -0.23181152 0.025314331 0.97265625
vn 0.08874512 0.0982666 0.99121094
vn -0.087768555 -0.18908691 0.97802734
vn 0.17211914 -0.18884277 0.9667969
vn 0.13830566 -0.6791992 0.7211914
vn 0.49731445 -0.001335144 0.8676758
vn 0.31396484 0.028579712 0.94921875
vn 0.90283203 -0.097839355 0.41870117
vn 0.91503906 -0.24731445 0.31860352
vn 0.30688477 -0.42407227 0.8520508
vn 0.7138672 -0.48168945 0.5078125
vn 0.3725586 -0.91503906 0.15527344
vn -0.10070801 -0.9873047 0.121032715
vn -0.42333984 -0.5996094 0.6791992
vn -0.10131836 -0.9941406 0.032592773
vn 0.58935547 -0.7792969 0.21240234
vn 0.9765625 -0.105041504 0.18786621
vn 0.8886719 -0.44506836 0.10870361
vn 0.59521484 -0.8022461 0.051361084
vn 0.3449707 -0.9379883 0.033050537
vn 0.59033203 -0.8071289 0.0064811707
vn 0.35424805 -0.9350586 -0.0033740997
vn 0.94970703 -0.19226074 0.24804688
vn 0.08258057 -0.99658203 -0.0102005005
vn -0.28686523 -0.9580078 -0.010765076
vn 0.045898438 -0.92041016 -0.38842773
vn -0.24182129 -0.94384766 -0.22436523
vn -0.051116943 0.0256958 -0.99853516
vn 0.016830444 0.06536865 -0.9975586
vn 0.33081055 -0.9238281 -0.19238281
vn 0.35986328 -0.16320801 -0.91845703
vn 0.5708008 -0.80126953 -0.17871094
vn 0.7783203 -0.6142578 -0.1303711
vn 0.19030762 0.040496826 -0.98095703
vn 0.79003906 -0.6123047 0.02142334
vn 0.95654297 -0.2685547 -0.11462402
vn 0.9863281 -0.14587402 0.076660156
vn 0.9902344 -0.13549805 0.038330078
vn 0.9897461 -0.03488159 -0.13977051
vn 0.9868164 -0.064819336 0.14794922
vn 0.99658203 -0.04333496 0.06842041
vn 0.9995117 -0.024429321 -0.016204834
vn 0.98876953 0.07299805 0.13195801
vn 0.98779297 -0.13220215 0.08105469
vn 0.9897461 -0.010925293 0.14172363
vn 0.8964844 -0.41552734 0.15222168
vn 0.51953125 -0.7553711 0.3996582
vn 0.9848633 0.026016235 -0.17028809
vn 0.9970703 0.051971436 0.059448242
vn 0.9995117 0.037109375 -0.0048713684
vn 0.85253906 0.48706055 0.1887207
vn 0.9316406 0.02796936 0.3618164
vn 0.9428711 -0.11395264 0.31274414
vn 0.7626953 0.64160156 0.08062744
vn 0.7788086 0.59716797 0.19238281
vn 0.98046875 0.15539551 0.1204834
vn 0.734375 0.67285156 -0.08782959
vn 0.9760742 0.21679688 -0.009963989
vn 0.70996094 0.703125 0.034851074
vn 0.99902344 0.04071045 0.019454956
vn 0.9213867 -0.18713379 0.34106445
vn 0.94189453 0.0947876 0.32226562
vn 0.70703125 0.5131836 0.4868164
vn 0.03878784 0.81103516 0.5834961
vn 0.49609375 0.625 0.60302734
vn 0.30029297 0.9506836 0.07849121
vn 0.9682617 0.17785645 0.1751709
vn 0.7915039 0.5600586 0.24560547
vn 0.9008789 0.11077881 0.41918945
vn 0.55126953 0.7392578 0.3869629
vn 0.032226562 0.89208984 0.45092773
vn 0.08013916 0.9741211 0.21154785
vn 0.9145508 0.39135742 0.1026001
vn 0.9482422 0.31079102 0.062469482
vn 0.52490234 0.8276367 0.19824219
vn 0.75097656 0.6503906 0.11236572
vn 0.9580078 0.25805664 -0.12347412
vn 0.41088867 0.9033203 0.124816895
vn 0.7109375 0.69628906 -0.09790039
vn 0.28198242 0.9296875 -0.23596191
vn 0.13989258 0.44018555 -0.88720703
vn -0.014854431 0.63427734 -0.7729492
vn 0.13134766 0.14099121 -0.9814453
vn 0.074523926 0.020523071 -0.9970703
vn 0.04901123 0.99658203 -0.066101074
vn -0.014854431 0.63427734 -0.7729492
vn -0.057128906 0.50146484 -0.86328125
vn 0.040618896 0.044525146 -0.9980469
vn 0.17480469 0.9760742 0.12756348
vn -0.09460449 0.9824219 -0.16186523
vn -0.4567871 0.88671875 -0.071777344
vn -0.027618408 0.9921875 0.123291016
vn -0.19519043 0.97216797 0.12841797
vn -0.50634766 0.8544922 0.11529541
vn -0.51708984 0.83251953 0.19921875
vn -0.09326172 0.9785156 0.18408203
vn -0.101501465 0.90966797 0.4025879
vn -0.46020508 0.8276367 0.32177734
vn -0.81591797 0.5551758 0.16320801
vn -0.71240234 0.6455078 0.27514648
vn -0.68652344 0.50146484 0.52685547
vn -0.9194336 -0.2166748 0.32861328
vn -0.22814941 0.75878906 0.61035156
vn -0.94140625 0.07696533 0.32788086
vn -0.24645996 0.7973633 0.55078125
vn -0.82958984 0.51953125 0.20581055
vn -0.1739502 0.9692383 0.1739502
vn -0.48510742 0.87402344 -0.025924683
vn -0.7792969 0.62646484 0.02720642
vn -0.7578125 0.6464844 -0.08721924
vn 0.5283203 0.83935547 -0.1270752
vn -0.4428711 0.8857422 -0.13891602
vn 0.34204102 0.89453125 -0.28735352
vn -0.53027344 0.7963867 -0.29052734
vn -0.80371094 0.5722656 -0.16271973
vn 0.62060547 0.7504883 -0.22753906
vn 0.85791016 0.49291992 -0.14355469
vn 0.9277344 0.3112793 -0.20666504
vn 0.6088867 0.68847656 -0.3942871
vn 0.4716797 0.77246094 -0.4248047
vn 0.020706177 0.8833008 -0.46826172
vn -0.25805664 0.9301758 -0.26049805
vn -0.57910156 0.7260742 -0.37109375
vn -0.017288208 0.23596191 0.9716797
vn -0.85546875 0.45703125 -0.24328613
vn -0.98095703 0.1895752 0.037353516
vn 0.9814453 0.1875 -0.037384033
vn 0.99365234 0.100097656 -0.049194336
vn 0.9277344 0.3112793 -0.20666504
vn 1 0.016418457 -0.0053749084
vn 0.9897461 -0.14135742 0.028564453
vn 0.99365234 -0.109191895 0.016937256
vn 0.953125 -0.30029297 0.035095215
vn 0.8857422 -0.45874023 0.07354736
vn 0.82128906 -0.56933594 0.027908325
vn 0.5986328 -0.7973633 0.076660156
vn 0.53515625 -0.84472656 0.0062294006
vn 0.49121094 -0.86035156 0.13464355
vn 0.26342773 -0.9614258 0.079956055
vn 0.09564209 -0.9951172 -0.011314392
vn 0.19677734 -0.9707031 0.1381836
vn -0.13366699 -0.9868164 0.09033203
vn -0.4555664 -0.88964844 -0.03060913
vn -0.09088135 -0.96777344 0.23498535
vn 0.099609375 -0.9189453 0.38183594
vn -0.053222656 -0.6948242 0.71728516
vn -0.087768555 -0.18908691 0.97802734
vn -0.0053482056 1 0.0067634583
vn -0.006465912 1 0.00844574
vn -0.0037231445 1 0.0043144226
vn -0.008140564 1 0.010971069
vn 0.02192688 -0.6904297 0.72314453
vn 0.45092773 -0.3474121 0.8222656
vn -0.012992859 -0.49291992 0.8701172
vn 0.01512146 -0.66503906 0.74658203
vn -0.06604004 -0.71972656 0.69140625
vn -0.03930664 -0.97802734 0.2052002
vn -0.14343262 -0.26513672 0.9536133
vn -0.07434082 -0.058380127 0.99560547
vn -0.037261963 0.7963867 0.6035156
vn -0.037261963 0.7963867 0.6035156
vn -0.0076904297 0.9980469 0.06109619
vn -0.008972168 0.9790039 0.20446777
vn -0.037261963 0.7963867 0.6035156
vn -0.009887695 0.98291016 0.18383789
vn -0.09942627 0.9663086 0.23815918
vn -0.012466431 0.97998047 0.1998291
vn -0.045196533 0.99853516 -0.027923584
vn -0.018493652 0.99902344 -0.034118652
vn 0.31176758 0.9296875 0.19689941
vn -0.018493652 0.99902344 -0.034118652
vn 1 -0.014160156 -0.0019235611
vn 1 0.004535675 -0.003232956
vn 0.9995117 -0.034301758 -0.0018987656
vn 1 0.0052261353 -0.0032520294
vn 0.96240234 0.27148438 -0.0016336441
vn 0.11517334 -0.99316406 0.004562378
vn 0.11425781 -0.99365234 0.0012168884
vn 0.112976074 -0.99365234 -0.0034103394
vn 0.11883545 -0.9926758 0.017745972
vn 0.021057129 -0.020263672 -0.9995117
vn 0.01687622 0.0018005371 -1
vn 0.01651001 0.018707275 -0.9995117
vn 0.01687622 0.0018005371 -1
vn -0.0003027916 0.057617188 -0.99853516
vn -0.0027103424 -0.00054597855 -1
vn 0.0011281967 -0.0021762848 -1
vn 0.0039596558 0.2944336 -0.9555664
vn 0.0017595291 0.29516602 -0.9555664
vn 0.00095033646 0.29541016 -0.9555664
vn 0.0053138733 0.2939453 -0.9560547
vn -0.015449524 -0.46166992 0.88671875
vn -0.008300781 -0.46899414 0.8833008
vn 0.02357483 -0.69091797 0.72216797
vn 0.0012903214 -0.68115234 0.7319336
vn -0.08508301 -0.7709961 0.63134766
vn -0.056152344 -0.6269531 0.77734375
vn -0.13537598 -0.16772461 0.9765625
vn -0.025177002 -0.06500244 0.9975586
vn -0.024597168 0.31445312 -0.94873047
vn -0.12585449 0.6694336 -0.7324219
vn -0.1116333 -0.20788574 -0.9716797
vn 0.012702942 0.95214844 -0.30615234
vn -0.10479736 0.9458008 0.30810547
vn -0.008377075 0.79345703 0.6088867
vn -0.09698486 0.22033691 0.9707031
vn -0.038635254 0.059417725 0.9975586
vn -0.019943237 -0.4975586 0.8671875
vn 0.032592773 -0.6557617 0.75439453
vn -0.09698486 0.22033691 0.9707031
vn -0.1116333 -0.20788574 -0.9716797
vn 0.028244019 -0.6376953 -0.76953125
vn -0.026275635 -0.92285156 -0.38452148
vn 0.0496521 -0.99609375 -0.075805664
vn -0.020126343 -0.97558594 0.21850586
vn 0.032592773 -0.6557617 0.75439453
vn -0.019943237 -0.4975586 0.8671875
vn 1 0.0039863586 0.012786865
vn 0.9995117 0.0015707016 0.02218628
vn 1 -0.0053367615 -0.00071811676
vn 0.9980469 0.016326904 0.058410645
vn 0.99902344 0.04159546 -0.0010900497
vn 0.9975586 0.039642334 0.059814453
vn -0.9995117 0.02619934 0.00010442734
vn -1 0.017089844 0.00053167343
vn -0.9995117 0.025787354 0.00012421608
vn -1 0.013298035 0.0003323555
vn -1 0.01158905 0.0005264282
vn -1 0.005706787 -0.001247406
vn -1 0.012184143 -0.0002861023
vn -1 0.01322937 -1.7940998E-05
vn -0.96533203 0.031951904 0.25805664
vn -1 -0.008705139 -0.0026302338
vn -0.9980469 -0.061431885 0.00182724
vn -0.9975586 -0.016220093 0.064697266
vn -1 -0.008705139 -0.0026302338
vn -0.9980469 -0.020980835 -0.061279297
vn -0.95654297 0.030838013 -0.2902832
vn -0.99853516 -0.056274414 0.004005432
vn -1 0 1.0728836E-05
vn -1 0 1.1086464E-05
vn -1 0 0
vn -1 0 0
vn -1 0 0
vn -1 0 0
vn -1 0 0
vn -1 0 0
vn -1 0 0
vn -1 0 0
vn -1 0 0
vn -1 0 -7.033348E-06
vn -1 0 0
vn -1 0 0
vn -1 0 0
vn -1 0 0
vn -1 0 0
vn -1 0 0
vn -0.014404297 -0.033294678 -0.9995117
vn -0.018005371 -0.0056610107 -1
vn -0.0131073 -0.04321289 -0.99902344
vn -0.019058228 0.0024490356 -1
vn 0.02331543 0.032409668 0.99902344
vn 0.009429932 0.0076904297 1
vn 0.027954102 0.04067993 0.99902344
vn 0.0036373138 -0.0026226044 1
vn 0.69921875 0.71484375 0.0037899017
vn 0.97021484 0.24279785 0.0056991577
vn 0.68310547 0.73046875 0.006038666
vn 0.97216797 0.23486328 -0.00680542
vn 0.68310547 0.73046875 0.006038666
vn 0.5029297 0.8642578 -0.011360168
vn 0.50341797 0.86376953 -0.013183594
vn -0.008804321 -0.0289917 -0.9995117
vn 0.008522034 0.0014381409 -1
vn 0.014060974 0.011177063 -1
vn -0.016189575 -0.04196167 -0.99902344
vn -0.0017852783 0.031463623 0.9995117
vn 0.0023784637 -0.0028190613 1
vn 0.0037212372 -0.013885498 1
vn -0.0031223297 0.04248047 0.99902344
vn 1 -0.016098022 -0.00030303
vn 1 -0.013702393 -0.0020656586
vn 0.9995117 -0.030914307 0.00039553642
vn 1 -0.0073928833 -0.00082206726
vn 1 0.000995636 0.0013942719
vn 1 -0.0029144287 0.004047394
vn 0.9995117 -0.022216797 0.012840271
vn 1 0.0037155151 0.0024337769
vn 1 0.013786316 -0.0069999695
vn 0.99609375 0.00522995 0.09057617
vn 0.9863281 0.0028648376 0.16394043
vn -0.52685547 -0.055877686 0.84814453
vn -0.31054688 -0.06585693 0.9482422
vn -0.32421875 -0.06011963 0.94384766
vn -0.5834961 -0.044158936 0.81103516
vn -0.86376953 -0.006374359 0.50390625
vn -0.91015625 -0.03540039 0.4128418
vn -1 -0.0011472702 -0.0023441315
vn -1 -0.0011453629 -0.0023841858
vn -1 -0.0011529922 -0.0023479462
vn -1 -0.0011577606 -0.0023708344
vn -1 -0.0011777878 -0.0023880005
vn -1 -0.0011749268 -0.0023555756
vn -1 -0.001162529 -0.0023231506
vn -1 -0.0011367798 -0.0023880005
vn -1 -0.0011301041 -0.0024032593
vn -1 -0.0011329651 -0.002407074
vn -1 -0.0011405945 -0.0024318695
vn -1 -0.0011968613 -0.0023708344
vn -1 -0.0011701584 -0.0023555756
vn -1 -0.0012216568 -0.0023899078
vn -1 -0.0011577606 -0.002462387
vn -1 -0.0011644363 -0.00242424
vn -1 -0.0011873245 -0.002418518
vn -1 -0.0011968613 -0.0023880005
vn -1 -0.0011787415 -0.002462387
vn -0.0067329407 0.02053833 1
vn -0.0055160522 0.018203735 1
vn -0.0045814514 0.016418457 1
vn -0.007698059 0.022399902 0.9995117
vn 1 0.009811401 -0.00054836273
vn 1 0.015853882 -0.0009660721
vn 1 0.009529114 -0.0005288124
vn 1 0.016159058 -0.0009870529
vn -1 0.01121521 0.0038375854
vn -0.9970703 0.07324219 -0.0003862381
vn -0.9970703 0.076416016 -0.00060224533
vn -1 0.008331299 0.004032135
vn 1 0.0007352829 0.009780884
vn 1 -0.0003106594 0.010467529
vn 1 -0.004837036 0.00035119057
vn 0.99902344 0.012992859 0.037109375
vn 0.9995117 0.020050049 0.009857178
vn 0.38208008 -0.9243164 -0.0011205673
vn 0.32788086 -0.9448242 -0.0002605915
vn 0.38256836 -0.9238281 -0.001127243
vn 0.32739258 -0.9448242 -0.00025320053
vn -0.07366943 0.9970703 0.0015096664
vn 0.19702148 0.98046875 -0.0041885376
vn 0.20043945 0.9794922 -0.004257202
vn -0.0769043 0.9970703 0.0015773773
vn -0.042388916 0.9916992 0.12011719
vn 0.2220459 0.9746094 0.025131226
vn 0.21166992 0.9760742 0.045074463
vn 0.3022461 0.9511719 0.064453125
vn 0.32470703 0.94189453 0.08843994
vn 0.08203125 0.99316406 0.080444336
vn 0.33569336 0.93896484 -0.07635498
vn 0.28979492 0.9560547 -0.04232788
vn 0.07208252 0.99316406 -0.09106445
vn -0.042388916 0.9916992 0.12011719
vn -0.042877197 0.98876953 -0.14379883
vn -0.9760742 0.21813965 0
vn -0.97802734 0.20800781 0
vn -0.042877197 0.98876953 -0.14379883
vn 0.20996094 0.9765625 -0.0435791
vn 0.23059082 0.97265625 -0.021514893
vn 0.1652832 0.9863281 0.0011253357
vn 0.20227051 0.9794922 -0.0013780594
vn 0.01071167 0.039794922 -0.99902344
vn 0.0015563965 0.0423584 -0.99902344
vn 0.043762207 0.10394287 -0.99365234
vn 0.05606079 0.09869385 -0.99365234
vn 0.05432129 0.7265625 -0.6850586
vn 0.095336914 0.7338867 -0.67285156
vn 0.0073127747 0.99853516 -0.055633545
vn 0.0018262863 0.9980469 -0.06011963
vn 6.645918E-05 0.9980469 0.062469482
vn -0.0025920868 0.9970703 0.0758667
vn -0.0009689331 0.076293945 0.9970703
vn 0.022583008 0.05834961 0.9980469
vn -0.13061523 0.051361084 0.9902344
vn -0.15759277 0.057891846 0.98583984
vn -0.010475159 -0.11065674 0.99365234
vn -0.00207901 -0.0031490326 1
vn -0.0016231537 -0.003019333 1
vn -0.002336502 -0.08856201 0.99609375
vn -0.0043792725 -0.69140625 0.72265625
vn 0.016082764 -0.6645508 0.7470703
vn -0.0032196045 -0.9970703 0.076293945
vn -0.00497818 -0.9970703 0.07318115
vn -0.006061554 -1 0.00074768066
vn -0.007369995 -0.9980469 -0.06311035
vn -0.06604004 -0.61621094 -0.78466797
vn 0.0152282715 -0.06719971 -0.9975586
vn 0.040374756 -0.08630371 -0.99560547
vn 0.13842773 -0.019348145 -0.9902344
vn 0.15771484 -0.024032593 -0.9873047
vn -0.578125 -0.0016622543 -0.81591797
vn -0.578125 -0.0016622543 -0.81591797
vn -0.578125 -0.0016622543 -0.81591797
vn -0.6020508 -0.009513855 -0.79833984
vn 0.578125 0.0016622543 0.81591797
vn 0.578125 0.0016622543 0.81591797
vn 0.578125 0.0016622543 0.81591797
vn 0.6020508 0.009513855 0.79833984
vn -0.016723633 0.09234619 0.99560547
vn 0.00057315826 0.18640137 0.9824219
vn -0.01965332 0.07623291 0.9970703
vn 0.0025691986 0.19714355 0.98046875
vn 0.8496094 -0.52734375 0
vn 0.8496094 -0.52734375 0
vn 0.8496094 -0.52734375 0
vn 0.8496094 -0.52734375 0
vn -0.9975586 -0.07305908 0
vn -0.9975586 -0.07305908 0
vn -0.9975586 -0.07305908 0
vn -0.9975586 -0.07305908 0
vn 0.47143555 -0.88183594 0
vn 0.47143555 -0.88183594 0
vn 0.47143555 -0.88183594 0
vn 0.47143555 -0.88183594 0
vn 0.13696289 0.99072266 0
vn 0.13696289 0.99072266 0
vn 0.13696289 0.99072266 0
vn 0.13696289 0.99072266 0
vn 0.984375 0.17590332 0
vn 0.984375 0.17590332 0
vn 0.984375 0.17590332 0
vn 0.984375 0.17590332 0
vn -0.89990234 0.4362793 0
vn -0.89990234 0.4362793 0
vn -0.89990234 0.4362793 0
vn -0.89990234 0.4362793 0
vn -0.9716797 0.23608398 0
vn -0.9716797 0.23608398 0
vn -0.9716797 0.23608398 0
vn -0.9716797 0.23608398 0
vn 0.9248047 0.38012695 0
vn 0.9248047 0.38012695 0
vn 0.9248047 0.38012695 0
vn 0.9248047 0.38012695 0
vn -0.9926758 0.12109375 0
vn -0.9926758 0.12109375 0
vn -0.9926758 0.12109375 0
vn -0.9926758 0.12109375 0
vn 0.7319336 -0.6816406 0
vn 0.7319336 -0.6816406 0
vn 0.7319336 -0.6816406 0
vn 0.7319336 -0.6816406 0
vn -0.07574463 0.9970703 0
vn -0.07574463 0.9970703 0
vn -0.07574463 0.9970703 0
vn -0.07574463 0.9970703 0
vn 0.64746094 -0.76220703 0
vn 0.64746094 -0.76220703 0
vn 0.64746094 -0.76220703 0
vn 0.64746094 -0.76220703 0
vn 0.8486328 -0.5292969 0
vn 0.8486328 -0.5292969 0
vn 0.8486328 -0.5292969 0
vn 0.8486328 -0.5292969 0
vn -0.37524414 0.9267578 0
vn -0.37524414 0.9267578 0
vn -0.37524414 0.9267578 0
vn -0.37524414 0.9267578 0
vn 0.76416016 0.6455078 0
vn 0.76416016 0.6455078 0
vn 0.76416016 0.6455078 0
vn 0.76416016 0.6455078 0
vn -0.23876953 -0.9711914 0
vn -0.23876953 -0.9711914 0
vn -0.23876953 -0.9711914 0
vn -0.23876953 -0.9711914 0
vn -0.9975586 -0.07055664 0
vn -0.9975586 -0.07055664 0
vn -0.9975586 -0.07055664 0
vn -0.9975586 -0.07055664 0
vn -0.5004883 0.86572266 0
vn -0.5004883 0.86572266 0
vn -0.5004883 0.86572266 0
vn -0.5004883 0.86572266 0
vn 0.9135742 -0.40649414 0
vn 0.9135742 -0.40649414 0
vn 0.9135742 -0.40649414 0
vn 0.9135742 -0.40649414 0
vn 0.6689453 0.74316406 0
vn 0.6689453 0.74316406 0
vn 0.6689453 0.74316406 0
vn 0.6689453 0.74316406 0
vn -0.97802734 -0.20825195 0
vn -0.97802734 -0.20825195 0
vn -0.97802734 -0.20825195 0
vn -0.97802734 -0.20825195 0
vn -0.9975586 0.06665039 0
vn -0.9975586 0.06665039 0
vn -0.9975586 0.06665039 0
vn -0.9975586 0.06665039 0
vn 0.8461914 0.53271484 0
vn 0.8461914 0.53271484 0
vn 0.8461914 0.53271484 0
vn 0.8461914 0.53271484 0
vn 0.99560547 0.09338379 0
vn 0.99560547 0.09338379 0
vn 0.99560547 0.09338379 0
vn 0.99560547 0.09338379 0
vn -0.7504883 -0.66064453 0
vn -0.7504883 -0.66064453 0
vn -0.7504883 -0.66064453 0
vn -0.7504883 -0.66064453 0
vn -0.24499512 0.96972656 0
vn -0.24499512 0.96972656 0
vn -0.24499512 0.96972656 0
vn -0.24499512 0.96972656 0
vn -0.37182617 -0.92822266 0
vn -0.37182617 -0.92822266 0
vn -0.37182617 -0.92822266 0
vn -0.37182617 -0.92822266 0
vn 0.8461914 0.53271484 0
vn 0.8461914 0.53271484 0
vn 0.8461914 0.53271484 0
vn 0.8461914 0.53271484 0
vn -0.37182617 -0.92822266 0
vn -0.37182617 -0.92822266 0
vn -0.37182617 -0.92822266 0
vn -0.37182617 -0.92822266 0
vn 0.87402344 0.4855957 0
vn 0.87402344 0.4855957 0
vn 0.87402344 0.4855957 0
vn 0.87402344 0.4855957 0
vn -0.421875 -0.9067383 0
vn -0.421875 -0.9067383 0
vn -0.421875 -0.9067383 0
vn -0.421875 -0.9067383 0
vn -0.86035156 0.5097656 0
vn -0.86035156 0.5097656 0
vn -0.86035156 0.5097656 0
vn -0.86035156 0.5097656 0
vn 0.39648438 -0.91796875 0
vn 0.39648438 -0.91796875 0
vn 0.39648438 -0.91796875 0
vn 0.39648438 -0.91796875 0
vn -0.24499512 0.96972656 0
vn -0.24499512 0.96972656 0
vn -0.24499512 0.96972656 0
vn -0.24499512 0.96972656 0
vn 0.51123047 -0.859375 0
vn 0.51123047 -0.859375 0
vn 0.51123047 -0.859375 0
vn 0.51123047 -0.859375 0
vn 0.09185791 0.99560547 0
vn 0.09185791 0.99560547 0
vn 0.09185791 0.99560547 0
vn 0.09185791 0.99560547 0
vn 0.97558594 0.22033691 0
vn 0.97558594 0.22033691 0
vn 0.97558594 0.22033691 0
vn 0.97558594 0.22033691 0
vn -0.65966797 -0.75146484 0
vn -0.65966797 -0.75146484 0
vn -0.65966797 -0.75146484 0
vn -0.65966797 -0.75146484 0
vn 0.74658203 0.66552734 0
vn 0.74658203 0.66552734 0
vn 0.74658203 0.66552734 0
vn 0.74658203 0.66552734 0
vn -0.74658203 -0.66552734 0
vn -0.74658203 -0.66552734 0
vn -0.74658203 -0.66552734 0
vn -0.74658203 -0.66552734 0
vn -0.9970703 -0.07659912 0
vn -0.9970703 -0.07659912 0
vn -0.9970703 -0.07659912 0
vn -0.9970703 -0.07659912 0
vn 0.9970703 0.07659912 0
vn 0.9970703 0.07659912 0
vn 0.9970703 0.07659912 0
vn 0.9970703 0.07659912 0
vn -0.23278809 -0.97265625 0
vn -0.23278809 -0.97265625 0
vn -0.23278809 -0.97265625 0
vn -0.23278809 -0.97265625 0
vn 0.23278809 0.97265625 0
vn 0.23278809 0.97265625 0
vn 0.23278809 0.97265625 0
vn 0.23278809 0.97265625 0
vn 0.93359375 -0.35766602 0
vn 0.93359375 -0.35766602 0
vn 0.93359375 -0.35766602 0
vn 0.93359375 -0.35766602 0
vn -0.93359375 0.35766602 0
vn -0.93359375 0.35766602 0
vn -0.93359375 0.35766602 0
vn -0.93359375 0.35766602 0
vn 0.51953125 0.8544922 0
vn 0.51953125 0.8544922 0
vn 0.51953125 0.8544922 0
vn 0.51953125 0.8544922 0
vn -0.51953125 -0.8544922 0
vn -0.51953125 -0.8544922 0
vn -0.51953125 -0.8544922 0
vn -0.51953125 -0.8544922 0
vn 0.4165039 0.9091797 0
vn 0.4165039 0.9091797 0
vn 0.4165039 0.9091797 0
vn 0.4165039 0.9091797 0
vn -0.4165039 -0.9091797 0
vn -0.4165039 -0.9091797 0
vn -0.4165039 -0.9091797 0
vn -0.4165039 -0.9091797 0
vn 0.9267578 0.37548828 0
vn 0.9267578 0.37548828 0
vn 0.9267578 0.37548828 0
vn 0.9267578 0.37548828 0
vn -0.9267578 -0.37548828 0
vn -0.9267578 -0.37548828 0
vn -0.9267578 -0.37548828 0
vn -0.9267578 -0.37548828 0
vn 0.9980469 -0.06060791 0
vn 0.9980469 -0.06060791 0
vn 0.9980469 -0.06060791 0
vn 0.9980469 -0.06060791 0
vn -0.9980469 0.06060791 0
vn -0.9980469 0.06060791 0
vn -0.9980469 0.06060791 0
vn -0.9980469 0.06060791 0
vn -0.99560547 0.09472656 0
vn -0.99560547 0.09472656 0
vn -0.99560547 0.09472656 0
vn -0.9975586 0.060577393 0.028244019
vn 0.99560547 -0.09472656 0
vn 0.99560547 -0.09472656 0
vn 0.99560547 -0.09472656 0
vn 0.9975586 -0.060577393 -0.028244019
vn 0.90234375 -0.4309082 0
vn 0.90234375 -0.4309082 0
vn 0.90234375 -0.4309082 0
vn 0.90234375 -0.4309082 0
vn -0.90234375 0.4309082 0
vn -0.90234375 0.4309082 0
vn -0.90234375 0.4309082 0
vn -0.90234375 0.4309082 0
vn 1 -0.004673004 0.0031528473
vn 1 -0.00472641 0.003211975
vn 1 -0.0048103333 0.0031642914
vn 1 -0.004650116 0.0032157898
vn 1 -0.0046958923 0.0031433105
vn 1 -0.00466156 0.003112793
vn 1 -0.0046653748 0.0031433105
vn 1 -0.0046463013 0.0031356812
vn 1 -0.00466156 0.0031375885
vn 1 -0.0046920776 0.003080368
vn 1 -0.004714966 0.0032405853
vn 1 -0.0047836304 0.003293991
vn 1 -0.004711151 0.0032176971
vn 1 -0.0047302246 0.003047943
vn 1 -0.0046310425 0.0027942657
vn 1 -0.004802704 0.0030879974
vn 1 -0.004837036 0.0030593872
vn 0.008674622 0.029373169 0.9995117
vn 0.015342712 0.025756836 0.9995117
vn 0.030761719 0.03237915 0.99902344
vn 0.037963867 0.028884888 0.99902344
vn 0.0068511963 0.004753113 1
vn -0.0044021606 -0.006996155 1
vn 0.1026001 -0.99365234 0.050811768
vn 0.049926758 -0.99853516 -0.02949524
vn 0.06866455 -0.9951172 -0.07312012
vn 0.11090088 -0.9892578 0.09295654
vn 0.98779297 -0.14953613 0.04321289
vn 0.9921875 -0.11907959 0.03060913
vn 0.9995117 -0.016738892 0.021957397
vn 0.9995117 -0.018966675 0.021820068
vn 1 0.0010690689 -0.0004968643
vn 1 0.00011074543 1.5616417E-05
vn 1 1.7285347E-06 1.6093254E-06
vn 1 -2.861023E-06 5.2452087E-06
vn 1 1.7523766E-05 0
vn 0.9892578 0.14624023 -0.01626587
vn 1 5.066395E-06 -9.179115E-06
vn 0.99560547 0.09277344 0.011833191
vn 1 0 6.479025E-05
vn 1 0 0.00013816357
vn 0.3178711 0.9301758 0.18481445
vn 0.009666443 0.96777344 0.25195312
vn -0.012359619 0.9975586 0.06781006
vn -0.43823242 0.89160156 0.115600586
vn 0.3178711 0.9301758 0.18481445
vn 0.82177734 0.56347656 0.08746338
vn 0.05130005 0.9863281 0.15539551
vn -0.0035705566 0.95996094 0.28076172
vn 0.046905518 0.10144043 0.99365234
vn 0.023101807 0.9658203 0.25878906
vn -0.43823242 0.89160156 0.115600586
vn -0.007411957 0.09741211 0.9951172
vn 0.019683838 0.016586304 0.9995117
vn -0.010414124 0.03201294 0.9995117
vn -0.008239746 0.0059890747 1
vn -0.008102417 0.0033054352 1
vn 0.5996094 -0.06488037 0.79785156
vn -0.004966736 0.27490234 0.9614258
vn -0.0045661926 0.3269043 0.9448242
vn 0.0016670227 0.79248047 0.609375
vn -0.00333786 0.6767578 0.7363281
vn -0.016662598 0.99902344 -0.039520264
vn 0.0001847744 0.98876953 -0.14990234
vn 0.00092840195 0.9921875 -0.123413086
vn -0.0022964478 0.9902344 -0.13793945
vn 0.00806427 0.95751953 0.2878418
vn 0.0014820099 0.9501953 0.31176758
vn 0.0048828125 0.39746094 0.91748047
vn 0.007881165 0.38012695 0.9248047
vn 0.004180908 0.015823364 1
vn 0.006965637 0.007858276 1
vn -0.0072250366 -0.94433594 0.32861328
vn 0.00504303 -0.9404297 0.3395996
vn -0.0004413128 -0.9272461 0.37451172
vn 0.6669922 -0.70214844 0.24865723
vn 0.016342163 -0.1862793 0.9824219
vn -0.0002772808 -0.28271484 0.9589844
vn 0.0013637543 0.020095825 1
vn -0.010437012 0.057281494 0.99853516
vn 0.4074707 -0.10424805 0.90722656
vn -0.023513794 -0.023086548 0.9995117
vn -0.011695862 -0.17993164 0.98339844
vn -0.9897461 0.14257812 -0.019500732
vn -0.23327637 0.9526367 -0.1953125
vn -0.43823242 0.89160156 0.115600586
vn -0.9765625 0.21435547 -0.0014848709
vn -0.9716797 0.2355957 0.0026626587
vn -0.9897461 0.13977051 0.026016235
vn -0.9897461 0.12976074 -0.057495117
vn -0.9941406 0.109313965 0.008575439
vn -0.99853516 0.05307007 -0.015487671
vn -0.9975586 -0.07080078 -0.0038471222
vn -0.99902344 -0.04208374 0.009994507
vn -0.99121094 -0.13232422 -0.0068740845
vn -0.9838867 -0.17980957 0.0051574707
vn -0.9995117 -0.022598267 -0.002576828
vn -0.9980469 -0.06500244 -0.01259613
vn -0.9951172 -0.09429932 -0.022109985
vn -0.9975586 0.002494812 -0.07293701
vn -1 -0.005882263 0.0035648346
vn -1 -0.0046043396 0.002456665
vn -1 -0.0034694672 0.0011367798
vn -1 -0.0039253235 0.0010204315
vn -1 -0.00016021729 0.0075149536
vn -1 -0.011390686 0.0036563873
vn -0.95410156 -0.29907227 -0.024139404
vn -0.95458984 -0.2939453 -0.04473877
vn -0.9692383 -0.24584961 -0.00038266182
vn -0.9794922 -0.16516113 -0.11590576
vn -0.98583984 -0.16589355 0.0116119385
vn -0.98583984 -0.16516113 -0.030258179
vn 0.016830444 0.06536865 -0.9975586
vn 0.35986328 -0.16320801 -0.91845703
vn -0.05810547 0.08416748 -0.9946289
vn -0.051116943 0.0256958 -0.99853516
vn -0.22131348 -0.049224854 -0.9741211
vn -0.032043457 0.04067993 -0.99853516
vn -0.013069153 0.049041748 -0.99853516
vn -0.28051758 0.030685425 -0.95947266
vn -0.8666992 0.19677734 -0.45825195
vn -0.3330078 0.3984375 -0.8544922
vn 0.13134766 0.14099121 -0.9814453
vn -0.057128906 0.50146484 -0.86328125
vn 0.006866455 0.30810547 -0.9511719
vn 0.13989258 0.44018555 -0.88720703
vn -0.014854431 0.63427734 -0.7729492
vn -0.0015411377 0.29418945 -0.9555664
vn -0.0099487305 0.29125977 -0.95654297
vn 0.0017004013 0.29541016 -0.9555664
vn -0.0135650635 0.29003906 -0.95703125
vn -0.36621094 -0.93066406 0
vn -0.36572266 -0.9296875 0.047729492
vn -0.36621094 -0.93066406 0
vn -0.36572266 -0.9296875 0.047729492
vn -0.3618164 -0.9194336 0.15393066
vn 0.8432617 0.53759766 0
vn 0.84228516 0.5371094 0.047729492
vn 0.8432617 0.53759766 0
vn 0.84228516 0.5371094 0.047729492
vn 0.8330078 0.53125 0.15393066
vn -0.9980469 0.06060791 0
vn -0.9970703 0.060546875 0.047729492
vn -0.9980469 0.06060791 0
vn -0.9970703 0.060546875 0.047729492
vn -0.9863281 0.05987549 0.15393066
vn 0.77197266 -0.6357422 0
vn 0.7709961 -0.6352539 0.047729492
vn 0.77197266 -0.6357422 0
vn 0.7709961 -0.6352539 0.047729492
vn 0.7626953 -0.6279297 0.15393066
vn 0.9160156 -0.4008789 0
vn 0.91503906 -0.40039062 0.047729492
vn 0.9160156 -0.4008789 0
vn 0.91503906 -0.40039062 0.047729492
vn 0.90527344 -0.3959961 0.15393066
vn -0.5053711 0.86279297 0
vn -0.5048828 0.8618164 0.047729492
vn -0.5053711 0.86279297 0
vn -0.5048828 0.8618164 0.047729492
vn -0.49951172 0.85253906 0.15393066
vn -0.65527344 -0.7553711 0
vn -0.6542969 -0.7548828 0.047729492
vn -0.65527344 -0.7553711 0
vn -0.6542969 -0.7548828 0.047729492
vn -0.64746094 -0.74658203 0.15393066
vn 0.9741211 0.22631836 0
vn 0.97314453 0.22595215 0.047729492
vn 0.9741211 0.22631836 0
vn 0.97314453 0.22595215 0.047729492
vn 0.96240234 0.22363281 0.15393066
vn -0.90234375 0.4309082 0
vn -0.9013672 0.43041992 0.047729492
vn -0.90234375 0.4309082 0
vn -0.9013672 0.43041992 0.047729492
vn -0.89160156 0.42578125 0.15393066
vn 0.47680664 -0.87890625 0
vn 0.47631836 -0.8779297 0.047729492
vn 0.47680664 -0.87890625 0
vn 0.47631836 -0.8779297 0.047729492
vn 0.4711914 -0.86865234 0.15393066
vn -0.23278809 -0.97265625 0
vn -0.23254395 -0.9711914 0.047729492
vn -0.23278809 -0.97265625 0
vn -0.23254395 -0.9711914 0.047729492
vn -0.23010254 -0.9609375 0.15393066
vn 0.7597656 0.64990234 0
vn 0.75927734 0.64941406 0.047729492
vn 0.7597656 0.64990234 0
vn 0.75927734 0.64941406 0.047729492
vn 0.75097656 0.64208984 0.15393066
vn 0.87109375 0.49072266 0
vn 0.8701172 0.49023438 0.047729492
vn 0.87109375 0.49072266 0
vn 0.8701172 0.49023438 0.047729492
vn 0.86083984 0.48486328 0.15393066
vn -0.4165039 -0.9091797 0
vn -0.41601562 -0.9082031 0.047729492
vn -0.4165039 -0.9091797 0
vn -0.41601562 -0.9082031 0.047729492
vn -0.41137695 -0.8984375 0.15393066
vn -0.86328125 0.50439453 0
vn -0.8623047 0.50390625 0.047729492
vn -0.86328125 0.50439453 0
vn -0.8623047 0.50390625 0.047729492
vn -0.85302734 0.49853516 0.15393066
vn 0.9951172 0.09942627 0
vn 0.9941406 0.0993042 0.047729492
vn 0.9951172 0.09942627 0
vn 0.9941406 0.0993042 0.047729492
vn 0.98339844 0.09820557 0.15393066
vn 0.76171875 0.6479492 0
vn 0.7607422 0.64746094 0.047729492
vn 0.76171875 0.6479492 0
vn 0.7607422 0.64746094 0.047729492
vn 0.7524414 0.6401367 0.15393066
vn -0.9970703 -0.07659912 0
vn -0.99609375 -0.076538086 0.047729492
vn -0.9970703 -0.07659912 0
vn -0.99609375 -0.076538086 0.047729492
vn -0.98535156 -0.075683594 0.15393066
vn 0.65185547 -0.7583008 0
vn 0.6513672 -0.7573242 0.047729492
vn 0.65185547 -0.7583008 0
vn 0.6513672 -0.7573242 0.047729492
vn 0.64404297 -0.74902344 0.15393066
vn -0.08178711 0.99658203 0
vn -0.081726074 0.99560547 0.047729492
vn -0.08178711 0.99658203 0
vn -0.081726074 0.99560547 0.047729492
vn -0.08081055 0.9848633 0.15393066
vn 0.012878418 -1 -0.00043916702
vn 0.0009531975 -1 -0.00019931793
vn 0.013046265 -1 -0.00044298172
vn 0.0008401871 -1 -0.00028157234
vn 0.023971558 -0.9995117 -0.020065308
vn 0.035003662 -0.99902344 -0.026535034
vn 0.035949707 -0.99902344 -0.026184082
vn 0.44189453 0.89697266 -0.006378174
vn 0.68115234 0.7319336 -0.002456665
vn 0.43798828 0.8989258 -0.0064315796
vn 0.6826172 0.73095703 -0.0024356842
vn 0.109069824 -0.26098633 -0.9589844
vn 0.9951172 -0.08270264 0.052703857
vn 0.9921875 -0.10241699 0.07055664
vn 0.9980469 -0.047058105 -0.038848877
vn 0.9970703 -0.072631836 -0.010391235
vn 0.9916992 0.058654785 -0.115722656
vn 0.99072266 0.043640137 -0.13012695
vn 0.98291016 0.1829834 -0.013137817
vn 0.13598633 -0.22131348 -0.9658203
vn 0.9716797 0.22912598 -0.053985596
vn 0.109069824 -0.26098633 -0.9589844
vn 0.9946289 -0.08972168 -0.05230713
vn 0.6269531 -0.69433594 -0.35327148
vn 0.6801758 -0.7324219 0.030639648
vn 0.019744873 -0.31860352 -0.9477539
vn 0.3930664 -0.9194336 0.014953613
vn 0.13598633 -0.22131348 -0.9658203
vn 0.9472656 0.27514648 -0.16394043
vn 0.041107178 -0.26660156 -0.9628906
vn 0.21118164 0.9375 -0.2763672
vn 0.14404297 0.5253906 -0.8383789
vn 0.009529114 0.9448242 -0.32763672
vn -0.02130127 0.9482422 -0.31713867
vn 0.33642578 -0.69873047 0.63134766
vn -0.5546875 -0.5053711 0.6611328
vn -0.111206055 -0.50341797 0.8569336
vn 0.9194336 -0.39013672 -0.050079346
vn -0.009902954 -0.95166016 -0.3071289
vn 0.0036888123 -0.94384766 -0.33032227
vn 0.011116028 -0.94091797 -0.3388672
vn 0.007843018 -0.93408203 -0.35717773
vn 0.014526367 -0.91796875 -0.39648438
vn 0.018295288 -0.93847656 -0.3449707
vn 0.020736694 -0.93066406 -0.36547852
vn 0.025894165 -0.9555664 -0.29345703
vn -0.9067383 -0.4116211 0.089782715
vn -0.9916992 -0.12597656 0.022720337
vn -0.85009766 -0.51904297 0.08959961
vn -0.57373047 -0.80859375 0.12976074
vn -0.53466797 -0.8388672 0.101501465
vn -0.92626953 -0.37670898 -0.011398315
vn -0.9916992 -0.12597656 0.022720337
vn -0.7763672 -0.62939453 -0.028930664
vn -0.13366699 -0.9868164 0.09033203
vn -0.4555664 -0.88964844 -0.03060913
vn -0.09088135 -0.96777344 0.23498535
vn -0.4248047 -0.8046875 0.41455078
vn -0.4440918 -0.67041016 0.5942383
vn -0.053222656 -0.6948242 0.71728516
vn -0.087768555 -0.18908691 0.97802734
vn -0.9902344 -0.13146973 0.041137695
vn -1 -0.0065689087 0.010520935
vn -0.9970703 -0.023880005 0.070495605
vn -0.96972656 -0.15759277 0.18554688
vn -0.9794922 0.19726562 -0.04159546
vn -0.98095703 0.1895752 0.037353516
vn -0.80371094 0.5722656 -0.16271973
vn -0.95654297 0.29003906 -0.02519226
vn -0.7578125 0.6464844 -0.08721924
vn -0.9472656 0.3017578 0.107666016
vn -0.9682617 0.1809082 0.1730957
vn -0.7792969 0.62646484 0.02720642
vn -0.81884766 0.55566406 0.14257812
vn -0.82958984 0.51953125 0.20581055
vn -0.9873047 -0.076538086 0.13793945
vn -0.96240234 -0.15625 0.22192383
vn -0.86035156 0.45507812 0.22875977
vn -0.94140625 0.07696533 0.32788086
vn -0.71777344 -0.59277344 0.36450195
vn -0.6904297 -0.31274414 0.65234375
vn -0.087768555 -0.18908691 0.97802734
vn -0.23181152 0.025314331 0.97265625
vn -0.93066406 -0.08972168 0.3544922
vn -0.9980469 0.027511597 0.055847168
vn -0.9194336 -0.2166748 0.32861328
vn -0.9941406 0.066223145 0.087768555
vn -0.9472656 0.009765625 0.3203125
vn -0.71240234 0.6455078 0.27514648
vn -0.81591797 0.5551758 0.16320801
vn -0.9482422 0.26733398 0.17260742
vn -0.8154297 0.57421875 0.0690918
vn -0.51708984 0.83251953 0.19921875
vn -0.50634766 0.8544922 0.11529541
vn -0.9941406 -0.05331421 0.09448242
vn -0.9760742 0.20324707 0.078552246
vn -0.86035156 0.50097656 -0.09564209
vn -0.4567871 0.88671875 -0.071777344
vn -0.3330078 0.3984375 -0.8544922
vn -0.057128906 0.50146484 -0.86328125
vn -0.8666992 0.19677734 -0.45825195
vn -0.9824219 0.18798828 -0.001490593
vn -0.9921875 0.018936157 -0.12512207
vn -0.28051758 0.030685425 -0.95947266
vn -0.032043457 0.04067993 -0.99853516
vn -0.05810547 0.08416748 -0.9946289
vn -0.9995117 0.01789856 -0.019622803
vn -0.97558594 -0.051330566 -0.2130127
vn -0.22131348 -0.049224854 -0.9741211
vn -0.9995117 -0.016738892 0.027770996
vn -0.99853516 -0.047912598 -0.012550354
vn -0.7836914 -0.5834961 -0.21325684
vn -0.051116943 0.0256958 -0.99853516
vn -0.98535156 -0.15332031 0.07550049
vn -0.9873047 -0.15771484 0.0181427
vn -0.56640625 -0.7993164 -0.20007324
vn -0.24182129 -0.94384766 -0.22436523
vn -0.83935547 -0.54345703 0.0032100677
vn -0.9765625 -0.14916992 0.15466309
vn -0.63720703 -0.7705078 -0.0070762634
vn -0.46923828 -0.8833008 -0.0061073303
vn -0.28686523 -0.9580078 -0.010765076
vn -0.8300781 -0.5522461 0.078186035
vn -0.96191406 -0.08276367 0.26000977
vn -0.64746094 -0.7607422 0.04498291
vn -0.38354492 -0.92285156 0.038909912
vn -0.10131836 -0.9941406 0.032592773
vn -0.93066406 -0.29223633 0.21923828
vn -0.44311523 -0.8901367 0.10455322
vn -0.10070801 -0.9873047 0.121032715
vn -0.42333984 -0.5996094 0.6791992
vn -0.57910156 -0.021850586 0.8149414
vn -0.55126953 -0.03286743 0.8339844
vn -0.24328613 0.00995636 0.96972656
vn -0.42333984 -0.5996094 0.6791992
vn -0.10070801 -0.9873047 0.121032715
vn -1 0.010391235 0.012908936
vn -1 0.008979797 0.013885498
vn -1 0.0009160042 0.0090789795
vn -1 -0.0049819946 0.0029697418
vn -1 -0.009391785 -0.00340271
vn -1 0.017929077 0.002374649
vn -1 6.532669E-05 -0.002073288
vn -1 0.013465881 0.0049819946
vn -1 -0.004070282 0.0042419434
vn -0.9995117 0.02658081 0.003742218
vn -0.9921875 -0.12384033 -0.0024986267
vn -1 -0.006504059 0.0025997162
vn -1 -0.007217407 0.0074539185
vn -1 -0.0005059242 -0.0067329407
vn -0.9995117 -0.03591919 -0.002199173
vn -1 -0.016952515 -0.0012350082
vn -1 0.0046806335 -0.001534462
vn -1 0.016326904 0.0039863586
vn -0.9995117 0.01890564 0.030273438
vn -0.6010742 -0.7993164 -0.007827759
vn -0.6645508 -0.7475586 0.0014629364
vn -0.6015625 -0.7988281 -0.011528015
vn -0.6557617 -0.7548828 0.0010204315
vn -0.9746094 -0.21960449 -0.04220581
vn -0.99365234 -0.1104126 0.0005221367
vn -0.01789856 0.98046875 0.19543457
vn -0.01486969 1 0.0033111572
vn -0.019683838 1 0.00566864
vn -0.007610321 0.98339844 0.18029785
vn -0.029342651 0.9760742 0.21655273
vn -0.019241333 0.9790039 0.20410156
vn -0.014030457 0.9995117 0.017318726
vn -0.0068130493 1 0.013626099
vn 0.12030029 -0.11248779 -0.9863281
vn 0.011070251 -0.04434204 -0.99902344
vn -0.04321289 -0.024627686 -0.99853516
vn 0.11138916 -0.28051758 -0.953125
vn -0.03366089 -0.5629883 -0.8256836
vn -0.025009155 -0.8989258 -0.43774414
vn 0.062072754 -0.9638672 -0.25927734
vn 0.07116699 -0.9970703 0.02519226
vn 0.05609131 -0.9355469 0.34887695
vn -0.0056610107 -0.88671875 0.46191406
vn -0.008300781 -0.46899414 0.8833008
vn -0.015449524 -0.46166992 0.88671875
vn -0.015007019 -1 -0.0025405884
vn 0.004589081 -1 0.00052404404
vn 0.008026123 -1 0.0012283325
vn -0.016784668 -1 0.009689331
vn 0.0043563843 -1 0.0024089813
vn 0.0031147003 -1 -0.0018167496
vn -0.002614975 -1 -0.0018644333
vn -0.014350891 -1 0.0034427643
vn -0.009284973 -1 0.00038719177
vn -0.0055885315 -1 -0.0030593872
vn 0.00040078163 -0.012306213 -1
vn -0.004459381 -0.014953613 -1
vn -0.006828308 -0.018417358 -1
vn 0.005744934 -0.00705719 -1
vn 0.010818481 -0.0033740997 -1
vn 0.0037765503 0.0063056946 -1
vn -1 0.0020389557 -0.008552551
vn -1 0.008331299 -0.0014896393
vn -1 0.0022506714 -0.009811401
vn -1 0.00831604 -0.0019664764
vn -0.9995117 0.019226074 0.012741089
vn -0.9995117 0.018188477 0.012710571
vn -0.0093688965 0.99560547 -0.095703125
vn 0.0138549805 0.98046875 -0.19726562
vn -0.014930725 0.9975586 -0.07116699
vn 0.0184021 0.9760742 -0.21691895
vn -1 -0.016845703 0.0015220642
vn -1 -0.015396118 0.0026168823
vn -0.99902344 0.002193451 0.048095703
vn -1 -0.012367249 -0.0027980804
vn -1 -0.010093689 -0.004508972
vn -0.9995117 0.0013780594 -0.037506104
vn -0.9995117 0.033325195 0.0013990402
vn -0.9838867 0.17810059 0.005168915
vn -0.9995117 0.030914307 0.0013370514
vn -0.98339844 0.1809082 0.005241394
vn 0.9614258 -0.27441406 -0.020553589
vn 0.9692383 -0.18481445 -0.16259766
vn 0.96533203 -0.25952148 -0.018249512
vn 0.9658203 -0.2578125 0.020874023
vn 0.96191406 -0.27197266 0.03201294
vn 0.9692383 -0.18493652 0.1619873
vn 0.984375 -0.16589355 -0.061462402
vn 0.94677734 -0.18408203 0.26367188
vn 0.51464844 0.8520508 0.0949707
vn 0.13623047 0.2770996 0.9511719
vn 0.15100098 -0.026626587 0.98828125
vn 0.16638184 -0.029083252 0.98583984
vn 0.26586914 0.9194336 0.28979492
vn 0.5053711 0.8598633 -0.07299805
vn 0.47583008 -0.078552246 -0.87597656
vn 0.25097656 -0.055023193 -0.9663086
vn 0.23779297 -0.04837036 -0.97021484
vn 0.15710449 0.40478516 -0.9008789
vn 0.28759766 0.95410156 -0.08514404
vn -0.18737793 0.18127441 -0.96533203
vn -0.8310547 0.3022461 -0.46728516
vn -0.012054443 0.9819336 0.18798828
vn -0.42358398 -0.05267334 0.9042969
vn 0.26586914 0.9194336 0.28979492
vn -0.84277344 0.5263672 0.11022949
vn -0.1574707 0.9790039 -0.13110352
vn 0.13659668 -0.9863281 -0.09039307
vn 0.11352539 -0.98095703 0.15783691
vn 0.051574707 -0.9863281 -0.15551758
vn -0.007396698 -0.9838867 -0.17956543
vn 0.0023078918 0.9995117 -0.022827148
vn 0.002254486 0.9995117 -0.022766113
vn 0.0018501282 0.9995117 -0.022399902
vn 0.0027542114 0.9995117 -0.023239136
vn -0.9995117 -0.03286743 0.0021324158
vn -0.99560547 0.09313965 0.0036182404
vn -0.9995117 -0.03390503 0.0021209717
vn -0.99560547 0.094055176 0.0036296844
vn 0.0032520294 -0.03149414 0.9995117
vn -0.011734009 -0.007904053 1
vn -0.0073127747 0.000664711 1
vn 0.0032520294 -0.03149414 0.9995117
vn 0.0032520294 -0.03149414 0.9995117
vn 0.0063591003 -0.00566864 1
vn -0.1484375 0.09106445 0.9848633
vn 0.011734009 0.007904053 -1
vn -0.0032520294 0.03149414 -0.9995117
vn 0.0073127747 -0.000664711 -1
vn -0.0032520294 0.03149414 -0.9995117
vn -0.0032520294 0.03149414 -0.9995117
vn -0.002483368 -0.012878418 -1
vn -0.014274597 -0.08874512 -0.99609375
vn -0.008575439 1 -0.006149292
vn -0.011772156 1 -0.0037498474
vn -0.019119263 1 0.0017614365
vn -0.00070905685 1 -0.012046814
vn 0.73535156 -0.67626953 0.047729492
vn 0.7270508 -0.6689453 0.15393066
vn 0.73535156 -0.67626953 0.047729492
vn 0.73583984 -0.6767578 0
vn 0.73583984 -0.6767578 0
vn -0.9199219 0.38916016 0.047729492
vn -0.91015625 0.38476562 0.15393066
vn -0.9199219 0.38916016 0.047729492
vn -0.92089844 0.3894043 0
vn -0.92089844 0.3894043 0
vn -0.9970703 0.060546875 0.047729492
vn -0.9863281 0.05987549 0.15393066
vn -0.9970703 0.060546875 0.047729492
vn -0.9980469 0.06060791 0
vn -0.9980469 0.06060791 0
vn -0.36572266 -0.9296875 0.047729492
vn -0.3618164 -0.9194336 0.15393066
vn -0.36572266 -0.9296875 0.047729492
vn -0.36621094 -0.93066406 0
vn -0.36621094 -0.93066406 0
vn 0.40161133 -0.9145508 0.047729492
vn 0.3972168 -0.90478516 0.15393066
vn 0.40161133 -0.9145508 0.047729492
vn 0.4020996 -0.91552734 0
vn 0.4020996 -0.91552734 0
vn -0.09802246 -0.9941406 0.047729492
vn -0.09692383 -0.98339844 0.15393066
vn -0.09802246 -0.9941406 0.047729492
vn -0.098083496 -0.9951172 0
vn -0.098083496 -0.9951172 0
vn 0.8520508 -0.5214844 0.047729492
vn 0.84277344 -0.515625 0.15393066
vn 0.8520508 -0.5214844 0.047729492
vn 0.85302734 -0.52197266 0
vn 0.85302734 -0.52197266 0
vn -0.51904297 -0.8535156 0.047729492
vn -0.5136719 -0.8442383 0.15393066
vn -0.51904297 -0.8535156 0.047729492
vn -0.51953125 -0.8544922 0
vn -0.51953125 -0.8544922 0
vn -0.1394043 -0.5942383 -0.7919922
vn -0.14025879 -0.50634766 -0.85058594
vn -0.18347168 -0.7265625 -0.6621094
vn -0.11395264 -0.48901367 -0.8647461
vn -0.041809082 -0.17260742 -0.9838867
vn 0.15039062 0.74365234 -0.65185547
vn 0.15563965 0.79345703 -0.5883789
vn 0.15576172 0.7949219 -0.5859375
vn 0.14990234 0.73876953 -0.65722656
vn -0.068359375 0.9970703 0.036010742
vn 0.09588623 0.9951172 -0.016937256
vn 0.14794922 0.98828125 -0.033813477
vn -0.12207031 0.99121094 0.053222656
vn -0 0 1
vn -0 0 1
vn -0 0 1
vn -0 0 1
vn -0 0 1
vn -0.91845703 0.39501953 0
vn -0.91845703 0.39501953 0
vn -0.91845703 0.39501953 0
vn -0.91845703 0.39501953 0
vn -0.6928711 -0.7207031 0
vn -0.6928711 -0.7207031 0
vn -0.6928711 -0.7207031 0
vn -0.6928711 -0.7207031 0
vn -0.10412598 -0.9946289 0
vn -0.10412598 -0.9946289 0
vn -0.10412598 -0.9946289 0
vn -0.10412598 -0.9946289 0
vn -0 0 1
vn -0 0 1
vn -0 0 1
vn -0 0 1
vn -0 0 1
vn -0 0 -1
vn -0 0 -1
vn -0 0 -1
vn -0 0 -1
vn -0 0 -1
vn -0 0 1
vn -0 0 1
vn -0 0 1
vn -0 0 1
vn -0 0 1
vn -0 0 1
vn -0 0 1
vn -0 0 1
vn -0 0 1
vn -0 0 1
vn -0 0 1
vn -0 0 1
vn -0 0 1
vn -0 0 1
vn -0 0 1
vn 0.0044822693 0.9995117 0.028167725
vn -0.052856445 0.9980469 0.03704834
vn -0.06011963 0.9975586 0.038146973
vn 0.009315491 0.9995117 0.027420044
vn 0.0025501251 -0.99902344 -0.04421997
vn 0.020202637 -0.9868164 -0.15991211
vn -0.049560547 -0.9980469 0.032684326
vn 0.024780273 -0.9863281 -0.16149902
vn -0.049560547 -0.9980469 0.032684326
vn -0.13842773 -0.82910156 0.5419922
vn -0.08935547 -0.2841797 0.95458984
vn 0.023025513 -0.028396606 0.9995117
vn -0.010787964 0.67822266 0.7348633
vn -0.00046515465 0.70166016 0.71240234
vn 0.029876709 0.9013672 0.43188477
vn 0.043701172 0.9038086 0.42578125
vn -1 0.00023448467 0.004825592
vn -1 0.0025424957 0.013282776
vn -1 0.0032176971 0.010093689
vn -0.9995117 0.008110046 0.024902344
vn -1 0.015731812 0.0055732727
vn -0.9921875 0.1149292 0.047729492
vn -0.9814453 0.113708496 0.15393066
vn -0.9921875 0.1149292 0.047729492
vn -0.99316406 0.11505127 0
vn -0.99316406 0.11505127 0
vn -0.25048828 0.9667969 0.047729492
vn -0.24780273 0.95654297 0.15393066
vn -0.25048828 0.9667969 0.047729492
vn -0.25073242 0.9682617 0
vn -0.25073242 0.9682617 0
vn -0.6879883 -0.7241211 0.047729492
vn -0.68066406 -0.7163086 0.15393066
vn -0.6879883 -0.7241211 0.047729492
vn -0.68847656 -0.72509766 0
vn -0.68847656 -0.72509766 0
vn 0.85058594 -0.5234375 0.047729492
vn 0.8413086 -0.5180664 0.15393066
vn 0.85058594 -0.5234375 0.047729492
vn 0.8515625 -0.5239258 0
vn 0.8515625 -0.5239258 0
vn -0.99560547 -0.07897949 0.047729492
vn -0.9848633 -0.078125 0.15393066
vn -0.99560547 -0.07897949 0.047729492
vn -0.9970703 -0.07910156 0
vn -0.9970703 -0.07910156 0
vn -0 0 -1
vn -0 0 -1
vn -0 0 -1
vn -0 0 -1
vn -0 0 -1
vn -0 0 -1
vn -0 0 -1
vn -0 0 -1
vn -0 0 -1
vn -0 0 -1
vn 0.13098145 0.99121094 0
vn 0.1307373 0.9902344 0.047729492
vn 0.13098145 0.99121094 0
vn 0.1307373 0.9902344 0.047729492
vn 0.12939453 0.9794922 0.15393066
vn -0.0005002022 0.9995117 0.029586792
vn -0.022247314 0.99902344 0.031555176
vn -0.023803711 0.99902344 0.0317688
vn 0.021575928 0.9995117 0.02520752
vn 0.002380371 0.9995117 0.02935791
vn -0.16101074 -0.79248047 0.5883789
vn -0.14318848 -0.7451172 0.6513672
vn -0.1616211 -0.7939453 0.5864258
vn -0.14135742 -0.7402344 0.65771484
vn 0.36816406 0.9296875 -0.002691269
vn 0.9609375 0.2775879 -0.00058078766
vn 0.027923584 0.9995117 0.0021896362
vn 0.72558594 0.68847656 -0.0012159348
vn 0.96875 0.24719238 -0.002073288
vn 0.5415039 0.8408203 0.00017952919
vn 1 0.0015735626 0.0025177002
vn 0.9536133 0.3010254 -0.0036830902
vn 0.45654297 0.88964844 -0.0026359558
vn 0.9848633 -0.17211914 -0.00080633163
vn 0.97509766 -0.22180176 -0.0012292862
vn 0.49951172 -0.86621094 -0.0006227493
vn 0.6015625 -0.7988281 -0.00024402142
vn 1 -0.0015335083 0.0032196045
vn 0.8774414 -0.47998047 -0.0072364807
vn 0.7866211 -0.6176758 -0.0011854172
vn 0.62597656 -0.77978516 -0.0015592575
vn 0.9790039 0.20446777 0.004310608
vn 0.9941406 0.1060791 -0.0004644394
vn 0.9355469 -0.35375977 0.002155304
vn 0.9765625 -0.21569824 -0.00018751621
vn 0.5913086 -0.8066406 -0.0008893013
vn -0.17175293 -0.72021484 0.6723633
vn -0.1505127 -0.66503906 0.7314453
vn -0.17321777 -0.7236328 0.66796875
vn -0.14831543 -0.6591797 0.7373047
vn 0.16333008 0.7216797 -0.67285156
vn 0.15930176 0.66308594 -0.7314453
vn 0.16357422 0.72558594 -0.66845703
vn 0.15893555 0.6586914 -0.73535156
vn -0.006198883 0.640625 0.7680664
vn 0.053527832 0.9140625 0.40234375
vn 0.023132324 0.90966797 0.4152832
vn 0.07836914 0.86865234 0.4892578
vn -0.10467529 0.091796875 0.9902344
vn -0.11810303 -0.35131836 0.92871094
vn -0.12792969 -0.82177734 0.55566406
vn 0.11352539 -0.98095703 0.15783691
vn 0.13659668 -0.9863281 -0.09039307
vn -0.012359619 0.9975586 0.06781006
vn -0.43823242 0.89160156 0.115600586
vn 0.028793335 0.9790039 -0.20080566
vn 0.3178711 0.9301758 0.18481445
vn 0.31982422 0.9350586 -0.15393066
vn 0.9716797 0.23535156 0.0105896
vn 0.82177734 0.56347656 0.08746338
vn 0.97509766 0.22167969 -0.009521484
vn 0.99365234 0.11206055 0.006088257
vn 0.9746094 0.21813965 0.05493164
vn 0.05130005 0.9863281 0.15539551
vn 0.046905518 0.10144043 0.99365234
vn 0.84716797 0.14282227 -0.51171875
vn 0.9970703 0.0736084 0.017410278
vn 0.019683838 0.016586304 0.9995117
vn 0.9980469 -0.062347412 -0.002817154
vn 0.5996094 -0.06488037 0.79785156
vn 0.99072266 -0.1361084 0.0039405823
vn 0.97216797 -0.23352051 0.0046806335
vn 1 0.0010023117 0.012817383
vn 0.6669922 -0.70214844 0.24865723
vn 0.9995117 0.008003235 -0.026046753
vn 0.9916992 -0.1274414 0.013534546
vn 0.99658203 -0.08166504 -0.0069885254
vn 0.9350586 -0.35375977 -0.017654419
vn 0.9995117 0.012382507 -0.019943237
vn 0.9995117 -0.0075912476 -0.02784729
vn 1 0.021240234 -0.005554199
vn 0.99121094 -0.013015747 -0.13134766
vn 1 -0.011978149 -0.006454468
vn 0.016342163 -0.1862793 0.9824219
vn 0.9663086 -0.24230957 0.08868408
vn 0.0013637543 0.020095825 1
vn 0.4074707 -0.10424805 0.90722656
vn 0.46655273 -0.86572266 -0.1817627
vn 0.091918945 -0.9814453 -0.16894531
vn 0.21911621 -0.47998047 -0.8496094
vn 0.056793213 -0.8911133 -0.45043945
vn 0.03604126 -0.3996582 -0.9160156
vn 0.0132751465 -0.90527344 -0.42504883
vn 0.026290894 -0.9086914 -0.4165039
vn 0.034118652 -0.3828125 -0.92333984
vn 0.076171875 -0.17358398 -0.9819336
vn 0.0748291 -0.13769531 -0.98779297
vn 0.04953003 -0.38671875 -0.92089844
vn -0.036590576 -0.49951172 -0.86572266
vn -0.09661865 -0.74316406 -0.6621094
vn -0.1665039 -0.7583008 -0.6303711
vn 0.036346436 -0.9711914 -0.23571777
vn -0.1184082 0.18603516 -0.97558594
vn -0.12878418 0.16174316 -0.9785156
vn -0.12976074 0.15930176 -0.9785156
vn -0.109558105 0.20629883 -0.97216797
vn -0.99902344 0.039276123 0.0017700195
vn -0.98876953 0.14892578 0.00088596344
vn -0.98876953 0.14941406 0.00088214874
vn -0.99902344 0.03842163 0.0017766953
vn -0.9658203 0.25878906 0
vn -0.9658203 0.25878906 0
vn -0.9658203 0.25878906 0
vn -0.9658203 0.25878906 0
vn -0.9682617 0.25 0.0023174286
vn -0.96240234 0.26220703 -0.06994629
vn -0.9770508 0.21276855 0.010681152
vn -0.9658203 0.25927734 -0.0077056885
vn -0.63378906 0.21508789 -0.7426758
vn -0.97802734 0.20776367 0.0063285828
vn -0.9243164 0.23266602 -0.30322266
vn -0.9658203 0.25878906 0
vn -0.25048828 0.9667969 0.047729492
vn -0.24780273 0.95654297 0.15393066
vn -0.25048828 0.9667969 0.047729492
vn -0.25073242 0.9682617 0
vn -0.25073242 0.9682617 0
vn -0.97558594 -0.21398926 0.047729492
vn -0.96533203 -0.21166992 0.15393066
vn -0.97558594 -0.21398926 0.047729492
vn -0.9765625 -0.2142334 0
vn -0.9765625 -0.2142334 0
vn -0.97216797 0.22998047 0.047729492
vn -0.9614258 0.22741699 0.15393066
vn -0.97216797 0.22998047 0.047729492
vn -0.97314453 0.23022461 0
vn -0.97314453 0.23022461 0
vn -0.23498535 -0.9707031 0.047729492
vn -0.23242188 -0.9604492 0.15393066
vn -0.23498535 -0.9707031 0.047729492
vn -0.23522949 -0.97216797 0
vn -0.23522949 -0.97216797 0
vn -0.74560547 -0.6645508 0.047729492
vn -0.73779297 -0.65722656 0.15393066
vn -0.74560547 -0.6645508 0.047729492
vn -0.74658203 -0.66552734 0
vn -0.74658203 -0.66552734 0
vn 0.08569336 0.9951172 0.047729492
vn 0.08477783 0.984375 0.15393066
vn 0.08569336 0.9951172 0.047729492
vn 0.08581543 0.99609375 0
vn 0.08581543 0.99609375 0
vn -0.90234375 -0.40722656 -0.14208984
vn -0.7607422 -0.64501953 -0.07092285
vn -0.8725586 -0.47216797 -0.124694824
vn -0.703125 -0.70996094 -0.047088623
vn 0.8935547 0.44628906 0.048553467
vn 0.76171875 0.63427734 0.13378906
vn 0.87402344 0.4814453 0.06384277
vn 0.7109375 0.6850586 0.1586914
vn 0.0001103878 -0.03845215 0.99902344
vn -0.70458984 0.5058594 0.49804688
vn -0.013908386 0.11004639 0.99365234
vn -0.37841797 -0.16271973 0.9111328
vn -0.9741211 0.12365723 0.18835449
vn -0.51660156 -0.34960938 0.78125
vn -0.5546875 -0.5053711 0.6611328
vn -0.111206055 -0.50341797 0.8569336
vn -0.06530762 -0.45898438 0.88623047
vn -0.95166016 -0.13562012 0.27514648
vn -0.87402344 -0.21704102 0.4345703
vn -0.9526367 0.2697754 0.14172363
vn -0.70458984 0.5058594 0.49804688
vn -0.9682617 0.20056152 0.1505127
vn -0.96777344 0.25097656 0.00095415115
vn -0.18811035 0.9819336 0.029418945
vn -0.005256653 0.0039634705 1
vn -0.0049552917 0.0058403015 1
vn -0.009605408 0.039489746 0.99902344
vn -0.004585266 0.00022959709 1
vn 0.013954163 0 1
vn -0.0032958984 0.0025177002 1
vn -0.012748718 -0.021530151 0.9995117
vn 0.36157227 -0.9321289 -0.016052246
vn 0.097961426 -0.9951172 0.012184143
vn 0.8017578 -0.59765625 0.009971619
vn 0.5859375 -0.66308594 -0.46557617
vn 0.94970703 -0.3076172 -0.05871582
vn 0.97216797 0.23376465 0.026901245
vn 0.90966797 0.24597168 -0.3347168
vn 0.7080078 0.70410156 -0.053527832
vn 0.3466797 0.9379883 0.0023517609
vn 0.24560547 0.9633789 -0.10736084
vn -0.48583984 0.87402344 0.0052375793
vn 0.02709961 0.9995117 0.023757935
vn -0.43530273 0.9003906 0.00044894218
vn -0.8598633 0.5107422 0.004512787
vn -0.99560547 0.090026855 0.027374268
vn -0.99365234 0.11212158 0.0004963875
vn -0.8574219 -0.51464844 -0.013824463
vn -0.70166016 -0.71240234 0.02368164
vn -0.5175781 -0.85546875 -0.0138549805
vn 0.097961426 -0.9951172 0.012184143
vn 0.36157227 -0.9321289 -0.016052246
vn -0.99365234 0.11340332 0.0068244934
vn -0.16845703 0.27539062 0.94628906
vn -0.13452148 0.28295898 0.94970703
vn -0.26293945 0.296875 0.91796875
vn -0.4621582 0.88671875 0.0048065186
vn -0.98339844 0.18188477 0.0021133423
vn -0.42895508 0.9033203 0.0015802383
vn -0.96728516 -0.25390625 0.0016183853
vn -0.9868164 -0.16271973 0.0026512146
vn -0.39160156 -0.9199219 0.00093984604
vn -0.7319336 -0.68115234 0.0041885376
vn -0.19726562 0.9790039 0.047729492
vn -0.19519043 0.96875 0.15393066
vn -0.19726562 0.9790039 0.047729492
vn -0.19750977 0.98046875 0
vn -0.19750977 0.98046875 0
vn 0.84228516 0.5371094 0.047729492
vn 0.8330078 0.53125 0.15393066
vn 0.84228516 0.5371094 0.047729492
vn 0.8432617 0.53759766 0
vn 0.8432617 0.53759766 0
vn -0.38061523 0.92333984 0.047729492
vn -0.37646484 0.9135742 0.15393066
vn -0.38061523 0.92333984 0.047729492
vn -0.38085938 0.9248047 0
vn -0.38085938 0.9248047 0
vn 0.21264648 0.9760742 0.047729492
vn 0.21044922 0.96533203 0.15393066
vn 0.21264648 0.9760742 0.047729492
vn 0.21289062 0.9770508 0
vn 0.21289062 0.9770508 0
vn 0.515625 -0.85546875 0.047729492
vn 0.5102539 -0.8461914 0.15393066
vn 0.515625 -0.85546875 0.047729492
vn 0.5161133 -0.8564453 0
vn 0.5161133 -0.8564453 0
vn 0.7709961 -0.6352539 0.047729492
vn 0.7626953 -0.6279297 0.15393066
vn 0.7709961 -0.6352539 0.047729492
vn 0.77197266 -0.6357422 0
vn 0.77197266 -0.6357422 0
vn 0.9824219 0.18164062 0.047729492
vn 0.9716797 0.1796875 0.15393066
vn 0.9824219 0.18164062 0.047729492
vn 0.98339844 0.18188477 0
vn 0.98339844 0.18188477 0
vn 0.6635742 0.74658203 0.047729492
vn 0.65625 0.73876953 0.15393066
vn 0.6635742 0.74658203 0.047729492
vn 0.6645508 0.7475586 0
vn 0.6645508 0.7475586 0
vn -0.3828125 0.9223633 0.047729492
vn -0.3786621 0.91259766 0.15393066
vn -0.3828125 0.9223633 0.047729492
vn -0.38330078 0.9238281 0
vn -0.38330078 0.9238281 0
vn 0.9213867 0.3852539 0.047729492
vn 0.9116211 0.38110352 0.15393066
vn 0.9213867 0.3852539 0.047729492
vn 0.9223633 0.3857422 0
vn 0.9223633 0.3857422 0
vn -0.37768555 0.92578125 0
vn -0.37768555 0.92578125 0
vn -0.37768555 0.92578125 0
vn -0.37768555 0.92578125 0
vn -0 0 -1
vn -0 0 -1
vn -0 0 -1
vn -0 0 -1
vn -0 0 -1
vn -0 0 -1
vn -0 0 -1
vn -0 0 -1
vn -0 0 -1
vn -0 0 -1
vn -0 0 1
vn -0 0 1
vn -0 0 1
vn -0 0 1
vn -0 0 1
vn -0 0 1
vn -0 0 1
vn -0 0 1
vn -0 0 1
vn -0 0 1
vn -0.9975586 0.06665039 0
vn -0.9975586 0.06665039 0
vn -0.9975586 0.06665039 0
vn -0.9975586 0.06665039 0
vn -0 0 -1
vn -0 0 -1
vn -0 0 -1
vn -0 0 -1
vn -0 0 -1
vn -0 0 1
vn -0 0 1
vn -0 0 1
vn -0 0 1
vn -0 0 1
vn -0 0 -1
vn -0 0 -1
vn -0 0 -1
vn -0 0 -1
vn -0 0 -1
vn -0 0 -1
vn -0 0 -1
vn -0 0 -1
vn -0 0 -1
vn -0 0 -1
vn -0.52490234 -0.8510742 0
vn -0.52490234 -0.8510742 0
vn -0.52490234 -0.8510742 0
vn -0.52490234 -0.8510742 0
vn -0 0 -1
vn -0 0 -1
vn -0 0 -1
vn -0 0 -1
vn -0 0 -1
vn -0.19165039 0.9814453 0
vn -0.19165039 0.9814453 0
vn -0.19165039 0.9814453 0
vn -0.19165039 0.9814453 0
vn -0 0 -1
vn -0 0 -1
vn -0 0 -1
vn -0 0 -1
vn -0 0 -1
vn -0 0 1
vn -0 0 1
vn -0 0 1
vn -0 0 1
vn -0 0 1
vn 0.765625 0.6435547 0
vn 0.765625 0.6435547 0
vn 0.765625 0.6435547 0
vn 0.765625 0.6435547 0
vn -0.24108887 -0.9707031 0
vn -0.24108887 -0.9707031 0
vn -0.24108887 -0.9707031 0
vn -0.24108887 -0.9707031 0
vn -0 0 1
vn -0 0 1
vn -0 0 1
vn -0 0 1
vn -0 0 1
vn -0 0 -1
vn -0 0 -1
vn -0 0 -1
vn -0 0 -1
vn -0 0 -1
vn -0 0 -1
vn -0 0 -1
vn -0 0 -1
vn -0 0 -1
vn -0 0 -1
vn 0.7680664 -0.640625 0
vn 0.7680664 -0.640625 0
vn 0.7680664 -0.640625 0
vn 0.7680664 -0.640625 0
vn 0.7680664 -0.640625 0
vn 0.7680664 -0.640625 0
vn 0.7680664 -0.640625 0
vn 0.7680664 -0.640625 0
vn 0.21887207 0.97558594 0
vn 0.21887207 0.97558594 0
vn 0.21887207 0.97558594 0
vn 0.21887207 0.97558594 0
vn 0.0066871643 0.24560547 0.9692383
vn 0.012046814 0.24230957 0.97021484
vn -0.00040721893 0.0118255615 1
vn 0.015419006 -0.017410278 0.9995117
vn 0.035217285 -0.43676758 0.8989258
vn 0.034423828 -0.49194336 0.8701172
vn -0.0019140244 -0.7993164 0.60058594
vn 0.024383545 -0.7685547 0.63916016
vn 0.03881836 -0.6152344 0.78759766
vn -0.007511139 -0.61621094 0.78759766
vn 0.15441895 -0.12609863 0.97998047
vn 0.22143555 -0.15612793 0.96240234
vn 0.007083893 0.57958984 0.8149414
vn 0.15539551 0.5761719 0.8022461
vn 0.1472168 0.49975586 0.8535156
vn 0.13635254 0.48168945 0.86572266
vn 0.14660645 0.49560547 0.85595703
vn 0.072631836 0.18786621 0.9794922
vn -0.017181396 0.0118255615 1
vn -0.017181396 0.011833191 1
vn -0.017120361 0.011787415 1
vn -0.017120361 0.011772156 1
vn -0.017105103 0.011764526 1
vn -0.017105103 0.011756897 1
vn -0.017120361 0.011741638 1
vn -0.017120361 0.011741638 1
vn -0 0 -1
vn -0 0 -1
vn -0 0 -1
vn -0 0 -1
vn -0 0 -1
vn -0 0 -1
vn -0 0 -1
vn -0 0 -1
vn -0 0 -1
vn -0 0 -1
vn -0 0 -1
vn -0 0 -1
vn -0 0 -1
vn -0 0 -1
vn -0 0 -1
vn -0 0 -1
vn -0 0 -1
vn -0 0 -1
vn -0 0 -1
vn -0 0 -1
vn -0 0 -1
vn -0 0 -1
vn -0 0 -1
vn -0 0 -1
vn -0 0 -1
vn -0 0 -1
vn -0 0 -1
vn -0 0 -1
vn -0 0 -1
vn -0 0 -1
vn -0 0 -1
vn -0 0 -1
vn -0 0 -1
vn -0 0 -1
vn -0 0 -1
vn -0 0 -1
vn -0 0 -1
vn -0 0 -1
vn -0 0 -1
vn -0 0 -1
vn -0.05432129 0.99853516 -0.019592285
vn -0.034362793 0.9995117 -0.012138367
vn -0.061828613 0.9980469 -0.022399902
vn -0.024475098 0.9995117 -0.008453369
vn 0.16137695 0.026870728 -0.9863281
vn 0.26416016 0.0064430237 -0.96435547
vn 0.3269043 0.029907227 -0.9448242
vn 0.5205078 0.00881958 -0.8540039
vn 0.73779297 0.039154053 -0.6738281
vn 0.85839844 0.015098572 -0.5131836
vn 0.88183594 0.04437256 -0.46923828
vn 0.9667969 0.006351471 -0.2548828
vn 0.7216797 0.6459961 -0.24951172
vn -0.0068092346 0.23474121 0.97216797
vn -0.016418457 0.24279785 0.96972656
vn -0.00069761276 0.2467041 0.9692383
vn -0.028366089 0.23278809 0.97216797
vn 0.027053833 0.3244629 0.9453125
vn 0.007331848 0.26342773 0.96484375
vn -0.008232117 0.2536621 0.96728516
vn 0.0005764961 0.23205566 0.97265625
vn -0.0036296844 0.24682617 0.9692383
vn -0.012756348 0.24523926 0.9692383
vn -0.0135269165 0.24743652 0.96875
vn -0.003786087 0.24926758 0.9682617
vn -0.00083732605 0.26586914 0.9638672
vn -0.00064229965 0.2467041 0.9692383
vn -0.0006327629 0.2467041 0.9692383
vn -0.00062561035 0.24645996 0.9692383
vn -0.0006136894 0.24658203 0.9692383
vn -0.0005927086 0.2467041 0.9692383
vn -0.0005297661 0.24682617 0.9692383
vn -0.25854492 -0.96533203 -0.040100098
vn -0.25854492 -0.96484375 -0.045196533
vn -0.25878906 -0.9658203 0.009307861
vn -0.20092773 -0.7495117 -0.6303711
vn 0.032287598 -0.23632812 -0.9711914
vn 0.009460449 -0.2956543 -0.9550781
vn 0.010375977 -0.21960449 -0.97558594
vn 0.0073127747 -0.21691895 -0.9760742
vn -0.021255493 -0.119384766 -0.9926758
vn 0.008644104 -0.25073242 -0.9682617
vn 0.0069389343 -0.2529297 -0.96728516
vn 0.005428314 -0.26367188 -0.96435547
vn 0.0052261353 -0.2746582 -0.9614258
vn -0.0034294128 -0.2421875 -0.97021484
vn -0.0073013306 -0.2265625 -0.9741211
vn -0.008621216 -0.23632812 -0.9716797
vn -0.0050315857 -0.24243164 -0.97021484
vn -0.0093307495 -0.30444336 -0.9526367
vn 0.21911621 -0.47998047 -0.8496094
vn -0.01638794 -0.8574219 -0.51416016
vn 0.056793213 -0.8911133 -0.45043945
vn -0.006095886 -0.96533203 -0.2614746
vn 0.46655273 -0.86572266 -0.1817627
vn 0.091918945 -0.9814453 -0.16894531
vn -0.0032215118 -0.9970703 -0.07373047
vn -0.014022827 1 -0.00017154217
vn -0.0034122467 1 0.003458023
vn -0.0071640015 1 0.0026054382
vn -0.008659363 1 -0.0024909973
vn 0.9770508 -0.20178223 0.06854248
vn 0.9692383 -0.24682617 0.0113220215
vn 0.96972656 -0.24243164 0.019577026
vn 0.9941406 -0.11022949 0.0024585724
vn 0.99365234 -0.109802246 -0.016296387
vn 0.98291016 -0.11352539 -0.14379883
vn 0.98535156 -0.005519867 -0.17114258
vn 0.98779297 -0.020858765 -0.15344238
vn 0.984375 0 -0.17626953
vn -0.99853516 -0.009994507 0.056274414
vn -0.99902344 0.0034332275 -0.039489746
vn -0.75634766 0.12731934 -0.64160156
vn 0.09515381 0.17248535 -0.98046875
vn 0.035064697 0.02659607 0.99902344
vn 0.068847656 0.050994873 0.99609375
vn 0.071899414 0.05114746 0.99609375
vn 0.041137695 0.032470703 0.99853516
vn -0.0008788109 0.0023040771 1
vn -0.011161804 0.0010576248 1
vn 0.9892578 -0.07470703 0.12597656
vn 0.9926758 -0.0065689087 0.120788574
vn 0.9926758 -0.014755249 0.12145996
vn 0.9926758 0 0.12036133
vn -0.17663574 -0.064453125 -0.9819336
vn -0.12194824 0.0003376007 -0.9926758
vn -0.08673096 -0.9472656 -0.30908203
vn -0.114990234 0.015281677 -0.99316406
vn -0.11303711 0.025802612 -0.99316406
vn -0.014884949 0.16638184 -0.98583984
vn -0.015380859 0.16821289 -0.98583984
vn -0.0023727417 0.1730957 -0.9848633
vn 0.048431396 0.18078613 -0.9824219
vn 0.1472168 0.5493164 -0.8227539
vn 0.9746094 -0.22351074 -0.0034637451
vn 0.5908203 0.5283203 -0.6098633
vn -0.9980469 -0.0069274902 -0.06488037
vn -0.9980469 -0.009689331 -0.06414795
vn -0.9980469 -0.009727478 -0.064819336
vn -0.9951172 -0.099243164 -0.013908386
vn -0.99560547 -0.09527588 0.0006079674
vn -0.99853516 0.056365967 -0.0056037903
vn -0.99853516 0.047454834 -0.014518738
vn -1 -0.0028858185 -0.0178833
vn -1 -0.00077295303 -0.012550354
vn -0.9995117 -0.0028705597 0.02507019
vn -0.9995117 -0.003129959 0.025817871
vn -0.9995117 -0.003124237 0.025817871
vn -1 -0.009857178 0.016113281
vn -0.9995117 -0.01033783 0.027038574
vn -0.99853516 -0.035614014 0.044891357
vn -1 0.0013999939 0.011398315
vn -0.9995117 0.015167236 -0.028701782
vn -0.9995117 0.011383057 -0.025466919
vn -0 0.115600586 -0.99316406
vn 0.035949707 0.125 -0.9916992
vn 0.011177063 0.117614746 -0.99316406
vn 0.01197052 0.028930664 -0.9995117
vn 0.011779785 0.020187378 -0.9995117
vn 0.017974854 0.0017433167 -1
vn -0.11279297 0.000849247 -0.99365234
vn -0.053527832 0.009223938 -0.99853516
vn -0.118896484 0 -0.9926758
vn -0.04711914 0.010124207 -0.99902344
vn 0.54345703 -0.83935547 0.007419586
vn 0.0847168 -0.99658203 -0.004043579
vn -0.3828125 -0.9238281 0.0079193115
vn 0.87060547 -0.49169922 -0.0057411194
vn 0.9995117 0.03250122 0.008155823
vn 0.94873047 0.31567383 -0.003753662
vn 0.38256836 0.9238281 0.0042915344
vn -0.14013672 0.9902344 -0.008575439
vn -0.61328125 0.79003906 0.0037403107
vn -0.7915039 0.6113281 -0.010093689
vn -0.9926758 -0.120910645 0.00869751
vn -0.7998047 -0.60009766 -0.0050697327
vn -0.3828125 -0.9238281 0.0079193115
vn 0.0847168 -0.99658203 -0.004043579
vn -0.007259369 0.075683594 -0.9970703
vn 0.0016393661 0.07940674 -0.9970703
vn 0.051239014 0.070251465 -0.99609375
vn -0.009315491 0.19970703 -0.97998047
vn -0.008705139 0.20751953 -0.97802734
vn 0.99902344 0.02204895 0.03982544
vn 0.97802734 -0.022903442 0.20690918
vn 0.9121094 -0.047424316 -0.40698242
vn 0.99658203 0.006626129 0.08282471
vn 0.9995117 0.017227173 0.016403198
vn 1 0.012809753 0.009208679
vn 1 0.0047416687 -0.00021016598
vn 1 0.012756348 -0.007385254
vn 0.9995117 -0.005847931 -0.02279663
vn 0.45092773 -0.3474121 0.8222656
vn 0.99853516 0.003929138 -0.04928589
vn 0.43432617 -0.8979492 0.0692749
vn 0.9941406 0.0657959 0.08538818
vn 0.99609375 0.055755615 0.0692749
vn 1 0.012435913 -0.0056610107
vn 0.9995117 0.01499939 -0.018234253
vn 0.99902344 0.0051345825 -0.03970337
vn 0.99902344 0.01210022 -0.047851562
vn 0.9980469 0.0028495789 -0.059417725
vn 1 0.006549835 -0.008987427
vn 1 -0.010429382 -0.004917145
vn 0.99853516 0.008674622 -0.0496521
vn 0.9951172 0.09851074 0.011413574
vn 0.9941406 0.10626221 0.005432129
vn 0.99560547 0.08996582 0.015533447
vn 0.9951172 0.09265137 -0.03363037
vn 0.9404297 0.33251953 -0.07183838
vn 0.12658691 0.14465332 -0.9814453
vn 0.9404297 0.33251953 -0.07183838
vn 0.1262207 0.20629883 -0.97021484
vn -0.0026893616 0.14904785 -0.98876953
vn -0.05996704 0.15917969 -0.98535156
vn -0.22973633 0.21044922 -0.9501953
vn -0.9897461 0.122558594 -0.07165527
vn -0.9995117 0.01927185 -0.021957397
vn -0.9897461 0.122558594 -0.07165527
vn -0.9892578 0.14465332 0.0008993149
vn -0.9951172 0.098083496 0.0015983582
vn -0.14208984 0.9897461 0.026367188
vn -0.8256836 0.56152344 -0.050354004
vn -0.04257202 0.99902344 -0.0012626648
vn -0.15966797 0.9873047 0.0069122314
vn -0.027008057 0.9995117 0.0022773743
vn 0.00793457 1 -0.001745224
vn 0.03225708 0.9995117 0.001414299
vn 0.04827881 0.99902344 -0.0019836426
vn 0.070739746 0.9975586 0.0009059906
vn 0.01953125 1 0.0016841888
vn 0.0758667 0.23352051 0.9692383
vn 0.08135986 0.20544434 0.97509766
vn 0.26953125 0.19445801 0.9433594
vn 0.0019798279 0.21459961 0.9765625
vn 0.00655365 0.19506836 0.98095703
vn -0.036834717 0.24975586 0.96777344
vn -0.031143188 0.21826172 0.97558594
vn -0.008140564 0.22973633 0.97314453
vn -0.015670776 0.23413086 0.97216797
vn -0.99853516 0.005088806 0.05722046
vn -0.9614258 0.0019264221 0.27514648
vn -0.44262695 0.08123779 0.8930664
vn -0.9980469 -0.059326172 0.00040650368
vn -0.31835938 0.77490234 -0.54589844
vn -0.12939453 0.74365234 -0.6557617
vn -0.31835938 0.77490234 -0.54589844
vn -0.48486328 0.87158203 0.07348633
vn -0.9814453 -0.051940918 0.18493652
vn -0.39282227 0.71191406 0.58203125
vn -0.0071792603 0.026016235 0.9995117
vn -0.0075798035 0.02760315 0.9995117
vn -0.0055770874 0.01966858 1
vn -0.0071792603 0.026016235 0.9995117
vn -0.005218506 0.018234253 1
vn 0.01184845 0.04156494 -0.99902344
vn 0.021377563 0.017410278 -0.9995117
vn 0.015510559 -0.026626587 -0.9995117
vn 0.015510559 -0.026626587 -0.9995117
vn 0.008926392 0.026123047 -0.9995117
vn 0.004875183 0.0010490417 -1
vn 0.008926392 0.026123047 -0.9995117
vn 0.018814087 0.0036907196 -1
vn 0.0037136078 0.0026607513 -1
vn 0.0037136078 0.0026607513 -1
vn 0.002840042 0.0037727356 -1
vn 0.99609375 -0.029754639 -0.08282471
vn 0.99560547 0.01159668 -0.093566895
vn 0.99902344 -0.02027893 0.04067993
vn 0.99902344 -0.02027893 0.04067993
vn 0.99853516 -0.045196533 0.028945923
vn 0.99853516 -0.0574646 0.008598328
vn -0.95703125 0.29052734 0.011154175
vn -0.9609375 -0.2763672 0.012931824
vn -0.9008789 -0.43432617 0.006477356
vn -0.95703125 0.29052734 0.011154175
vn -0.92333984 0.38354492 0.022644043
vn -0.011405945 -0.9995117 0.032073975
vn -0.03314209 -0.9951172 0.091308594
vn -0.041015625 -0.9926758 0.11273193
vn -0.03314209 -0.9951172 0.091308594
vn -0.0024223328 -1 0.0076141357
vn 0.36376953 -0.18811035 0.9121094
vn 0.4165039 -0.6953125 0.5854492
vn 0.32739258 -0.78466797 0.5263672
vn 0.1270752 -0.9916992 0.007785797
vn 0.16223145 -0.7583008 -0.63134766
vn 0.1850586 -0.98291016 0.0016508102
vn 0.8041992 -0.5942383 -0.012084961
vn 0.012886047 -0.9995117 0.019012451
vn 0.25268555 -0.96728516 0.02029419
vn 0.8701172 -0.49316406 0.0070877075
vn 0.25268555 -0.96728516 0.02029419
vn 0.97314453 -0.22912598 0.014381409
vn 0.9711914 -0.23596191 -0.024993896
vn 0.9941406 0.08679199 0.06652832
vn 0.9526367 0.08758545 -0.29174805
vn 0.9765625 0.2142334 -0.009086609
vn 0.5102539 0.8598633 0.020614624
vn 0.34375 0.93896484 -0.0051574707
vn 0.021438599 1 0.0034713745
vn 0.0736084 0.9951172 -0.06323242
vn 0.027862549 0.94091797 0.33789062
vn 0.0184021 0.9995117 -0.03048706
vn 0.0736084 0.9951172 -0.06323242
vn 0.01222229 1 0.001964569
vn -0.051940918 0.99560547 0.07598877
vn -0.0021190643 1 0.0019664764
vn 0.005634308 0.97558594 0.21923828
vn -0.08721924 0.9951172 0.04071045
vn -0.0037078857 1 0.0005617142
vn -0.82373047 0.56591797 -0.036010742
vn -0.15405273 0.7495117 0.6435547
vn -0.8745117 0.47558594 0.09448242
vn -0.051940918 0.99560547 0.07598877
vn -0.8745117 0.47558594 0.09448242
vn -0.15405273 0.7495117 0.6435547
vn -0.9873047 0.08892822 0.13317871
vn -0.82373047 0.56591797 -0.036010742
vn -0.028427124 0.99902344 -0.029083252
vn -0.9453125 0.32421875 0.04058838
vn 0.010017395 0.18359375 0.98291016
vn -0.9873047 0.08892822 0.13317871
vn -0.9873047 0.08892822 0.13317871
vn 0.013465881 -0.050323486 0.99853516
vn 0.06402588 -0.32543945 0.9433594
vn 0.016357422 -0.56347656 0.8256836
vn 0.038024902 -0.81396484 0.57958984
vn -0.12384033 -0.95410156 0.27270508
vn -0.26782227 -0.9633789 0.020050049
vn 0.006046295 0.9995117 -0.026641846
vn -0.028427124 0.99902344 -0.029083252
vn 0.032989502 0.99902344 -0.029037476
vn 0.0035324097 1 -8.946657E-05
vn 0.3737793 0.9277344 -0.008361816
vn 0.94384766 0.19677734 -0.26586914
vn 0.96435547 0.072753906 -0.2541504
vn 0.053588867 0.9980469 -0.025115967
vn -0.6113281 0.7910156 -0.02822876
vn 0.99121094 0.12573242 -0.03616333
vn 0.9970703 0.038146973 -0.066467285
vn 0.96972656 0.03475952 -0.24133301
vn 1 0.0073165894 0.0077056885
vn 0.96484375 0.26245117 -0.007865906
vn 0.9970703 0.07434082 -0.010406494
vn 0.9995117 -0.022857666 -0.017822266
vn 0.9897461 -0.020401001 -0.13989258
vn 0.9589844 -0.2364502 -0.15759277
vn 0.97509766 0.16516113 -0.1484375
vn 0.028564453 0.96728516 -0.2524414
vn -0.018295288 0.7084961 -0.7055664
vn -0.9814453 0.17297363 -0.08355713
vn -0.99121094 0.13183594 -0.01737976
vn -0.9926758 0.11340332 -0.041809082
vn -0.99316406 0.11022949 -0.043121338
vn -0.96533203 0.115600586 -0.23327637
vn -0.9663086 0.122924805 -0.22680664
vn -0.984375 -0.015853882 -0.17504883
vn -0.8276367 0.037384033 -0.5595703
vn -0.9897461 -0.023254395 -0.14172363
vn 0.006187439 0.0034770966 -1
vn -0.8276367 0.037384033 -0.5595703
vn 0.009750366 0.003818512 -1
vn 0.014915466 -0.0037822723 -1
vn 0.01852417 -0.004966736 -1
vn -0.01763916 -0.025909424 -0.9995117
vn 0.006187439 0.0034770966 -1
vn 0.01852417 -0.004966736 -1
vn -0.0053901672 0.011428833 -1
vn -0.0051727295 -0.024978638 -0.9995117
vn -0.017166138 -0.050842285 -0.99853516
vn -0.02470398 -0.0670166 -0.9975586
vn -0.017166138 -0.050842285 -0.99853516
vn 0.0019054413 -0.009735107 -1
vn 0.11340332 -0.89208984 0.43774414
vn -0.0013895035 -0.7783203 0.6279297
vn -0.030532837 -0.9995117 -0.0036907196
vn -0.091674805 -0.9921875 0.081970215
vn -0.10498047 -0.7709961 -0.6279297
vn -0.0013895035 -0.7783203 0.6279297
vn -0.1027832 -0.8149414 -0.5708008
vn -0.10498047 -0.7709961 -0.6279297
vn -0.08129883 -0.42822266 -0.89990234
vn -0.08129883 -0.42822266 -0.89990234
vn 0.01461792 -0.15905762 -0.9873047
vn -0.7294922 -0.6816406 0.05441284
vn -0.98339844 0.11071777 0.14501953
vn -0.859375 -0.49853516 -0.11407471
vn -0.27490234 -0.9428711 0.18835449
vn -0.98339844 0.11071777 0.14501953
vn -0.27490234 -0.9428711 0.18835449
vn -0.8588867 0.3930664 0.32910156
vn -0.9975586 0.047851562 -0.04827881
vn -0.9995117 0.028198242 -0.005996704
vn -0.82373047 0.56591797 -0.036010742
vn 0.32739258 -0.78466797 0.5263672
vn 0.4165039 -0.6953125 0.5854492
vn -0.3425293 -0.87402344 -0.34472656
vn -0.3425293 -0.87402344 -0.34472656
vn -0.3425293 -0.87402344 -0.34472656
vn 0.19274902 0.04309082 -0.98046875
vn 0.19274902 0.04309082 -0.98046875
vn 0.19274902 0.04309082 -0.98046875
vn -0.9897461 0.11627197 -0.08477783
vn -0.60058594 0.19995117 -0.7739258
vn -0.99853516 0.03378296 -0.04498291
vn 0.016586304 -0.9995117 0.034362793
vn 0.009429932 -0.9995117 0.035736084
vn 0.0009946823 -0.9902344 0.1385498
vn 0.0052261353 -0.9838867 0.17834473
vn 0.009429932 -0.9995117 0.035736084
vn -0.8964844 -0.32495117 0.30126953
vn 0.106933594 -0.4975586 0.86083984
vn 0.0052261353 -0.9838867 0.17834473
vn -0.2980957 -0.16369629 0.9404297
vn 0.106933594 -0.4975586 0.86083984
vn -0.01436615 0.21875 0.97558594
vn -0.86816406 0.22009277 0.44482422
vn -0.09820557 0.7260742 0.68066406
vn -0.058563232 0.8647461 0.49853516
vn -0.09820557 0.7260742 0.68066406
vn -0.053649902 0.99853516 0.017440796
vn -0.030273438 0.99560547 0.08770752
vn 0.005634308 0.97558594 0.21923828
vn -0.09820557 0.7260742 0.68066406
vn -0.058563232 0.8647461 0.49853516
vn 0.3630371 -0.9272461 0.089416504
vn -0.034088135 -0.9995117 0.008712769
vn -0.009841919 -0.9921875 -0.124816895
vn 0.3630371 -0.9272461 0.089416504
vn 0.0016107559 -0.98779297 -0.15661621
vn -0.8745117 0.47558594 0.09448242
vn -0.9873047 0.08892822 0.13317871
vn -0.9995117 0.026138306 -0.0046195984
vn -0.9995117 -0.017074585 -0.016647339
vn -0.9995117 0.026138306 -0.0046195984
vn -1 0.0075683594 -0.000998497
vn -1 0.019104004 -0.0019664764
vn -1 -0.010444641 -0.00756073
vn -0.9975586 -0.062683105 -0.02734375
vn -0.99316406 -0.025848389 -0.115234375
vn 0.98046875 -0.09509277 -0.17285156
vn 0.78466797 0.6152344 -0.07739258
vn 0.99121094 -0.042022705 0.12719727
vn 0.074523926 0.9970703 0.004589081
vn -0.40234375 0.9145508 0.041625977
vn -0.42211914 0.90625 0.02192688
vn -0.42211914 0.90625 0.02192688
vn 0.3618164 0.9321289 -0.0033130646
vn -0.68847656 0.7241211 0.04208374
vn -0.40234375 0.9145508 0.041625977
vn -0.7270508 0.68652344 -0.0069351196
vn -0.10900879 0.9941406 -0.0129470825
vn -0.25732422 0.96240234 -0.08947754
vn 0.90771484 0.4177246 0.039489746
vn 0.074523926 0.9970703 0.004589081
vn 0.7089844 0.70458984 0.032165527
vn 0.71240234 0.7006836 0.041259766
vn 0.17175293 0.9838867 0.046142578
vn 0.2331543 0.97021484 0.06488037
vn 0.17700195 0.9838867 0.02848816
vn -0.0003335476 -0.0007019043 1
vn 0.0044670105 0.0060806274 1
vn 0.0072784424 0.0073547363 1
vn -0.003036499 -0.00085544586 1
vn 0.0044670105 0.0060806274 1
vn -0.006752014 -0.046325684 0.99902344
vn -0.006752014 -0.046325684 0.99902344
vn -0.0073890686 -0.05432129 0.99853516
vn -0.0070648193 0.012046814 1
vn -0.013183594 -0.006340027 1
vn -0.0018320084 0.020858765 1
vn -0.0155181885 0.053253174 0.99853516
vn -0.006061554 0.0016460419 1
vn -0.0035953522 -0.013534546 1
vn -0.012252808 -0.0028800964 1
vn -0.0008568764 0.02029419 1
vn -0.014953613 0.017471313 0.9995117
vn 0.012481689 0.052459717 0.99853516
vn -0.025222778 0.11834717 0.9926758
vn -0.055419922 0.14111328 0.98828125
vn -0.056518555 0.09838867 0.99365234
vn -0.04626465 0.08770752 0.9951172
vn -0.09637451 0.006591797 0.9951172
vn 0.025131226 0.009086609 0.9995117
vn -0.013183594 -0.006340027 1
vn 0.03857422 0.014793396 0.99902344
vn -0.9995117 0.029830933 0.016082764
vn -1 0.00029993057 0.021591187
vn -0.9995117 -0.0029716492 0.022201538
vn -0.9995117 0.029830933 0.016082764
vn -0.99902344 0.035217285 0.015075684
vn 0.012275696 0.08123779 -0.99658203
vn -0.007801056 -0.074157715 -0.9970703
vn -0.009483337 -0.08721924 -0.99609375
vn -0.007801056 -0.074157715 -0.9970703
vn 0.014541626 0.09887695 -0.9951172
vn 0.34399414 0.67871094 -0.6489258
vn 0.9995117 -0.03024292 -0.00017654896
vn 0.22387695 0.66259766 -0.71484375
vn 0.015991211 -0.98828125 0.15063477
vn -0.12878418 -0.97802734 -0.16259766
vn 0.11651611 -0.76416016 -0.63427734
vn 0.16601562 -0.48291016 0.8598633
vn 0.0037002563 -0.78271484 0.6225586
vn -0.12878418 -0.97802734 -0.16259766
vn 0.015991211 -0.98828125 0.15063477
vn 0.0037002563 -0.78271484 0.6225586
vn 0.14257812 -0.8261719 -0.5449219
vn 0.11651611 -0.76416016 -0.63427734
vn 0.21447754 -0.21679688 -0.95214844
vn 0.11651611 -0.76416016 -0.63427734
vn 0.9819336 0.18737793 0.019622803
vn 1 -0.0053100586 -0.0099105835
vn 0.9995117 -0.026245117 -0.013092041
vn -0.022079468 -0.99316406 -0.11395264
vn -0.84277344 -0.4934082 -0.21569824
vn -0.68408203 -0.2668457 -0.6791992
vn -0.051116943 -0.99853516 -0.009979248
vn -0.84277344 -0.4934082 -0.21569824
vn -0.74560547 -0.4025879 0.53125
vn -0.74560547 -0.4025879 0.53125
vn -0.5522461 -0.4724121 0.6870117
vn -0.34106445 0.9291992 0.14172363
vn -0.74560547 -0.4025879 0.53125
vn -0.5522461 -0.4724121 0.6870117
vn -0.2154541 0.28955078 0.9326172
vn -0.70996094 0.63671875 0.30151367
vn 0.9824219 -0.070251465 0.17370605
vn 0.3544922 0.63378906 0.6875
vn -0.5908203 0.8051758 0.04748535
vn -0.31030273 0.9501953 0.01828003
vn -0.97265625 0.23242188 0.005279541
vn -0.9428711 0.3334961 0
vn -0.2541504 0.9663086 0.036132812
vn -0.31030273 0.9501953 0.01828003
vn -0.2541504 0.9663086 0.036132812
vn -0.006641388 1 0.00030899048
vn -0.0124053955 1 0.0002939701
vn 0.08654785 0.99609375 0.0135650635
vn 0.083984375 0.99560547 -0.04348755
vn 0.09643555 0.9951172 0.010749817
vn -0.010574341 1 0.0015230179
vn -0.14904785 0.98876953 -0.0002503395
vn -0.19018555 0.9819336 -0.002494812
vn 0.09039307 0.9946289 -0.049835205
vn -0.12646484 0.9916992 0.022369385
vn -0.30151367 0.9536133 -0.0036621094
vn -0.67626953 0.7368164 -0.0068626404
vn -0.6074219 0.79296875 0.042633057
vn -0.98828125 0.15258789 0.012771606
vn -0.9277344 0.37329102 -0.016021729
vn 0.022720337 0.9995117 -0.014549255
vn 0.14819336 0.98828125 0.037994385
vn 0.3137207 0.64208984 -0.69970703
vn -0.029541016 0.99365234 -0.10998535
vn 0.7607422 0.6459961 0.05960083
vn -0.5371094 0.57714844 -0.6147461
vn 0.1583252 0.97216797 0.17224121
vn 0.3256836 0.35595703 0.87597656
vn -0.054016113 0.9980469 -0.0357666
vn -0.107421875 0.9941406 -0.002161026
vn -0.8574219 0.5102539 0.066711426
vn 0.066833496 0.9975586 0.02243042
vn 0.4658203 0.88427734 0.039855957
vn 0.61279297 0.78759766 0.063964844
vn 0.859375 0.51123047 -0.01386261
vn 0.9897461 0.14355469 0.0071258545
vn 0.9980469 0.064575195 0.001121521
vn 0.99853516 0.05731201 0.0032749176
vn 0.9980469 0.059265137 0.00023698807
vn 0.00440979 1 0.0030555725
vn -0.19116211 0.97314453 0.12976074
vn -0.44799805 0.5996094 0.66308594
vn -0.07397461 0.9970703 0.012069702
vn 0.006778717 1 -0.0007581711
vn 0.0028915405 1 -0.0016336441
vn 0.091552734 0.99560547 -0.0029735565
vn 0.13378906 0.99121094 -0.00598526
vn 0.29492188 0.9550781 0.027252197
vn 0.49609375 0.86816406 0.017562866
vn 0.7558594 0.6533203 0.039154053
vn 0.78759766 0.61621094 0.002691269
vn 0.97802734 0.20935059 0.00011366606
vn 0.9838867 0.17944336 0.002746582
vn -0.024414062 0.9863281 0.16442871
vn -0.20922852 0.9609375 -0.18005371
vn 0.07836914 0.9785156 -0.19128418
vn -0.06665039 0.9692383 -0.23693848
vn 0.21923828 0.9663086 -0.13549805
vn -0.06201172 0.5419922 -0.8383789
vn -0.69873047 0.38916016 -0.60009766
vn -0.8911133 0.42358398 0.16381836
vn 0.66503906 0.63916016 -0.3857422
vn 0.68652344 0.58496094 0.43139648
vn -0.5727539 0.5493164 0.60839844
vn 0.114746094 0.9848633 0.13061523
vn 0.15209961 0.49951172 0.85302734
vn 0.016799927 0.96240234 0.27124023
vn -0.113464355 0.98828125 0.10424805
vn 0.017837524 0.96728516 -0.25390625
vn -0.14038086 0.9902344 -0.011787415
vn -0.30981445 0.9008789 -0.3046875
vn -0.6113281 0.57666016 -0.5415039
vn 0.42504883 0.29101562 -0.8569336
vn 0.86083984 0.40771484 -0.30395508
vn 0.8569336 0.44067383 0.26708984
vn -0.76171875 0.5292969 0.37304688
vn 0.09710693 0.9946289 0.030776978
vn 0.43530273 0.45825195 0.77490234
vn -0.08465576 0.9941406 0.0647583
vn -0.06488037 0.99658203 -0.047576904
vn -0.01651001 0.98779297 0.15563965
vn -0.24060059 0.43530273 0.8676758
vn 0.107055664 0.97314453 0.20349121
vn -0.04425049 0.9760742 -0.21191406
vn 0.0949707 0.97998047 -0.17590332
vn 0.07507324 0.99658203 -0.034362793
vn -0.06573486 0.5756836 -0.8149414
vn 0.7026367 0.5722656 -0.42333984
vn -0.7006836 0.4128418 -0.58203125
vn -0.0035171509 1 0.00013613701
vn -0.12109375 0.9926758 -0.004180908
vn -0.2055664 0.9785156 -0.010269165
vn 0.06518555 0.9975586 0.019927979
vn 0.8261719 0.4868164 0.2841797
vn -0.06561279 0.9980469 0.0055885315
vn -0.82958984 0.53808594 0.15100098
vn 0.041229248 0.9951172 0.08929443
vn 0.42358398 0.46142578 0.7792969
vn 0.0003824234 1 0.00056791306
vn 0.09075928 0.99609375 -0.00043797493
vn 0.16271973 0.9868164 0.006427765
vn -0.11340332 0.98876953 0.09509277
vn -0.31689453 0.5698242 0.7583008
vn -0.05029297 0.99853516 -0.00030612946
vn 0.008369446 1 0.00023245811
vn -0.013931274 0.99609375 0.08538818
vn 0.10180664 0.9946289 0.00045084953
vn 0.14953613 0.98876953 0.0006804466
vn 0.5288086 0.8383789 -0.1303711
vn 0.5229492 0.85253906 0.00020337105
vn -0.11590576 0.98779297 -0.101745605
vn -0.012611389 0.99609375 -0.08807373
vn 0.74560547 0.66015625 -0.09277344
vn 0.8066406 0.5908203 0.0037517548
vn 0.97314453 0.23034668 -0.00035905838
vn 0.9785156 0.20617676 0.0015087128
vn 0.9980469 0.060150146 -4.351139E-05
vn 0.9975586 0.07043457 9.7095966E-05
vn 0.0496521 0.99658203 -0.06738281
vn 0.057678223 0.9980469 -0.014572144
vn -0.010192871 1 -0.00080633163
vn -0.1385498 0.9902344 -0.0029907227
vn -0.19921875 0.97998047 -0.0058403015
vn -0.6245117 0.78125 -0.0039978027
vn -0.5571289 0.8305664 0.017105103
vn -0.9165039 0.3996582 0.0029582977
vn -0.7973633 0.60302734 0.019332886
vn -0.9785156 0.20507812 -0.0009446144
vn -0.99902344 0.042236328 3.2663345E-05
vn -0.99902344 0.040985107 -0.00025987625
vn -0.99902344 0.04473877 9.1671944E-05
vn -0.99902344 0.04208374 -0.00018072128
vn -0.9765625 0.21484375 0.0006804466
vn -0.9785156 0.20666504 -0.003993988
vn -0.99902344 0.041259766 0
vn -0.9428711 0.3334961 0
vn -0.99853516 0.05041504 -7.992983E-05
vn -0.95458984 0.29760742 -0.01449585
vn -0.89501953 0.44604492 0.004299164
vn -0.6743164 0.73779297 -0.027679443
vn -0.5473633 0.83691406 0.0009417534
vn -0.19018555 0.9819336 -0.002494812
vn -0.99853516 0.051757812 0.002588272
vn -0.9277344 0.37329102 -0.016021729
vn -0.9980469 0.061523438 0.0004556179
vn -0.9980469 0.059539795 0.0020122528
vn -0.9868164 0.16296387 -0.009880066
vn -0.97216797 0.23486328 0.002500534
vn -0.99853516 0.05380249 -0.0002412796
vn -0.94873047 0.3149414 -0.020767212
vn -0.97216797 0.234375 -0.0043411255
vn -0.99853516 0.049926758 -9.316206E-05
vn -0.94628906 0.3227539 -2.759695E-05
vn -0.93847656 0.34594727 -0.0015888214
vn -0.9199219 0.39160156 0.0008430481
vn -0.69970703 0.71435547 -0.0005636215
vn -0.6230469 0.78222656 0.0038700104
vn -0.19543457 0.98095703 -0.0016498566
vn -0.14685059 0.9892578 0.000341177
vn -0.005897522 1 0.0008735657
vn -0.97216797 0.234375 -0.0043411255
vn -0.7998047 0.60009766 -0.024780273
vn -0.6274414 0.77783203 -0.034606934
vn -0.51123047 0.859375 -0.0035209656
vn -0.14953613 0.98876953 0.0029830933
vn -0.14587402 0.9892578 -0.0013971329
vn -0.004787445 1 -0.0022144318
vn -0.14953613 0.98876953 0.0029830933
vn 0.07055664 0.99658203 0.039520264
vn -0.008338928 1 -0.0002270937
vn -0.15136719 0.98828125 -0.0034008026
vn -0.14587402 0.9892578 -0.0013971329
vn 0.09289551 0.99560547 -0.017242432
vn 0.0793457 0.9951172 0.059417725
vn 0.08758545 0.99609375 -0.014404297
vn -0.14685059 0.9892578 0.000341177
vn 0.08679199 0.99560547 0.041259766
vn 0.8720703 0.45043945 -0.19067383
vn 0.5229492 0.46411133 -0.71484375
vn -0.10992432 0.48339844 -0.86865234
vn -0.6621094 0.43652344 -0.609375
vn -0.8989258 0.43579102 -0.04248047
vn 0.77441406 0.4946289 0.39501953
vn -0.62597656 0.54345703 0.55908203
vn 0.10699463 0.9707031 0.21411133
vn 0.12225342 0.60498047 0.7871094
vn -0.054107666 0.97021484 0.23522949
vn 0.085632324 0.98583984 -0.14562988
vn -0.1149292 0.98583984 0.122924805
vn -0.0758667 0.9970703 -0.006587982
vn -0.007499695 0.97802734 -0.2076416
vn -0.13110352 0.97753906 -0.16467285
vn -1.8119812E-05 1 -0.001499176
vn 0.15966797 0.9873047 -0.004360199
vn 0.13012695 0.99121094 -0.009391785
vn 0.57177734 0.46069336 -0.67871094
vn 0.8647461 0.48608398 -0.12768555
vn -0.0592041 0.4975586 -0.8652344
vn -0.59277344 0.49609375 -0.6347656
vn -0.8261719 0.56347656 -0.0067863464
vn 0.8017578 0.45874023 0.38354492
vn 0.39501953 0.22839355 0.88964844
vn -0.16430664 0.97753906 0.13012695
vn -0.42895508 0.5810547 0.69140625
vn -0.010650635 0.9868164 0.16149902
vn 0.0021095276 1 0.0009498596
vn -0.051757812 0.96484375 -0.2578125
vn 0.0011386871 1 0.00074768066
vn 0.10412598 0.9946289 0.0035037994
vn 0.10272217 0.984375 -0.1439209
vn 0.42456055 0.5395508 -0.7270508
vn -0.56689453 0.26586914 -0.77978516
vn 0.890625 0.42456055 -0.16394043
vn -0.95751953 0.21484375 -0.19177246
vn -0.87939453 0.44140625 -0.17785645
vn -0.81689453 0.24255371 0.5234375
vn -0.07867432 0.98779297 0.13562012
vn 0.7871094 0.42895508 0.4428711
vn 0.02911377 0.53125 0.8466797
vn 0.049102783 0.97802734 0.20153809
vn 0.087402344 0.9760742 -0.19848633
vn -0.036743164 0.9824219 -0.18334961
vn 0.097595215 0.9941406 -0.04559326
vn -0.3293457 0.9082031 -0.25805664
vn -0.20568848 0.65722656 -0.72509766
vn 0.67529297 0.57714844 -0.45922852
vn -0.81689453 0.56396484 -0.12060547
vn -0.0871582 0.99609375 0.00021004677
vn -0.69921875 0.45996094 0.5473633
vn 0.08306885 0.99658203 0.017196655
vn 0.8520508 0.46801758 0.23425293
vn 0.0057754517 1 -0.0017175674
vn 0.12420654 0.9921875 -0.005508423
vn 0.13671875 0.99072266 -0.0023422241
vn -0.051727295 0.9970703 0.05407715
vn -0.11907959 0.46850586 0.8754883
vn 0.0680542 0.9975586 -0.0034484863
vn -0.07470703 0.9970703 -0.006626129
vn -0.15686035 0.9873047 -0.011489868
vn -0.5097656 0.86035156 -0.004032135
vn 0.01889038 0.9995117 0.02619934
vn 0.48242188 0.4411621 0.75683594
vn -0.59765625 0.8017578 -0.013397217
vn -0.82421875 0.56591797 0.016571045
vn -0.97216797 0.23486328 0.002500534
vn 0.18054199 0.98291016 -0.030578613
vn 0.51123047 0.85791016 -0.049835205
vn -0.022842407 0.9946289 0.09991455
vn 0.9609375 0.2746582 -0.037322998
vn 0.77734375 0.62890625 -0.012870789
vn 0.97802734 0.20727539 -0.011489868
vn 0.97802734 0.20727539 -0.011489868
vn 0.9980469 0.061523438 -0.003452301
vn 0.9975586 0.066467285 -0.0078125
vn 0.9980469 0.05947876 -0.00014162064
vn 0.9980469 0.06100464 0.00048089027
vn 0.98779297 0.15551758 0.0055656433
vn 0.98339844 0.18103027 -0.00043201447
vn 0.9980469 0.06121826 -0.00017762184
vn 0.97998047 0.19873047 -3.6895275E-05
vn 0.94091797 0.33813477 -0.015960693
vn 0.984375 0.17492676 0.00054883957
vn 0.9975586 0.07019043 -6.955862E-05
vn 0.9194336 0.3935547 -0.0038375854
vn 0.87158203 0.49047852 0.005279541
vn 0.5595703 0.82910156 0.0009908676
vn 0.5004883 0.86572266 -0.0051002502
vn 0.16271973 0.9868164 0.006427765
vn 0.9980469 0.06188965 -0.00079107285
vn 0.97802734 0.20935059 0.00011366606
vn 0.95703125 0.28881836 0.02154541
vn 0.9736328 0.2290039 -0.002456665
vn 0.9736328 0.2290039 -0.002456665
vn 0.8022461 0.5966797 0.023483276
vn 0.6147461 0.78759766 0.038909912
vn 0.4555664 0.8901367 -0.016220093
vn 0.15686035 0.98779297 0.0039024353
vn 0.091552734 0.99560547 -0.0029735565
vn 0.15686035 0.98779297 0.0039024353
vn 0.9638672 0.2668457 -0.00819397
vn 0.9399414 -0.24597168 -0.23718262
vn 0.921875 -0.14685059 -0.35864258
vn -0.984375 0.08648682 -0.15490723
vn -0.859375 -0.49853516 -0.11407471
vn -0.98339844 0.11071777 0.14501953
vn 0.03213501 0.024032593 -0.99902344
vn 0.08703613 0.04473877 -0.9951172
vn 0.051849365 -0.030960083 -0.9980469
vn 0.0027561188 0.012573242 -1
vn 0.08703613 0.04473877 -0.9951172
vn 0.031219482 -0.03591919 -0.99902344
vn 0.027252197 -0.035308838 -0.99902344
vn 0.051849365 -0.030960083 -0.9980469
vn -0.011505127 0.04840088 -0.99853516
vn -0.013420105 0.057556152 -0.9980469
vn 0.009506226 -0.11090088 -0.99365234
vn 0.027252197 -0.035308838 -0.99902344
vn -0.010040283 -0.051361084 -0.99853516
vn -0.013450623 -0.049835205 -0.99853516
vn -0.013450623 -0.049835205 -0.99853516
vn 0.026824951 0.006378174 -0.9995117
vn -0.0019702911 0.12036133 0.9926758
vn -0.0022850037 0.1149292 0.99316406
vn -0.012565613 -0.06689453 0.9975586
vn -0.012565613 -0.06689453 0.9975586
vn -0.013015747 -0.07501221 0.9970703
vn 0.98095703 0.19482422 0.013458252
vn 0.9794922 0.20166016 0.014198303
vn 0.9951172 0.09692383 0.0029239655
vn -0.055541992 0.41601562 0.90771484
vn -0.07293701 -0.05819702 0.99560547
vn 0.16601562 -0.48291016 0.8598633
vn -0.055541992 0.41601562 0.90771484
vn -0.34350586 0.7260742 0.5957031
vn 1 -0.0053100586 -0.0099105835
vn 0.9819336 0.18737793 0.019622803
vn 0.9765625 0.21313477 0.023590088
vn -0.9868164 0.15063477 -0.057678223
vn 0.95703125 0.28881836 -0.01423645
vn -0.9453125 0.32250977 0.052764893
vn 0.3395996 0.8925781 0.29711914
vn -0.9199219 0.35205078 0.17199707
vn 0.107299805 0.5498047 0.828125
vn 0.2467041 0.66015625 0.70947266
vn 0.009719849 0.9042969 0.42700195
vn 0.3395996 0.8925781 0.29711914
vn -0.13964844 0.18444824 0.97265625
vn 0.107299805 0.5498047 0.828125
vn -0.30078125 0.16210938 0.9399414
vn -0.13964844 0.18444824 0.97265625
vn -0.9453125 0.32250977 0.052764893
vn 0.95703125 0.28881836 -0.01423645
vn -0.9868164 0.15063477 -0.057678223
vn 0.9975586 0.043395996 -0.05429077
vn 0.2175293 0.7084961 -0.6713867
vn 0.8691406 0.2376709 -0.43408203
vn -0.99853516 0.03378296 -0.04498291
vn -0.60058594 0.19995117 -0.7739258
vn 0.99902344 0.031799316 -0.023071289
vn 1 -0.0035858154 -0.016860962
vn 0.9995117 0.029266357 0.0043029785
vn 1 0.002035141 -0.0077819824
vn 0.3395996 0.8925781 0.29711914
vn 0.9975586 0.050628662 0.044281006
vn 0.98876953 0.1472168 0.033325195
vn 0.9902344 -0.0625 -0.12585449
vn -0.9897461 0.11627197 -0.08477783
vn 1 0.0044136047 0.020751953
vn 0.99902344 0.04373169 0.014328003
vn 0.9975586 -0.071899414 0.011146545
vn 0.99902344 -0.033294678 0.019577026
vn 0.96777344 -0.25146484 0.017333984
vn 0.99902344 -0.043151855 0.012954712
vn 0.9975586 -0.066101074 0.02532959
vn 0.8613281 -0.5073242 0.012138367
vn 0.0541687 -0.99853516 -0.004524231
vn 0.018432617 -1 0.0063323975
vn -0.06750488 -0.9975586 -0.0042266846
vn -0.038085938 -0.99902344 0.028305054
vn 0.034179688 -0.9995117 0.008361816
vn -0.9790039 -0.20117188 0.035583496
vn -0.037322998 -0.9970703 -0.06878662
vn 0.080444336 -0.8666992 -0.49267578
vn -0.040985107 -0.99853516 -0.03363037
vn -0.06976318 -0.9970703 0.03213501
vn -0.16101074 -0.9868164 -0.015464783
vn -0.9897461 -0.14416504 -0.009216309
vn -1 0.020324707 -0.006416321
vn -0.99365234 0.08105469 0.075683594
vn -0.99853516 0.029769897 0.046325684
vn -0.9995117 0.030426025 -0.011764526
vn -0.99902344 0.029373169 -0.027069092
vn -0.9975586 0.06072998 -0.029052734
vn -0.99658203 0.08270264 -0.01586914
vn -0.9995117 0.024368286 -0.00541687
vn -0.99365234 -0.099487305 -0.049468994
vn -0.9980469 -0.045684814 -0.03643799
vn -0.9667969 0.25463867 -0.017318726
vn -0.98876953 0.054748535 0.13916016
vn -0.15405273 0.20031738 0.96777344
vn -1 0.0066947937 0.004436493
vn -0.9785156 0.20092773 0.044891357
vn -0.9995117 0.017837524 0.01586914
vn -0.9970703 0.066711426 0.03137207
vn -0.8984375 0.4243164 0.114746094
vn -0.98876953 0.14746094 0.024307251
vn -0.9995117 0.017837524 0.01586914
vn -0.41137695 0.9057617 0.103149414
vn -0.12695312 0.94921875 -0.28710938
vn 0.04473877 0.8798828 -0.47338867
vn -0.41137695 0.9057617 0.103149414
vn -0.002008438 0.94384766 0.33032227
vn 0.04473877 0.8798828 -0.47338867
vn 0.9897461 0.12225342 -0.07409668
vn 0.2088623 0.56640625 -0.7973633
vn 0.19091797 0.22387695 -0.9555664
vn 0.9975586 0.0289917 -0.060028076
vn 0.2088623 0.56640625 -0.7973633
vn 0.9975586 0.0289917 -0.060028076
vn 0.94189453 0.3088379 0.13061523
vn -0.002008438 0.94384766 0.33032227
vn 0.20227051 0.8520508 0.48266602
vn 0.9970703 0.026855469 0.07336426
vn 0.18688965 0.6303711 0.75341797
vn 0.19091797 0.22387695 -0.9555664
vn 0.03338623 0.13464355 -0.9902344
vn 0.012672424 0.18005371 -0.98339844
vn -0.08666992 -0.21374512 -0.97314453
vn 0.03338623 0.13464355 -0.9902344
vn 0.9970703 0.026855469 0.07336426
vn 0.041290283 0.99902344 0.026397705
vn -0.15405273 0.20031738 0.96777344
vn 0.060150146 -0.9980469 -0.004135132
vn 0.7285156 -0.28222656 0.62402344
vn 0.72998047 -0.21154785 0.64990234
vn 0.34277344 0.12426758 0.93115234
vn 0.7285156 -0.28222656 0.62402344
vn 0.28955078 0.28881836 0.91259766
vn 0.09661865 0.47998047 0.8720703
vn -0.9814453 -0.051940918 0.18493652
vn -0.39282227 0.71191406 0.58203125
vn -0.9995117 -0.0036449432 -0.023895264
vn -0.21508789 -0.03262329 0.9760742
vn -0.9638672 -0.03353882 -0.26416016
vn 0.98095703 0.19482422 0.013458252
vn 0.9951172 0.09692383 0.0029239655
vn 0.99609375 0.0859375 0.0017471313
vn 0.1484375 0.7392578 -0.6567383
vn 0.08148193 0.4951172 -0.8647461
vn -0.0836792 0.20153809 -0.9760742
vn 0.08148193 0.4951172 -0.8647461
vn 0.21972656 0.8935547 -0.3918457
vn -0.039733887 0.99609375 -0.07861328
vn -0.10803223 0.9375 0.33129883
vn 0.01461792 -0.15905762 -0.9873047
vn -0.0836792 0.20153809 -0.9760742
vn -0.08129883 -0.42822266 -0.89990234
vn -0.99853516 0.029769897 0.046325684
vn -0.99365234 0.08105469 0.075683594
vn -0.09967041 0.52441406 0.8457031
vn 0.020355225 -0.18701172 0.9819336
vn 0.015838623 -0.28881836 0.95703125
vn -0.0013895035 -0.7783203 0.6279297
vn -0.09967041 0.52441406 0.8457031
vn -0.99853516 0.029769897 0.046325684
vn -0.04663086 -0.9863281 0.15686035
vn 0.8979492 -0.42919922 0.09863281
vn 0.7402344 -0.13171387 0.65966797
vn 0.34887695 0.10467529 0.93115234
vn 0.34887695 0.10467529 0.93115234
vn 0.34887695 0.10467529 0.93115234
vn -0.86816406 -0.48876953 0.08294678
vn 0.048034668 -0.9946289 0.09210205
vn -0.7519531 -0.24401855 0.6123047
vn -0.12524414 0.19897461 0.97216797
vn -0.7519531 -0.24401855 0.6123047
vn -0.20568848 0.19165039 0.95947266
vn 0.30688477 0.5961914 0.7416992
vn 0.9589844 -0.25878906 0.11651611
vn 0.34228516 0.7167969 -0.6074219
vn 0.9980469 -0.05987549 0.00047159195
vn 0.984375 0.050354004 -0.16809082
vn 0.34228516 0.7167969 -0.6074219
vn 0.52734375 0.8496094 -5.8054924E-05
vn 0.9589844 -0.25878906 0.11651611
vn 0.30688477 0.5961914 0.7416992
vn -0.9995117 0.030654907 0.009155273
vn -0.82373047 0.56591797 -0.036010742
vn -0.9995117 0.028198242 -0.005996704
vn 0.32373047 0.83154297 -0.4519043
vn 0.066589355 0.9941406 0.08605957
vn -0.09918213 0.9824219 0.15942383
vn -0.34350586 0.7260742 0.5957031
vn -0.09918213 0.9824219 0.15942383
vn -0.055541992 0.41601562 0.90771484
vn 0.21447754 -0.21679688 -0.95214844
vn -0.2244873 0.042388916 -0.9736328
vn 0.024551392 0.36816406 -0.9291992
vn 0.16638184 0.6972656 -0.69677734
vn 0.024551392 0.36816406 -0.9291992
vn 0.32373047 0.83154297 -0.4519043
vn 0.066589355 0.9941406 0.08605957
vn -0.0058555603 -1 -0.016464233
vn -0.027145386 -0.99902344 -0.03768921
vn 0.26171875 -0.96484375 0.02835083
vn 0.26171875 -0.96484375 0.02835083
vn 0.28466797 -0.9580078 0.03086853
vn -0.043426514 -0.9946289 -0.096191406
vn -0.027145386 -0.99902344 -0.03768921
vn -0.020233154 -0.99853516 -0.05230713
vn -0.018753052 -0.99902344 -0.04345703
vn 0.024551392 0.36816406 -0.9291992
vn 0.27612305 -0.0869751 -0.95703125
vn 0.21447754 -0.21679688 -0.95214844
vn 0.11651611 -0.76416016 -0.63427734
vn 0.21447754 -0.21679688 -0.95214844
vn 0.8754883 -0.48095703 -0.04840088
vn 0.09075928 -0.9868164 -0.13562012
vn 0.7392578 -0.26098633 -0.62109375
vn 0.8754883 -0.48095703 -0.04840088
vn 0.050323486 -0.99853516 0.0016746521
vn 0.7089844 -0.28686523 0.64404297
vn 0.0068588257 -0.9926758 -0.120666504
vn -0.8847656 -0.46264648 -0.052642822
vn -0.7138672 -0.2902832 -0.63720703
vn -0.7138672 -0.2902832 -0.63720703
vn -0.12780762 0.15942383 -0.9790039
vn -0.20812988 0.14245605 -0.96777344
vn 0.2758789 0.61035156 -0.7426758
vn 0.9794922 -0.118652344 -0.16149902
vn -0.99902344 -0.042541504 -0.0017585754
vn -0.3359375 0.7348633 -0.58935547
vn -0.2993164 0.7524414 -0.5864258
vn -0.3359375 0.7348633 -0.58935547
vn -0.44702148 0.89453125 -0.01638794
vn -0.9819336 0.08898926 0.16821289
vn -0.87109375 -0.48828125 0.049987793
vn -0.04699707 -0.97802734 0.20397949
vn -0.7426758 -0.19006348 0.64208984
vn -0.16809082 0.20361328 0.96435547
vn -0.7426758 -0.19006348 0.64208984
vn -0.20727539 0.1862793 0.9604492
vn 0.9794922 -0.041870117 0.19787598
vn 0.3552246 0.6142578 0.70458984
vn 0.9995117 -0.0317688 0.0005784035
vn 0.9794922 -0.041870117 0.19787598
vn 0.49926758 0.86621094 -0.015136719
vn 0.9926758 0.022338867 -0.120666504
vn 0.38354492 0.65478516 -0.6513672
vn 0.078125 -0.9897461 0.11767578
vn 0.85253906 -0.51171875 0.105407715
vn 0.7441406 -0.24145508 0.6225586
vn 0.85253906 -0.51171875 0.105407715
vn 0.0574646 -0.99853516 0.0037021637
vn 0.68896484 -0.35498047 -0.63183594
vn 0.68896484 -0.35498047 -0.63183594
vn 0.031829834 -0.97216797 -0.23217773
vn 0.08850098 -0.99560547 0.027862549
vn 0.0031852722 -1 0.0021381378
vn 0.3630371 -0.9272461 0.089416504
vn 0.9980469 -0.014205933 0.057617188
vn 0.3630371 -0.9272461 0.089416504
vn 0.9995117 -0.00579834 0.033966064
vn 0.08850098 -0.99560547 0.027862549
vn 0.9995117 -0.0076026917 0.031463623
vn 0.72509766 -0.33496094 -0.6015625
vn 0.03050232 -0.9995117 0.008659363
vn 0.18151855 -0.95996094 -0.2133789
vn 0.72509766 -0.33496094 -0.6015625
vn 0.85839844 -0.5053711 0.08648682
vn -0.18347168 -0.97753906 0.10357666
vn -0.18347168 -0.97753906 0.10357666
vn 0.78466797 -0.20239258 0.5859375
vn 0.17834473 0.10003662 -0.9790039
vn 0.048034668 0.028076172 -0.99853516
vn 0.9526367 0.08758545 -0.29174805
vn 0.024215698 0.0010347366 -0.9995117
vn 0.048034668 0.028076172 -0.99853516
vn 0.020874023 -0.00680542 -1
vn 0.16223145 -0.7583008 -0.63134766
vn 0.9711914 -0.23596191 -0.024993896
vn 0.8041992 -0.5942383 -0.012084961
vn 0.048034668 0.028076172 -0.99853516
vn 0.033447266 0.014625549 -0.9995117
vn -0.15405273 0.20031738 0.96777344
vn 0.041290283 0.99902344 0.026397705
vn 0.03540039 0.9995117 0.011253357
vn 0.13500977 -0.08050537 0.98779297
vn 0.36376953 -0.18811035 0.9121094
vn 0.32739258 -0.78466797 0.5263672
vn -0.91015625 -0.4140625 0.013061523
vn -0.015510559 -0.9819336 0.18884277
vn -0.7104492 -0.1673584 0.68359375
vn -0.25952148 0.08666992 0.96191406
vn -0.7104492 -0.1673584 0.68359375
vn -0.1706543 0.076538086 0.9824219
vn 0.24560547 0.42456055 0.87158203
vn 0.17871094 0.7265625 0.66308594
vn 0.99902344 -0.042022705 0.0033836365
vn 0.95410156 -0.29882812 0.0057525635
vn 0.9873047 0.15930176 0.0065460205
vn 0.9350586 -0.35424805 -0.0030231476
vn 0.95410156 -0.29882812 0.0057525635
vn 0.9785156 0.20581055 0.01260376
vn 0.99316406 0.11450195 0.009590149
vn 0.9970703 0.07006836 -0.030822754
vn 0.9975586 -0.035125732 -0.056610107
vn 0.9916992 -0.074157715 -0.105773926
vn -0.0037002563 0.038116455 -0.99902344
vn 0.011329651 0.21350098 -0.9770508
vn 0.01171875 0.21948242 -0.97558594
vn -0.0037002563 0.038116455 -0.99902344
vn -0.0005760193 0.031234741 -0.9995117
vn -0.0005760193 0.031234741 -0.9995117
vn -0.010017395 -0.0025978088 -1
vn 0.99853516 -0.049713135 -0.021896362
vn 0.9995117 -0.020629883 -0.017181396
vn 0.9995117 -0.026397705 -0.020385742
vn 1 -0.007083893 0.010772705
vn 0.9995117 -0.023666382 -0.007461548
vn 0.9995117 -0.026397705 -0.020385742
vn 0.99853516 -0.052612305 0.023330688
vn 0.99658203 -0.023529053 -0.08081055
vn 0.86865234 0.48364258 0.10858154
vn 0.99121094 -0.042022705 0.12719727
vn 0.78466797 0.6152344 -0.07739258
vn 0.60302734 0.79003906 0.11065674
vn 0.99121094 -0.042022705 0.12719727
vn 0.85546875 0.37670898 0.3552246
vn 0.9970703 0.026855469 0.07336426
vn 0.20227051 0.8520508 0.48266602
vn 0.94189453 0.3088379 0.13061523
vn 0.050323486 -0.99853516 0.0016746521
vn 0.7089844 -0.28686523 0.64404297
vn 0.6508789 -0.076538086 0.7553711
vn 0.56933594 0.7519531 0.3322754
vn 0.7089844 -0.28686523 0.64404297
vn 0.14074707 0.46313477 0.875
vn 0.7944336 0.57910156 0.18371582
vn -0.32080078 0.7832031 0.53222656
vn -0.98828125 0.06100464 0.14135742
vn 0.6645508 0.6738281 -0.32348633
vn 0.98779297 0.15551758 0.0055656433
vn 0.5102539 0.83935547 -0.18786621
vn 0.13671875 0.99072266 -0.0023422241
vn 0.12420654 0.9921875 -0.005508423
vn 0.3857422 0.24353027 -0.8901367
vn 0.7553711 -0.24194336 -0.6088867
vn 0.16174316 -0.9667969 -0.1973877
vn -0.9785156 -0.07861328 -0.19140625
vn -0.3708496 0.7246094 -0.5810547
vn 0.6411133 -0.76464844 0.06402588
vn 0.98095703 0.19445801 0.0064430237
vn 0.5625 -0.82470703 -0.058166504
vn 0.2578125 -0.9189453 0.2980957
vn 0.9790039 0.1953125 -0.05960083
vn 0.9707031 0.23168945 -0.06335449
vn 0.9790039 0.1953125 -0.05960083
vn 0.90478516 -0.42504883 0.022262573
vn 0.4128418 -0.7216797 0.55566406
vn 0.90478516 -0.42504883 0.022262573
vn 0.99902344 -0.043792725 0.020935059
vn 0.5800781 0.6425781 -0.50097656
vn 0.40576172 -0.7885742 0.4621582
vn 0.2614746 0.9589844 -0.107788086
vn 0.43359375 -0.88720703 0.15722656
vn 0.08441162 0.6411133 -0.7626953
vn 0.029144287 0.91015625 -0.41333008
vn 0.00818634 0.89746094 -0.44067383
vn 0.052703857 0.95410156 -0.29418945
vn 0.06542969 0.95751953 -0.28100586
vn 0.04373169 0.9692383 -0.24316406
vn -0.025054932 0.72216797 -0.69140625
vn 0.058135986 0.72753906 -0.68359375
vn -0.023880005 0.6743164 -0.73828125
vn 0.003107071 0.9946289 -0.10211182
vn 0.006214142 1 0.0039405823
vn 0.002603531 1 0.005290985
vn 0.13024902 0.99072266 0.039123535
vn 0.17260742 0.9848633 0.0033359528
vn 0.13024902 0.99072266 0.039123535
vn 0.010154724 0.921875 0.38745117
vn 0.080444336 0.87158203 0.48339844
vn 0.0037002563 -0.78271484 0.6225586
vn 0.16601562 -0.48291016 0.8598633
vn -0.07293701 -0.05819702 0.99560547
vn -0.9824219 0.18688965 0.0056915283
vn -0.6323242 -0.77197266 0.063964844
vn -0.54833984 -0.8339844 -0.062561035
vn 0.9975586 -0.06488037 0.029937744
vn 0.99316406 0.113586426 0.025253296
vn 1 -0.009902954 0.011497498
vn 0.9995117 -0.021514893 0.012901306
vn 1 -0.009902954 0.011497498
vn 0.9995117 -0.024002075 0.020370483
vn 0.9995117 -0.03479004 0.0073623657
vn 0.9995117 0.035095215 0.003540039
vn 0.99902344 -0.034942627 0.018096924
vn 0.8359375 -0.035217285 -0.54785156
vn 1 -0.01965332 -0.0024814606
vn 0.99853516 -0.046905518 -0.034851074
vn 0.99853516 -0.053131104 0.0048675537
vn 0.056488037 -0.01889038 -0.9980469
vn 0.018615723 -0.00818634 -1
vn 0.025222778 -0.0035800934 -0.9995117
vn 0.018615723 -0.00818634 -1
vn 0.013023376 -0.0057296753 -1
vn 0.9399414 -0.24597168 -0.23718262
vn 0.9638672 0.2668457 -0.00819397
vn 0.97021484 -0.12438965 0.20788574
vn -0.8383789 0.5180664 -0.16955566
vn -0.8959961 -0.4440918 -0.011695862
vn -0.70703125 0.703125 0.07305908
vn 0.9946289 0.10235596 -0.014709473
vn 0.9946289 0.10235596 -0.014709473
vn 0.9946289 0.10235596 -0.014709473
vn -0.9946289 -0.10235596 0.014709473
vn -0.9946289 -0.10235596 0.014709473
vn -0.9946289 -0.10235596 0.014709473
vn 0.9995117 -0.028930664 -0.0010690689
vn 0.39404297 0.7011719 0.5942383
vn 0.97265625 -0.07751465 0.21838379
vn 0.39404297 0.7011719 0.5942383
vn 0.5727539 0.8173828 -0.064575195
vn 0.9628906 0.013786316 -0.27026367
vn 0.07446289 0.5097656 -0.8569336
vn 0.76708984 -0.31469727 -0.55908203
vn 0.055267334 -0.99853516 0.006576538
vn 0.31347656 -0.9111328 -0.26831055
vn 0.76708984 -0.31469727 -0.55908203
vn 0.8979492 -0.42919922 0.09863281
vn -0.04663086 -0.9863281 0.15686035
vn -0.052642822 -0.99853516 0.012619019
vn -0.72314453 -0.3515625 -0.59472656
vn -0.10534668 -0.9838867 -0.1451416
vn -0.015640259 -0.9819336 0.18774414
vn -0.8979492 -0.4387207 0.03289795
vn -0.72314453 -0.3515625 -0.59472656
vn -0.015640259 -0.9819336 0.18774414
vn -0.72753906 -0.23864746 0.6430664
vn -0.2709961 0.20324707 0.94091797
vn -0.72753906 -0.23864746 0.6430664
vn -0.36108398 0.077941895 0.9291992
vn -0.06008911 0.43554688 0.8979492
vn 0.97265625 -0.07751465 0.21838379
vn 0.39404297 0.7011719 0.5942383
vn -0.7089844 -0.328125 0.6245117
vn -0.065979004 -0.9980469 -0.0032157898
vn -0.08673096 -0.9897461 0.11383057
vn -0.7089844 -0.328125 0.6245117
vn -0.87060547 -0.49145508 0.00944519
vn -0.1394043 -0.9716797 -0.19030762
vn -0.5996094 -0.32470703 -0.7314453
vn -0.6635742 -0.32495117 0.6738281
vn -0.11999512 -0.9926758 -0.00705719
vn 0.047210693 -0.97314453 0.22607422
vn -0.67822266 -0.31030273 -0.6660156
vn -0.6640625 -0.26391602 -0.69970703
vn -0.6635742 -0.32495117 0.6738281
vn -0.8598633 -0.50927734 0.03881836
vn -0.67822266 -0.31030273 -0.6660156
vn -0.67822266 -0.31030273 -0.6660156
vn -0.140625 0.14953613 -0.9785156
vn -0.060913086 0.40234375 -0.9135742
vn 0.28955078 0.6791992 -0.6743164
vn 0.9941406 -0.09466553 -0.050872803
vn 0.9995117 -0.01876831 0.01739502
vn 0.9941406 -0.09466553 -0.050872803
vn 0.50927734 0.8178711 0.26879883
vn 0.19580078 0.5493164 0.8125
vn 0.28955078 0.6791992 -0.6743164
vn -0.25756836 0.63427734 0.7290039
vn -0.9995117 -0.029342651 0.0014648438
vn -0.2376709 0.59375 0.76904297
vn -0.25756836 0.63427734 0.7290039
vn 0.16931152 0.21862793 0.9609375
vn 0.22094727 0.23071289 0.9477539
vn 0.7441406 -0.24145508 0.6225586
vn 0.078125 -0.9897461 0.11767578
vn 0.2758789 0.61035156 -0.7426758
vn 0.99902344 -0.041290283 0.0025863647
vn 0.9794922 -0.118652344 -0.16149902
vn 0.2758789 0.61035156 -0.7426758
vn 0.5024414 0.86376953 -0.034820557
vn 0.98535156 0.07348633 0.15429688
vn 0.98535156 0.07348633 0.15429688
vn 0.19030762 0.82666016 0.5292969
vn -0.18395996 0.3786621 0.90722656
vn 0.98535156 0.07348633 0.15429688
vn -0.054534912 0.4494629 0.89160156
vn -0.3881836 0.19763184 0.89990234
vn -0.6723633 -0.15698242 0.72314453
vn -0.6850586 -0.32592773 0.65185547
vn -0.6850586 -0.32592773 0.65185547
vn -0.05987549 -0.9980469 -0.008605957
vn -0.99853516 -0.053527832 0.0024547577
vn -0.3708496 0.7246094 -0.5810547
vn -0.9785156 -0.07861328 -0.19140625
vn -0.3708496 0.7246094 -0.5810547
vn -0.41552734 0.90966797 -0.006717682
vn -0.9785156 0.082458496 0.18847656
vn -0.28833008 0.71972656 0.63134766
vn 0.99609375 0.0859375 0.023330688
vn 0.99609375 0.0859375 0.023330688
vn 0.99609375 0.0859375 0.023330688
vn 0.015838623 -0.28881836 0.95703125
vn -0.0013895035 -0.7783203 0.6279297
vn 0.11340332 -0.89208984 0.43774414
vn -0.039733887 0.99609375 -0.07861328
vn 0.21972656 0.8935547 -0.3918457
vn 0.1484375 0.7392578 -0.6567383
vn 0.04748535 -0.99902344 -0.003501892
vn 0.68896484 -0.2927246 0.66308594
vn 0.6347656 -0.08905029 0.7675781
vn 0.36914062 0.22766113 0.9008789
vn 0.68896484 -0.2927246 0.66308594
vn 0.15795898 0.39160156 0.90625
vn 0.038909912 0.41748047 0.90771484
vn -0.20288086 0.79589844 0.5703125
vn -0.9819336 0.08898926 0.16821289
vn 0.107299805 0.5498047 0.828125
vn -0.30078125 0.16210938 0.9399414
vn -0.30932617 0.16113281 0.9370117
vn -1 -0.0036468506 2.6226044E-05
vn -1 -0.008399963 0.0059051514
vn -0.8769531 -0.4658203 -0.11932373
vn -1 -0.008399963 0.0059051514
vn -0.9980469 0.060333252 0.005432129
vn -0.9995117 -0.028915405 -0.002494812
vn -0.9067383 -0.42163086 -0.0015048981
vn -0.9995117 -0.03186035 -0.004760742
vn 0.18786621 -0.9819336 -0.0062675476
vn -0.9921875 -0.12561035 -0.0013341904
vn -0.96875 -0.2454834 0.031555176
vn -0.97753906 0.21008301 0.009399414
vn -0.9897461 0.14440918 -0.0065956116
vn -0.5107422 -0.859375 0.033050537
vn -0.7783203 -0.6274414 0.018325806
vn -0.48461914 -0.87353516 0.04119873
vn -0.81396484 0.5810547 -0.005722046
vn -0.9946289 0.10131836 -0.0013303757
vn -0.79833984 0.60253906 -0.0048713684
vn -1 0.020187378 -0.0012950897
vn -1 0.010177612 -0.0037708282
vn -1 0.009262085 0.00042414665
vn -0.9995117 0.024368286 0.0029411316
vn -1 0.011489868 0.00022220612
vn -0.9902344 0.13879395 0.00082206726
vn -0.7392578 0.67333984 0.0038776398
vn -1 0.0082473755 -0.000259161
vn -0.99853516 0.022064209 0.04647827
vn -0.44702148 0.89453125 -0.01638794
vn -0.9819336 0.08898926 0.16821289
vn -0.20288086 0.79589844 0.5703125
vn -0.99853516 0.018417358 0.050476074
vn -0.99853516 0.018417358 0.050476074
vn -0.99853516 0.018417358 0.050476074
vn 0.9868164 -0.09686279 -0.12878418
vn 0.9868164 -0.09686279 -0.12878418
vn 0.9868164 -0.09686279 -0.12878418
vn -0.9868164 0.09686279 0.12878418
vn -0.9868164 0.09686279 0.12878418
vn -0.9868164 0.09686279 0.12878418
vn 0.0070381165 0.03945923 -0.99902344
vn -0.037322998 -0.9970703 -0.06878662
vn 0.080444336 -0.8666992 -0.49267578
vn 0.29541016 0.62597656 -0.7216797
vn 0.9995117 -0.031799316 0.00017738342
vn 0.98535156 -0.056030273 -0.16015625
vn 0.29541016 0.62597656 -0.7216797
vn 0.47509766 0.8798828 0.0039138794
vn 0.9824219 -0.070251465 0.17370605
vn 0.3544922 0.63378906 0.6875
vn 0.9663086 -0.13208008 0.22094727
vn 0.9926758 -0.042541504 0.11340332
vn 0.9995117 -0.018707275 0.031097412
vn 0.7426758 0.111572266 -0.66015625
vn 0.5361328 0.8442383 -0.0085372925
vn 0.11035156 0.57714844 -0.80908203
vn 0.9995117 0.012573242 0.019042969
vn 0.5361328 0.8442383 -0.0085372925
vn 0.9995117 -0.018707275 0.031097412
vn 0.9926758 -0.042541504 0.11340332
vn 1 -0.014526367 0.0018548965
vn -0.10803223 0.9375 0.33129883
vn -0.039733887 0.99609375 -0.07861328
vn -0.99365234 0.08105469 0.075683594
vn -0.0053901672 0.011428833 -1
vn 0.014915466 -0.0037822723 -1
vn -0.037384033 0.09490967 -0.9946289
vn 0.9560547 -0.07531738 -0.28320312
vn 0.9560547 -0.07531738 -0.28320312
vn 0.9560547 -0.07531738 -0.28320312
vn -0.9560547 0.07531738 0.28320312
vn -0.9560547 0.07531738 0.28320312
vn -0.9560547 0.07531738 0.28320312
vn 0.87841797 0.077697754 -0.4716797
vn 0.921875 -0.14685059 -0.35864258
vn 0.9399414 -0.24597168 -0.23718262
vn 0.010902405 0.018417358 1
vn 0.011871338 0.019454956 0.9995117
vn -0.20605469 -0.0836792 0.97509766
vn 0.31713867 0.9316406 0.17602539
vn -0.13867188 0.9868164 0.08129883
vn 0.82373047 0.55615234 0.11065674
vn 0.9765625 0.18664551 0.107788086
vn 0.31713867 0.9316406 0.17602539
vn 0.42993164 0.9013672 -0.05343628
vn 0.9584961 0.28515625 0.01789856
vn 0.31298828 0.9423828 0.11706543
vn 0.9897461 0.08001709 0.11773682
vn 0.27392578 0.95703125 -0.095458984
vn 0.10821533 0.9941406 0.0054740906
vn 0.99072266 0.057434082 0.12310791
vn 0.99121094 -0.009490967 0.13208008
vn 0.004207611 0.9995117 -0.032348633
vn 0.9946289 0.10455322 0.014434814
vn 0.013198853 0.99365234 0.11022949
vn 0.94970703 0.3137207 -0.0011882782
vn 0.9941406 0.107666016 -0.0008482933
vn 0.9897461 0.13012695 0.058502197
vn 0.609375 0.79248047 -0.0015268326
vn 0.44750977 0.89404297 0.021362305
vn 0.04611206 0.9980469 0.03881836
vn 0.0044174194 0.9921875 0.12298584
vn -0.029205322 0.9921875 0.119506836
vn -0.07897949 0.99658203 0.023757935
vn -0.101745605 0.98535156 0.13830566
vn -0.17248535 0.984375 0.04171753
vn -0.30371094 0.94677734 0.1071167
vn -0.051849365 0.9946289 0.09136963
vn -0.15600586 0.9873047 -0.024017334
vn -0.2697754 0.9604492 0.068847656
vn -0.44702148 0.8925781 0.056671143
vn 0.0007619858 0.3088379 0.9511719
vn 0.041870117 0.21716309 0.97509766
vn -0.9814453 0.19018555 0.020843506
vn -0.40600586 0.34179688 -0.84765625
vn -0.6171875 0.7866211 -0.0017604828
vn -0.9604492 0.27783203 -0.00056409836
vn -0.9975586 0.06951904 0.014526367
vn -0.99853516 0.058288574 0.000101447105
vn -0.9921875 0.006462097 0.12487793
vn -0.9921875 0.013755798 0.124694824
vn -0.9873047 0.038269043 0.15283203
vn -0.9921875 0.08648682 0.09106445
vn -0.9501953 0.20214844 -0.23693848
vn -0.71972656 0.6850586 0.11248779
vn -0.6230469 0.7661133 -0.1574707
vn -0.49145508 0.6870117 0.53515625
vn -0.1920166 0.93115234 0.31054688
vn -0.15490723 0.9511719 0.26708984
vn -0.14831543 0.9746094 0.16674805
vn -0.15124512 0.9746094 0.16479492
vn -0.23156738 0.953125 0.19580078
vn -0.23461914 0.95214844 0.19604492
vn -0.46191406 0.88134766 -0.0993042
vn -0.98828125 0.06100464 0.14135742
vn -0.32080078 0.7832031 0.53222656
vn -0.98828125 0.06100464 0.14135742
vn -0.9995117 -0.036499023 -0.0021896362
vn -0.19726562 0.6191406 -0.7602539
vn -0.9995117 -0.036499023 -0.0021896362
vn -0.16711426 0.58984375 -0.79003906
vn -0.19726562 0.6191406 -0.7602539
vn 0.20568848 0.22497559 -0.95214844
vn 0.27685547 0.2290039 -0.93310547
vn 0.7392578 -0.26098633 -0.62109375
vn 0.09075928 -0.9868164 -0.13562012
vn 0.86328125 -0.50439453 0.01159668
vn 0.16174316 -0.9667969 -0.1973877
vn 0.7553711 -0.24194336 -0.6088867
vn 0.7001953 -0.33666992 0.62939453
vn 0.050323486 -0.99853516 -0.011169434
vn 0.16174316 -0.9667969 -0.1973877
vn 0.7001953 -0.33666992 0.62939453
vn 0.6694336 -0.12164307 0.73291016
vn 0.3972168 0.2208252 0.890625
vn 0.7001953 -0.33666992 0.62939453
vn 0.16015625 0.3737793 0.9135742
vn -0.005016327 0.38330078 0.9238281
vn -0.28833008 0.71972656 0.63134766
vn -0.9785156 0.082458496 0.18847656
vn 0.080444336 0.87158203 0.48339844
vn -0.47070312 0.7338867 0.4897461
vn -0.062042236 0.2824707 0.95703125
vn 0.021530151 -0.94921875 -0.3137207
vn -0.96972656 -0.021713257 -0.24230957
vn 0.03692627 -0.87402344 -0.48486328
vn 0.4116211 -0.9111328 0.027877808
vn -0.56152344 -0.81347656 -0.15002441
vn -0.96972656 -0.021713257 -0.24230957
vn -0.06048584 -0.24951172 -0.9663086
vn 0.03338623 0.13464355 -0.9902344
vn -0.08666992 -0.21374512 -0.97314453
vn 0.43359375 -0.88720703 0.15722656
vn 1 -0.006916046 0.0021591187
vn 0.9995117 -0.01889038 0.029327393
vn -0.8964844 -0.32495117 0.30126953
vn -0.86816406 0.22009277 0.44482422
vn -0.2980957 -0.16369629 0.9404297
vn -0.86816406 0.22009277 0.44482422
vn -0.99365234 0.033996582 0.105895996
vn -1 0.0019721985 -0.0066490173
vn -1 0.0028381348 -0.001077652
vn -1 -0.00032687187 -0.0060424805
vn -1 0.009750366 -0.007827759
vn -1 0.0064849854 -0.0021038055
vn -0.99902344 -0.04031372 0.019012451
vn 0.01550293 -1 -0.009231567
vn 0.01550293 -1 -0.009231567
vn 0.01550293 -1 -0.009231567
vn 0.0184021 0.9995117 -0.03048706
vn -0.15136719 0.98828125 -0.0034008026
vn -0.14440918 0.9897461 0.0051727295
vn -0.61328125 0.7895508 -0.02558899
vn -0.14440918 0.9897461 0.0051727295
vn -0.5957031 0.8022461 0.03945923
vn -0.74365234 0.6669922 0.047668457
vn -0.69384766 0.7114258 0.112854004
vn 0.10412598 0.9946289 0.0035037994
vn 0.16027832 0.9868164 0.007381439
vn 0.58203125 0.8129883 0.019195557
vn 0.16027832 0.9868164 0.007381439
vn 0.59472656 0.80322266 -0.03161621
vn 0.94091797 0.33813477 -0.015960693
vn 0.76708984 0.63720703 -0.0725708
vn 0.97998047 0.19873047 -3.6895275E-05
vn 0.984375 0.17492676 0.00054883957
vn 0.9814453 0.19091797 0.00016868114
vn 0.83496094 0.55078125 0.0014886856
vn 0.9814453 0.19091797 0.00016868114
vn 0.8173828 0.5756836 0.0029850006
vn 0.56347656 0.8261719 0
vn 0.5126953 0.85839844 -0.0060310364
vn 0.13012695 0.99121094 -0.009391785
vn -0.00027680397 -1 0.004917145
vn 0.002084732 -1 -0.001115799
vn 0.0012102127 -1 0.0031166077
vn -0.00504303 -1 0.010101318
vn 0.0005335808 -1 -0.0016965866
vn -0.001168251 -1 -0.0011882782
vn -0.0181427 -1 0.0008788109
vn 0.0037651062 -1 -0.0005249977
vn 0.0052948 -1 -0.0010643005
vn 0.0028877258 -1 7.092953E-05
vn 0.0027942657 -1 0.0084991455
vn 0.00315094 -1 0.0054244995
vn 0.00919342 0.99853516 -0.052001953
vn 0.009361267 0.99853516 -0.05227661
vn 0.008995056 0.99853516 -0.051727295
vn 0.009651184 0.99853516 -0.05267334
vn -0.12133789 0.9916992 0.03894043
vn -0.6279297 0.7783203 -0.0026474
vn -0.35229492 0.93603516 0.0047416687
vn -0.021972656 0.98779297 0.15454102
vn 0.6743164 0.73828125 0.0103302
vn 0.38330078 0.9238281 0.006801605
vn 0.3491211 0.9370117 0.00080776215
vn 0.24230957 0.96972656 -0.024093628
vn 0.609375 0.79296875 0.00079250336
vn 0.3491211 0.9370117 0.00080776215
vn 0.79052734 0.6123047 0.009529114
vn 0.7504883 0.6611328 -0.0014686584
vn 0.8041992 0.5942383 0.0061912537
vn 0.94433594 0.32885742 -0.0035381317
vn 0.96972656 0.24291992 -0.020217896
vn 0.9550781 0.29516602 0.023071289
vn 0.99853516 0.012992859 0.055389404
vn 0.9902344 -0.027069092 0.1373291
vn 0.78222656 -0.6230469 0.010528564
vn 0.89404297 -0.44726562 0.026489258
vn 0.7158203 -0.6982422 0.0030441284
vn 0.63916016 -0.76904297 -0.0013771057
vn 0.70410156 -0.7104492 0.0018644333
vn 0.7944336 -0.6074219 0.020492554
vn 0.61621094 -0.78759766 -0.011924744
vn 0.98828125 -0.15124512 0.0048103333
vn 0.97509766 -0.22033691 0.018707275
vn 6.556511E-05 0.9995117 0.023345947
vn 0.0025806427 0.9008789 0.43359375
vn -0.001405716 0.9995117 0.026885986
vn 0.0009331703 0.90478516 0.42578125
vn -0.011451721 0.42773438 0.9038086
vn 0.0026550293 0.62597656 0.77978516
vn 0.0013084412 0.22375488 0.9746094
vn -0.0118255615 -0.016693115 1
vn 0.0033073425 -0.22143555 0.97509766
vn 0.0043563843 -0.76171875 0.6479492
vn 0.0011262894 -0.7685547 0.63964844
vn 0.0017786026 -0.97216797 0.23461914
vn 0.004436493 -0.9682617 0.25024414
vn 0.0021419525 -0.92578125 -0.3774414
vn 0.014404297 -0.8417969 -0.5395508
vn 0.004436493 -0.6894531 -0.7246094
vn 0.012420654 -0.49267578 -0.8701172
vn 0.006336212 -0.2644043 -0.96435547
vn 0.008300781 0.18103027 -0.98339844
vn -0.0027770996 0.11602783 -0.99316406
vn 0.0063285828 0.5996094 -0.80029297
vn -0.0034656525 0.5517578 -0.8339844
vn 0.00018167496 0.9013672 -0.4333496
vn -0.0024986267 0.8857422 -0.46411133
vn -0.001405716 0.9995117 0.026885986
vn 6.556511E-05 0.9995117 0.023345947
vn -0.35717773 -0.93408203 0.010421753
vn -0.6357422 -0.7714844 0.018692017
vn -0.4267578 -0.9042969 0.010559082
vn -0.08312988 -0.99560547 0.037078857
vn -0.100097656 -0.9916992 0.07849121
vn 0.63916016 -0.76904297 -0.0013771057
vn 0.25585938 -0.9667969 0.0006365776
vn 0.70410156 -0.7104492 0.0018644333
vn -0.35717773 -0.93408203 0.010421753
vn -0.63378906 -0.77246094 -0.03161621
vn 0.01209259 -0.9926758 -0.121276855
vn 0.61621094 -0.78759766 -0.011924744
vn 0.31079102 -0.9506836 -0.00074243546
vn 0.70410156 -0.7104492 0.0018644333
vn -0.7729492 -0.63427734 -0.0034236908
vn -0.87158203 -0.48876953 0.04248047
vn -0.7680664 -0.63964844 -0.030685425
vn -0.99853516 -0.048095703 0.031173706
vn -0.9897461 0.048675537 0.13537598
vn -0.90478516 -0.4260254 0.0041503906
vn -0.96240234 -0.2722168 -0.005317688
vn -0.99316406 0.019042969 -0.11694336
vn -0.8442383 0.5361328 -0.014984131
vn -0.7807617 0.625 -0.00274086
vn -0.7841797 0.62060547 -0.013694763
vn -0.95654297 0.29101562 0.008491516
vn -0.9897461 0.048675537 0.13537598
vn -0.95654297 0.29101562 0.008491516
vn -0.7807617 0.625 -0.00274086
vn -0.6123047 0.79052734 0.003118515
vn -0.35229492 0.93603516 0.0047416687
vn -0.26489258 0.96435547 -0.0036811829
vn 0.9995117 0.0077667236 0.03363037
vn 0.9995117 0.01285553 0.03466797
vn 0.9995117 0.0109939575 0.036590576
vn 0.99902344 0.014442444 0.043762207
vn 0.99902344 0.03277588 0.020751953
vn 0.99902344 0.03277588 0.020751953
vn 0.98779297 0.093933105 -0.12322998
vn 0.9995117 0.01889038 -0.022659302
vn 0.9995117 -0.026565552 0.009689331
vn -0.0017061234 -1 0.00073957443
vn 0.08850098 -0.99560547 0.027862549
vn -0.015838623 -1 0.0011663437
vn 0.0031852722 -1 0.0021381378
vn 0.0017585754 -1 0.0009255409
vn -0.010574341 -1 0.00060892105
vn -0.010574341 -1 -0.013870239
vn 0.0016613007 -1 -0.016860962
vn -0.0026187897 -0.99902344 -0.0390625
vn -0.00592041 -1 -0.014282227
vn -0.0096588135 -0.99902344 -0.04171753
vn 8.815527E-05 1 -0.0034809113
vn -0.000415802 1 -0.004173279
vn -0.0013980865 1 -0.005519867
vn 0.00111866 1 -0.002067566
vn 0.9980469 -0.05987549 0.00047159195
vn 0.9863281 -0.04071045 0.16015625
vn 0.984375 0.050354004 -0.16809082
vn 0.9995117 -0.03024292 -0.00017654896
vn 0.9980469 -0.06378174 -0.0029392242
vn 0.9995117 -0.031799316 0.00017738342
vn 0.9824219 -0.070251465 0.17370605
vn 0.95654297 -0.2919922 -0.0067214966
vn 0.9995117 -0.01876831 0.01739502
vn 0.98535156 -0.056030273 -0.16015625
vn 0.9941406 -0.09466553 -0.050872803
vn 0.97314453 -0.23010254 -0.012535095
vn 0.6972656 -0.7163086 0.022003174
vn 0.14624023 -0.98779297 -0.050964355
vn 0.9980469 -0.06384277 0.00063467026
vn 0.052703857 -0.99853516 -0.023742676
vn 0.011619568 -0.9995117 -0.023849487
vn -0.0014781952 -1 -0.004173279
vn -0.011024475 -0.9980469 -0.061645508
vn -0.11999512 -0.9926758 -0.00705719
vn -0.17443848 -0.98291016 -0.056243896
vn 0.0019607544 -1 -0.00069999695
vn -0.0017881393 -1 -0.00052022934
vn 0.009109497 -1 -0.0014448166
vn 0.008224487 -1 -0.0054969788
vn -0.024093628 -0.9995117 -0.004142761
vn -0.004753113 -1 0.00579834
vn -0.016494751 -1 -0.002904892
vn 0.041137695 -0.99316406 -0.10784912
vn -0.57958984 -0.8144531 0.023040771
vn -0.921875 -0.3864746 0.02027893
vn -0.9848633 -0.1743164 0.009170532
vn 0.08996582 -0.99609375 0.010787964
vn 0.0574646 -0.99853516 0.0037021637
vn -0.072631836 -0.9975586 0.006137848
vn 0.031829834 -0.97216797 -0.23217773
vn 0.055267334 -0.99853516 0.006576538
vn 0.078125 -0.9897461 0.11767578
vn 0.31347656 -0.9111328 -0.26831055
vn -0.0017795563 -1 -0.0031433105
vn -0.022964478 -0.9995117 0.002029419
vn -0.018981934 -1 0.0045280457
vn -0.004207611 -1 0.002532959
vn -0.0018167496 -1 0.00086021423
vn 0.05709839 -0.99853516 -0.0038928986
vn 0.017471313 -1 -0.00166893
vn -0.051116943 -0.99853516 -0.009979248
vn -0.022079468 -0.99316406 -0.11395264
vn 0.047210693 -0.97314453 0.22607422
vn -0.065979004 -0.9980469 -0.0032157898
vn 0.021850586 -1 0.0015821457
vn -0.1394043 -0.9716797 -0.19030762
vn 0.1315918 -0.99121094 0.0012979507
vn 0.009536743 -1 -0.004173279
vn -0.050231934 -0.99853516 0.0034160614
vn -0.08673096 -0.9897461 0.11383057
vn -0.012367249 -1 -0.00066280365
vn -0.009628296 -1 -0.0016031265
vn -0.0063095093 -1 -0.0017147064
vn 0.04147339 -0.99902344 0.0020217896
vn -0.017730713 -1 0.002828598
vn 0.012069702 -1 -0.0006957054
vn 0.03050232 -0.9995117 0.008659363
vn -0.04663086 -0.9863281 0.15686035
vn 0.18151855 -0.95996094 -0.2133789
vn -0.0107803345 -1 -0.0022335052
vn 0.007080078 -1 0.0019989014
vn -0.039398193 -0.99902344 -0.0076408386
vn -0.012672424 -1 -0.002916336
vn -0.016998291 -1 -0.0028648376
vn 0.0058021545 -1 -0.00071144104
vn 0.0037059784 -1 -0.00017440319
vn 0.04748535 -0.99902344 -0.003501892
vn -0.010902405 -1 -0.0024490356
vn 0.0029850006 -1 -0.0056877136
vn 0.0018110275 -1 -0.010597229
vn 0.0026474 -1 -0.005466461
vn 0.0031108856 -1 -0.003004074
vn 0.018066406 -1 -0.003982544
vn -0.06573486 -0.9980469 -0.0013141632
vn -0.0047569275 -1 -0.0010490417
vn -0.04937744 -0.99853516 0.0055618286
vn -0.09265137 -0.9916992 -0.08898926
vn -0.18347168 -0.97753906 0.10357666
vn -0.69677734 -0.71728516 0.00038337708
vn -0.66015625 -0.75146484 -0.0056152344
vn -0.9863281 -0.1661377 -0.0017814636
vn -0.9946289 -0.007434845 0.10345459
vn 0.11541748 -0.99316406 -0.0030078888
vn 0.048034668 -0.9946289 0.09210205
vn 0.68359375 -0.72998047 -0.0024642944
vn 0.69677734 -0.71728516 0.002922058
vn 0.9838867 -0.1496582 -0.099487305
vn 0.9589844 -0.25878906 0.11651611
vn 0.99902344 -0.042022705 0.0033836365
vn 0.9995117 -0.0317688 0.0005784035
vn 0.9926758 0.022338867 -0.120666504
vn 0.9995117 -0.028930664 -0.0010690689
vn 0.9794922 -0.041870117 0.19787598
vn 0.9628906 0.013786316 -0.27026367
vn 0.99902344 -0.041290283 0.0025863647
vn 0.9980469 -0.063964844 0.004432678
vn 0.9873047 -0.15783691 0.013496399
vn 0.98535156 0.07348633 0.15429688
vn 0.9794922 -0.118652344 -0.16149902
vn 0.97265625 -0.07751465 0.21838379
vn 0.9926758 0.022338867 -0.120666504
vn 0.9321289 -0.36157227 -0.017700195
vn 0.7285156 -0.68408203 0.036590576
vn 0.5419922 -0.84033203 0.006362915
vn 0.1932373 -0.98095703 0.011650085
vn -0.015510559 -0.9819336 0.18884277
vn -0.070129395 -0.9975586 0.0037174225
vn 0.00028896332 -1 -0.00043582916
vn 0.07183838 -0.9975586 -0.004989624
vn 0.015007019 -1 -0.0010089874
vn -0.010620117 -1 -0.014213562
vn -0.003396988 -1 0.0014467239
vn 0.00390625 -1 0.0030708313
vn -0.015098572 -1 0.0043182373
vn 0.060150146 -0.9980469 -0.004135132
vn 0.045166016 -0.9921875 -0.11773682
vn -0.26171875 -0.96435547 -0.033599854
vn -0.63623047 -0.7714844 0.01171875
vn -0.7583008 -0.65185547 -0.019561768
vn -0.96777344 -0.25195312 0.018295288
vn -0.9819336 0.08898926 0.16821289
vn 0.050323486 -0.99853516 0.0016746521
vn 0.09075928 -0.9868164 -0.13562012
vn -0.1619873 -0.9868164 -0.005329132
vn -0.017608643 -1 -0.010566711
vn 0.019958496 -1 -0.0004146099
vn -0.0043907166 -1 -0.002822876
vn -0.008216858 -1 -0.0034179688
vn 0.011878967 -1 -0.0045700073
vn -0.011177063 -1 -0.0016489029
vn -0.005420685 -1 -0.005996704
vn 0.050323486 -0.99853516 -0.011169434
vn -0.19360352 -0.98095703 0.0023403168
vn -0.03060913 -0.99902344 -0.028961182
vn 0.047454834 -0.9980469 0.040893555
vn -0.19604492 -0.98046875 -0.018356323
vn 0.16174316 -0.9667969 -0.1973877
vn -0.30908203 -0.9511719 -0.005443573
vn -0.002790451 -1 -0.018249512
vn -0.65771484 -0.7529297 0.02696228
vn 0.09020996 -0.99560547 -0.025054932
vn -0.9506836 -0.30859375 0.033477783
vn -0.9785156 0.082458496 0.18847656
vn -0.05987549 -0.9980469 -0.008605957
vn 0.3154297 -0.94873047 0.0029392242
vn 0.68359375 -0.7294922 0.012321472
vn 0.58740234 -0.8095703 -0.012832642
vn 0.98535156 0.07348633 0.15429688
vn -0.052642822 -0.99853516 0.012619019
vn 0.0068588257 -0.9926758 -0.120666504
vn -0.10534668 -0.9838867 -0.1451416
vn -0.015640259 -0.9819336 0.18774414
vn 0.66259766 -0.74902344 0.002811432
vn 0.6777344 -0.73535156 0.008712769
vn 0.97265625 -0.07751465 0.21838379
vn 0.9794922 -0.118652344 -0.16149902
vn -0.10534668 -0.9838867 -0.1451416
vn -0.04699707 -0.97802734 0.20397949
vn 0.57128906 -0.8203125 0.026779175
vn 0.69873047 -0.71533203 -0.0019931793
vn 0.9628906 0.013786316 -0.27026367
vn 0.9794922 -0.041870117 0.19787598
vn -1 -4.4465065E-05 -1.41859055E-05
vn -0.99902344 0.04360962 -6.377697E-06
vn -1 -6.133318E-05 2.8669834E-05
vn -0.99316406 0.10699463 -0.047912598
vn -1 4.23193E-06 -2.6226044E-06
vn -1 1.1146069E-05 -1.3113022E-06
vn -1 3.0696392E-05 1.2397766E-05
vn -0.9511719 0.30859375 0.003326416
vn -1 0.000117242336 5.5134296E-05
vn -0.9995117 0.0065612793 -0.022842407
vn -1 0.0038032532 -0.003250122
vn -1 3.248453E-05 1.013279E-05
vn -0.8886719 0.1574707 -0.4309082
vn -0.9116211 0.41015625 -0.02558899
vn -0.90234375 0.14294434 -0.40625
vn -0.9941406 0.10797119 -0.016433716
vn -0.8652344 0.3996582 -0.3034668
vn -0.99902344 0.041290283 -1.1444092E-05
vn -1 0.00034809113 0.0010080338
vn -0.85546875 0.5175781 -0.01209259
vn -0.9794922 0.20178223 0.019119263
vn -0.8911133 0.4477539 -0.072387695
vn -0.98876953 0.14685059 -0.020431519
vn -0.9995117 0.0068740845 0.023376465
vn -0.99560547 0.072753906 -0.057617188
vn -0.9995117 0.029632568 0.001663208
vn -0.9291992 0.06347656 0.36450195
vn -0.99658203 -0.006465912 0.08001709
vn -0.5761719 -0.8154297 0.058532715
vn -0.94873047 -0.05947876 -0.3112793
vn -0.99658203 -0.006465912 0.08001709
vn -0.99902344 -0.031555176 -0.031143188
vn -0.53515625 -0.8198242 -0.20300293
vn -0.5761719 -0.8154297 0.058532715
vn -0.22351074 -0.96191406 -0.15808105
vn -0.5654297 -0.82470703 -0.026123047
vn -0.99902344 -0.038513184 0.00087976456
vn -0.58496094 -0.81103516 -0.0043678284
vn -0.24609375 -0.9692383 -0.002910614
vn -0.2939453 -0.9555664 -0.016647339
vn -0.22351074 -0.96191406 -0.15808105
vn -0.8588867 -0.5126953 0.0029392242
vn -0.9008789 -0.43432617 0.006477356
vn -0.9609375 -0.2763672 0.012931824
vn -0.92333984 -0.37231445 0.09240723
vn -0.9921875 0.10638428 0.06137085
vn -0.95458984 0.28735352 0.07928467
vn -0.68066406 0.72998047 -0.059173584
vn -0.42358398 0.9042969 0.055358887
vn -0.13903809 0.9897461 0.036315918
vn 0.09637451 0.9941406 0.04888916
vn 0.24060059 0.96875 -0.062072754
vn 0.5527344 0.8330078 -0.018356323
vn 0.7011719 0.7114258 0.051116943
vn 0.86083984 0.5078125 0.030151367
vn 0.96484375 0.2578125 0.046569824
vn 0.9970703 0.07757568 -0.007911682
vn 0.86328125 -0.5048828 0.0071411133
vn 0.85009766 -0.52685547 0.0059165955
vn 0.9042969 -0.42700195 0.0045166016
vn 0.9458008 -0.3244629 -0.007987976
vn 0.99560547 0.09411621 -0.007434845
vn 0.9970703 0.07611084 -0.02268982
vn 1 -0.001824379 0.0025024414
vn 1 -0.0056648254 0.008888245
vn 0.93652344 0.34716797 -0.047912598
vn 0.9970703 0.07611084 -0.02268982
vn 0.9448242 0.32739258 -0.0038452148
vn 0.9458008 -0.3244629 -0.007987976
vn 0.93652344 0.34716797 -0.047912598
vn 0.9042969 -0.42700195 0.0045166016
vn 0.0055732727 1 -0.00023126602
vn 0.0059509277 1 0.00027799606
vn 0.006767273 1 0.0013790131
vn 0.0046653748 1 -0.0014514923
vn 0.006893158 -1 0.017562866
vn 0.005859375 -1 0.018981934
vn 0.0036182404 -0.9995117 0.022064209
vn 0.009033203 -1 0.014602661
vn -0.9785156 -0.07861328 -0.19140625
vn -0.7910156 -0.6113281 -0.02229309
vn -0.98828125 0.06100464 0.14135742
vn -0.5810547 -0.81347656 0.020812988
vn 0.16174316 -0.9667969 -0.1973877
vn -0.9980469 -0.062072754 0.002620697
vn -1 0.00072431564 0.00018823147
vn -1 0.01348114 0.0041542053
vn -0.9951172 -0.097717285 -0.0015935898
vn -0.11785889 -0.99316406 -6.556511E-06
vn -0.1381836 -0.9902344 -0.001914978
vn 0.13000488 -0.9916992 -0.00084400177
vn 0.13879395 -0.9902344 -0.0010766983
vn 0.9995117 -0.036376953 -0.0038909912
vn 0.9995117 -0.036376953 -0.0038909912
vn 0.9970703 -0.077941895 0.004764557
vn 0.9995117 0.027496338 -0.0012645721
vn 1 -0.001458168 0.0076065063
vn 0.004425049 -0.003250122 -1
vn 0.008377075 -0.0019683838 -1
vn 0.003063202 -0.003692627 -1
vn 0.010948181 -0.0011310577 -1
vn -0.07299805 -0.18640137 0.97998047
vn -0.05267334 -0.07635498 0.99560547
vn -0.07470703 -0.08050537 0.9941406
vn -0.062561035 -0.16601562 0.984375
vn -0.16516113 -0.7685547 0.61816406
vn -0.21179199 -0.93066406 0.29907227
vn -0.15795898 -0.9819336 0.10229492
vn 0.5385742 -0.84228516 0.017089844
vn -0.097595215 -0.9946289 0.031341553
vn 0.39501953 -0.91796875 0.028793335
vn -0.05722046 0.007888794 0.99853516
vn -0.07470703 -0.08050537 0.9941406
vn -0.01739502 -0.033172607 0.9995117
vn 0.0004069805 -0.051727295 0.99853516
vn -0.9980469 -0.028747559 -0.053375244
vn -1 -0.007007599 0.002500534
vn -0.9995117 0.0021743774 0.02607727
vn -0.99658203 -0.03604126 -0.07208252
vn -0.008094788 -0.026168823 -0.9995117
vn 0.0036334991 -0.02406311 -0.9995117
vn 0.032592773 0.11853027 -0.9921875
vn -0.005504608 -0.0042800903 -1
vn 0.005558014 -0.03652954 -0.9995117
vn 0.0057029724 -0.00057411194 -1
vn 0.009239197 -0.0036029816 -1
vn 0.0018587112 0.019256592 -1
vn 0.005756378 0.018539429 -1
vn 0.010871887 0.007888794 -1
vn -0.0074920654 -0.02468872 -0.9995117
vn -0.016204834 -0.025253296 -0.9995117
vn -0.013305664 0.0027561188 -1
vn -0.005718231 -0.017852783 -1
vn -0.0052261353 0.0055999756 -1
vn 0.005367279 -0.01864624 -1
vn 0.005214691 -0.013549805 -1
vn 0.027191162 -0.0703125 -0.9970703
vn -0.026977539 0.0034236908 -0.9995117
vn 0.051330566 -0.0016775131 -0.99853516
vn -0.016494751 0.017913818 -0.9995117
vn 0.9248047 0.0947876 -0.36889648
vn 0.9794922 -0.1459961 -0.1381836
vn 0.98535156 0.16955566 -0.022216797
vn 0.9995117 -0.008110046 -0.028244019
vn 0.97558594 0.0132369995 -0.2199707
vn -0.016494751 0.017913818 -0.9995117
vn -0.05883789 0.06124878 -0.99658203
vn -0.05999756 0.09454346 -0.99365234
vn 0.022857666 -0.09063721 -0.99560547
vn 0.10546875 -0.2644043 -0.9584961
vn -0.059570312 0.039855957 -0.9975586
vn -0.026977539 0.0034236908 -0.9995117
vn 0.20776367 -0.06665039 -0.9760742
vn 0.23095703 -0.5961914 -0.76904297
vn 0.8334961 -0.5522461 -0.010025024
vn -0.059570312 0.039855957 -0.9975586
vn -0.0016231537 0.9995117 0.034576416
vn 0.0017604828 0.99902344 0.039916992
vn 0.0056877136 0.99902344 0.04611206
vn -0.005970001 0.9995117 0.027694702
vn -0.028121948 0.0016508102 0.9995117
vn -0.01309967 -0.016784668 1
vn -0.012496948 -0.021484375 0.9995117
vn -0.0064926147 -0.026947021 0.9995117
vn -0.011268616 -0.038238525 0.99902344
vn -0.0046310425 -0.013130188 1
vn -0.0055389404 -0.010879517 1
vn -0.005996704 -0.009742737 1
vn -0.0042152405 -0.014160156 1
vn 0.13952637 -0.60839844 0.78125
vn 0.022628784 -0.5180664 0.85498047
vn 0.0335083 0.13659668 0.9902344
vn 0.099609375 0.41845703 0.90283203
vn -0.046661377 0.90771484 0.41723633
vn 0.017715454 0.98876953 0.1484375
vn -0.021728516 0.9428711 -0.3330078
vn 0.059570312 0.80615234 -0.5888672
vn 0.025482178 0.29125977 -0.95654297
vn -0.010848999 0.22351074 -0.9746094
vn -0.037384033 -0.4633789 -0.8852539
vn -0.0022621155 -0.36816406 -0.9296875
vn -0.0055732727 -0.9321289 -0.36279297
vn 0.08050537 -0.9902344 -0.113098145
vn 0.06427002 -0.9580078 0.2788086
vn 0.13952637 -0.60839844 0.78125
vn 0.022628784 -0.5180664 0.85498047
vn -0.9975586 0.06921387 0.009849548
vn -1 0.010292053 0.014083862
vn -1 0.012390137 0.01828003
vn -0.99658203 0.082092285 0.0031738281
vn -0.92333984 0.38354492 0.022644043
vn -0.95703125 0.29052734 0.011154175
vn 0.16894531 -0.9536133 0.24890137
vn 0.13171387 -0.9536133 0.27001953
vn 0.2578125 -0.9189453 0.2980957
vn 0.16699219 -0.85791016 0.48632812
vn 0.4128418 -0.7216797 0.55566406
vn 0.34423828 -0.6533203 0.6743164
vn 0.40576172 -0.7885742 0.4621582
vn 0.097351074 -0.97753906 0.18798828
vn 1 -0.006916046 0.0021591187
vn 0.43359375 -0.88720703 0.15722656
vn 1 -0.0027713776 0.00053691864
vn 1 0.00012624264 -0.00022017956
vn 1 2.6226044E-05 -0.00014984608
vn 0.99609375 0.09020996 -0.0019235611
vn 0.97558594 0.0132369995 -0.2199707
vn 0.9995117 -0.008110046 -0.028244019
vn 0.9248047 0.0947876 -0.36889648
vn 0.98535156 0.16955566 -0.022216797
vn 0.9189453 0.3935547 -0.021438599
vn 0.99902344 -0.03656006 -0.028533936
vn 0.91552734 0.14953613 -0.37402344
vn 0.9794922 -0.1459961 -0.1381836
vn 0.9941406 0.10473633 -0.017059326
vn 1 0.0025138855 -0.010467529
vn 0.8334961 -0.5522461 -0.010025024
vn 0.20776367 -0.06665039 -0.9760742
vn 0.8691406 0.09246826 -0.4855957
vn 1 0.012130737 -0.014045715
vn 0.9013672 0.17333984 -0.39672852
vn 0.9995117 -0.0055236816 0.026062012
vn 0.99902344 0.009170532 -0.03970337
vn 0.99121094 0.10076904 0.08538818
vn 0.8828125 0.42895508 -0.19128418
vn 0.99560547 0.095214844 -0.0011196136
vn 1 0.021987915 -0.0009393692
vn 0.95410156 0.2993164 0.014076233
vn 0.9980469 0.06365967 0.013504028
vn 1 0.012680054 -0.0023860931
vn 0.99658203 0.084228516 -0.0077705383
vn 1 0.0055656433 0.0041885376
vn 0.9067383 0.41845703 0.052612305
vn 0.34448242 -0.06323242 0.93652344
vn 0.9970703 0.07562256 0.0041999817
vn 0.92529297 0.046936035 0.37646484
vn 1 0.012680054 -0.0023860931
vn 0.9995117 -0.01889038 0.029327393
vn 0.97021484 -0.20239258 -0.1348877
vn 0.120788574 -0.9926758 0.003528595
vn -0.025497437 -0.8198242 -0.57177734
vn -0.4440918 -0.88671875 -0.12976074
vn -0.48535156 -0.5541992 -0.67626953
vn -0.8203125 -0.56103516 0.10858154
vn -0.11779785 -0.12902832 -0.984375
vn -0.04977417 -0.24304199 -0.96875
vn -0.95751953 0.07495117 -0.27856445
vn -0.96484375 -0.2475586 0.08843994
vn -0.99902344 -0.03463745 -0.016906738
vn -0.12219238 -0.029968262 -0.9921875
vn -0.6665039 0.5239258 -0.52978516
vn -0.13977051 0.03857422 -0.9892578
vn -0.120666504 0.14038086 -0.98291016
vn -0.040527344 0.18798828 -0.9814453
vn -0.053466797 0.17041016 -0.9838867
vn 0.03463745 0.1508789 -0.98779297
vn 0.017471313 0.13977051 -0.9902344
vn 0.1138916 0.07922363 -0.9902344
vn 0.06359863 0.11407471 -0.99121094
vn 0.12402344 0.07196045 -0.9897461
vn 0.13867188 0.021774292 -0.9902344
vn 0.1237793 0.002380371 -0.9921875
vn 0.17102051 -0.16662598 -0.9711914
vn 0.101745605 -0.017074585 -0.9946289
vn 0.082214355 -0.07714844 -0.99365234
vn -0.04977417 -0.24304199 -0.96875
vn -0.025497437 -0.8198242 -0.57177734
vn 0.120788574 -0.9926758 0.003528595
vn 0.5756836 -0.81689453 -0.035583496
vn 0.47265625 -0.8808594 0.025390625
vn 0.85791016 -0.5058594 -0.08728027
vn 0.98095703 -0.15686035 -0.115722656
vn 0.9863281 -0.16479492 -0.0066337585
vn 0.9482422 0.31469727 -0.041900635
vn 0.8574219 0.5102539 0.06854248
vn 0.61816406 0.77978516 0.09729004
vn 0.5307617 0.84716797 0.023834229
vn 0.113220215 0.99316406 0.033111572
vn 0.112854004 0.99316406 0.027816772
vn -0.27807617 0.9604492 0.003332138
vn -0.28466797 0.9584961 -0.0071792603
vn -0.6826172 0.73095703 -0.0079956055
vn -0.6850586 0.7285156 -0.0098724365
vn -0.9169922 0.39916992 -0.011390686
vn -0.9506836 0.30200195 -0.071777344
vn -0.99902344 -0.03463745 -0.016906738
vn 0.98876953 0.05117798 -0.13964844
vn 0.9921875 0.02067566 -0.12365723
vn 0.99316406 0.008644104 -0.117248535
vn 0.9794922 0.10772705 -0.16906738
vn -0.9873047 -0.042388916 0.15197754
vn -0.99316406 -0.038909912 0.11047363
vn -0.99560547 -0.036712646 0.08453369
vn -0.9770508 -0.04699707 0.20825195
vn 0.4116211 -0.9111328 0.027877808
vn 0.18615723 -0.95410156 0.23388672
vn -0.56152344 -0.81347656 -0.15002441
vn 0.10601807 -0.9628906 0.24853516
vn 0.28857422 -0.8701172 0.39941406
vn 0.47753906 -0.7631836 0.43554688
vn -0.019638062 0.101745605 -0.9946289
vn -0.020568848 0.10626221 -0.9941406
vn -0.017196655 0.093566895 -0.99560547
vn -0.01525116 0.09265137 -0.99560547
vn -0.01663208 0.4387207 -0.8984375
vn -0.020568848 0.10626221 -0.9941406
vn -0.014572144 0.46875 -0.8833008
vn -0.017807007 0.4777832 -0.87841797
vn -0.0071372986 0.4621582 -0.88671875
vn -0.0028877258 0.05621338 -0.99853516
vn -0.034576416 0.036956787 -0.99853516
vn 0.038604736 -0.02053833 -0.99902344
vn 0.0657959 -0.014305115 -0.9975586
vn 0.10345459 0.0057373047 -0.9946289
vn 0.03640747 0.050964355 -0.9980469
vn 0.037902832 0.06121826 -0.9975586
vn 0.062683105 0.079589844 -0.9946289
vn 0.021942139 0.099609375 -0.9946289
vn 0.01687622 0.1270752 -0.9916992
vn -0.016677856 0.22009277 -0.97509766
vn -0.054870605 0.11431885 -0.9916992
vn -0.059143066 0.081848145 -0.9951172
vn -0.030288696 -0.013977051 -0.9995117
vn -0.061035156 -0.01322937 -0.9980469
vn -0.017807007 0.4777832 -0.87841797
vn -0.03375244 -0.023742676 -0.99902344
vn -0.030288696 -0.013977051 -0.9995117
vn -0.031173706 -0.02192688 0.9995117
vn 0.0063972473 0.036499023 0.9995117
vn 0.011871338 0.019454956 0.9995117
vn -0.004558563 0.009460449 1
vn 0.010902405 0.018417358 1
vn -0.051757812 0.015197754 0.99853516
vn 0.017349243 0.008125305 1
vn -0.013679504 0.006465912 1
vn 0.00774765 -0.0007157326 1
vn -0.04333496 -0.01890564 0.99902344
vn -0.097473145 0.009101868 0.9951172
vn 0.005634308 0.97558594 0.21923828
vn -0.21508789 -0.03262329 0.9760742
vn -0.9453125 0.32421875 0.04058838
vn -0.08721924 0.9951172 0.04071045
vn 0.005634308 0.97558594 0.21923828
vn -0.0048561096 1 0.003704071
vn -0.0028324127 1 0.0041770935
vn -0.005241394 1 0.0036144257
vn -0.0023975372 1 0.0042800903
vn 0.005947113 0.0034065247 -1
vn 0.007545471 0.0014667511 -1
vn 0.011108398 -0.0012569427 -1
vn 0.0024929047 0.006500244 -1
vn 0.002588272 0.02180481 -1
vn -0.0010280609 0.046936035 -0.99902344
vn -0.7480469 -0.65185547 -0.12634277
vn -0.9760742 0.20898438 0.058380127
vn -0.7421875 -0.6699219 -0.014923096
vn -0.9819336 0.19030762 0.0070381165
vn -0.5449219 0.8383789 0.0042800903
vn -0.9760742 0.20898438 0.058380127
vn -0.44921875 0.8930664 0.015144348
vn 0.13842773 0.9873047 -0.07659912
vn 0.5126953 0.85595703 0.07086182
vn 0.85302734 0.51904297 0.054840088
vn 0.99365234 0.06994629 0.08538818
vn 0.9980469 0.05670166 -0.0309906
vn 0.7421875 -0.6689453 -0.044891357
vn 0.99365234 0.06994629 0.08538818
vn 0.5498047 -0.83496094 0.016235352
vn 0.017410278 -0.9926758 -0.12145996
vn -0.25610352 -0.96435547 -0.06347656
vn -0.7480469 -0.65185547 -0.12634277
vn -0.7421875 -0.6699219 -0.014923096
vn -0.049713135 -0.10723877 -0.99316406
vn 0.1887207 -0.71484375 -0.67333984
vn 0.026168823 -0.13244629 -0.99072266
vn -0.008148193 -0.09820557 -0.9951172
vn -0.0703125 -0.10430908 -0.9921875
vn -0.11279297 -0.051361084 -0.9921875
vn -0.09838867 -0.05795288 -0.99365234
vn -0.70751953 0.17797852 -0.68408203
vn -0.49536133 -0.070495605 -0.86572266
vn -0.2553711 0.31958008 -0.91259766
vn -0.9868164 0.1607666 0.014228821
vn -0.8691406 -0.49194336 -0.04550171
vn -0.9121094 -0.4099121 0.01751709
vn -0.48046875 -0.8696289 -0.11138916
vn -0.1932373 -0.97998047 0.04586792
vn 0.12054443 -0.98828125 -0.09454346
vn 0.44628906 -0.89160156 -0.076049805
vn -0.69433594 0.7192383 0.01574707
vn -0.14660645 0.9584961 0.24414062
vn 0.3125 0.94189453 0.12463379
vn 0.45629883 0.88916016 0.0335083
vn 0.8105469 0.57910156 0.08929443
vn 0.74853516 0.66259766 0.022735596
vn 0.9902344 0.09448242 0.10223389
vn 0.9741211 -0.2199707 -0.05444336
vn 0.84716797 -0.51708984 0.11981201
vn 0.6298828 -0.76904297 0.10668945
vn 0.44628906 -0.89160156 -0.076049805
vn 0.12054443 -0.98828125 -0.09454346
vn 0.034454346 0.11254883 -0.99316406
vn -0.05307007 0.10345459 -0.99316406
vn -0.024108887 0.09454346 -0.9951172
vn -0.51904297 0.2746582 -0.8095703
vn 0.21057129 0.5444336 -0.8120117
vn 0.09289551 0.068237305 -0.99316406
vn -0.9428711 0.22790527 -0.24267578
vn 0.44726562 0.2763672 -0.85058594
vn 0.10522461 -0.010719299 -0.9946289
vn 0.50878906 -0.06964111 -0.85791016
vn 0.08905029 -0.13146973 -0.9873047
vn 0.43554688 -0.3474121 -0.8305664
vn 0.026168823 -0.13244629 -0.99072266
vn 0.1887207 -0.71484375 -0.67333984
vn 0.49194336 -0.8364258 -0.24157715
vn -0.107788086 -0.9892578 0.09765625
vn 0.82714844 -0.5620117 0.009086609
vn 0.97802734 -0.20874023 -0.0066871643
vn 0.9482422 0.1484375 -0.28125
vn 0.86279297 0.5048828 -0.022659302
vn 0.5830078 0.7548828 -0.30029297
vn 0.2668457 0.9638672 -0.005844116
vn -0.17614746 0.984375 -0.0044517517
vn -0.17248535 0.9848633 -0.018432617
vn -0.59375 0.8046875 -0.0031337738
vn -0.5161133 0.8461914 -0.13342285
vn -0.9428711 0.22790527 -0.24267578
vn -0.99853516 -0.020263672 0.048461914
vn -0.99658203 0.07891846 0.03149414
vn -0.99560547 -0.047851562 0.08135986
vn -0.9946289 0.103515625 0.0046958923
vn -0.9868164 0.1616211 0.001958847
vn -0.9838867 0.17883301 0.0012359619
vn -0.94384766 -0.33032227 0.0005970001
vn -0.9550781 -0.29589844 0.0031433105
vn -0.93652344 -0.35107422 0.001868248
vn -0.93310547 -0.35986328 0.004901886
vn -0.9995117 0.023147583 0.0049324036
vn -1 0.0035362244 0.012237549
vn -0.8881836 0.4597168 0.011947632
vn -0.89453125 0.44702148 0.019256592
vn -0.32421875 0.9453125 0.034454346
vn -0.48486328 0.8745117 0.014732361
vn 0.0013179779 0.9995117 0.024963379
vn 0.3569336 0.93310547 0.040649414
vn 0.48876953 0.8720703 0.026290894
vn 0.90527344 0.42382812 0.028259277
vn 0.91064453 0.41308594 0.021240234
vn 1 -0.001039505 0.012634277
vn 0.9995117 -0.02772522 0.00075674057
vn 0.9272461 -0.37451172 -0.0025405884
vn 0.9243164 -0.3815918 -0.0045051575
vn 0.9350586 -0.35424805 -0.0030231476
vn 0.95410156 -0.29882812 0.0057525635
vn -0.012207031 0.008522034 1
vn -0.014602661 0.0034694672 1
vn -0.020019531 -0.0007004738 1
vn -0.00749588 0.012641907 1
vn -0.0076942444 0.071777344 0.9975586
vn -0.0032958984 0.106933594 0.9941406
vn -0.012207031 0.008522034 1
vn -0.9951172 -0.09539795 -0.017745972
vn -0.89697266 -0.4404297 -0.035095215
vn -0.9951172 -0.09869385 -0.015052795
vn -0.9604492 -0.2770996 -0.022476196
vn -0.3623047 -0.9321289 -0.014877319
vn -0.09100342 -0.99560547 -0.02545166
vn 0.09075928 -0.99560547 0.008560181
vn 0.54345703 -0.83935547 0.0009393692
vn 0.5727539 -0.81933594 0.012298584
vn 0.9736328 -0.22497559 0.03353882
vn 0.9658203 -0.25854492 -0.010398865
vn 0.9921875 -0.12402344 -0.004589081
vn 0.96875 -0.23339844 -0.084472656
vn -0.73291016 -0.6796875 0.024978638
vn -0.9716797 0.026657104 0.234375
vn -0.9921875 0.008003235 -0.12512207
vn -0.6411133 -0.76708984 -0.0048179626
vn 0.031829834 -0.97216797 -0.23217773
vn -0.08917236 -0.007751465 0.99609375
vn -0.0625 0.017471313 0.9980469
vn -0.07543945 -0.03366089 0.99658203
vn 0.34448242 -0.06323242 0.93652344
vn 0.9067383 0.41845703 0.052612305
vn -0.059570312 0.06512451 0.99609375
vn -0.08917236 -0.007751465 0.99609375
vn -0.062042236 0.2824707 0.95703125
vn -0.08099365 0.29736328 0.9511719
vn 0.010154724 0.921875 0.38745117
vn 0.080444336 0.87158203 0.48339844
vn 0.22131348 -0.0015087128 -0.97509766
vn 0.13769531 -0.018234253 -0.9902344
vn 0.18444824 0.016403198 -0.98291016
vn 0.026321411 0.012863159 -0.9995117
vn 0.07543945 -0.017227173 -0.9970703
vn 0.0051574707 0.009475708 -1
vn 0.07543945 -0.017227173 -0.9970703
vn -0.0134887695 0.0135650635 -1
vn -0.013916016 -0.0012245178 -1
vn -0.044403076 -0.0009765625 -0.99902344
vn -0.054992676 0.02947998 -0.9980469
vn -0.052001953 -0.0052223206 -0.99853516
vn -0.0435791 -0.0026950836 -0.99902344
vn 0.00056552887 -0.0030593872 -1
vn -0.0005135536 0.007637024 -1
vn 0.0069732666 0.009765625 -1
vn -0.0005559921 0.0079422 -1
vn -0.012557983 0.0181427 -1
vn -0.00012010336 -0.0043640137 -1
vn 0.035369873 0.016052246 -0.99902344
vn 0.1003418 -0.007411957 -0.9951172
vn 0.013618469 -0.00056409836 -1
vn 0.040802002 0.04827881 -0.9980469
vn -0.5654297 -0.82470703 0.014152527
vn -0.77685547 -0.62939453 -0.021469116
vn -0.95947266 -0.28076172 0.017593384
vn 0.18151855 -0.95996094 -0.2133789
vn -0.9458008 0.20080566 0.25561523
vn -0.95947266 -0.28076172 0.017593384
vn -0.9995117 -0.029510498 -8.046627E-05
vn -0.9980469 -0.06524658 -0.004638672
vn -0.9980469 -0.061279297 0.005554199
vn -0.9995117 -0.029342651 0.0014648438
vn -0.98095703 -0.04257202 -0.18969727
vn -0.92285156 -0.3852539 0.0036449432
vn -0.9995117 -0.034576416 -0.0015335083
vn -0.9921875 0.008003235 -0.12512207
vn -0.9716797 0.026657104 0.234375
vn -0.921875 -0.3864746 0.02027893
vn -0.99902344 -0.042541504 -0.0017585754
vn -0.9946289 -0.007434845 0.10345459
vn -0.9980469 -0.059326172 0.00040650368
vn -0.9975586 -0.066711426 0.00034928322
vn -0.9819336 0.08898926 0.16821289
vn -0.9995117 -0.036499023 -0.0021896362
vn -0.9814453 -0.051940918 0.18493652
vn -0.9272461 -0.375 -0.007217407
vn -0.99853516 -0.053527832 0.0024547577
vn -0.98828125 0.06100464 0.14135742
vn -0.9785156 -0.07861328 -0.19140625
vn -0.9970703 -0.07745361 0.0071868896
vn -0.9785156 0.082458496 0.18847656
vn -0.9814453 -0.051940918 0.18493652
vn -0.65625 -0.75439453 -0.0032749176
vn -0.5888672 -0.80810547 -0.0003478527
vn 0.09075928 -0.9868164 -0.13562012
vn -0.10687256 -0.89990234 0.42236328
vn 0.070129395 -0.9970703 -0.026794434
vn 0.034698486 -0.8378906 -0.5449219
vn 0.09436035 -0.69189453 -0.7158203
vn -0.0014028549 -0.06121826 -0.9980469
vn 0.7426758 0.111572266 -0.66015625
vn 0.11035156 0.57714844 -0.80908203
vn -0.01612854 0.67578125 -0.7368164
vn 0.5361328 0.8442383 -0.0085372925
vn 0.023605347 0.99609375 0.087890625
vn 0.06060791 0.7915039 0.60791016
vn 0.04434204 0.69921875 0.7133789
vn -0.10699463 -0.13305664 0.98535156
vn -0.0047683716 0.14746094 0.9892578
vn -0.088378906 -0.62597656 0.77490234
vn -0.10687256 -0.89990234 0.42236328
vn 0.070129395 -0.9970703 -0.026794434
vn -0.07385254 -0.98779297 0.13696289
vn 0.984375 -0.04095459 0.17028809
vn -0.013832092 -0.8930664 0.44995117
vn 0.49780273 -0.8613281 0.10205078
vn -0.07385254 -0.98779297 0.13696289
vn 0.7080078 -0.70458984 -0.048583984
vn -0.10784912 -0.9794922 -0.16918945
vn -0.04928589 -0.97265625 -0.2265625
vn -0.006263733 -0.9995117 -0.02217102
vn 0.0049362183 -1 -0.003730774
vn -0.018966675 -0.9921875 -0.121398926
vn 0.024215698 -0.9941406 -0.10449219
vn 0.11016846 -0.9824219 -0.15002441
vn 0.012023926 -1 0.0058937073
vn -0.11206055 -0.9604492 0.25439453
vn -0.83154297 -0.37402344 0.41088867
vn -0.099609375 -0.98535156 -0.13793945
vn -0.0154418945 -0.9970703 -0.07543945
vn 0.034698486 -0.99658203 -0.074279785
vn 0.15112305 -0.9355469 0.31860352
vn 0.2685547 -0.87597656 0.40039062
vn 0.5625 -0.82470703 -0.058166504
vn -0.54833984 -0.8339844 -0.062561035
vn 0.95410156 -0.29052734 -0.0758667
vn -0.9042969 -0.4267578 -0.0007338524
vn -0.94921875 -0.30859375 -0.061767578
vn 0.9223633 -0.38671875 0.002614975
vn 0.6411133 -0.76464844 0.06402588
vn 0.9633789 -0.25732422 0.07495117
vn 0.99072266 -0.12756348 0.05053711
vn 0.97753906 -0.20349121 -0.054473877
vn 0.98828125 -0.113464355 -0.099853516
vn 0.98828125 -0.1138916 -0.10064697
vn 0.9692383 -0.15490723 -0.19213867
vn 0.9716797 -0.15112305 -0.18286133
vn 0.9082031 -0.19445801 -0.37109375
vn 0.77001953 -0.6064453 -0.19873047
vn 0.7685547 -0.6098633 -0.1932373
vn -0.9663086 -0.25390625 -0.04260254
vn -0.98046875 -0.15893555 -0.11553955
vn -0.9824219 -0.14526367 -0.117126465
vn -0.98291016 -0.17578125 -0.053894043
vn -0.9760742 -0.16455078 -0.14318848
vn -0.9394531 -0.22375488 0.26049805
vn -0.97802734 -0.20471191 0.04348755
vn -0.9916992 -0.11212158 0.06109619
vn -0.91503906 -0.3959961 0.0748291
vn -0.6323242 -0.77197266 0.063964844
vn -0.2211914 -0.89990234 0.37548828
vn -0.12005615 -0.9897461 0.07897949
vn -0.12512207 -0.9897461 0.06567383
vn -0.29956055 -0.7338867 0.6098633
vn -0.27319336 -0.7138672 0.64453125
vn -0.27539062 -0.71484375 0.6425781
vn -0.21594238 -0.86621094 0.4501953
vn -0.19311523 -0.8598633 0.4724121
vn -0.18811035 -0.94384766 0.27148438
vn -0.18383789 -0.9433594 0.27685547
vn -0.17895508 -0.9667969 0.18200684
vn -0.17749023 -0.9667969 0.18322754
vn -0.9995117 -0.0036449432 -0.023895264
vn -0.9453125 0.32421875 0.04058838
vn -0.21508789 -0.03262329 0.9760742
vn -0.9975586 0.047851562 -0.04827881
vn -0.82373047 0.56591797 -0.036010742
vn -0.7006836 -0.71191406 -0.046325684
vn -0.24707031 -0.96875 -0.029006958
vn -0.24938965 -0.9682617 -0.022720337
vn -0.70458984 -0.7080078 -0.04586792
vn -0.9741211 -0.22558594 -0.015686035
vn -0.9682617 -0.24804688 -0.022888184
vn -0.953125 0.30200195 -0.027053833
vn -0.9614258 0.27124023 -0.040893555
vn -0.6591797 0.7519531 -0.0050811768
vn -0.6791992 0.7338867 -0.016571045
vn -0.21069336 0.97753906 -0.021850586
vn -0.22680664 0.97314453 -0.033233643
vn 0.26904297 0.96240234 -0.03717041
vn 0.27783203 0.95996094 -0.03793335
vn 0.70703125 0.70654297 -0.037109375
vn 0.7084961 0.7050781 -0.028533936
vn 0.96728516 0.25341797 -0.015411377
vn 0.97265625 0.23168945 -0.008781433
vn 0.96484375 -0.2607422 -0.034454346
vn 0.9589844 -0.28100586 -0.032806396
vn 0.7050781 -0.70703125 -0.050201416
vn 0.6899414 -0.72265625 -0.0385437
vn 0.24511719 -0.9692383 -0.009437561
vn 0.24536133 -0.9692383 -0.0023994446
vn -0.24938965 -0.9682617 -0.022720337
vn -0.24707031 -0.96875 -0.029006958
vn 0.52490234 0.8510742 0.015045166
vn 0.9838867 -0.1496582 -0.099487305
vn 0.39941406 0.7138672 -0.5751953
vn 0.99902344 -0.042022705 0.0033836365
vn 0.17871094 0.7265625 0.66308594
vn 0.234375 -0.97216797 -0.0030498505
vn -0.26635742 -0.9638672 -0.010360718
vn -0.26416016 -0.96435547 -0.011810303
vn 0.24108887 -0.97021484 -0.01109314
vn 0.6928711 -0.72021484 -0.03366089
vn 0.7026367 -0.7104492 -0.039916992
vn 0.95947266 -0.28149414 -0.010612488
vn 0.9628906 -0.26953125 -0.008476257
vn 0.9716797 0.2364502 0.004673004
vn 0.9692383 0.24621582 0.0027275085
vn 0.7270508 0.68652344 0.012878418
vn 0.72265625 0.69140625 0.010658264
vn 0.27856445 0.9604492 0.009895325
vn 0.28735352 0.9580078 0.006263733
vn -0.23779297 0.9711914 -0.015029907
vn -0.23742676 0.9711914 -0.012519836
vn -0.6953125 0.71875 -0.0042419434
vn -0.68408203 0.7294922 0.0054359436
vn -0.9633789 0.26757812 -0.011138916
vn -0.95654297 0.29174805 -0.003736496
vn -0.9682617 -0.2487793 -0.030670166
vn -0.9716797 -0.23535156 -0.02444458
vn -0.7089844 -0.7050781 -0.017974854
vn -0.9682617 -0.2487793 -0.030670166
vn -0.71240234 -0.70166016 -0.011795044
vn -0.26416016 -0.96435547 -0.011810303
vn -0.26635742 -0.9638672 -0.010360718
vn -0.70703125 -0.70703125 -0.007511139
vn -0.26245117 -0.96435547 -0.028869629
vn -0.26879883 -0.9628906 -0.03048706
vn -0.7089844 -0.7050781 -0.0032863617
vn -0.97021484 -0.24169922 0.0072402954
vn -0.96728516 -0.2541504 0.003932953
vn -0.95654297 0.2919922 0.00048351288
vn -0.95947266 0.28222656 -0.0075645447
vn -0.67285156 0.7397461 -0.0017032623
vn -0.6904297 0.72314453 -0.009063721
vn -0.21582031 0.9003906 -0.3779297
vn -0.24633789 0.9692383 0.005443573
vn 0.25610352 0.8857422 -0.3869629
vn 0.27661133 0.9609375 -0.0005378723
vn 0.64160156 0.64208984 -0.41967773
vn 0.7167969 0.6972656 -0.015701294
vn 0.87353516 0.23779297 -0.42456055
vn 0.9707031 0.23962402 -0.020370483
vn 0.88134766 -0.24255371 -0.40527344
vn 0.9560547 -0.2927246 -0.0016918182
vn 0.6899414 -0.7236328 0.002325058
vn 0.6879883 -0.72558594 0.0034160614
vn 0.2512207 -0.96777344 -0.01776123
vn 0.24829102 -0.9682617 -0.023239136
vn -0.26879883 -0.9628906 -0.03048706
vn -0.26245117 -0.96435547 -0.028869629
vn 0.24047852 0.8359375 -0.4934082
vn 0.62646484 0.6171875 -0.47558594
vn 0.83691406 0.22424316 -0.49926758
vn 0.83251953 -0.21484375 -0.5102539
vn -0.19543457 0.8457031 -0.49658203
vn -0.20983887 0.21826172 -0.953125
vn 0.6044922 -0.6176758 -0.5029297
vn 0.19934082 -0.19262695 -0.9609375
vn -0.5942383 0.6533203 -0.46899414
vn -0.27954102 0.08319092 -0.95654297
vn -0.2770996 0.081970215 -0.95751953
vn -0.25927734 -0.075805664 -0.9628906
vn -0.8613281 -0.21948242 -0.45825195
vn -0.22045898 -0.21191406 -0.95214844
vn 0.2220459 -0.83984375 -0.49536133
vn 0.08270264 -0.27392578 -0.9580078
vn -0.21618652 -0.8496094 -0.4814453
vn -0.05316162 -0.24768066 -0.96728516
vn -0.24328613 -0.96777344 -0.061309814
vn 0.24645996 -0.9663086 -0.07354736
vn 0.67578125 -0.7348633 -0.054840088
vn 0.95410156 -0.29370117 -0.061309814
vn 0.97265625 0.22387695 -0.059387207
vn 0.7246094 0.6870117 -0.054107666
vn 0.26367188 0.9609375 -0.0826416
vn -0.23547363 0.96972656 -0.0647583
vn -0.6870117 0.72509766 -0.04675293
vn -0.9526367 0.3017578 -0.036071777
vn -0.9633789 0.26367188 -0.050079346
vn -0.96191406 -0.2705078 -0.04296875
vn -0.63378906 -0.6308594 -0.4477539
vn -0.05316162 -0.24768066 -0.96728516
vn -0.6899414 -0.7216797 -0.05038452
vn -0.21618652 -0.8496094 -0.4814453
vn -0.24328613 -0.96777344 -0.061309814
vn -0.09313965 -0.0335083 0.9951172
vn -0.02973938 -0.013305664 0.9995117
vn -0.014953613 -0.008590698 1
vn -0.11541748 -0.04058838 0.9926758
vn -0.70703125 0.703125 0.07305908
vn -0.92089844 0.24182129 0.30615234
vn -0.5878906 0.79589844 0.14550781
vn -0.95751953 -0.064575195 0.28149414
vn -0.8959961 -0.4440918 -0.011695862
vn 0.29541016 0.62597656 -0.7216797
vn 0.98535156 -0.056030273 -0.16015625
vn -0.089660645 0.23071289 -0.96875
vn -0.17687988 0.20751953 -0.96191406
vn -0.68408203 -0.2668457 -0.6791992
vn -0.022079468 -0.99316406 -0.11395264
vn 0.0031852722 -1 0.0021381378
vn -0.034088135 -0.9995117 0.008712769
vn 0.3630371 -0.9272461 0.089416504
vn -0.03326416 -0.9995117 -0.0016355515
vn 0.0017585754 -1 0.0009255409
vn 0.052978516 -0.99853516 0.0017280579
vn 0.014167786 -1 -0.016845703
vn 0.0016613007 -1 -0.016860962
vn -0.0031795502 -0.99902344 -0.04574585
vn 0.014167786 -1 -0.016845703
vn -0.0096588135 -0.99902344 -0.04171753
vn -0.9995117 -0.022140503 -0.009346008
vn -1 -0.0069007874 -0.011062622
vn -1 -0.0056648254 -0.011199951
vn -0.9995117 -0.023452759 -0.00920105
vn -0.05117798 -0.99853516 0.012550354
vn -0.12384033 -0.95410156 0.27270508
vn -0.26782227 -0.9633789 0.020050049
vn -0.049591064 -0.99853516 0.026290894
vn 0.25268555 -0.96728516 0.02029419
vn 0.012886047 -0.9995117 0.019012451
vn 0.7705078 0.63720703 0.00548172
vn 0.9892578 0.14770508 -0.00038719177
vn 0.69677734 0.71728516 -0.006652832
vn 0.9863281 0.16369629 -0.0026874542
vn 0.98339844 0.18249512 0.008293152
vn 0.7128906 0.7011719 -0.014328003
vn 0.9902344 -0.140625 -0.0068244934
vn 0.9995117 0.025146484 0.0002579689
vn 1 0.020584106 -0.0014925003
vn 0.98095703 0.19396973 -0.0019779205
vn 1 0.011817932 -0.0012388229
vn 1 -0.002450943 -0.00075674057
vn 1 0.001080513 -0.0018844604
vn 1 0.0037250519 0.0035514832
vn 1 0.0060195923 0.011207581
vn 0.98828125 -0.15393066 0.008407593
vn 0.99902344 -0.04611206 0.0028247833
vn 0.98779297 -0.14929199 0.04168701
vn 0.8652344 -0.50146484 0.004096985
vn 0.5385742 -0.84228516 0.017089844
vn 0.7573242 -0.65283203 0.012901306
vn 0.39501953 -0.91796875 0.028793335
vn 0.9970703 0.07751465 0.011199951
vn 1 -0.0154953 -0.0010557175
vn 0.9995117 -0.02168274 0.0063819885
vn 1 -0.018127441 0.00084495544
vn 1 0.0061035156 0.0046920776
vn 0.99853516 0.0231781 -0.04473877
vn 0.9970703 -0.03466797 0.06958008
vn 0.056732178 -0.047973633 0.9970703
vn -0.014892578 0.041931152 0.99902344
vn 0.085632324 -0.039764404 0.99560547
vn 0.00819397 0.00029182434 1
vn 0.009590149 -0.062042236 0.9980469
vn 0.00819397 0.00029182434 1
vn -0.25952148 0.018478394 0.96533203
vn -0.035827637 0.36572266 0.9301758
vn -0.014892578 0.041931152 0.99902344
vn -0.06201172 0.30249023 0.9511719
vn 0.97021484 -0.12438965 0.20788574
vn 0.9448242 0.08258057 0.31640625
vn 0.74853516 0.5209961 0.4099121
vn 0.9638672 0.2668457 -0.00819397
vn 0.9765625 0.20385742 -0.07220459
vn 0.9067383 0.42138672 -0.015106201
vn 0.9975586 0.068481445 -0.016998291
vn 0.9926758 -0.1159668 0.036071777
vn 0.99902344 0.03842163 -0.013320923
vn 0.9975586 0.06768799 -0.026428223
vn 0.9370117 0.34814453 -0.026947021
vn 0.95996094 0.27929688 -0.01687622
vn 0.94384766 0.32983398 0.0023479462
vn 0.98339844 -0.17944336 0.02444458
vn 0.9970703 -0.068725586 -0.026382446
vn 0.9169922 -0.39892578 -0.009300232
vn 0.9770508 -0.2121582 0.015075684
vn 0.98339844 -0.18139648 -0.019744873
vn 0.9741211 0.22607422 -0.0052871704
vn 0.97265625 0.2319336 -0.0067214966
vn 0.9711914 0.23901367 0.0005683899
vn 0.9682617 0.24914551 -5.38826E-05
vn 0.95458984 -0.29760742 0.014160156
vn 0.9667969 -0.25463867 0.00484848
vn 0.36743164 -0.9301758 -0.0005440712
vn 0.3317871 -0.9433594 0.010887146
vn -0.37524414 -0.9267578 0.0017786026
vn -0.39086914 -0.92041016 0.00459671
vn -0.9707031 -0.2401123 0.0058670044
vn -0.96777344 -0.25146484 0.01184082
vn -0.9682617 0.25 0.0050811768
vn -0.96435547 0.26391602 -0.0005440712
vn -0.97558594 0.22058105 -0.0010662079
vn -0.97558594 0.2199707 -0.0026378632
vn -0.97509766 -0.2220459 0.0014982224
vn -0.9667969 -0.25512695 -0.0067749023
vn -0.9165039 -0.39941406 -0.0016345978
vn -0.9238281 -0.38208008 0.01210022
vn -0.9975586 -0.06616211 0.010559082
vn -0.99902344 -0.046722412 0.00459671
vn -0.95654297 0.29223633 -0.0060195923
vn -0.9555664 0.2939453 0.011756897
vn -0.9248047 0.38061523 -0.008422852
vn -0.93603516 0.35131836 0.005962372
vn -0.9326172 0.36108398 -0.01550293
vn -0.9975586 -0.044036865 0.057159424
vn -0.99609375 0.077697754 -0.038269043
vn -0.9995117 0.029953003 -0.003862381
vn -0.9980469 0.059631348 -0.016571045
vn -0.99560547 0.078430176 -0.05117798
vn -0.99609375 0.07299805 -0.053619385
vn -0.99609375 0.07299805 -0.053619385
vn -0.99609375 0.07299805 -0.053619385
vn -0.99658203 0.030273438 -0.07446289
vn -0.99658203 0.030273438 -0.07446289
vn 0.99609375 -0.07299805 0.053619385
vn 0.99609375 -0.07299805 0.053619385
vn 0.99560547 -0.078430176 0.05117798
vn 0.99609375 -0.07299805 0.053619385
vn 0.99658203 -0.030273438 0.07446289
vn 0.99658203 -0.030273438 0.07446289
vn 0.6738281 -0.73876953 -0.003145218
vn 0.95654297 -0.2919922 -0.0067214966
vn 0.9824219 -0.070251465 0.17370605
vn 0.62890625 -0.77734375 0.0039634705
vn -0.1394043 -0.9716797 -0.19030762
vn 0.1315918 -0.99121094 0.0012979507
vn -0.15124512 -0.032165527 0.98779297
vn -0.1583252 -0.019958496 0.9873047
vn -0.16577148 -0.007144928 0.9863281
vn -0.14355469 -0.045196533 0.98876953
vn -1 -0.020309448 0
vn -1 -0.014846802 0.0079193115
vn -1 -0.012916565 0.010719299
vn -0.9995117 -0.032836914 -0.0181427
vn 0.9863281 -0.04071045 0.16015625
vn 0.50927734 0.86035156 -0.018936157
vn 0.33740234 0.7426758 0.578125
vn 0.9995117 -0.03024292 -0.00017654896
vn 0.34399414 0.67871094 -0.6489258
vn -0.9975586 0.06628418 0.022979736
vn -0.9199219 0.35205078 0.17199707
vn -0.9995117 0.020721436 0.021072388
vn -0.99853516 0.048217773 0.015075684
vn -0.9199219 0.35205078 0.17199707
vn -0.99853516 0.049621582 0.022125244
vn -0.9995117 0.028396606 0.014884949
vn -0.99902344 0.04574585 0.016571045
vn -1 0.011375427 -0.0029582977
vn -1 0.01222229 -0.0036563873
vn -1 0.013328552 -0.0069465637
vn -0.9453125 0.32250977 0.052764893
vn -1 0.011802673 -0.006713867
vn -0.37963867 0.9248047 -0.021530151
vn -1 0.009414673 -0.011291504
vn -0.9868164 0.15063477 -0.057678223
vn -1 0.007270813 -0.014007568
vn -0.99853516 0.03378296 -0.04498291
vn -1 0.015419006 -0.008308411
vn -0.9897461 0.11627197 -0.08477783
vn 0.03756714 0.99853516 0.034332275
vn 0.017410278 1 0.0031738281
vn -0.049560547 0.9980469 0.031555176
vn 0.03540039 0.9995117 0.011253357
vn 0.041290283 0.99902344 0.026397705
vn 0.023040771 0.9995117 0.0024776459
vn 0.04333496 0.99902344 0.019515991
vn 0.021743774 0.9995117 -0.0056419373
vn 0.012588501 0.9995117 -0.031341553
vn 0.004032135 0.043945312 -0.99902344
vn 0.004207611 0.9995117 -0.032348633
vn -0.101745605 0.98535156 0.13830566
vn 0.026916504 -0.13928223 -0.9897461
vn 0.10675049 -0.45654297 -0.8833008
vn 0.12927246 -0.5410156 -0.8310547
vn -0.0049057007 -0.031280518 0.9995117
vn -0.0016784668 -0.05819702 0.99853516
vn -0.001405716 -0.060455322 0.9980469
vn -0.005176544 -0.029022217 0.9995117
vn 0.0284729 0.9921875 -0.1204834
vn -0.6689453 0.7426758 -0.031555176
vn 0.36621094 0.9296875 -0.035064697
vn -0.7270508 0.68603516 -0.017562866
vn -0.8383789 0.5180664 -0.16955566
vn -0.70703125 0.703125 0.07305908
vn -0.96435547 0.26489258 -0.009307861
vn -0.66064453 0.74853516 0.054840088
vn -0.5878906 0.79589844 0.14550781
vn -0.96972656 -0.021713257 -0.24230957
vn -0.6772461 -0.73535156 -0.028274536
vn -0.7421875 -0.6699219 0.007575989
vn -0.23376465 -0.9711914 -0.040802002
vn -0.6074219 0.78515625 -0.12060547
vn -0.8803711 0.47338867 0.019760132
vn -0.56152344 -0.81347656 -0.15002441
vn -0.9975586 -0.010513306 0.06829834
vn -0.99853516 0.015068054 0.04748535
vn -0.69677734 -0.7158203 0.04638672
vn -0.8457031 -0.5336914 0.005332947
vn -0.15551758 -0.9785156 -0.13635254
vn 0.6972656 -0.7167969 -0.0075263977
vn -0.859375 -0.49853516 -0.11407471
vn -0.7294922 -0.6816406 0.05441284
vn 0.47827148 -0.8779297 -0.012893677
vn -0.27490234 -0.9428711 0.18835449
vn -0.027130127 -0.9975586 0.06561279
vn 0.5576172 -0.82910156 0.041503906
vn 0.71240234 -0.70166016 0.011779785
vn 0.6850586 -0.7285156 0.019729614
vn 0.984375 -0.04095459 0.17028809
vn 0.9970703 -0.01977539 0.07385254
vn 0.6826172 0.73046875 0.00932312
vn 0.49780273 -0.8613281 0.10205078
vn 0.7080078 -0.70458984 -0.048583984
vn 0.99316406 0.078125 -0.08911133
vn 0.94384766 -0.3251953 0.057495117
vn 0.8364258 0.54589844 -0.043884277
vn 0.69628906 0.7167969 -0.033447266
vn 0.36621094 0.9296875 -0.035064697
vn 0.62939453 0.76464844 -0.13635254
vn 0.0284729 0.9921875 -0.1204834
vn 0.46557617 0.8652344 0.18518066
vn 0.78466797 0.6152344 -0.07739258
vn 0.7241211 0.6894531 0.017745972
vn 0.60302734 0.79003906 0.11065674
vn 0.86865234 0.48364258 0.10858154
vn 0.78466797 0.6152344 -0.07739258
vn 0.8876953 -0.048095703 -0.45825195
vn 0.0284729 0.9921875 -0.1204834
vn 0.98046875 -0.09509277 -0.17285156
vn -0.8959961 -0.4440918 -0.011695862
vn -0.8383789 0.5180664 -0.16955566
vn -0.94921875 -0.13171387 -0.28515625
vn 0.0284729 0.9921875 -0.1204834
vn -0.85595703 -0.044403076 -0.5151367
vn -0.32177734 0.09838867 -0.94189453
vn -0.10534668 -0.9838867 -0.1451416
vn -0.72314453 -0.3515625 -0.59472656
vn -0.3112793 0.23144531 -0.921875
vn 0.07446289 0.5097656 -0.8569336
vn 0.9628906 0.013786316 -0.27026367
vn 0.048034668 -0.9946289 0.09210205
vn -0.86816406 -0.48876953 0.08294678
vn -0.050231934 -0.99853516 0.0034160614
vn -0.71435547 -0.31347656 -0.62597656
vn -0.71435547 -0.31347656 -0.62597656
vn -0.6665039 -0.10144043 -0.73876953
vn -0.3876953 0.22033691 -0.89501953
vn -0.71435547 -0.31347656 -0.62597656
vn -0.19091797 0.35961914 -0.9135742
vn -0.0141067505 0.3857422 -0.9223633
vn 0.984375 0.050354004 -0.16809082
vn 0.34228516 0.7167969 -0.6074219
vn 0.19030762 0.94677734 0.25952148
vn 0.48046875 0.8769531 0.013076782
vn -0.6074219 0.78515625 -0.12060547
vn 0.16027832 0.9472656 0.27661133
vn 0.41088867 0.8388672 0.35742188
vn 0.4482422 0.8276367 0.3383789
vn 0.8911133 -0.44482422 -0.09082031
vn 0.045166016 -0.9921875 -0.11773682
vn 0.75146484 -0.15539551 -0.6411133
vn 0.060150146 -0.9980469 -0.004135132
vn 0.7285156 -0.28222656 0.62402344
vn 0.30200195 0.24768066 -0.92041016
vn 0.75146484 -0.15539551 -0.6411133
vn 0.045166016 -0.9921875 -0.11773682
vn 0.33276367 0.117614746 -0.9355469
vn 0.1385498 0.4951172 -0.85791016
vn -0.12939453 0.74365234 -0.6557617
vn -0.31835938 0.77490234 -0.54589844
vn -0.1394043 -0.9716797 -0.19030762
vn -0.5996094 -0.32470703 -0.7314453
vn -0.14147949 0.31591797 -0.9379883
vn -0.25878906 0.11303711 -0.95947266
vn 0.22387695 0.66259766 -0.71484375
vn 0.34399414 0.67871094 -0.6489258
vn -0.3269043 0.74365234 0.5830078
vn -0.9980469 -0.06524658 -0.004638672
vn -0.9946289 -0.007434845 0.10345459
vn -0.4543457 0.8852539 -0.09863281
vn -0.33032227 0.64990234 -0.6845703
vn -0.010139465 0.5151367 -0.8569336
vn 0.6894531 -0.0059051514 -0.7246094
vn 0.5395508 -0.30615234 -0.7841797
vn 0.7661133 -0.3161621 -0.55908203
vn -0.68847656 0.09057617 -0.7192383
vn -0.49243164 0.25952148 -0.8305664
vn -0.68847656 0.09057617 -0.7192383
vn -0.7944336 0.26586914 -0.54589844
vn -0.69091797 -0.006248474 0.72314453
vn -0.68847656 0.09057617 -0.7192383
vn -0.76660156 -0.31811523 0.5576172
vn -0.5283203 -0.30688477 0.7915039
vn 0.68847656 0.09527588 0.71875
vn 0.4892578 0.2607422 0.83203125
vn 0.68847656 0.09527588 0.71875
vn 0.7915039 0.2722168 0.546875
vn 0.6894531 -0.0059051514 -0.7246094
vn 0.68847656 0.09527588 0.71875
vn 0.7661133 -0.3161621 -0.55908203
vn 0.98876953 0.11480713 -0.09350586
vn 0.9902344 0.09338379 -0.10510254
vn 0.9873047 0.1340332 -0.08294678
vn 0.98339844 -0.04345703 -0.17736816
vn -0.99121094 -0.08685303 0.09899902
vn -0.99658203 -0.070739746 0.044525146
vn -0.9941406 -0.07910156 0.07281494
vn -0.95458984 -0.13513184 0.26635742
vn -0.98095703 -0.04257202 -0.18969727
vn -0.58496094 0.8095703 0.04888916
vn -0.3173828 0.7832031 -0.53466797
vn -0.58496094 0.8095703 0.04888916
vn -0.9995117 -0.029510498 -8.046627E-05
vn -0.9458008 0.20080566 0.25561523
vn -0.28100586 0.47143555 0.8359375
vn -0.98095703 -0.04257202 -0.18969727
vn 0.14208984 0.47045898 -0.87109375
vn 0.31323242 0.24194336 -0.91845703
vn 0.3486328 0.07086182 -0.9345703
vn 0.31347656 -0.9111328 -0.26831055
vn 0.76708984 -0.31469727 -0.55908203
vn -0.9716797 0.026657104 0.234375
vn 0.14013672 0.4597168 0.8769531
vn -0.23205566 0.75097656 0.61816406
vn 0.1607666 0.039855957 0.9863281
vn 0.6279297 -0.2619629 0.73291016
vn 0.6665039 -0.16479492 0.7270508
vn 0.08996582 -0.99609375 0.010787964
vn -0.6074219 0.78515625 -0.12060547
vn 0.06402588 0.8935547 -0.44458008
vn -0.96972656 -0.021713257 -0.24230957
vn 0.124694824 0.9458008 -0.2993164
vn 0.48046875 0.8769531 0.013076782
vn 0.46557617 0.8652344 0.18518066
vn -0.08343506 0.87939453 0.46875
vn 0.984375 -0.04095459 0.17028809
vn -0.23022461 0.9165039 0.32763672
vn 0.010574341 -0.9995117 0.03062439
vn 0.5932617 -0.6796875 0.4309082
vn 0.0592041 -0.86328125 0.50097656
vn 0.57910156 -0.8149414 0.022262573
vn 0.90185547 -0.3215332 0.28808594
vn 0.53222656 -0.8466797 0.007701874
vn 0.010322571 -1 0.008522034
vn 0.026794434 -0.9995117 0.00724411
vn 0.6611328 -0.7504883 0.0059432983
vn 0.8745117 -0.48535156 0.0054397583
vn 1 -0.019088745 0.006755829
vn 0.91503906 -0.40283203 0.015357971
vn 0.9741211 0.054901123 0.21936035
vn 0.9921875 0.12445068 0.011726379
vn 0.91748047 0.39819336 0.008392334
vn 0.8671875 0.4194336 0.26831055
vn 0.86035156 0.5097656 0.013008118
vn 0.5283203 0.74902344 0.39941406
vn 0.53808594 0.84277344 0.010131836
vn 0.51171875 0.8588867 0.018112183
vn -0.037597656 0.8647461 0.50097656
vn -0.01512146 0.9995117 0.021514893
vn 0.0037155151 1 0.011138916
vn -0.54589844 0.703125 0.45581055
vn -0.52490234 0.8510742 0.01878357
vn -0.55322266 0.8330078 0.010749817
vn -0.86328125 0.38867188 0.32202148
vn -0.9199219 0.39233398 0.008705139
vn -0.8671875 0.49731445 0.015014648
vn -0.97265625 0.04232788 0.22851562
vn -0.9980469 -0.058410645 0.0071372986
vn -0.99316406 0.11566162 0.014976501
vn -0.9116211 -0.32592773 0.24987793
vn -0.86279297 -0.5058594 0.0066871643
vn -0.62890625 -0.77734375 0.007293701
vn -0.91064453 -0.41235352 0.020355225
vn -0.55810547 -0.72509766 0.4033203
vn -0.51416016 -0.85791016 0.008033752
vn 0.026794434 -0.9995117 0.00724411
vn 0.010322571 -1 0.008522034
vn -0.56347656 -0.8256836 0.028289795
vn 0.0592041 -0.86328125 0.50097656
vn 0.010574341 -0.9995117 0.03062439
vn 0.7080078 -0.70458984 -0.048583984
vn -0.05807495 -0.85253906 -0.51953125
vn -0.0513916 -0.8544922 -0.51660156
vn -0.10784912 -0.9794922 -0.16918945
vn -0.03390503 -0.9995117 -0.009262085
vn -0.00592041 -1 -0.014282227
vn -0.0026187897 -0.99902344 -0.0390625
vn -0.010574341 -1 -0.013870239
vn -0.010574341 -1 0.00060892105
vn -0.051086426 -0.99853516 -0.0008111
vn -0.0017061234 -1 0.00073957443
vn -0.05178833 -0.99853516 0.00073862076
vn -0.11138916 -0.99365234 0.0073776245
vn -0.058502197 -0.9980469 0.009544373
vn -0.015838623 -1 0.0011663437
vn -0.859375 -0.49853516 -0.11407471
vn -0.8857422 0.031982422 -0.46313477
vn -0.15551758 -0.9785156 -0.13635254
vn -0.984375 0.08648682 -0.15490723
vn -0.05987549 -0.9980469 -0.008605957
vn -0.6850586 -0.32592773 0.65185547
vn -0.8847656 -0.46264648 -0.052642822
vn 0.0068588257 -0.9926758 -0.120666504
vn -0.12322998 -0.12005615 -0.9848633
vn -0.022781372 -0.13012695 -0.99121094
vn -0.020080566 -0.13012695 -0.99121094
vn -0.12408447 -0.12475586 -0.984375
vn -0.16931152 -0.04522705 -0.984375
vn -0.16992188 -0.044555664 -0.984375
vn -0.17163086 0.056671143 -0.98339844
vn -0.1706543 0.062408447 -0.98339844
vn -0.123168945 0.14819336 -0.9814453
vn -0.12792969 0.15673828 -0.9794922
vn -0.17553711 0.8076172 -0.5629883
vn -0.052581787 0.25952148 -0.96435547
vn 0.1977539 0.77197266 -0.6040039
vn 0.013069153 0.1541748 -0.98779297
vn 0.11230469 0.1270752 -0.98535156
vn 0.11932373 0.12780762 -0.984375
vn 0.17028809 0.044036865 -0.984375
vn 0.17529297 0.036254883 -0.9838867
vn 0.1850586 -0.05883789 -0.98095703
vn 0.1850586 -0.06304932 -0.98046875
vn 0.14331055 -0.12438965 -0.9819336
vn 0.14123535 -0.12695312 -0.9819336
vn 0.057922363 -0.171875 -0.98339844
vn 0.059936523 -0.16491699 -0.984375
vn -0.020080566 -0.13012695 -0.99121094
vn -0.022781372 -0.13012695 -0.99121094
vn 0.26611328 0.9526367 -0.14782715
vn -0.23474121 0.9614258 -0.1439209
vn 0.70947266 0.6933594 -0.12597656
vn -0.6665039 0.73291016 -0.13598633
vn 0.7060547 0.6977539 -0.12164307
vn -0.6875 0.7114258 -0.14416504
vn 0.96972656 0.22302246 -0.09765625
vn -0.94921875 0.28857422 -0.1239624
vn 0.95996094 0.25634766 -0.11413574
vn -0.95703125 0.2607422 -0.12768555
vn 0.9482422 -0.3022461 -0.09637451
vn -0.9658203 -0.23828125 -0.10070801
vn 0.9604492 -0.24707031 -0.12817383
vn -0.9580078 -0.26416016 -0.11065674
vn 0.6796875 -0.7241211 -0.11590576
vn -0.7060547 -0.69970703 -0.107177734
vn 0.7036133 -0.6977539 -0.13586426
vn -0.6855469 -0.7182617 -0.118774414
vn -0.25830078 -0.9604492 -0.10491943
vn -0.2524414 -0.9614258 -0.10858154
vn 0.24645996 -0.96240234 -0.11566162
vn 0.25805664 -0.9589844 -0.117614746
vn -0.2524414 -0.9614258 -0.10858154
vn -0.25830078 -0.9604492 -0.10491943
vn 0.08337402 0.28686523 -0.95458984
vn 0.38354492 0.65478516 -0.6513672
vn 0.9926758 0.022338867 -0.120666504
vn -0.2783203 0.23925781 -0.9301758
vn -0.65185547 -0.036712646 -0.7573242
vn -0.6977539 -0.21008301 -0.6850586
vn -0.070129395 -0.9975586 0.0037174225
vn 0.00018322468 -0.2692871 -0.9628906
vn 0.002292633 -0.26245117 -0.96484375
vn 0.002916336 -0.26049805 -0.96533203
vn -0.00038838387 -0.27124023 -0.96240234
vn -0.8330078 0.55078125 0.05166626
vn -0.98779297 0.1517334 0.041412354
vn -0.9868164 0.15478516 0.04446411
vn -0.83984375 0.5410156 0.041107178
vn -0.56347656 0.8261719 -0.017349243
vn -0.5722656 0.8198242 -0.025268555
vn -0.1385498 0.9902344 -0.00058555603
vn -0.14660645 0.9892578 -0.0010519028
vn 0.25097656 0.96777344 -0.0015058517
vn 0.24487305 0.96972656 0.0024528503
vn 0.609375 0.79248047 0.034118652
vn 0.63427734 0.7714844 0.04736328
vn 0.8652344 0.49560547 0.07556152
vn 0.88183594 0.46557617 0.075927734
vn 0.98828125 0.1538086 -0.004928589
vn 0.9892578 0.1451416 -0.010070801
vn 0.97753906 -0.20874023 -0.025146484
vn 0.9707031 -0.23999023 -0.018798828
vn 0.82910156 -0.55908203 -0.006843567
vn 0.8071289 -0.59033203 0.00869751
vn 0.55371094 -0.83251953 0.022460938
vn 0.5151367 -0.8569336 0.022079468
vn 0.19189453 -0.9814453 -0.008514404
vn 0.19970703 -0.97998047 -0.007045746
vn -0.04937744 -0.99853516 0.0055618286
vn -0.7348633 -0.21960449 -0.64208984
vn -0.7373047 -0.18249512 -0.6503906
vn -0.015510559 -0.9819336 0.18884277
vn -0.91015625 -0.4140625 0.013061523
vn -0.7348633 -0.21960449 -0.64208984
vn -0.28027344 0.09564209 -0.9550781
vn -0.7348633 -0.21960449 -0.64208984
vn -0.22192383 0.28051758 -0.93408203
vn -0.05340576 0.47875977 -0.87646484
vn 0.9838867 -0.1496582 -0.099487305
vn 0.39941406 0.7138672 -0.5751953
vn -0.01977539 0.02659607 0.9995117
vn -0.008018494 0.00076913834 1
vn -0.01146698 0.0095825195 1
vn -0.0055160522 0.011100769 1
vn -0.012199402 0.010620117 1
vn -0.011451721 -0.0042495728 1
vn -0.010932922 0.0042877197 1
vn -0.0067443848 0.010177612 1
vn 0.012588501 0.041168213 0.99902344
vn 0.014823914 -0.012496948 1
vn 0.00907135 -0.035095215 0.9995117
vn 0.0026950836 -0.022140503 0.9995117
vn 0.0023555756 -0.027755737 0.9995117
vn 0.002483368 0.0013990402 1
vn 0.0040512085 0.002696991 1
vn 0.0047683716 0.037902832 0.9995117
vn 0.007827759 0.044891357 0.99902344
vn -0.05404663 -0.05114746 0.9970703
vn -0.027191162 -0.09106445 0.99560547
vn -0.022705078 -0.101989746 0.9946289
vn -0.05239868 -0.046783447 0.9975586
vn -0.06665039 -0.006904602 0.9975586
vn -0.07086182 -0.0093688965 0.9975586
vn -0.09576416 0.029083252 0.9951172
vn -0.1060791 0.022781372 0.9941406
vn -0.07244873 0.07879639 0.9941406
vn -0.072143555 0.0803833 0.9941406
vn -0.015403748 0.11151123 0.99365234
vn -0.017456055 0.114746094 0.99316406
vn 0.058807373 0.12335205 0.99072266
vn 0.055847168 0.13574219 0.9892578
vn 0.14013672 0.12414551 0.9824219
vn 0.13769531 0.13366699 0.9814453
vn 0.16430664 0.044311523 0.98535156
vn 0.15405273 0.03353882 0.9873047
vn 0.121398926 -0.017959595 0.9926758
vn 0.11029053 -0.024139404 0.99365234
vn 0.07287598 -0.070373535 0.9946289
vn 0.07128906 -0.0770874 0.9946289
vn 0.030059814 -0.12988281 0.99121094
vn 0.030670166 -0.12866211 0.99121094
vn -0.022705078 -0.101989746 0.9946289
vn -0.027191162 -0.09106445 0.99560547
vn 0.8935547 -0.4489746 0.015045166
vn -0.09265137 -0.9916992 -0.08898926
vn 0.7714844 -0.3161621 -0.5517578
vn 0.04748535 -0.99902344 -0.003501892
vn 0.68896484 -0.2927246 0.66308594
vn 0.0028076172 -0.89501953 -0.44580078
vn 0.004219055 -1 -0.0051193237
vn 0.0043029785 -1 -0.01940918
vn 0.006629944 -0.9042969 -0.4272461
vn 0.0017442703 -0.62841797 -0.77783203
vn 0.0038108826 -0.6279297 -0.7783203
vn 0.0039367676 -0.22766113 -0.9736328
vn 0.00069236755 -0.2220459 -0.97509766
vn 0.004333496 0.18652344 -0.9824219
vn 0.001458168 0.20922852 -0.97802734
vn 0.0039520264 0.5854492 -0.8105469
vn 0.0010662079 0.6147461 -0.7885742
vn 0.0059013367 0.8803711 -0.47460938
vn 0.00016570091 0.89160156 -0.45239258
vn 0.004497528 0.99902344 -0.04727173
vn 0.0020008087 0.9995117 -0.022491455
vn 0.0022258759 0.91552734 0.4020996
vn 0.004589081 0.92333984 0.38452148
vn 0.0007715225 0.66845703 0.74365234
vn 0.0054969788 0.6870117 0.7265625
vn -0.0006017685 0.2467041 0.9692383
vn 0.007724762 0.30493164 0.95214844
vn -0.0015745163 -0.1973877 0.98046875
vn 0.012191772 -0.12261963 0.9921875
vn -0.0019054413 -0.6196289 0.78466797
vn 0.011039734 -0.5761719 0.8173828
vn 0.0017290115 -0.8964844 0.44335938
vn 0.004825592 -0.8847656 0.46655273
vn 0.0043029785 -1 -0.01940918
vn 0.004219055 -1 -0.0051193237
vn 0.6279297 -0.2619629 0.73291016
vn 0.08996582 -0.99609375 0.010787964
vn 0.8769531 -0.47851562 0.040863037
vn 0.041137695 -0.99316406 -0.10784912
vn 0.7475586 -0.31811523 -0.5830078
vn -0.9995117 -0.029342651 0.0014648438
vn -0.25756836 0.63427734 0.7290039
vn -0.484375 0.8745117 0.01461792
vn -0.9921875 0.008003235 -0.12512207
vn -0.32421875 0.73779297 -0.59228516
vn -0.14440918 0.98828125 0.05014038
vn -0.06201172 0.30249023 0.9511719
vn -0.035827637 0.36572266 0.9301758
vn -0.054138184 0.90185547 0.42871094
vn -0.15637207 0.98779297 0.013900757
vn -0.10998535 0.99365234 0.013153076
vn -0.08691406 0.99609375 0.007507324
vn -0.018569946 1 -0.0076408386
vn -0.013504028 0.94384766 -0.33007812
vn -0.0066070557 0.8803711 -0.47460938
vn -0.009231567 0.72314453 -0.69091797
vn -0.022567749 0.7363281 -0.67626953
vn -0.011383057 0.8754883 -0.48291016
vn 0.0009531975 0.85791016 -0.51416016
vn -0.012779236 0.9614258 -0.27539062
vn -0.0017175674 0.9560547 -0.29370117
vn -0.0033226013 0.9765625 -0.21435547
vn 0.015991211 0.9716797 -0.23620605
vn -0.32421875 0.73779297 -0.59228516
vn 0.17089844 0.35498047 -0.9189453
vn -0.9921875 0.008003235 -0.12512207
vn 0.028823853 0.4206543 -0.9067383
vn 0.4013672 0.1743164 -0.89941406
vn 0.031829834 -0.97216797 -0.23217773
vn 0.68896484 -0.35498047 -0.63183594
vn -1 -0.0054893494 -0.015266418
vn -0.9819336 0.18835449 0.008605957
vn -0.9995117 -0.016601562 -0.016616821
vn -0.9785156 0.20654297 0.010871887
vn 0.19580078 0.5493164 0.8125
vn 0.018035889 0.5566406 0.8305664
vn 0.9995117 -0.01876831 0.01739502
vn -0.36816406 0.29516602 0.88183594
vn 0.047210693 -0.97314453 0.22607422
vn -0.6635742 -0.32495117 0.6738281
vn -0.04699707 -0.97802734 0.20397949
vn -0.87109375 -0.48828125 0.049987793
vn -0.070129395 -0.9975586 0.0037174225
vn -0.6977539 -0.21008301 -0.6850586
vn 0.07891846 -0.16674805 -0.98291016
vn 0.012420654 -0.17407227 -0.9848633
vn -0.058013916 -0.13354492 -0.9892578
vn 0.107299805 -0.14819336 -0.98291016
vn 0.13464355 -0.13500977 -0.9814453
vn 0.18347168 -0.0579834 -0.9814453
vn 0.19030762 -0.022094727 -0.9814453
vn 0.19018555 0.04360962 -0.98095703
vn 0.17382812 0.079956055 -0.9814453
vn 0.12158203 0.13293457 -0.9838867
vn 0.091308594 0.18188477 -0.9790039
vn 0.059387207 0.20776367 -0.9765625
vn 0.010017395 0.20117188 -0.9794922
vn -0.04788208 0.1586914 -0.9863281
vn -0.0925293 0.121154785 -0.98828125
vn -0.10461426 0.093566895 -0.9902344
vn -0.13439941 0.045013428 -0.9897461
vn -0.13989258 0.06640625 -0.98779297
vn -0.1361084 -0.04119873 -0.9897461
vn -0.15344238 -0.026382446 -0.98779297
vn -0.12817383 -0.13000488 -0.98339844
vn -0.14685059 -0.11791992 -0.9819336
vn -0.058013916 -0.13354492 -0.9892578
vn 0.012420654 -0.17407227 -0.9848633
vn 0.005596161 0.49804688 -0.8671875
vn 0.35424805 0.24841309 -0.9013672
vn -0.43579102 0.5864258 -0.68310547
vn 0.3864746 0.082092285 -0.91845703
vn 0.041137695 -0.99316406 -0.10784912
vn 0.7475586 -0.31811523 -0.5830078
vn -0.43579102 0.5864258 -0.68310547
vn -0.42382812 0.8964844 -0.13061523
vn 0.005596161 0.49804688 -0.8671875
vn -0.9995117 -0.034576416 -0.0015335083
vn -0.23205566 0.75097656 0.61816406
vn -0.9716797 0.026657104 0.234375
vn -0.99902344 -0.04824829 -0.00843811
vn -0.9975586 -0.0070648193 -0.06750488
vn -0.9970703 0.0052261353 -0.07336426
vn -0.99853516 -0.054656982 -0.0138549805
vn -0.9970703 -0.053894043 0.05053711
vn -0.9980469 -0.051086426 0.041107178
vn -1 0.009628296 0.0113220215
vn -1 0.014091492 0.0038719177
vn -0.99560547 0.075683594 -0.059417725
vn -0.99316406 0.099975586 -0.056274414
vn -0.98876953 0.14831543 -0.02104187
vn -0.010139465 0.5151367 -0.8569336
vn 0.31689453 0.19238281 -0.92871094
vn -0.33032227 0.64990234 -0.6845703
vn 0.3269043 0.05859375 -0.9433594
vn 0.18151855 -0.95996094 -0.2133789
vn 0.72509766 -0.33496094 -0.6015625
vn -0.45922852 -0.88623047 -0.05935669
vn -0.2310791 -0.97314453 -0.004180908
vn 0.32177734 -0.9453125 -0.051605225
vn -0.7685547 -0.63964844 0.021560669
vn -0.9423828 -0.3310547 -0.052856445
vn -0.9091797 0.41235352 -0.055541992
vn -0.30078125 0.94970703 -0.08782959
vn -0.27807617 0.9604492 -0.018081665
vn 0.24865723 0.9682617 -0.018478394
vn 0.48046875 0.87353516 -0.0770874
vn 0.8095703 0.5864258 0.01360321
vn 0.9716797 0.2290039 -0.061920166
vn 1 0.009185791 -0.004196167
vn 0.85058594 -0.5239258 -0.04534912
vn 0.76953125 -0.6386719 -0.0141067505
vn 0.4868164 -0.87353516 -0.01689148
vn 0.32177734 -0.9453125 -0.051605225
vn -0.2310791 -0.97314453 -0.004180908
vn -0.109191895 -0.10656738 0.98828125
vn -0.052093506 -0.18078613 0.9819336
vn -0.060699463 -0.16845703 0.9838867
vn -0.105163574 -0.09838867 0.9897461
vn -0.11505127 -0.02468872 0.99316406
vn -0.11608887 -0.024993896 0.99316406
vn -0.14099121 0.040985107 0.9892578
vn -0.15234375 0.03363037 0.98779297
vn -0.103759766 0.11663818 0.98779297
vn -0.11071777 0.11743164 0.9868164
vn -0.058776855 0.17370605 0.98291016
vn -0.060913086 0.17297363 0.98291016
vn 0.028884888 0.13024902 0.99121094
vn 0.030639648 0.121398926 0.9921875
vn 0.08648682 0.074035645 0.99365234
vn 0.08795166 0.0725708 0.99365234
vn 0.12902832 0.03540039 0.99121094
vn 0.13110352 0.03463745 0.99072266
vn 0.124816895 -0.032684326 0.9916992
vn 0.11785889 -0.038879395 0.9921875
vn 0.0725708 -0.076171875 0.9946289
vn 0.06304932 -0.07458496 0.9951172
vn -0.014022827 -0.0814209 0.99658203
vn -0.014007568 -0.08874512 0.99609375
vn -0.060699463 -0.16845703 0.9838867
vn -0.052093506 -0.18078613 0.9819336
vn 0.62939453 0.76464844 -0.13635254
vn -0.44848633 0.8935547 -0.017532349
vn 0.46557617 0.8652344 0.18518066
vn -0.23022461 0.9165039 0.32763672
vn 0.62939453 0.76464844 -0.13635254
vn 0.19433594 0.91796875 -0.34545898
vn 0.99316406 0.078125 -0.08911133
vn -0.17736816 -0.008979797 0.9838867
vn -0.09185791 -0.04324341 0.9946289
vn -0.13574219 -0.0002734661 0.99072266
vn -0.014579773 -0.020202637 0.9995117
vn -0.011329651 -0.1977539 0.97998047
vn -0.007045746 -0.045898438 0.99902344
vn 1.424551E-05 -0.1817627 0.98339844
vn 0.05230713 -0.021957397 0.99853516
vn 0.16357422 -0.039489746 0.98583984
vn 0.08331299 -0.007003784 0.99658203
vn 0.08087158 -0.007598877 0.99658203
vn 0.0029640198 -0.1361084 0.99072266
vn -0.0025234222 -0.17944336 0.9838867
vn 0.0014352798 0.0014209747 1
vn 0.008460999 -0.018585205 1
vn 0.0012788773 0.0028152466 1
vn 0.0003619194 0.0110321045 1
vn -0.009849548 -0.000895977 1
vn -0.0035057068 0.016998291 1
vn 0.0021972656 0.011360168 1
vn -0.03616333 0.012413025 0.9995117
vn -0.02420044 0.11090088 0.99365234
vn -0.046203613 0.20727539 0.9770508
vn -0.053344727 0.23852539 0.96972656
vn -0.017425537 0.08123779 0.99658203
vn 0.006515503 -0.30615234 0.95214844
vn 0.01713562 -0.34106445 0.9399414
vn 0.019958496 -0.3503418 0.93652344
vn 0.0032730103 -0.29541016 0.9555664
vn -0.035308838 -0.20568848 0.97802734
vn 0.008666992 0.007686615 1
vn -0.0010147095 0.011123657 1
vn -0.052124023 0.15441895 0.9868164
vn -0.011131287 0.1418457 0.9897461
vn -0.27514648 0.0127334595 0.9614258
vn 0.019134521 0.0018920898 1
vn -0.3161621 0.012191772 0.94873047
vn -0.24108887 0.018051147 0.97021484
vn -0.23388672 0.01852417 0.97216797
vn 0.23742676 0.039031982 0.9707031
vn -0.035308838 -0.20568848 0.97802734
vn 0.24182129 0.046417236 0.9692383
vn 0.07598877 -0.018295288 0.9970703
vn 0.056518555 -0.022064209 0.9980469
vn 0.23095703 -0.5961914 -0.76904297
vn 0.18786621 -0.9819336 -0.0062675476
vn -0.9067383 -0.42163086 -0.0015048981
vn 0.63964844 -0.7685547 -0.021835327
vn 0.2529297 -0.96728516 -0.020507812
vn 0.37182617 -0.9165039 -0.14733887
vn 0.30517578 -0.9140625 -0.26708984
vn 0.94384766 0.01209259 -0.33032227
vn 0.32128906 -0.8901367 0.32250977
vn 0.3154297 -0.94873047 0.027450562
vn 0.29833984 -0.12756348 0.9458008
vn 0.9272461 -0.22363281 -0.3005371
vn 0.98876953 0.07659912 0.12976074
vn 0.94921875 0.31445312 -0.0231781
vn -0.22314453 -0.9736328 0.04876709
vn 0.19970703 -0.97998047 -0.007045746
vn 0.19189453 -0.9814453 -0.008514404
vn -0.19238281 -0.98046875 0.039276123
vn -0.5283203 -0.8491211 0.0018396378
vn -0.5292969 -0.8486328 -0.0013589859
vn -0.81591797 -0.57714844 0.04031372
vn -0.8129883 -0.5805664 0.04611206
vn -0.9736328 -0.21899414 0.06365967
vn -0.97265625 -0.22485352 0.060699463
vn -0.9868164 0.15478516 0.04446411
vn -0.020812988 -0.09802246 0.9951172
vn 0.04333496 -0.08929443 0.9951172
vn 0.0041275024 -0.07867432 0.9970703
vn -0.018081665 -0.1015625 0.9946289
vn -0.05697632 -0.0770874 0.99560547
vn -0.07861328 -0.06222534 0.9951172
vn -0.07739258 -0.0602417 0.9951172
vn -0.08929443 -0.029388428 0.99560547
vn -0.08306885 0.0034675598 0.99658203
vn -0.07763672 0.010612488 0.9970703
vn -0.064819336 0.038238525 0.9970703
vn -0.045715332 0.055603027 0.9975586
vn -0.052642822 0.054260254 0.9970703
vn -0.008766174 0.076171875 0.9970703
vn -0.008651733 0.07757568 0.9970703
vn 0.022109985 0.07745361 0.99658203
vn 0.032806396 0.07019043 0.9970703
vn 0.048797607 0.05117798 0.9975586
vn 0.0690918 0.036376953 0.9970703
vn 0.06842041 0.0552063 0.99609375
vn 0.089904785 0.0010080338 0.99609375
vn 0.09222412 -0.007381439 0.99560547
vn 0.075927734 -0.039367676 0.99609375
vn 0.08496094 -0.059906006 0.9946289
vn 0.10406494 -0.049957275 0.99316406
vn 0.07299805 -0.08630371 0.99365234
vn 0.04333496 -0.08929443 0.9951172
vn 0.0041275024 -0.07867432 0.9970703
vn -0.98095703 -0.19506836 0.008239746
vn -0.9428711 0.22790527 -0.24267578
vn -0.83251953 -0.5522461 0.04800415
vn -0.8310547 -0.5541992 0.04574585
vn -0.5366211 -0.84375 -0.0018968582
vn -0.55029297 -0.83496094 -0.0013580322
vn -0.107788086 -0.9892578 0.09765625
vn -0.19335938 -0.98095703 0.010597229
vn 0.03967285 0.018630981 0.99902344
vn 0.08557129 -0.20153809 0.97558594
vn 0.12561035 0.076171875 0.9892578
vn 0.006477356 0.04260254 0.99902344
vn 0.09069824 0.015235901 0.99560547
vn 0.09039307 0.031433105 0.99560547
vn -0.09222412 0.122802734 0.98828125
vn -0.027694702 0.04736328 0.99853516
vn -0.16625977 0.14074707 0.9760742
vn -0.1307373 0.060424805 0.9897461
vn -0.094177246 0.038635254 0.9946289
vn 0.045684814 -0.011734009 0.99902344
vn 0.06738281 0.03488159 0.9970703
vn 0.08581543 0.11920166 0.9892578
vn -0.04360962 0.056549072 0.9975586
vn -0.14440918 0.007221222 0.9892578
vn 0.08557129 -0.20153809 0.97558594
vn 0.03225708 -0.17773438 0.98339844
vn -0.066223145 0.017166138 0.9975586
vn -0.101379395 0.016403198 0.9946289
vn -0.14440918 0.007221222 0.9892578
vn -0.1138916 0.0007748604 0.99365234
vn 0.0006418228 -1 0
vn 0.0006608963 -1 0
vn 0.00069093704 -1 4.172325E-06
vn 3.516674E-06 -1 -1.0192394E-05
vn -0 -1 -1.0251999E-05
vn -0 -1 -1.9609928E-05
vn -0 -1 -1.9609928E-05
vn 0.00018131733 -1 -6.657839E-05
vn -0.0006904602 -1 -1.2218952E-05
vn 0.00027394295 -1 -7.2300434E-05
vn 9.846687E-05 -1 1.0311604E-05
vn -0.00012993813 -1 1.7166138E-05
vn -0.00014030933 -1 1.7464161E-05
vn -0.00080013275 -0.00061798096 -1
vn -0.0059280396 0.0004234314 -1
vn -0.0065574646 0.00056505203 -1
vn -0.0004222393 -0.0006303787 -1
vn -0.00018966198 -0.00022184849 -1
vn -0.00019609928 -0.00020980835 -1
vn 0.00011360645 8.457899E-05 -1
vn 4.220009E-05 0 -1
vn 0.000103890896 -7.402897E-05 -1
vn 6.812811E-05 -5.0485134E-05 -1
vn 2.2232533E-05 -3.4034252E-05 -1
vn -0 -2.7179718E-05 -1
vn -0 -7.3969364E-05 -1
vn -0 -7.379055E-05 -1
vn 0.0031318665 -0.0018358231 1
vn 0.0126571655 0.006450653 1
vn 0.02104187 0.005050659 1
vn -0.0079956055 0.0016384125 1
vn 0.0093307495 0.01033783 1
vn 0.006538391 0.0062561035 1
vn 0.003162384 0.003921509 1
vn 0.002840042 0.0027103424 1
vn 0.00013697147 -0.0043258667 1
vn -0.0016098022 -0.006034851 1
vn 0.0010070801 -0.0014247894 1
vn 0.028289795 -0.09118652 0.99560547
vn -0.022079468 0.0023345947 0.9995117
vn 0.0904541 -0.9946289 0.049316406
vn -0.48461914 -0.87353516 0.04119873
vn 0.18188477 -0.9716797 0.15124512
vn -0.5107422 -0.859375 0.033050537
vn 0.1149292 -0.98339844 0.13916016
vn 0.20666504 -0.89404297 0.39770508
vn 0.09942627 -0.51660156 0.85058594
vn 0.091674805 -0.12609863 0.98779297
vn 0.075927734 -0.087890625 0.99316406
vn 0.06518555 -0.036895752 0.9970703
vn 0.064331055 -0.03842163 0.9970703
vn 0.32128906 -0.8901367 0.32250977
vn 0.29833984 -0.12756348 0.9458008
vn 0.014732361 -0.0068473816 1
vn 0.06518555 -0.036895752 0.9970703
vn 0.008926392 -0.01689148 1
vn 0.0005493164 -0.010025024 1
vn -0.0015182495 -0.0059509277 1
vn 0.005493164 -0.010002136 1
vn 0.0017681122 -0.009254456 1
vn -0.001745224 -0.0087890625 1
vn 0.0013828278 -0.007701874 1
vn 0.003288269 -0.00793457 1
vn -0.00074768066 -0.010231018 1
vn -0.0015707016 -0.011390686 1
vn -0.005203247 -0.017944336 1
vn -0.009590149 -0.0340271 0.9995117
vn -0.9897461 0.11627197 -0.08477783
vn 0.034179688 -0.9995117 0.008361816
vn 0.0541687 -0.99853516 -0.004524231
vn 0.9902344 -0.0625 -0.12585449
vn -0.04663086 -0.9863281 0.15686035
vn 0.7402344 -0.13171387 0.65966797
vn 0.3647461 0.2836914 0.88671875
vn 0.10760498 0.42260742 0.89990234
vn -0.28100586 0.47143555 0.8359375
vn -0.9458008 0.20080566 0.25561523
vn -0.2993164 0.7524414 -0.5864258
vn -0.3359375 0.7348633 -0.58935547
vn 0.25024414 0.39501953 -0.88378906
vn -0.09265137 -0.9916992 -0.08898926
vn 0.7714844 -0.3161621 -0.5517578
vn 0.118774414 0.42089844 0.89941406
vn -0.3269043 0.74365234 0.5830078
vn -0.9946289 -0.007434845 0.10345459
vn 0.0058135986 0.43530273 0.9003906
vn 0.39697266 0.2565918 0.88134766
vn -0.18347168 -0.97753906 0.10357666
vn 0.78466797 -0.20239258 0.5859375
vn 0.984375 0.050354004 -0.16809082
vn 0.9863281 -0.04071045 0.16015625
vn 0.7480469 -0.66308594 0.017028809
vn 0.62597656 -0.77978516 -0.016525269
vn 0.25610352 -0.9663086 0.03414917
vn -0.08673096 -0.9897461 0.11383057
vn -0.3232422 0.20947266 0.92285156
vn -0.7089844 -0.328125 0.6245117
vn -0.08673096 -0.9897461 0.11383057
vn -0.3581543 0.048583984 0.9321289
vn -0.16760254 0.49316406 0.8535156
vn 0.9863281 -0.04071045 0.16015625
vn 0.33740234 0.7426758 0.578125
vn 0.045837402 -0.034332275 -0.99853516
vn -0.0001039505 0.0008573532 -1
vn 0.0070266724 -0.007843018 -1
vn -0.0056381226 0.004917145 -1
vn -0.0045547485 0.0027313232 -1
vn -0.0018157959 -0.003704071 -1
vn -0.0020961761 -0.0003669262 -1
vn -0.0025367737 -0.0062065125 -1
vn -0.0005955696 -0.0015144348 -1
vn 0.00084114075 0.0068130493 -1
vn -0.0021076202 0.0022201538 -1
vn -0.0041999817 -0.0025959015 -1
vn 0.00630188 0.0076904297 -1
vn -0.00084638596 0.0027446747 -1
vn 0.037506104 0.01663208 -0.99902344
vn -0.039520264 0.0055274963 -0.99902344
vn 0.052337646 0.99853516 -0.016708374
vn 0.011184692 1 0.00881958
vn 0.016708374 1 -0.0025539398
vn -0.0028591156 1 0.016311646
vn -0.008857727 0.9995117 0.03579712
vn -0.009490967 1 0.000344038
vn -0.002204895 -0.0006990433 1
vn 0.032440186 -0.023986816 0.99902344
vn -0.004131317 0.0007762909 1
vn -0.0069618225 0.004699707 1
vn -0.0033073425 -0.004562378 1
vn -0.003686905 0.0008020401 1
vn -0.0044784546 -7.8976154E-05 1
vn -0.0044059753 -0.0027942657 1
vn -0.004623413 -0.0029029846 1
vn -0.0017404556 -0.0008530617 1
vn 0.011169434 0.0118637085 1
vn -0.012008667 -0.0020637512 1
vn 0.0016813278 0.0016965866 1
vn 0.24133301 0.0385437 0.96972656
vn -0.099609375 -0.98535156 -0.13793945
vn 0.8100586 -0.5864258 0.010192871
vn 0.024215698 -0.9941406 -0.10449219
vn 0.012023926 -1 0.0058937073
vn -0.49780273 0.8671875 -0.0070877075
vn -0.2055664 0.9785156 -0.010269165
vn -0.5185547 0.85498047 -0.00022172928
vn -0.7988281 0.6015625 -0.004299164
vn -0.80908203 0.58740234 0.0008225441
vn -0.9785156 0.20666504 -0.003993988
vn 0.8564453 -0.515625 -0.032989502
vn 0.98535156 -0.056030273 -0.16015625
vn 0.66503906 -0.7470703 0.004585266
vn 0.047210693 -0.97314453 0.22607422
vn -0.6279297 -0.77783203 0.015731812
vn 0.31347656 -0.9111328 -0.26831055
vn -0.609375 -0.79248047 0.01878357
vn -0.98095703 -0.04257202 -0.18969727
vn 0.9941406 0.08679199 0.06652832
vn 0.03717041 0.046417236 0.9980469
vn 0.5102539 0.8598633 0.020614624
vn -0.105651855 -0.043029785 0.99365234
vn 0.027862549 0.94091797 0.33789062
vn 0.03173828 -0.04800415 0.99853516
vn 0.018432617 -0.027435303 0.9995117
vn 0.99853516 0.042663574 0.029586792
vn 0.99902344 0.0103302 0.042999268
vn 0.99853516 0.044036865 0.036315918
vn 1 0.0010662079 0.00970459
vn 0.9995117 0.01209259 0.028167725
vn 1 -0.008140564 -0.004459381
vn 0.9995117 0.0036354065 0.025787354
vn 1 0.012954712 -0.013977051
vn 0.9995117 0.007347107 0.037139893
vn 0.9995117 0.027282715 0.014633179
vn 0.99658203 0.057434082 -0.056549072
vn 0.99658203 0.06390381 -0.049804688
vn 0.99853516 0.011924744 -0.048950195
vn 1 0.012565613 -0.013908386
vn 1 -0.00705719 0.008346558
vn 1 -0.0057525635 0.018859863
vn 1 -0.003063202 0.019180298
vn 1 -0.0023651123 0.019302368
vn 1 0.008293152 0.013580322
vn 1 0.005958557 0.014411926
vn 1 0.011726379 0.00819397
vn 1 0.014442444 0.0064697266
vn 0.9995117 0.022033691 -0.016571045
vn 1 0.01878357 -0.010047913
vn 1 0.011878967 -0.017578125
vn 1 0.0044288635 -0.012008667
vn -1 -0.009025574 -0.0107803345
vn -1 -0.007724762 0.0021896362
vn -1 -0.013267517 -0.013061523
vn -1 -0.009475708 -0.012649536
vn -1 -0.011604309 0.00085783005
vn -1 0.0058898926 -0.010124207
vn -0.9995117 -0.03756714 -0.0016899109
vn -1 -0.0005598068 -0.004638672
vn -1 0.0077552795 0.014892578
vn -1 -0.0090789795 0.019439697
vn -0.9995117 -0.033416748 0.017303467
vn -0.99902344 -0.032562256 0.021530151
vn -0.9995117 -0.021392822 -0.012878418
vn -1 -0.006587982 0.0008573532
vn -1 0.0032444 0.015472412
vn -1 0.0048065186 0.0065727234
vn -1 -0.009086609 -0.009483337
vn -1 -0.011672974 -0.018447876
vn -0.9995117 0.012687683 -0.023757935
vn -1 -0.0006504059 -0.005432129
vn -0.9995117 -0.014640808 0.022644043
vn -0.9995117 -0.0070114136 0.02508545
vn -0.9995117 0.021087646 0.007858276
vn -1 0.0079956055 0.0062332153
vn -0.99902344 -0.038513184 -0.009864807
vn -0.99902344 -0.044311523 0.012313843
vn 1 -0.0052261353 0.008270264
vn 1 -0.005104065 0.008102417
vn 1 -0.002796173 0.004650116
vn 1 -0.005130768 0.008155823
vn 1 -0.004837036 0.008079529
vn 0.94189453 0.3088379 0.13061523
vn 1 -0.0048065186 0.008285522
vn 0.99902344 -0.039245605 -0.0118637085
vn 0.9897461 0.12225342 -0.07409668
vn 0.9975586 0.0289917 -0.060028076
vn 1 -0.00504303 0.008171082
vn 1 -0.005012512 0.008140564
vn 0.9970703 0.026855469 0.07336426
vn 1 -0.00466156 0.00819397
vn 1 -0.0046653748 0.008110046
vn 1 -0.0049209595 0.008148193
vn 1 -0.0049858093 0.008201599
vn 1 -0.004966736 0.008171082
g m249_LOD0_0
f 3/3/3 2/2/2 1/1/1
f 6/6/6 5/5/5 4/4/4
f 8/8/8 7/7/7 4/4/4
f 9/9/9 4/4/4 7/7/7
f 12/12/12 11/11/11 10/10/10
f 15/15/15 14/14/14 13/13/13
f 18/18/18 17/17/17 16/16/16
f 21/21/21 20/20/20 19/19/19
f 24/24/24 23/23/23 22/22/22
f 22/22/22 26/26/26 25/25/25
f 27/27/27 25/25/25 26/26/26
f 30/30/30 29/29/29 28/28/28
f 33/33/33 32/32/32 31/31/31
f 35/35/35 31/31/31 34/34/34
f 38/38/38 37/37/37 36/36/36
f 41/41/41 40/40/40 39/39/39
f 44/44/44 43/43/43 42/42/42
f 46/46/46 44/44/44 45/45/45
f 47/47/47 45/45/45 44/44/44
f 44/44/44 48/48/48 47/47/47
f 51/51/51 50/50/50 49/49/49
f 53/53/53 49/49/49 52/52/52
f 54/54/54 53/53/53 52/52/52
f 52/52/52 49/49/49 55/55/55
f 49/49/49 56/56/56 55/55/55
f 56/56/56 49/49/49 57/57/57
f 56/56/56 57/57/57 58/58/58
f 56/56/56 59/59/59 55/55/55
f 55/55/55 59/59/59 60/60/60
f 60/60/60 59/59/59 61/61/61
f 64/64/64 63/63/63 62/62/62
f 67/67/67 66/66/66 65/65/65
f 70/70/70 69/69/69 68/68/68
f 72/72/72 71/71/71 69/69/69
f 71/71/71 72/72/72 73/73/73
f 76/76/76 75/75/75 74/74/74
f 79/79/79 78/78/78 77/77/77
f 82/82/82 81/81/81 80/80/80
f 85/85/85 84/84/84 83/83/83
f 87/87/87 83/83/83 86/86/86
f 88/88/88 87/87/87 86/86/86
f 89/89/89 86/86/86 83/83/83
f 89/89/89 90/90/90 86/86/86
f 91/91/91 86/86/86 90/90/90
f 90/90/90 92/92/92 91/91/91
f 93/93/93 91/91/91 92/92/92
f 96/96/96 95/95/95 94/94/94
f 95/95/95 98/98/98 97/97/97
f 95/95/95 97/97/97 99/99/99
f 100/100/100 95/95/95 99/99/99
f 99/99/99 101/101/101 100/100/100
f 102/102/102 100/100/100 101/101/101
f 101/101/101 103/103/103 102/102/102
f 101/101/101 104/104/104 103/103/103
f 103/103/103 104/104/104 105/105/105
f 105/105/105 104/104/104 106/106/106
f 104/104/104 101/101/101 107/107/107
f 107/107/107 106/106/106 104/104/104
f 106/106/106 107/107/107 108/108/108
f 106/106/106 109/109/109 105/105/105
f 109/109/109 106/106/106 108/108/108
f 110/110/110 105/105/105 109/109/109
f 109/109/109 111/111/111 110/110/110
f 112/112/112 110/110/110 111/111/111
f 112/112/112 111/111/111 113/113/113
f 114/114/114 113/113/113 111/111/111
f 111/111/111 115/115/115 114/114/114
f 111/111/111 109/109/109 116/116/116
f 108/108/108 116/116/116 109/109/109
f 116/116/116 115/115/115 111/111/111
f 116/116/116 108/108/108 117/117/117
f 116/116/116 117/117/117 115/115/115
f 118/118/118 107/107/107 101/101/101
f 119/119/119 108/108/108 107/107/107
f 107/107/107 118/118/118 119/119/119
f 101/101/101 120/120/120 118/118/118
f 120/120/120 101/101/101 99/99/99
f 121/121/121 119/119/119 118/118/118
f 118/118/118 120/120/120 121/121/121
f 108/108/108 119/119/119 122/122/122
f 119/119/119 121/121/121 122/122/122
f 123/123/123 120/120/120 99/99/99
f 99/99/99 97/97/97 123/123/123
f 124/124/124 117/117/117 108/108/108
f 122/122/122 124/124/124 108/108/108
f 125/125/125 121/121/121 120/120/120
f 120/120/120 123/123/123 125/125/125
f 124/124/124 126/126/126 117/117/117
f 126/126/126 124/124/124 127/127/127
f 122/122/122 127/127/127 124/124/124
f 128/128/128 127/127/127 122/122/122
f 128/128/128 122/122/122 129/129/129
f 121/121/121 129/129/129 122/122/122
f 130/130/130 117/117/117 126/126/126
f 129/129/129 121/121/121 131/131/131
f 125/125/125 131/131/131 121/121/121
f 130/130/130 132/132/132 117/117/117
f 133/133/133 117/117/117 132/132/132
f 134/134/134 133/133/133 132/132/132
f 133/133/133 115/115/115 117/117/117
f 125/125/125 135/135/135 131/131/131
f 135/135/135 125/125/125 123/123/123
f 135/135/135 136/136/136 131/131/131
f 137/137/137 131/131/131 136/136/136
f 135/135/135 123/123/123 138/138/138
f 138/138/138 136/136/136 135/135/135
f 137/137/137 136/136/136 139/139/139
f 137/137/137 139/139/139 140/140/140
f 139/139/139 141/141/141 140/140/140
f 142/142/142 139/139/139 136/136/136
f 136/136/136 138/138/138 142/142/142
f 141/141/141 139/139/139 142/142/142
f 141/141/141 142/142/142 138/138/138
f 143/143/143 138/138/138 123/123/123
f 143/143/143 123/123/123 97/97/97
f 144/144/144 140/140/140 141/141/141
f 140/140/140 144/144/144 145/145/145
f 146/146/146 145/145/145 144/144/144
f 147/147/147 146/146/146 144/144/144
f 147/147/147 144/144/144 148/148/148
f 144/144/144 141/141/141 148/148/148
f 149/149/149 141/141/141 138/138/138
f 143/143/143 149/149/149 138/138/138
f 150/150/150 148/148/148 141/141/141
f 149/149/149 150/150/150 141/141/141
f 148/148/148 150/150/150 151/151/151
f 152/152/152 151/151/151 150/150/150
f 153/153/153 150/150/150 149/149/149
f 150/150/150 153/153/153 152/152/152
f 153/153/153 149/149/149 154/154/154
f 143/143/143 154/154/154 149/149/149
f 152/152/152 153/153/153 154/154/154
f 154/154/154 143/143/143 155/155/155
f 154/154/154 155/155/155 152/152/152
f 97/97/97 155/155/155 143/143/143
f 155/155/155 97/97/97 156/156/156
f 157/157/157 156/156/156 97/97/97
f 152/152/152 155/155/155 158/158/158
f 152/152/152 158/158/158 159/159/159
f 160/160/160 151/151/151 152/152/152
f 161/161/161 160/160/160 152/152/152
f 160/160/160 162/162/162 151/151/151
f 161/161/161 163/163/163 160/160/160
f 162/162/162 160/160/160 163/163/163
f 166/166/166 165/165/165 164/164/164
f 169/169/169 168/168/168 167/167/167
f 171/171/171 170/170/170 169/169/169
f 172/172/172 169/169/169 170/170/170
f 172/172/172 170/170/170 173/173/173
f 170/170/170 171/171/171 174/174/174
f 175/175/175 174/174/174 171/171/171
f 174/174/174 175/175/175 176/176/176
f 177/177/177 176/176/176 175/175/175
f 177/177/177 178/178/178 176/176/176
f 178/178/178 179/179/179 176/176/176
f 179/179/179 178/178/178 180/180/180
f 181/181/181 173/173/173 170/170/170
f 182/182/182 173/173/173 181/181/181
f 181/181/181 183/183/183 182/182/182
f 183/183/183 184/184/184 182/182/182
f 184/184/184 183/183/183 185/185/185
f 186/186/186 185/185/185 183/183/183
f 185/185/185 186/186/186 187/187/187
f 188/188/188 187/187/187 186/186/186
f 187/187/187 188/188/188 189/189/189
f 190/190/190 189/189/189 188/188/188
f 192/192/192 173/173/173 191/191/191
f 191/191/191 173/173/173 193/193/193
f 173/173/173 192/192/192 194/194/194
f 195/195/195 193/193/193 173/173/173
f 194/194/194 172/172/172 173/173/173
f 195/195/195 196/196/196 193/193/193
f 197/197/197 193/193/193 196/196/196
f 198/198/198 196/196/196 195/195/195
f 172/172/172 194/194/194 199/199/199
f 200/200/200 199/199/199 194/194/194
f 199/199/199 200/200/200 201/201/201
f 194/194/194 202/202/202 200/200/200
f 202/202/202 203/203/203 192/192/192
f 204/204/204 200/200/200 202/202/202
f 200/200/200 204/204/204 205/205/205
f 207/207/207 206/206/206 172/172/172
f 205/205/205 208/208/208 207/207/207
f 206/206/206 207/207/207 208/208/208
f 211/211/211 210/210/210 209/209/209
f 211/211/211 213/213/213 212/212/212
f 214/214/214 212/212/212 213/213/213
f 214/214/214 215/215/215 212/212/212
f 215/215/215 216/216/216 212/212/212
f 216/216/216 217/217/217 212/212/212
f 218/218/218 211/211/211 212/212/212
f 219/219/219 212/212/212 217/217/217
f 212/212/212 220/220/220 218/218/218
f 221/221/221 218/218/218 220/220/220
f 222/222/222 212/212/212 219/219/219
f 220/220/220 212/212/212 222/222/222
f 223/223/223 222/222/222 219/219/219
f 222/222/222 223/223/223 224/224/224
f 225/225/225 222/222/222 224/224/224
f 220/220/220 222/222/222 225/225/225
f 221/221/221 220/220/220 225/225/225
f 226/226/226 221/221/221 225/225/225
f 229/229/229 228/228/228 227/227/227
f 232/232/232 231/231/231 230/230/230
f 235/235/235 234/234/234 233/233/233
f 238/238/238 237/237/237 236/236/236
f 241/241/241 240/240/240 239/239/239
f 244/244/244 243/243/243 242/242/242
f 247/247/247 246/246/246 245/245/245
f 246/246/246 249/249/249 248/248/248
f 250/250/250 248/248/248 249/249/249
f 253/253/253 252/252/252 251/251/251
f 252/252/252 255/255/255 254/254/254
f 256/256/256 254/254/254 255/255/255
f 259/259/259 258/258/258 257/257/257
f 261/261/261 257/257/257 260/260/260
f 261/261/261 262/262/262 257/257/257
f 257/257/257 262/262/262 263/263/263
f 264/264/264 263/263/263 262/262/262
f 265/265/265 264/264/264 262/262/262
f 263/263/263 264/264/264 266/266/266
f 266/266/266 267/267/267 263/263/263
f 268/268/268 266/266/266 264/264/264
f 269/269/269 268/268/268 264/264/264
f 264/264/264 270/270/270 269/269/269
f 271/271/271 270/270/270 264/264/264
f 272/272/272 271/271/271 264/264/264
f 272/272/272 264/264/264 273/273/273
f 273/273/273 274/274/274 272/272/272
f 275/275/275 272/272/272 274/274/274
f 276/276/276 274/274/274 273/273/273
f 278/278/278 277/277/277 276/276/276
f 265/265/265 280/280/280 279/279/279
f 281/281/281 280/280/280 265/265/265
f 282/282/282 279/279/279 280/280/280
f 280/280/280 281/281/281 283/283/283
f 279/279/279 282/282/282 284/284/284
f 285/285/285 284/284/284 282/282/282
f 283/283/283 281/281/281 286/286/286
f 287/287/287 286/286/286 281/281/281
f 288/288/288 286/286/286 287/287/287
f 284/284/284 285/285/285 289/289/289
f 290/290/290 289/289/289 285/285/285
f 286/286/286 288/288/288 291/291/291
f 292/292/292 291/291/291 288/288/288
f 293/293/293 289/289/289 290/290/290
f 294/294/294 289/289/289 293/293/293
f 293/293/293 295/295/295 294/294/294
f 296/296/296 295/295/295 293/293/293
f 297/297/297 291/291/291 292/292/292
f 291/291/291 297/297/297 298/298/298
f 300/300/300 297/297/297 299/299/299
f 301/301/301 299/299/299 297/297/297
f 304/304/304 303/303/303 302/302/302
f 304/304/304 306/306/306 305/305/305
f 307/307/307 305/305/305 306/306/306
f 310/310/310 309/309/309 308/308/308
f 312/312/312 311/311/311 309/309/309
f 314/314/314 309/309/309 313/313/313
f 309/309/309 315/315/315 313/313/313
f 317/317/317 316/316/316 309/309/309
f 318/318/318 317/317/317 309/309/309
f 318/318/318 309/309/309 319/319/319
f 319/319/319 309/309/309 320/320/320
f 321/321/321 320/320/320 309/309/309
f 320/320/320 321/321/321 322/322/322
f 309/309/309 323/323/323 321/321/321
f 324/324/324 321/321/321 323/323/323
f 324/324/324 325/325/325 321/321/321
f 321/321/321 325/325/325 326/326/326
f 327/327/327 326/326/326 325/325/325
f 329/329/329 328/328/328 318/318/318
f 332/332/332 331/331/331 330/330/330
f 334/334/334 333/333/333 330/330/330
f 330/330/330 333/333/333 335/335/335
f 333/333/333 336/336/336 335/335/335
f 337/337/337 335/335/335 336/336/336
f 335/335/335 337/337/337 338/338/338
f 339/339/339 338/338/338 337/337/337
f 340/340/340 337/337/337 336/336/336
f 341/341/341 340/340/340 336/336/336
f 344/344/344 343/343/343 342/342/342
f 346/346/346 344/344/344 345/345/345
f 344/344/344 347/347/347 345/345/345
f 345/345/345 347/347/347 348/348/348
f 349/349/349 348/348/348 347/347/347
f 352/352/352 351/351/351 350/350/350
f 354/354/354 350/350/350 353/353/353
f 353/353/353 355/355/355 354/354/354
f 356/356/356 354/354/354 355/355/355
f 355/355/355 357/357/357 356/356/356
f 354/354/354 358/358/358 350/350/350
f 356/356/356 359/359/359 354/354/354
f 358/358/358 354/354/354 359/359/359
f 360/360/360 350/350/350 358/358/358
f 350/350/350 360/360/360 361/361/361
f 350/350/350 361/361/361 362/362/362
f 363/363/363 362/362/362 361/361/361
f 364/364/364 361/361/361 360/360/360
f 364/364/364 360/360/360 365/365/365
f 360/360/360 358/358/358 365/365/365
f 366/366/366 365/365/365 358/358/358
f 358/358/358 359/359/359 366/366/366
f 367/367/367 366/366/366 359/359/359
f 359/359/359 368/368/368 367/367/367
f 368/368/368 359/359/359 356/356/356
f 369/369/369 367/367/367 368/368/368
f 368/368/368 370/370/370 369/369/369
f 370/370/370 368/368/368 356/356/356
f 356/356/356 371/371/371 370/370/370
f 370/370/370 372/372/372 369/369/369
f 373/373/373 369/369/369 372/372/372
f 372/372/372 370/370/370 374/374/374
f 375/375/375 374/374/374 370/370/370
f 372/372/372 376/376/376 373/373/373
f 372/372/372 374/374/374 376/376/376
f 377/377/377 373/373/373 376/376/376
f 376/376/376 378/378/378 377/377/377
f 379/379/379 377/377/377 378/378/378
f 376/376/376 380/380/380 378/378/378
f 380/380/380 376/376/376 374/374/374
f 381/381/381 378/378/378 380/380/380
f 381/381/381 380/380/380 382/382/382
f 380/380/380 374/374/374 383/383/383
f 384/384/384 380/380/380 383/383/383
f 385/385/385 383/383/383 374/374/374
f 374/374/374 386/386/386 385/385/385
f 387/387/387 383/383/383 385/385/385
f 387/387/387 385/385/385 388/388/388
f 356/356/356 385/385/385 386/386/386
f 385/385/385 356/356/356 389/389/389
f 392/392/392 391/391/391 390/390/390
f 395/395/395 394/394/394 393/393/393
f 398/398/398 397/397/397 396/396/396
f 401/401/401 400/400/400 399/399/399
f 404/404/404 403/403/403 402/402/402
f 407/407/407 406/406/406 405/405/405
f 405/405/405 409/409/409 408/408/408
f 405/405/405 410/410/410 409/409/409
f 409/409/409 411/411/411 408/408/408
f 412/412/412 408/408/408 411/411/411
f 413/413/413 409/409/409 410/410/410
f 409/409/409 413/413/413 411/411/411
f 411/411/411 414/414/414 412/412/412
f 415/415/415 412/412/412 414/414/414
f 416/416/416 415/415/415 414/414/414
f 410/410/410 417/417/417 413/413/413
f 417/417/417 410/410/410 418/418/418
f 418/418/418 419/419/419 417/417/417
f 420/420/420 411/411/411 413/413/413
f 411/411/411 420/420/420 414/414/414
f 414/414/414 421/421/421 416/416/416
f 422/422/422 416/416/416 421/421/421
f 423/423/423 417/417/417 419/419/419
f 419/419/419 424/424/424 423/423/423
f 425/425/425 413/413/413 417/417/417
f 413/413/413 425/425/425 420/420/420
f 417/417/417 423/423/423 425/425/425
f 426/426/426 414/414/414 420/420/420
f 414/414/414 426/426/426 421/421/421
f 427/427/427 421/421/421 426/426/426
f 428/428/428 420/420/420 425/425/425
f 425/425/425 423/423/423 428/428/428
f 420/420/420 428/428/428 426/426/426
f 421/421/421 427/427/427 429/429/429
f 421/421/421 429/429/429 430/430/430
f 429/429/429 431/431/431 430/430/430
f 429/429/429 427/427/427 431/431/431
f 432/432/432 430/430/430 431/431/431
f 431/431/431 433/433/433 432/432/432
f 434/434/434 432/432/432 433/433/433
f 435/435/435 431/431/431 427/427/427
f 431/431/431 435/435/435 433/433/433
f 433/433/433 436/436/436 434/434/434
f 437/437/437 434/434/434 436/436/436
f 438/438/438 433/433/433 435/435/435
f 433/433/433 438/438/438 436/436/436
f 436/436/436 439/439/439 437/437/437
f 440/440/440 437/437/437 439/439/439
f 441/441/441 436/436/436 438/438/438
f 436/436/436 441/441/441 439/439/439
f 439/439/439 442/442/442 440/440/440
f 443/443/443 440/440/440 442/442/442
f 439/439/439 444/444/444 442/442/442
f 444/444/444 439/439/439 441/441/441
f 445/445/445 442/442/442 444/444/444
f 444/444/444 446/446/446 445/445/445
f 447/447/447 445/445/445 446/446/446
f 446/446/446 448/448/448 447/447/447
f 441/441/441 449/449/449 444/444/444
f 446/446/446 444/444/444 449/449/449
f 449/449/449 441/441/441 450/450/450
f 438/438/438 450/450/450 441/441/441
f 449/449/449 451/451/451 446/446/446
f 448/448/448 446/446/446 451/451/451
f 450/450/450 451/451/451 449/449/449
f 451/451/451 450/450/450 452/452/452
f 450/450/450 438/438/438 453/453/453
f 453/453/453 452/452/452 450/450/450
f 453/453/453 438/438/438 454/454/454
f 454/454/454 452/452/452 453/453/453
f 435/435/435 454/454/454 438/438/438
f 451/451/451 455/455/455 448/448/448
f 452/452/452 456/456/456 451/451/451
f 455/455/455 451/451/451 456/456/456
f 457/457/457 448/448/448 455/455/455
f 458/458/458 448/448/448 457/457/457
f 457/457/457 459/459/459 458/458/458
f 455/455/455 460/460/460 457/457/457
f 459/459/459 457/457/457 460/460/460
f 456/456/456 460/460/460 455/455/455
f 460/460/460 461/461/461 459/459/459
f 462/462/462 459/459/459 461/461/461
f 461/461/461 463/463/463 462/462/462
f 454/454/454 435/435/435 464/464/464
f 452/452/452 454/454/454 465/465/465
f 464/464/464 465/465/465 454/454/454
f 465/465/465 464/464/464 466/466/466
f 464/464/464 435/435/435 467/467/467
f 467/467/467 466/466/466 464/464/464
f 427/427/427 467/467/467 435/435/435
f 467/467/467 427/427/427 468/468/468
f 468/468/468 466/466/466 467/467/467
f 468/468/468 427/427/427 469/469/469
f 426/426/426 469/469/469 427/427/427
f 469/469/469 470/470/470 468/468/468
f 466/466/466 468/468/468 470/470/470
f 469/469/469 426/426/426 471/471/471
f 471/471/471 470/470/470 469/469/469
f 471/471/471 426/426/426 428/428/428
f 428/428/428 472/472/472 471/471/471
f 470/470/470 471/471/471 472/472/472
f 472/472/472 428/428/428 423/423/423
f 423/423/423 473/473/473 472/472/472
f 473/473/473 423/423/423 424/424/424
f 472/472/472 474/474/474 470/470/470
f 474/474/474 472/472/472 473/473/473
f 424/424/424 475/475/475 473/473/473
f 473/473/473 475/475/475 474/474/474
f 475/475/475 424/424/424 476/476/476
f 476/476/476 477/477/477 475/475/475
f 478/478/478 470/470/470 474/474/474
f 470/470/470 478/478/478 466/466/466
f 479/479/479 474/474/474 475/475/475
f 474/474/474 479/479/479 478/478/478
f 480/480/480 475/475/475 477/477/477
f 475/475/475 480/480/480 479/479/479
f 477/477/477 481/481/481 480/480/480
f 481/481/481 477/477/477 482/482/482
f 482/482/482 483/483/483 481/481/481
f 484/484/484 481/481/481 483/483/483
f 483/483/483 485/485/485 484/484/484
f 486/486/486 484/484/484 485/485/485
f 484/484/484 486/486/486 487/487/487
f 481/481/481 484/484/484 488/488/488
f 488/488/488 480/480/480 481/481/481
f 487/487/487 488/488/488 484/484/484
f 489/489/489 479/479/479 480/480/480
f 480/480/480 488/488/488 489/489/489
f 490/490/490 478/478/478 479/479/479
f 479/479/479 489/489/489 490/490/490
f 478/478/478 490/490/490 491/491/491
f 491/491/491 466/466/466 478/478/478
f 492/492/492 466/466/466 491/491/491
f 491/491/491 490/490/490 492/492/492
f 466/466/466 492/492/492 465/465/465
f 493/493/493 465/465/465 492/492/492
f 465/465/465 493/493/493 452/452/452
f 494/494/494 492/492/492 490/490/490
f 492/492/492 494/494/494 493/493/493
f 495/495/495 490/490/490 489/489/489
f 490/490/490 495/495/495 494/494/494
f 496/496/496 489/489/489 488/488/488
f 489/489/489 496/496/496 495/495/495
f 497/497/497 488/488/488 487/487/487
f 488/488/488 497/497/497 496/496/496
f 498/498/498 452/452/452 493/493/493
f 456/456/456 452/452/452 498/498/498
f 499/499/499 493/493/493 494/494/494
f 493/493/493 499/499/499 498/498/498
f 494/494/494 495/495/495 499/499/499
f 498/498/498 500/500/500 456/456/456
f 500/500/500 498/498/498 499/499/499
f 460/460/460 456/456/456 500/500/500
f 487/487/487 501/501/501 497/497/497
f 501/501/501 487/487/487 502/502/502
f 503/503/503 497/497/497 501/501/501
f 504/504/504 496/496/496 497/497/497
f 503/503/503 505/505/505 504/504/504
f 497/497/497 506/506/506 504/504/504
f 507/507/507 499/499/499 495/495/495
f 499/499/499 507/507/507 500/500/500
f 500/500/500 508/508/508 460/460/460
f 508/508/508 500/500/500 507/507/507
f 461/461/461 460/460/460 508/508/508
f 509/509/509 495/495/495 496/496/496
f 496/496/496 504/504/504 509/509/509
f 495/495/495 509/509/509 507/507/507
f 508/508/508 510/510/510 461/461/461
f 463/463/463 461/461/461 510/510/510
f 509/509/509 504/504/504 511/511/511
f 511/511/511 507/507/507 509/509/509
f 507/507/507 512/512/512 508/508/508
f 512/512/512 507/507/507 511/511/511
f 510/510/510 508/508/508 512/512/512
f 513/513/513 511/511/511 504/504/504
f 511/511/511 513/513/513 512/512/512
f 513/513/513 504/504/504 514/514/514
f 515/515/515 512/512/512 513/513/513
f 513/513/513 514/514/514 515/515/515
f 512/512/512 515/515/515 510/510/510
f 516/516/516 515/515/515 514/514/514
f 510/510/510 517/517/517 463/463/463
f 517/517/517 510/510/510 515/515/515
f 515/515/515 516/516/516 517/517/517
f 518/518/518 463/463/463 517/517/517
f 519/519/519 517/517/517 516/516/516
f 517/517/517 519/519/519 518/518/518
f 520/520/520 518/518/518 519/519/519
f 523/523/523 522/522/522 521/521/521
f 526/526/526 525/525/525 524/524/524
f 529/529/529 528/528/528 527/527/527
f 532/532/532 531/531/531 530/530/530
f 534/534/534 532/532/532 533/533/533
f 535/535/535 533/533/533 532/532/532
f 533/533/533 535/535/535 536/536/536
f 539/539/539 538/538/538 537/537/537
f 542/542/542 541/541/541 540/540/540
f 545/545/545 544/544/544 543/543/543
f 547/547/547 545/545/545 546/546/546
f 545/545/545 547/547/547 548/548/548
f 549/549/549 548/548/548 547/547/547
f 550/550/550 548/548/548 549/549/549
f 545/545/545 548/548/548 551/551/551
f 552/552/552 551/551/551 548/548/548
f 553/553/553 545/545/545 551/551/551
f 555/555/555 554/554/554 551/551/551
f 553/553/553 555/555/555 556/556/556
f 559/559/559 558/558/558 557/557/557
f 558/558/558 561/561/561 560/560/560
f 564/564/564 563/563/563 562/562/562
f 567/567/567 566/566/566 565/565/565
f 570/570/570 569/569/569 568/568/568
f 572/572/572 569/569/569 571/571/571
f 572/572/572 573/573/573 569/569/569
f 574/574/574 573/573/573 572/572/572
f 573/573/573 574/574/574 575/575/575
f 576/576/576 575/575/575 574/574/574
f 575/575/575 576/576/576 577/577/577
f 578/578/578 577/577/577 576/576/576
f 579/579/579 577/577/577 578/578/578
f 577/577/577 579/579/579 580/580/580
f 581/581/581 580/580/580 579/579/579
f 580/580/580 581/581/581 582/582/582
f 583/583/583 582/582/582 581/581/581
f 586/586/586 585/585/585 584/584/584
f 588/588/588 587/587/587 584/584/584
f 584/584/584 589/589/589 588/588/588
f 591/591/591 584/584/584 590/590/590
f 592/592/592 591/591/591 590/590/590
f 590/590/590 593/593/593 592/592/592
f 595/595/595 594/594/594 593/593/593
f 593/593/593 596/596/596 595/595/595
f 597/597/597 595/595/595 596/596/596
f 596/596/596 598/598/598 597/597/597
f 599/599/599 597/597/597 598/598/598
f 598/598/598 600/600/600 599/599/599
f 600/600/600 598/598/598 596/596/596
f 596/596/596 588/588/588 600/600/600
f 601/601/601 599/599/599 600/600/600
f 600/600/600 588/588/588 602/602/602
f 603/603/603 602/602/602 588/588/588
f 588/588/588 596/596/596 604/604/604
f 588/588/588 604/604/604 605/605/605
f 606/606/606 605/605/605 604/604/604
f 609/609/609 608/608/608 607/607/607
f 612/612/612 611/611/611 610/610/610
f 614/614/614 613/613/613 610/610/610
f 617/617/617 616/616/616 615/615/615
f 620/620/620 619/619/619 618/618/618
f 623/623/623 622/622/622 621/621/621
f 626/626/626 625/625/625 624/624/624
f 629/629/629 628/628/628 627/627/627
f 631/631/631 630/630/630 628/628/628
f 632/632/632 628/628/628 630/630/630
f 628/628/628 632/632/632 633/633/633
f 634/634/634 628/628/628 633/633/633
f 634/634/634 633/633/633 635/635/635
f 634/634/634 635/635/635 636/636/636
f 637/637/637 635/635/635 633/633/633
f 638/638/638 635/635/635 637/637/637
f 637/637/637 639/639/639 638/638/638
f 635/635/635 638/638/638 640/640/640
f 635/635/635 640/640/640 641/641/641
f 642/642/642 641/641/641 640/640/640
f 643/643/643 641/641/641 642/642/642
f 638/638/638 639/639/639 644/644/644
f 644/644/644 640/640/640 638/638/638
f 644/644/644 639/639/639 645/645/645
f 646/646/646 640/640/640 644/644/644
f 644/644/644 648/648/648 647/647/647
f 649/649/649 647/647/647 648/648/648
f 652/652/652 651/651/651 650/650/650
f 655/655/655 654/654/654 653/653/653
f 658/658/658 657/657/657 656/656/656
f 661/661/661 660/660/660 659/659/659
f 664/664/664 663/663/663 662/662/662
f 667/667/667 666/666/666 665/665/665
f 669/669/669 665/665/665 668/668/668
f 670/670/670 668/668/668 665/665/665
f 665/665/665 671/671/671 670/670/670
f 671/671/671 665/665/665 672/672/672
f 673/673/673 671/671/671 672/672/672
f 671/671/671 673/673/673 674/674/674
f 672/672/672 675/675/675 673/673/673
f 676/676/676 673/673/673 675/675/675
f 677/677/677 670/670/670 671/671/671
f 671/671/671 674/674/674 677/677/677
f 670/670/670 678/678/678 668/668/668
f 678/678/678 670/670/670 677/677/677
f 679/679/679 668/668/668 678/678/678
f 668/668/668 679/679/679 680/680/680
f 678/678/678 681/681/681 679/679/679
f 682/682/682 678/678/678 677/677/677
f 673/673/673 676/676/676 683/683/683
f 676/676/676 684/684/684 683/683/683
f 685/685/685 683/683/683 684/684/684
f 684/684/684 686/686/686 685/685/685
f 677/677/677 687/687/687 682/682/682
f 688/688/688 682/682/682 687/687/687
f 673/673/673 683/683/683 689/689/689
f 689/689/689 674/674/674 673/673/673
f 690/690/690 687/687/687 677/677/677
f 690/690/690 677/677/677 674/674/674
f 687/687/687 691/691/691 688/688/688
f 687/687/687 690/690/690 691/691/691
f 691/691/691 692/692/692 688/688/688
f 692/692/692 691/691/691 690/690/690
f 688/688/688 692/692/692 693/693/693
f 694/694/694 689/689/689 683/683/683
f 685/685/685 694/694/694 683/683/683
f 694/694/694 695/695/695 689/689/689
f 695/695/695 674/674/674 689/689/689
f 674/674/674 695/695/695 696/696/696
f 674/674/674 696/696/696 697/697/697
f 674/674/674 697/697/697 690/690/690
f 698/698/698 690/690/690 697/697/697
f 690/690/690 698/698/698 692/692/692
f 697/697/697 696/696/696 698/698/698
f 696/696/696 692/692/692 698/698/698
f 699/699/699 693/693/693 692/692/692
f 692/692/692 696/696/696 699/699/699
f 700/700/700 693/693/693 699/699/699
f 699/699/699 701/701/701 700/700/700
f 699/699/699 702/702/702 701/701/701
f 702/702/702 699/699/699 696/696/696
f 702/702/702 696/696/696 703/703/703
f 704/704/704 701/701/701 702/702/702
f 704/704/704 702/702/702 703/703/703
f 705/705/705 704/704/704 703/703/703
f 706/706/706 696/696/696 695/695/695
f 696/696/696 706/706/706 703/703/703
f 695/695/695 707/707/707 706/706/706
f 707/707/707 695/695/695 694/694/694
f 694/694/694 685/685/685 707/707/707
f 685/685/685 706/706/706 707/707/707
f 706/706/706 685/685/685 703/703/703
f 708/708/708 703/703/703 685/685/685
f 709/709/709 708/708/708 685/685/685
f 703/703/703 711/711/711 710/710/710
f 703/703/703 712/712/712 711/711/711
f 713/713/713 711/711/711 712/712/712
f 714/714/714 713/713/713 712/712/712
f 717/717/717 716/716/716 715/715/715
f 719/719/719 718/718/718 716/716/716
f 722/722/722 721/721/721 720/720/720
f 724/724/724 723/723/723 722/722/722
f 725/725/725 723/723/723 724/724/724
f 723/723/723 725/725/725 726/726/726
f 729/729/729 728/728/728 727/727/727
f 732/732/732 731/731/731 730/730/730
f 735/735/735 734/734/734 733/733/733
f 738/738/738 737/737/737 736/736/736
f 741/741/741 740/740/740 739/739/739
f 744/744/744 743/743/743 742/742/742
f 747/747/747 746/746/746 745/745/745
f 750/750/750 749/749/749 748/748/748
f 752/752/752 749/749/749 751/751/751
f 751/751/751 753/753/753 752/752/752
f 754/754/754 749/749/749 752/752/752
f 755/755/755 752/752/752 753/753/753
f 756/756/756 752/752/752 755/755/755
f 757/757/757 752/752/752 756/756/756
f 758/758/758 752/752/752 757/757/757
f 752/752/752 758/758/758 759/759/759
f 749/749/749 760/760/760 751/751/751
f 761/761/761 751/751/751 760/760/760
f 760/760/760 762/762/762 761/761/761
f 762/762/762 760/760/760 749/749/749
f 749/749/749 763/763/763 762/762/762
f 749/749/749 764/764/764 763/763/763
f 765/765/765 763/763/763 764/764/764
f 766/766/766 762/762/762 763/763/763
f 767/767/767 761/761/761 762/762/762
f 767/767/767 762/762/762 766/766/766
f 763/763/763 768/768/768 766/766/766
f 763/763/763 765/765/765 768/768/768
f 766/766/766 769/769/769 767/767/767
f 768/768/768 769/769/769 766/766/766
f 770/770/770 768/768/768 765/765/765
f 769/769/769 768/768/768 771/771/771
f 771/771/771 768/768/768 770/770/770
f 765/765/765 772/772/772 770/770/770
f 773/773/773 772/772/772 765/765/765
f 774/774/774 770/770/770 772/772/772
f 770/770/770 774/774/774 771/771/771
f 775/775/775 771/771/771 774/774/774
f 771/771/771 775/775/775 769/769/769
f 776/776/776 769/769/769 775/775/775
f 777/777/777 769/769/769 776/776/776
f 777/777/777 767/767/767 769/769/769
f 767/767/767 777/777/777 778/778/778
f 779/779/779 777/777/777 776/776/776
f 777/777/777 779/779/779 778/778/778
f 780/780/780 778/778/778 779/779/779
f 778/778/778 780/780/780 781/781/781
f 782/782/782 778/778/778 781/781/781
f 778/778/778 783/783/783 767/767/767
f 761/761/761 767/767/767 783/783/783
f 782/782/782 784/784/784 778/778/778
f 783/783/783 778/778/778 784/784/784
f 783/783/783 784/784/784 761/761/761
f 784/784/784 785/785/785 761/761/761
f 786/786/786 761/761/761 785/785/785
f 787/787/787 761/761/761 786/786/786
f 787/787/787 751/751/751 761/761/761
f 785/785/785 788/788/788 786/786/786
f 788/788/788 785/785/785 789/789/789
f 789/789/789 790/790/790 788/788/788
f 791/791/791 786/786/786 788/788/788
f 786/786/786 792/792/792 787/787/787
f 792/792/792 786/786/786 791/791/791
f 791/791/791 793/793/793 792/792/792
f 794/794/794 787/787/787 792/792/792
f 787/787/787 794/794/794 751/751/751
f 794/794/794 792/792/792 793/793/793
f 795/795/795 793/793/793 791/791/791
f 796/796/796 795/795/795 791/791/791
f 796/796/796 791/791/791 797/797/797
f 793/793/793 795/795/795 798/798/798
f 793/793/793 798/798/798 799/799/799
f 798/798/798 800/800/800 799/799/799
f 800/800/800 801/801/801 799/799/799
f 802/802/802 801/801/801 800/800/800
f 803/803/803 801/801/801 802/802/802
f 804/804/804 751/751/751 794/794/794
f 804/804/804 805/805/805 751/751/751
f 794/794/794 805/805/805 804/804/804
f 753/753/753 751/751/751 805/805/805
f 805/805/805 794/794/794 806/806/806
f 793/793/793 806/806/806 794/794/794
f 753/753/753 805/805/805 806/806/806
f 806/806/806 807/807/807 753/753/753
f 808/808/808 753/753/753 807/807/807
f 806/806/806 793/793/793 809/809/809
f 799/799/799 809/809/809 793/793/793
f 807/807/807 810/810/810 808/808/808
f 810/810/810 811/811/811 808/808/808
f 811/811/811 810/810/810 812/812/812
f 812/812/812 810/810/810 807/807/807
f 812/812/812 813/813/813 811/811/811
f 814/814/814 811/811/811 813/813/813
f 809/809/809 815/815/815 806/806/806
f 807/807/807 806/806/806 815/815/815
f 812/812/812 807/807/807 816/816/816
f 816/816/816 813/813/813 812/812/812
f 817/817/817 816/816/816 807/807/807
f 815/815/815 817/817/817 807/807/807
f 816/816/816 818/818/818 813/813/813
f 819/819/819 817/817/817 815/815/815
f 813/813/813 820/820/820 814/814/814
f 821/821/821 814/814/814 820/820/820
f 821/821/821 820/820/820 822/822/822
f 823/823/823 813/813/813 818/818/818
f 820/820/820 813/813/813 823/823/823
f 818/818/818 824/824/824 823/823/823
f 823/823/823 824/824/824 820/820/820
f 822/822/822 820/820/820 825/825/825
f 825/825/825 820/820/820 824/824/824
f 826/826/826 819/819/819 815/815/815
f 815/815/815 809/809/809 826/826/826
f 809/809/809 827/827/827 826/826/826
f 799/799/799 827/827/827 809/809/809
f 826/826/826 828/828/828 819/819/819
f 828/828/828 826/826/826 827/827/827
f 829/829/829 819/819/819 828/828/828
f 819/819/819 829/829/829 830/830/830
f 830/830/830 829/829/829 831/831/831
f 827/827/827 799/799/799 832/832/832
f 801/801/801 832/832/832 799/799/799
f 827/827/827 833/833/833 828/828/828
f 828/828/828 833/833/833 829/829/829
f 829/829/829 834/834/834 831/831/831
f 831/831/831 834/834/834 835/835/835
f 835/835/835 834/834/834 836/836/836
f 836/836/836 834/834/834 837/837/837
f 838/838/838 837/837/837 834/834/834
f 837/837/837 838/838/838 839/839/839
f 834/834/834 829/829/829 840/840/840
f 840/840/840 838/838/838 834/834/834
f 841/841/841 839/839/839 838/838/838
f 841/841/841 838/838/838 840/840/840
f 839/839/839 841/841/841 842/842/842
f 842/842/842 841/841/841 843/843/843
f 840/840/840 843/843/843 841/841/841
f 843/843/843 844/844/844 842/842/842
f 845/845/845 844/844/844 843/843/843
f 845/845/845 843/843/843 846/846/846
f 846/846/846 843/843/843 847/847/847
f 848/848/848 840/840/840 829/829/829
f 848/848/848 843/843/843 840/840/840
f 829/829/829 833/833/833 848/848/848
f 843/843/843 848/848/848 849/849/849
f 849/849/849 847/847/847 843/843/843
f 848/848/848 833/833/833 850/850/850
f 849/849/849 848/848/848 850/850/850
f 851/851/851 847/847/847 849/849/849
f 851/851/851 849/849/849 850/850/850
f 852/852/852 850/850/850 833/833/833
f 833/833/833 827/827/827 852/852/852
f 852/852/852 827/827/827 832/832/832
f 851/851/851 853/853/853 847/847/847
f 854/854/854 847/847/847 853/853/853
f 850/850/850 855/855/855 851/851/851
f 851/851/851 855/855/855 853/853/853
f 850/850/850 852/852/852 855/855/855
f 856/856/856 853/853/853 855/855/855
f 857/857/857 855/855/855 852/852/852
f 855/855/855 857/857/857 856/856/856
f 858/858/858 857/857/857 852/852/852
f 857/857/857 858/858/858 856/856/856
f 852/852/852 832/832/832 858/858/858
f 859/859/859 856/856/856 858/858/858
f 860/860/860 858/858/858 832/832/832
f 858/858/858 860/860/860 859/859/859
f 832/832/832 801/801/801 860/860/860
f 801/801/801 861/861/861 860/860/860
f 860/860/860 862/862/862 859/859/859
f 862/862/862 863/863/863 859/859/859
f 864/864/864 859/859/859 863/863/863
f 862/862/862 865/865/865 863/863/863
f 862/862/862 866/866/866 865/865/865
f 865/865/865 866/866/866 867/867/867
f 859/859/859 869/869/869 868/868/868
f 870/870/870 868/868/868 869/869/869
f 870/870/870 853/853/853 868/868/868
f 873/873/873 872/872/872 871/871/871
f 872/872/872 875/875/875 874/874/874
f 876/876/876 874/874/874 875/875/875
f 875/875/875 872/872/872 877/877/877
f 877/877/877 878/878/878 875/875/875
f 872/872/872 878/878/878 877/877/877
f 874/874/874 879/879/879 872/872/872
f 880/880/880 872/872/872 879/879/879
f 880/880/880 881/881/881 872/872/872
f 878/878/878 881/881/881 882/882/882
f 881/881/881 880/880/880 883/883/883
f 881/881/881 883/883/883 882/882/882
f 875/875/875 878/878/878 884/884/884
f 882/882/882 885/885/885 878/878/878
f 885/885/885 884/884/884 878/878/878
f 882/882/882 886/886/886 885/885/885
f 884/884/884 885/885/885 886/886/886
f 887/887/887 884/884/884 886/886/886
f 888/888/888 886/886/886 882/882/882
f 882/882/882 889/889/889 888/888/888
f 889/889/889 882/882/882 883/883/883
f 890/890/890 888/888/888 889/889/889
f 889/889/889 891/891/891 890/890/890
f 886/886/886 890/890/890 892/892/892
f 891/891/891 893/893/893 890/890/890
f 893/893/893 891/891/891 894/894/894
f 895/895/895 894/894/894 891/891/891
f 884/884/884 896/896/896 875/875/875
f 883/883/883 897/897/897 889/889/889
f 889/889/889 897/897/897 891/891/891
f 898/898/898 875/875/875 896/896/896
f 875/875/875 898/898/898 876/876/876
f 896/896/896 899/899/899 898/898/898
f 876/876/876 898/898/898 899/899/899
f 896/896/896 900/900/900 899/899/899
f 883/883/883 901/901/901 897/897/897
f 901/901/901 883/883/883 880/880/880
f 902/902/902 891/891/891 897/897/897
f 902/902/902 897/897/897 901/901/901
f 895/895/895 891/891/891 903/903/903
f 902/902/902 903/903/903 891/891/891
f 901/901/901 880/880/880 904/904/904
f 879/879/879 904/904/904 880/880/880
f 901/901/901 905/905/905 902/902/902
f 903/903/903 902/902/902 905/905/905
f 901/901/901 904/904/904 905/905/905
f 895/895/895 903/903/903 906/906/906
f 907/907/907 895/895/895 906/906/906
f 903/903/903 905/905/905 908/908/908
f 903/903/903 908/908/908 906/906/906
f 906/906/906 909/909/909 907/907/907
f 909/909/909 906/906/906 908/908/908
f 910/910/910 907/907/907 909/909/909
f 905/905/905 904/904/904 911/911/911
f 911/911/911 908/908/908 905/905/905
f 912/912/912 904/904/904 879/879/879
f 904/904/904 912/912/912 911/911/911
f 908/908/908 913/913/913 909/909/909
f 908/908/908 911/911/911 913/913/913
f 909/909/909 914/914/914 910/910/910
f 914/914/914 909/909/909 913/913/913
f 915/915/915 910/910/910 914/914/914
f 912/912/912 879/879/879 916/916/916
f 874/874/874 916/916/916 879/879/879
f 917/917/917 911/911/911 912/912/912
f 917/917/917 913/913/913 911/911/911
f 916/916/916 917/917/917 912/912/912
f 913/913/913 918/918/918 914/914/914
f 913/913/913 917/917/917 918/918/918
f 916/916/916 919/919/919 917/917/917
f 918/918/918 917/917/917 919/919/919
f 920/920/920 914/914/914 918/918/918
f 918/918/918 919/919/919 920/920/920
f 914/914/914 920/920/920 921/921/921
f 922/922/922 920/920/920 919/919/919
f 923/923/923 921/921/921 922/922/922
f 924/924/924 919/919/919 916/916/916
f 916/916/916 874/874/874 924/924/924
f 919/919/919 925/925/925 922/922/922
f 919/919/919 924/924/924 925/925/925
f 922/922/922 926/926/926 923/923/923
f 926/926/926 922/922/922 925/925/925
f 927/927/927 923/923/923 926/926/926
f 926/926/926 928/928/928 927/927/927
f 925/925/925 929/929/929 926/926/926
f 925/925/925 924/924/924 929/929/929
f 928/928/928 926/926/926 929/929/929
f 929/929/929 924/924/924 930/930/930
f 930/930/930 924/924/924 874/874/874
f 929/929/929 931/931/931 928/928/928
f 930/930/930 931/931/931 929/929/929
f 932/932/932 928/928/928 931/931/931
f 931/931/931 933/933/933 932/932/932
f 931/931/931 930/930/930 933/933/933
f 934/934/934 932/932/932 933/933/933
f 933/933/933 935/935/935 934/934/934
f 932/932/932 934/934/934 936/936/936
f 937/937/937 933/933/933 930/930/930
f 938/938/938 936/936/936 934/934/934
f 930/930/930 874/874/874 939/939/939
f 939/939/939 937/937/937 930/930/930
f 937/937/937 940/940/940 934/934/934
f 937/937/937 939/939/939 940/940/940
f 934/934/934 941/941/941 938/938/938
f 941/941/941 934/934/934 940/940/940
f 942/942/942 938/938/938 941/941/941
f 941/941/941 943/943/943 942/942/942
f 944/944/944 939/939/939 874/874/874
f 874/874/874 876/876/876 944/944/944
f 940/940/940 945/945/945 941/941/941
f 943/943/943 941/941/941 945/945/945
f 946/946/946 940/940/940 939/939/939
f 946/946/946 939/939/939 944/944/944
f 946/946/946 945/945/945 940/940/940
f 947/947/947 944/944/944 876/876/876
f 944/944/944 947/947/947 946/946/946
f 945/945/945 946/946/946 947/947/947
f 945/945/945 947/947/947 943/943/943
f 947/947/947 876/876/876 899/899/899
f 899/899/899 943/943/943 947/947/947
f 943/943/943 899/899/899 948/948/948
f 949/949/949 948/948/948 899/899/899
f 948/948/948 950/950/950 943/943/943
f 953/953/953 952/952/952 951/951/951
f 955/955/955 954/954/954 951/951/951
f 957/957/957 765/765/765 956/956/956
f 960/960/960 959/959/959 958/958/958
f 962/962/962 961/961/961 915/915/915
f 964/964/964 963/963/963 884/884/884
f 966/966/966 822/822/822 965/965/965
f 967/967/967 825/825/825 965/965/965
f 968/968/968 965/965/965 825/825/825
f 825/825/825 969/969/969 968/968/968
f 970/970/970 965/965/965 968/968/968
f 968/968/968 971/971/971 970/970/970
f 971/971/971 968/968/968 824/824/824
f 971/971/971 824/824/824 972/972/972
f 973/973/973 971/971/971 972/972/972
f 971/971/971 974/974/974 970/970/970
f 971/971/971 975/975/975 974/974/974
f 974/974/974 976/976/976 970/970/970
f 974/974/974 977/977/977 976/976/976
f 970/970/970 978/978/978 965/965/965
f 978/978/978 970/970/970 976/976/976
f 979/979/979 976/976/976 977/977/977
f 976/976/976 979/979/979 978/978/978
f 980/980/980 965/965/965 978/978/978
f 978/978/978 979/979/979 980/980/980
f 981/981/981 965/965/965 980/980/980
f 982/982/982 980/980/980 979/979/979
f 983/983/983 979/979/979 977/977/977
f 979/979/979 983/983/983 982/982/982
f 977/977/977 984/984/984 983/983/983
f 985/985/985 982/982/982 983/983/983
f 986/986/986 983/983/983 984/984/984
f 984/984/984 987/987/987 986/986/986
f 983/983/983 988/988/988 985/985/985
f 988/988/988 983/983/983 986/986/986
f 988/988/988 986/986/986 987/987/987
f 989/989/989 985/985/985 988/988/988
f 988/988/988 987/987/987 990/990/990
f 989/989/989 988/988/988 991/991/991
f 990/990/990 991/991/991 988/988/988
f 989/989/989 991/991/991 992/992/992
f 993/993/993 992/992/992 991/991/991
f 991/991/991 990/990/990 994/994/994
f 991/991/991 995/995/995 993/993/993
f 994/994/994 995/995/995 991/991/991
f 996/996/996 993/993/993 995/995/995
f 998/998/998 994/994/994 997/997/997
f 999/999/999 998/998/998 996/996/996
f 994/994/994 998/998/998 999/999/999
f 1002/1002/1002 1001/1001/1001 1000/1000/1000
f 1000/1000/1000 1001/1001/1001 1003/1003/1003
f 1004/1004/1004 1000/1000/1000 1003/1003/1003
f 1003/1003/1003 1005/1005/1005 1004/1004/1004
f 1005/1005/1005 1006/1006/1006 1004/1004/1004
f 1001/1001/1001 1007/1007/1007 1003/1003/1003
f 1001/1001/1001 1008/1008/1008 1007/1007/1007
f 1001/1001/1001 1009/1009/1009 1008/1008/1008
f 1003/1003/1003 1007/1007/1007 1010/1010/1010
f 1007/1007/1007 1008/1008/1008 1010/1010/1010
f 1011/1011/1011 1003/1003/1003 1010/1010/1010
f 1008/1008/1008 1012/1012/1012 1010/1010/1010
f 1012/1012/1012 1011/1011/1011 1010/1010/1010
f 1008/1008/1008 1013/1013/1013 1012/1012/1012
f 1013/1013/1013 1008/1008/1008 1009/1009/1009
f 1012/1012/1012 1013/1013/1013 1011/1011/1011
f 1009/1009/1009 1014/1014/1014 1013/1013/1013
f 1009/1009/1009 1015/1015/1015 1014/1014/1014
f 1013/1013/1013 1014/1014/1014 1016/1016/1016
f 1016/1016/1016 1011/1011/1011 1013/1013/1013
f 1017/1017/1017 1014/1014/1014 1015/1015/1015
f 1014/1014/1014 1017/1017/1017 1016/1016/1016
f 1017/1017/1017 1015/1015/1015 1018/1018/1018
f 1019/1019/1019 1016/1016/1016 1017/1017/1017
f 1019/1019/1019 1020/1020/1020 1016/1016/1016
f 1011/1011/1011 1016/1016/1016 1020/1020/1020
f 1020/1020/1020 1021/1021/1021 1011/1011/1011
f 1017/1017/1017 1018/1018/1018 1022/1022/1022
f 1011/1011/1011 1023/1023/1023 1003/1003/1003
f 1023/1023/1023 1011/1011/1011 1021/1021/1021
f 1023/1023/1023 1005/1005/1005 1003/1003/1003
f 1024/1024/1024 1023/1023/1023 1021/1021/1021
f 1021/1021/1021 1025/1025/1025 1024/1024/1024
f 1025/1025/1025 1023/1023/1023 1024/1024/1024
f 1025/1025/1025 1021/1021/1021 1026/1026/1026
f 1027/1027/1027 1025/1025/1025 1026/1026/1026
f 1028/1028/1028 1025/1025/1025 1027/1027/1027
f 1029/1029/1029 1028/1028/1028 1027/1027/1027
f 1023/1023/1023 1025/1025/1025 1030/1030/1030
f 1005/1005/1005 1023/1023/1023 1030/1030/1030
f 1031/1031/1031 1030/1030/1030 1025/1025/1025
f 1030/1030/1030 1031/1031/1031 1005/1005/1005
f 1032/1032/1032 1005/1005/1005 1031/1031/1031
f 1034/1034/1034 1018/1018/1018 1033/1033/1033
f 1035/1035/1035 1034/1034/1034 1033/1033/1033
f 1036/1036/1036 1035/1035/1035 1033/1033/1033
f 1036/1036/1036 1037/1037/1037 1035/1035/1035
f 1037/1037/1037 1038/1038/1038 1035/1035/1035
f 1035/1035/1035 1039/1039/1039 1034/1034/1034
f 1038/1038/1038 1037/1037/1037 1040/1040/1040
f 1039/1039/1039 1041/1041/1041 1034/1034/1034
f 1038/1038/1038 1040/1040/1040 1042/1042/1042
f 1034/1034/1034 1043/1043/1043 1018/1018/1018
f 1034/1034/1034 1041/1041/1041 1043/1043/1043
f 1044/1044/1044 1043/1043/1043 1041/1041/1041
f 1044/1044/1044 1045/1045/1045 1043/1043/1043
f 1045/1045/1045 1046/1046/1046 1043/1043/1043
f 1043/1043/1043 1022/1022/1022 1018/1018/1018
f 1046/1046/1046 1022/1022/1022 1043/1043/1043
f 1046/1046/1046 1042/1042/1042 1022/1022/1022
f 1042/1042/1042 1047/1047/1047 1022/1022/1022
f 1047/1047/1047 1042/1042/1042 1040/1040/1040
f 1040/1040/1040 1048/1048/1048 1047/1047/1047
f 1040/1040/1040 1049/1049/1049 1048/1048/1048
f 1048/1048/1048 1050/1050/1050 1047/1047/1047
f 1051/1051/1051 1047/1047/1047 1050/1050/1050
f 1054/1054/1054 1053/1053/1053 1052/1052/1052
f 1055/1055/1055 1054/1054/1054 1052/1052/1052
f 1057/1057/1057 1056/1056/1056 1054/1054/1054
f 1057/1057/1057 1059/1059/1059 1058/1058/1058
f 1058/1058/1058 1061/1061/1061 1060/1060/1060
f 1062/1062/1062 1060/1060/1060 1061/1061/1061
f 1065/1065/1065 1064/1064/1064 1063/1063/1063
f 1064/1064/1064 1066/1066/1066 1063/1063/1063
f 1063/1063/1063 1066/1066/1066 1067/1067/1067
f 1063/1063/1063 1067/1067/1067 1068/1068/1068
f 1063/1063/1063 1068/1068/1068 1069/1069/1069
f 1069/1069/1069 1070/1070/1070 1063/1063/1063
f 1070/1070/1070 1071/1071/1071 1063/1063/1063
f 1073/1073/1073 1072/1072/1072 1063/1063/1063
f 1075/1075/1075 1073/1073/1073 1074/1074/1074
f 1074/1074/1074 1071/1071/1071 1076/1076/1076
f 1077/1077/1077 1074/1074/1074 1076/1076/1076
f 1080/1080/1080 1079/1079/1079 1078/1078/1078
f 1081/1081/1081 1078/1078/1078 1079/1079/1079
f 1082/1082/1082 1078/1078/1078 1081/1081/1081
f 1082/1082/1082 1081/1081/1081 1083/1083/1083
f 1081/1081/1081 1084/1084/1084 1083/1083/1083
f 1081/1081/1081 1079/1079/1079 1084/1084/1084
f 1084/1084/1084 1079/1079/1079 1085/1085/1085
f 1086/1086/1086 1085/1085/1085 1079/1079/1079
f 1082/1082/1082 1088/1088/1088 1087/1087/1087
f 1088/1088/1088 1082/1082/1082 1089/1089/1089
f 1090/1090/1090 1089/1089/1089 1082/1082/1082
f 1089/1089/1089 1090/1090/1090 1091/1091/1091
f 1090/1090/1090 1092/1092/1092 1091/1091/1091
f 1091/1091/1091 1092/1092/1092 1093/1093/1093
f 1094/1094/1094 1093/1093/1093 1092/1092/1092
f 1093/1093/1093 1094/1094/1094 1095/1095/1095
f 1096/1096/1096 1088/1088/1088 1089/1089/1089
f 1097/1097/1097 1096/1096/1096 1089/1089/1089
f 1096/1096/1096 1097/1097/1097 1098/1098/1098
f 1088/1088/1088 1096/1096/1096 1099/1099/1099
f 1096/1096/1096 1100/1100/1100 1099/1099/1099
f 1100/1100/1100 1101/1101/1101 1099/1099/1099
f 1102/1102/1102 1099/1099/1099 1101/1101/1101
f 1099/1099/1099 1102/1102/1102 1103/1103/1103
f 1088/1088/1088 1099/1099/1099 1104/1104/1104
f 1099/1099/1099 1103/1103/1103 1104/1104/1104
f 1104/1104/1104 1105/1105/1105 1088/1088/1088
f 1105/1105/1105 1106/1106/1106 1088/1088/1088
f 1105/1105/1105 1107/1107/1107 1106/1106/1106
f 1105/1105/1105 1104/1104/1104 1107/1107/1107
f 1104/1104/1104 1103/1103/1103 1108/1108/1108
f 1108/1108/1108 1107/1107/1107 1104/1104/1104
f 1108/1108/1108 1103/1103/1103 1109/1109/1109
f 1107/1107/1107 1108/1108/1108 1109/1109/1109
f 1109/1109/1109 1110/1110/1110 1106/1106/1106
f 1109/1109/1109 1087/1087/1087 1107/1107/1107
f 1111/1111/1111 1109/1109/1109 1103/1103/1103
f 1111/1111/1111 1112/1112/1112 1109/1109/1109
f 1115/1115/1115 1114/1114/1114 1113/1113/1113
f 1116/1116/1116 1113/1113/1113 1114/1114/1114
f 1119/1119/1119 1118/1118/1118 1117/1117/1117
f 1117/1117/1117 1118/1118/1118 1120/1120/1120
f 1123/1123/1123 1122/1122/1122 1121/1121/1121
f 1124/1124/1124 1121/1121/1121 1122/1122/1122
f 1127/1127/1127 1126/1126/1126 1125/1125/1125
f 1128/1128/1128 1125/1125/1125 1126/1126/1126
f 1131/1131/1131 1130/1130/1130 1129/1129/1129
f 1132/1132/1132 1129/1129/1129 1130/1130/1130
f 1129/1129/1129 1132/1132/1132 1133/1133/1133
f 1133/1133/1133 1135/1135/1135 1134/1134/1134
f 1136/1136/1136 1134/1134/1134 1135/1135/1135
f 1139/1139/1139 1138/1138/1138 1137/1137/1137
f 1140/1140/1140 1137/1137/1137 1138/1138/1138
f 1141/1141/1141 1140/1140/1140 1138/1138/1138
f 1142/1142/1142 1137/1137/1137 1140/1140/1140
f 1142/1142/1142 1143/1143/1143 1137/1137/1137
f 1146/1146/1146 1145/1145/1145 1144/1144/1144
f 1147/1147/1147 1144/1144/1144 1145/1145/1145
f 1150/1150/1150 1149/1149/1149 1148/1148/1148
f 1151/1151/1151 1148/1148/1148 1149/1149/1149
f 1154/1154/1154 1153/1153/1153 1152/1152/1152
f 1155/1155/1155 1152/1152/1152 1153/1153/1153
f 1156/1156/1156 1152/1152/1152 1155/1155/1155
f 1157/1157/1157 1152/1152/1152 1156/1156/1156
f 1152/1152/1152 1157/1157/1157 1158/1158/1158
f 1161/1161/1161 1160/1160/1160 1159/1159/1159
f 1162/1162/1162 1159/1159/1159 1160/1160/1160
f 1164/1164/1164 1163/1163/1163 1160/1160/1160
f 1165/1165/1165 1160/1160/1160 1163/1163/1163
f 1168/1168/1168 1167/1167/1167 1166/1166/1166
f 1169/1169/1169 1167/1167/1167 1168/1168/1168
f 1172/1172/1172 1171/1171/1171 1170/1170/1170
f 1171/1171/1171 1173/1173/1173 1170/1170/1170
f 1176/1176/1176 1175/1175/1175 1174/1174/1174
f 1174/1174/1174 1175/1175/1175 1177/1177/1177
f 1180/1180/1180 1179/1179/1179 1178/1178/1178
f 1181/1181/1181 1180/1180/1180 1178/1178/1178
f 1184/1184/1184 1183/1183/1183 1182/1182/1182
f 1185/1185/1185 1182/1182/1182 1183/1183/1183
f 1188/1188/1188 1187/1187/1187 1186/1186/1186
f 1189/1189/1189 1187/1187/1187 1188/1188/1188
f 1190/1190/1190 1189/1189/1189 1188/1188/1188
f 1191/1191/1191 1189/1189/1189 1190/1190/1190
f 1189/1189/1189 1191/1191/1191 1192/1192/1192
f 1193/1193/1193 1189/1189/1189 1192/1192/1192
f 1194/1194/1194 1192/1192/1192 1191/1191/1191
f 1192/1192/1192 1194/1194/1194 1195/1195/1195
f 1198/1198/1198 1197/1197/1197 1196/1196/1196
f 1196/1196/1196 1197/1197/1197 1199/1199/1199
f 1202/1202/1202 1201/1201/1201 1200/1200/1200
f 1203/1203/1203 1200/1200/1200 1201/1201/1201
f 1206/1206/1206 1205/1205/1205 1204/1204/1204
f 1207/1207/1207 1204/1204/1204 1205/1205/1205
f 1210/1210/1210 1209/1209/1209 1208/1208/1208
f 1208/1208/1208 1211/1211/1211 1210/1210/1210
f 1213/1213/1213 1210/1210/1210 1212/1212/1212
f 1212/1212/1212 1214/1214/1214 1213/1213/1213
f 1216/1216/1216 1215/1215/1215 1214/1214/1214
f 1217/1217/1217 1216/1216/1216 1214/1214/1214
f 1214/1214/1214 1218/1218/1218 1217/1217/1217
f 1219/1219/1219 1217/1217/1217 1218/1218/1218
f 1218/1218/1218 1220/1220/1220 1219/1219/1219
f 1221/1221/1221 1219/1219/1219 1220/1220/1220
f 1223/1223/1223 1222/1222/1222 1221/1221/1221
f 1224/1224/1224 1221/1221/1221 1222/1222/1222
f 1222/1222/1222 1225/1225/1225 1224/1224/1224
f 1226/1226/1226 1224/1224/1224 1225/1225/1225
f 1225/1225/1225 1227/1227/1227 1226/1226/1226
f 1230/1230/1230 1229/1229/1229 1228/1228/1228
f 1229/1229/1229 1230/1230/1230 1231/1231/1231
f 1231/1231/1231 1230/1230/1230 1232/1232/1232
f 1235/1235/1235 1234/1234/1234 1233/1233/1233
f 1236/1236/1236 1233/1233/1233 1234/1234/1234
f 1236/1236/1236 1237/1237/1237 1233/1233/1233
f 1238/1238/1238 1233/1233/1233 1237/1237/1237
f 1239/1239/1239 1238/1238/1238 1237/1237/1237
f 1237/1237/1237 1240/1240/1240 1239/1239/1239
f 1239/1239/1239 1240/1240/1240 1241/1241/1241
f 1242/1242/1242 1241/1241/1241 1240/1240/1240
f 1243/1243/1243 1241/1241/1241 1242/1242/1242
f 1241/1241/1241 1243/1243/1243 1244/1244/1244
f 1243/1243/1243 1242/1242/1242 1245/1245/1245
f 1243/1243/1243 1246/1246/1246 1244/1244/1244
f 1247/1247/1247 1244/1244/1244 1246/1246/1246
f 1248/1248/1248 1246/1246/1246 1243/1243/1243
f 1245/1245/1245 1248/1248/1248 1243/1243/1243
f 1249/1249/1249 1246/1246/1246 1248/1248/1248
f 1248/1248/1248 1245/1245/1245 1250/1250/1250
f 1250/1250/1250 1251/1251/1251 1248/1248/1248
f 1250/1250/1250 1245/1245/1245 1252/1252/1252
f 1245/1245/1245 1253/1253/1253 1252/1252/1252
f 1253/1253/1253 1245/1245/1245 1254/1254/1254
f 1255/1255/1255 1254/1254/1254 1245/1245/1245
f 1254/1254/1254 1255/1255/1255 1256/1256/1256
f 1259/1259/1259 1258/1258/1258 1257/1257/1257
f 1260/1260/1260 1257/1257/1257 1258/1258/1258
f 1258/1258/1258 1261/1261/1261 1260/1260/1260
f 1262/1262/1262 1260/1260/1260 1261/1261/1261
f 1263/1263/1263 1262/1262/1262 1261/1261/1261
f 1261/1261/1261 1264/1264/1264 1263/1263/1263
f 1265/1265/1265 1263/1263/1263 1264/1264/1264
f 1263/1263/1263 1265/1265/1265 1266/1266/1266
f 1266/1266/1266 1265/1265/1265 1267/1267/1267
f 1268/1268/1268 1267/1267/1267 1265/1265/1265
f 1267/1267/1267 1268/1268/1268 1269/1269/1269
f 1270/1270/1270 1269/1269/1269 1268/1268/1268
f 1269/1269/1269 1270/1270/1270 1271/1271/1271
f 1271/1271/1271 1272/1272/1272 1269/1269/1269
f 1273/1273/1273 1269/1269/1269 1272/1272/1272
f 1272/1272/1272 1271/1271/1271 1274/1274/1274
f 1271/1271/1271 1270/1270/1270 1275/1275/1275
f 1275/1275/1275 1276/1276/1276 1271/1271/1271
f 1275/1275/1275 1270/1270/1270 1277/1277/1277
f 1280/1280/1280 1279/1279/1279 1278/1278/1278
f 1281/1281/1281 1278/1278/1278 1279/1279/1279
f 1279/1279/1279 1282/1282/1282 1281/1281/1281
f 1283/1283/1283 1281/1281/1281 1282/1282/1282
f 1286/1286/1286 1285/1285/1285 1284/1284/1284
f 1287/1287/1287 1284/1284/1284 1285/1285/1285
f 1284/1284/1284 1287/1287/1287 1288/1288/1288
f 1289/1289/1289 1288/1288/1288 1287/1287/1287
f 1288/1288/1288 1289/1289/1289 1290/1290/1290
f 1290/1290/1290 1289/1289/1289 1291/1291/1291
f 1291/1291/1291 1292/1292/1292 1290/1290/1290
f 1287/1287/1287 1293/1293/1293 1289/1289/1289
f 1294/1294/1294 1291/1291/1291 1289/1289/1289
f 1294/1294/1294 1289/1289/1289 1293/1293/1293
f 1294/1294/1294 1295/1295/1295 1291/1291/1291
f 1295/1295/1295 1294/1294/1294 1293/1293/1293
f 1293/1293/1293 1287/1287/1287 1296/1296/1296
f 1293/1293/1293 1296/1296/1296 1295/1295/1295
f 1285/1285/1285 1297/1297/1297 1287/1287/1287
f 1297/1297/1297 1296/1296/1296 1287/1287/1287
f 1292/1292/1292 1291/1291/1291 1298/1298/1298
f 1295/1295/1295 1298/1298/1298 1291/1291/1291
f 1297/1297/1297 1285/1285/1285 1299/1299/1299
f 1285/1285/1285 1300/1300/1300 1299/1299/1299
f 1285/1285/1285 1301/1301/1301 1300/1300/1300
f 1300/1300/1300 1302/1302/1302 1299/1299/1299
f 1296/1296/1296 1297/1297/1297 1303/1303/1303
f 1299/1299/1299 1303/1303/1303 1297/1297/1297
f 1295/1295/1295 1296/1296/1296 1304/1304/1304
f 1296/1296/1296 1303/1303/1303 1305/1305/1305
f 1305/1305/1305 1304/1304/1304 1296/1296/1296
f 1303/1303/1303 1299/1299/1299 1306/1306/1306
f 1306/1306/1306 1305/1305/1305 1303/1303/1303
f 1307/1307/1307 1306/1306/1306 1299/1299/1299
f 1307/1307/1307 1299/1299/1299 1302/1302/1302
f 1306/1306/1306 1307/1307/1307 1308/1308/1308
f 1308/1308/1308 1305/1305/1305 1306/1306/1306
f 1307/1307/1307 1302/1302/1302 1309/1309/1309
f 1309/1309/1309 1308/1308/1308 1307/1307/1307
f 1295/1295/1295 1310/1310/1310 1298/1298/1298
f 1304/1304/1304 1310/1310/1310 1295/1295/1295
f 1311/1311/1311 1309/1309/1309 1302/1302/1302
f 1312/1312/1312 1311/1311/1311 1302/1302/1302
f 1311/1311/1311 1312/1312/1312 1313/1313/1313
f 1314/1314/1314 1313/1313/1313 1312/1312/1312
f 1313/1313/1313 1314/1314/1314 1315/1315/1315
f 1315/1315/1315 1316/1316/1316 1313/1313/1313
f 1313/1313/1313 1317/1317/1317 1311/1311/1311
f 1317/1317/1317 1313/1313/1313 1316/1316/1316
f 1309/1309/1309 1311/1311/1311 1317/1317/1317
f 1316/1316/1316 1318/1318/1318 1317/1317/1317
f 1317/1317/1317 1319/1319/1319 1309/1309/1309
f 1319/1319/1319 1317/1317/1317 1318/1318/1318
f 1308/1308/1308 1309/1309/1309 1319/1319/1319
f 1320/1320/1320 1319/1319/1319 1318/1318/1318
f 1319/1319/1319 1320/1320/1320 1308/1308/1308
f 1318/1318/1318 1321/1321/1321 1320/1320/1320
f 1322/1322/1322 1308/1308/1308 1320/1320/1320
f 1322/1322/1322 1305/1305/1305 1308/1308/1308
f 1323/1323/1323 1320/1320/1320 1321/1321/1321
f 1320/1320/1320 1323/1323/1323 1322/1322/1322
f 1305/1305/1305 1322/1322/1322 1324/1324/1324
f 1304/1304/1304 1305/1305/1305 1324/1324/1324
f 1325/1325/1325 1322/1322/1322 1323/1323/1323
f 1325/1325/1325 1324/1324/1324 1322/1322/1322
f 1326/1326/1326 1323/1323/1323 1321/1321/1321
f 1323/1323/1323 1326/1326/1326 1325/1325/1325
f 1327/1327/1327 1304/1304/1304 1324/1324/1324
f 1310/1310/1310 1304/1304/1304 1327/1327/1327
f 1325/1325/1325 1328/1328/1328 1324/1324/1324
f 1329/1329/1329 1325/1325/1325 1326/1326/1326
f 1329/1329/1329 1328/1328/1328 1325/1325/1325
f 1324/1324/1324 1330/1330/1330 1327/1327/1327
f 1330/1330/1330 1324/1324/1324 1328/1328/1328
f 1331/1331/1331 1310/1310/1310 1327/1327/1327
f 1332/1332/1332 1327/1327/1327 1330/1330/1330
f 1327/1327/1327 1332/1332/1332 1331/1331/1331
f 1310/1310/1310 1331/1331/1331 1333/1333/1333
f 1310/1310/1310 1333/1333/1333 1298/1298/1298
f 1334/1334/1334 1298/1298/1298 1333/1333/1333
f 1298/1298/1298 1334/1334/1334 1292/1292/1292
f 1326/1326/1326 1335/1335/1335 1329/1329/1329
f 1328/1328/1328 1329/1329/1329 1336/1336/1336
f 1337/1337/1337 1329/1329/1329 1335/1335/1335
f 1337/1337/1337 1336/1336/1336 1329/1329/1329
f 1338/1338/1338 1330/1330/1330 1328/1328/1328
f 1336/1336/1336 1339/1339/1339 1328/1328/1328
f 1328/1328/1328 1339/1339/1339 1338/1338/1338
f 1339/1339/1339 1336/1336/1336 1340/1340/1340
f 1340/1340/1340 1338/1338/1338 1339/1339/1339
f 1330/1330/1330 1338/1338/1338 1341/1341/1341
f 1338/1338/1338 1340/1340/1340 1342/1342/1342
f 1342/1342/1342 1341/1341/1341 1338/1338/1338
f 1341/1341/1341 1343/1343/1343 1330/1330/1330
f 1343/1343/1343 1341/1341/1341 1344/1344/1344
f 1332/1332/1332 1330/1330/1330 1343/1343/1343
f 1343/1343/1343 1345/1345/1345 1332/1332/1332
f 1345/1345/1345 1343/1343/1343 1344/1344/1344
f 1346/1346/1346 1341/1341/1341 1342/1342/1342
f 1341/1341/1341 1346/1346/1346 1344/1344/1344
f 1347/1347/1347 1332/1332/1332 1345/1345/1345
f 1347/1347/1347 1331/1331/1331 1332/1332/1332
f 1348/1348/1348 1340/1340/1340 1336/1336/1336
f 1349/1349/1349 1342/1342/1342 1340/1340/1340
f 1340/1340/1340 1348/1348/1348 1349/1349/1349
f 1350/1350/1350 1346/1346/1346 1342/1342/1342
f 1342/1342/1342 1349/1349/1349 1350/1350/1350
f 1350/1350/1350 1351/1351/1351 1346/1346/1346
f 1352/1352/1352 1350/1350/1350 1349/1349/1349
f 1352/1352/1352 1351/1351/1351 1350/1350/1350
f 1346/1346/1346 1353/1353/1353 1344/1344/1344
f 1353/1353/1353 1346/1346/1346 1351/1351/1351
f 1336/1336/1336 1354/1354/1354 1348/1348/1348
f 1355/1355/1355 1348/1348/1348 1354/1354/1354
f 1336/1336/1336 1337/1337/1337 1354/1354/1354
f 1356/1356/1356 1349/1349/1349 1348/1348/1348
f 1356/1356/1356 1352/1352/1352 1349/1349/1349
f 1348/1348/1348 1355/1355/1355 1356/1356/1356
f 1352/1352/1352 1356/1356/1356 1357/1357/1357
f 1357/1357/1357 1356/1356/1356 1355/1355/1355
f 1351/1351/1351 1352/1352/1352 1358/1358/1358
f 1357/1357/1357 1358/1358/1358 1352/1352/1352
f 1358/1358/1358 1357/1357/1357 1359/1359/1359
f 1355/1355/1355 1354/1354/1354 1360/1360/1360
f 1354/1354/1354 1337/1337/1337 1360/1360/1360
f 1361/1361/1361 1360/1360/1360 1337/1337/1337
f 1360/1360/1360 1361/1361/1361 1355/1355/1355
f 1362/1362/1362 1357/1357/1357 1355/1355/1355
f 1362/1362/1362 1359/1359/1359 1357/1357/1357
f 1355/1355/1355 1363/1363/1363 1362/1362/1362
f 1363/1363/1363 1355/1355/1355 1361/1361/1361
f 1361/1361/1361 1337/1337/1337 1364/1364/1364
f 1335/1335/1335 1364/1364/1364 1337/1337/1337
f 1362/1362/1362 1365/1365/1365 1359/1359/1359
f 1365/1365/1365 1362/1362/1362 1363/1363/1363
f 1363/1363/1363 1361/1361/1361 1366/1366/1366
f 1364/1364/1364 1366/1366/1366 1361/1361/1361
f 1366/1366/1366 1367/1367/1367 1363/1363/1363
f 1365/1365/1365 1363/1363/1363 1367/1367/1367
f 1366/1366/1366 1364/1364/1364 1368/1368/1368
f 1367/1367/1367 1366/1366/1366 1368/1368/1368
f 1368/1368/1368 1369/1369/1369 1367/1367/1367
f 1370/1370/1370 1368/1368/1368 1364/1364/1364
f 1364/1364/1364 1335/1335/1335 1370/1370/1370
f 1371/1371/1371 1370/1370/1370 1335/1335/1335
f 1335/1335/1335 1326/1326/1326 1371/1371/1371
f 1367/1367/1367 1372/1372/1372 1365/1365/1365
f 1372/1372/1372 1367/1367/1367 1373/1373/1373
f 1373/1373/1373 1374/1374/1374 1372/1372/1372
f 1375/1375/1375 1371/1371/1371 1326/1326/1326
f 1321/1321/1321 1375/1375/1375 1326/1326/1326
f 1376/1376/1376 1365/1365/1365 1372/1372/1372
f 1376/1376/1376 1359/1359/1359 1365/1365/1365
f 1377/1377/1377 1372/1372/1372 1374/1374/1374
f 1378/1378/1378 1377/1377/1377 1374/1374/1374
f 1379/1379/1379 1376/1376/1376 1372/1372/1372
f 1372/1372/1372 1377/1377/1377 1379/1379/1379
f 1376/1376/1376 1379/1379/1379 1359/1359/1359
f 1377/1377/1377 1378/1378/1378 1380/1380/1380
f 1380/1380/1380 1379/1379/1379 1377/1377/1377
f 1379/1379/1379 1380/1380/1380 1359/1359/1359
f 1381/1381/1381 1380/1380/1380 1378/1378/1378
f 1381/1381/1381 1382/1382/1382 1380/1380/1380
f 1383/1383/1383 1359/1359/1359 1380/1380/1380
f 1380/1380/1380 1382/1382/1382 1383/1383/1383
f 1359/1359/1359 1383/1383/1383 1358/1358/1358
f 1384/1384/1384 1358/1358/1358 1383/1383/1383
f 1383/1383/1383 1382/1382/1382 1384/1384/1384
f 1358/1358/1358 1384/1384/1384 1351/1351/1351
f 1385/1385/1385 1384/1384/1384 1382/1382/1382
f 1382/1382/1382 1386/1386/1386 1385/1385/1385
f 1387/1387/1387 1385/1385/1385 1386/1386/1386
f 1387/1387/1387 1388/1388/1388 1385/1385/1385
f 1385/1385/1385 1388/1388/1388 1384/1384/1384
f 1387/1387/1387 1389/1389/1389 1388/1388/1388
f 1384/1384/1384 1388/1388/1388 1390/1390/1390
f 1388/1388/1388 1389/1389/1389 1390/1390/1390
f 1390/1390/1390 1351/1351/1351 1384/1384/1384
f 1391/1391/1391 1390/1390/1390 1389/1389/1389
f 1392/1392/1392 1351/1351/1351 1390/1390/1390
f 1390/1390/1390 1391/1391/1391 1392/1392/1392
f 1351/1351/1351 1392/1392/1392 1353/1353/1353
f 1393/1393/1393 1392/1392/1392 1391/1391/1391
f 1392/1392/1392 1393/1393/1393 1394/1394/1394
f 1394/1394/1394 1353/1353/1353 1392/1392/1392
f 1395/1395/1395 1394/1394/1394 1393/1393/1393
f 1395/1395/1395 1353/1353/1353 1394/1394/1394
f 1396/1396/1396 1395/1395/1395 1393/1393/1393
f 1395/1395/1395 1396/1396/1396 1397/1397/1397
f 1353/1353/1353 1395/1395/1395 1398/1398/1398
f 1398/1398/1398 1344/1344/1344 1353/1353/1353
f 1397/1397/1397 1399/1399/1399 1395/1395/1395
f 1399/1399/1399 1398/1398/1398 1395/1395/1395
f 1398/1398/1398 1399/1399/1399 1400/1400/1400
f 1399/1399/1399 1397/1397/1397 1401/1401/1401
f 1401/1401/1401 1400/1400/1400 1399/1399/1399
f 1402/1402/1402 1401/1401/1401 1397/1397/1397
f 1344/1344/1344 1398/1398/1398 1403/1403/1403
f 1400/1400/1400 1403/1403/1403 1398/1398/1398
f 1403/1403/1403 1404/1404/1404 1344/1344/1344
f 1344/1344/1344 1404/1404/1404 1345/1345/1345
f 1404/1404/1404 1403/1403/1403 1405/1405/1405
f 1406/1406/1406 1405/1405/1405 1403/1403/1403
f 1403/1403/1403 1400/1400/1400 1406/1406/1406
f 1407/1407/1407 1406/1406/1406 1400/1400/1400
f 1408/1408/1408 1407/1407/1407 1400/1400/1400
f 1408/1408/1408 1400/1400/1400 1409/1409/1409
f 1401/1401/1401 1409/1409/1409 1400/1400/1400
f 1410/1410/1410 1409/1409/1409 1401/1401/1401
f 1402/1402/1402 1410/1410/1410 1401/1401/1401
f 1410/1410/1410 1411/1411/1411 1409/1409/1409
f 1410/1410/1410 1402/1402/1402 1412/1412/1412
f 1412/1412/1412 1411/1411/1411 1410/1410/1410
f 1413/1413/1413 1412/1412/1412 1402/1402/1402
f 1411/1411/1411 1412/1412/1412 1413/1413/1413
f 1414/1414/1414 1345/1345/1345 1404/1404/1404
f 1404/1404/1404 1415/1415/1415 1414/1414/1414
f 1416/1416/1416 1415/1415/1415 1404/1404/1404
f 1414/1414/1414 1415/1415/1415 1417/1417/1417
f 1414/1414/1414 1417/1417/1417 1345/1345/1345
f 1347/1347/1347 1345/1345/1345 1417/1417/1417
f 1417/1417/1417 1418/1418/1418 1347/1347/1347
f 1418/1418/1418 1417/1417/1417 1419/1419/1419
f 1331/1331/1331 1347/1347/1347 1418/1418/1418
f 1419/1419/1419 1420/1420/1420 1418/1418/1418
f 1418/1418/1418 1421/1421/1421 1331/1331/1331
f 1421/1421/1421 1418/1418/1418 1420/1420/1420
f 1420/1420/1420 1422/1422/1422 1421/1421/1421
f 1333/1333/1333 1331/1331/1331 1421/1421/1421
f 1423/1423/1423 1421/1421/1421 1422/1422/1422
f 1421/1421/1421 1423/1423/1423 1333/1333/1333
f 1422/1422/1422 1424/1424/1424 1423/1423/1423
f 1425/1425/1425 1333/1333/1333 1423/1423/1423
f 1334/1334/1334 1333/1333/1333 1425/1425/1425
f 1426/1426/1426 1423/1423/1423 1424/1424/1424
f 1423/1423/1423 1426/1426/1426 1425/1425/1425
f 1424/1424/1424 1427/1427/1427 1426/1426/1426
f 1425/1425/1425 1428/1428/1428 1334/1334/1334
f 1428/1428/1428 1425/1425/1425 1426/1426/1426
f 1429/1429/1429 1426/1426/1426 1427/1427/1427
f 1426/1426/1426 1429/1429/1429 1428/1428/1428
f 1427/1427/1427 1430/1430/1430 1429/1429/1429
f 1431/1431/1431 1428/1428/1428 1429/1429/1429
f 1432/1432/1432 1334/1334/1334 1428/1428/1428
f 1431/1431/1431 1432/1432/1432 1428/1428/1428
f 1432/1432/1432 1292/1292/1292 1334/1334/1334
f 1432/1432/1432 1431/1431/1431 1292/1292/1292
f 1433/1433/1433 1292/1292/1292 1431/1431/1431
f 1433/1433/1433 1434/1434/1434 1292/1292/1292
f 1437/1437/1437 1436/1436/1436 1435/1435/1435
f 1438/1438/1438 1435/1435/1435 1436/1436/1436
f 1441/1441/1441 1440/1440/1440 1439/1439/1439
f 1442/1442/1442 1439/1439/1439 1440/1440/1440
f 1439/1439/1439 1442/1442/1442 1443/1443/1443
f 1442/1442/1442 1444/1444/1444 1443/1443/1443
f 1445/1445/1445 1443/1443/1443 1444/1444/1444
f 1445/1445/1445 1446/1446/1446 1443/1443/1443
f 1447/1447/1447 1443/1443/1443 1446/1446/1446
f 1446/1446/1446 1449/1449/1449 1448/1448/1448
f 1451/1451/1451 1449/1449/1449 1450/1450/1450
f 1452/1452/1452 1450/1450/1450 1449/1449/1449
f 1450/1450/1450 1452/1452/1452 1453/1453/1453
f 1452/1452/1452 1454/1454/1454 1453/1453/1453
f 1453/1453/1453 1454/1454/1454 1455/1455/1455
f 1456/1456/1456 1455/1455/1455 1454/1454/1454
f 1457/1457/1457 1454/1454/1454 1452/1452/1452
f 1454/1454/1454 1457/1457/1457 1458/1458/1458
f 1461/1461/1461 1460/1460/1460 1459/1459/1459
f 1462/1462/1462 1459/1459/1459 1460/1460/1460
f 1459/1459/1459 1462/1462/1462 1463/1463/1463
f 1466/1466/1466 1465/1465/1465 1464/1464/1464
f 1465/1465/1465 1467/1467/1467 1464/1464/1464
f 1470/1470/1470 1469/1469/1469 1468/1468/1468
f 1472/1472/1472 1471/1471/1471 1470/1470/1470
f 1468/1468/1468 1471/1471/1471 1473/1473/1473
f 1474/1474/1474 1473/1473/1473 1471/1471/1471
f 1477/1477/1477 1476/1476/1476 1475/1475/1475
f 1478/1478/1478 1475/1475/1475 1476/1476/1476
f 1481/1481/1481 1480/1480/1480 1479/1479/1479
f 1480/1480/1480 1481/1481/1481 1482/1482/1482
f 1482/1482/1482 1481/1481/1481 1483/1483/1483
f 1484/1484/1484 1483/1483/1483 1481/1481/1481
f 1483/1483/1483 1484/1484/1484 1485/1485/1485
f 1486/1486/1486 1485/1485/1485 1484/1484/1484
f 1489/1489/1489 1488/1488/1488 1487/1487/1487
f 1490/1490/1490 1487/1487/1487 1488/1488/1488
f 1488/1488/1488 1491/1491/1491 1490/1490/1490
f 1492/1492/1492 1490/1490/1490 1491/1491/1491
f 1491/1491/1491 1493/1493/1493 1492/1492/1492
f 1494/1494/1494 1492/1492/1492 1493/1493/1493
f 1496/1496/1496 1494/1494/1494 1495/1495/1495
f 1497/1497/1497 1495/1495/1495 1494/1494/1494
f 1487/1487/1487 1499/1499/1499 1498/1498/1498
f 1500/1500/1500 1498/1498/1498 1499/1499/1499
f 1499/1499/1499 1501/1501/1501 1500/1500/1500
f 1502/1502/1502 1500/1500/1500 1501/1501/1501
f 1501/1501/1501 1503/1503/1503 1502/1502/1502
f 1504/1504/1504 1502/1502/1502 1503/1503/1503
f 1507/1507/1507 1506/1506/1506 1505/1505/1505
f 1508/1508/1508 1505/1505/1505 1506/1506/1506
f 1505/1505/1505 1508/1508/1508 1509/1509/1509
f 1510/1510/1510 1509/1509/1509 1508/1508/1508
f 1513/1513/1513 1512/1512/1512 1511/1511/1511
f 1514/1514/1514 1512/1512/1512 1513/1513/1513
f 1512/1512/1512 1514/1514/1514 1515/1515/1515
f 1516/1516/1516 1515/1515/1515 1514/1514/1514
f 1517/1517/1517 1515/1515/1515 1516/1516/1516
f 1515/1515/1515 1517/1517/1517 1518/1518/1518
f 1521/1521/1521 1520/1520/1520 1519/1519/1519
f 1519/1519/1519 1523/1523/1523 1522/1522/1522
f 1522/1522/1522 1520/1520/1520 1524/1524/1524
f 1524/1524/1524 1520/1520/1520 1525/1525/1525
f 1525/1525/1525 1523/1523/1523 1526/1526/1526
f 1529/1529/1529 1528/1528/1528 1527/1527/1527
f 1528/1528/1528 1529/1529/1529 1530/1530/1530
f 1529/1529/1529 1531/1531/1531 1530/1530/1530
f 1532/1532/1532 1531/1531/1531 1529/1529/1529
f 1533/1533/1533 1530/1530/1530 1531/1531/1531
f 1531/1531/1531 1532/1532/1532 1534/1534/1534
f 1530/1530/1530 1533/1533/1533 1535/1535/1535
f 1532/1532/1532 1536/1536/1536 1534/1534/1534
f 1535/1535/1535 1537/1537/1537 1530/1530/1530
f 1538/1538/1538 1534/1534/1534 1536/1536/1536
f 1536/1536/1536 1539/1539/1539 1538/1538/1538
f 1540/1540/1540 1537/1537/1537 1535/1535/1535
f 1537/1537/1537 1540/1540/1540 1541/1541/1541
f 1541/1541/1541 1540/1540/1540 1542/1542/1542
f 1538/1538/1538 1539/1539/1539 1543/1543/1543
f 1543/1543/1543 1542/1542/1542 1540/1540/1540
f 1544/1544/1544 1543/1543/1543 1539/1539/1539
f 1542/1542/1542 1543/1543/1543 1544/1544/1544
f 1547/1547/1547 1546/1546/1546 1545/1545/1545
f 1548/1548/1548 1545/1545/1545 1546/1546/1546
f 1551/1551/1551 1550/1550/1550 1549/1549/1549
f 1552/1552/1552 1549/1549/1549 1550/1550/1550
f 1555/1555/1555 1554/1554/1554 1553/1553/1553
f 1553/1553/1553 1554/1554/1554 1556/1556/1556
f 1558/1558/1558 1557/1557/1557 1553/1553/1553
f 1557/1557/1557 1558/1558/1558 1559/1559/1559
f 1562/1562/1562 1561/1561/1561 1560/1560/1560
f 1560/1560/1560 1561/1561/1561 1563/1563/1563
f 1566/1566/1566 1565/1565/1565 1564/1564/1564
f 1567/1567/1567 1564/1564/1564 1565/1565/1565
f 1570/1570/1570 1569/1569/1569 1568/1568/1568
f 1571/1571/1571 1568/1568/1568 1569/1569/1569
f 1571/1571/1571 1572/1572/1572 1568/1568/1568
f 1568/1568/1568 1572/1572/1572 1573/1573/1573
f 1574/1574/1574 1573/1573/1573 1572/1572/1572
f 1573/1573/1573 1574/1574/1574 1575/1575/1575
f 1576/1576/1576 1575/1575/1575 1574/1574/1574
f 1575/1575/1575 1576/1576/1576 1577/1577/1577
f 1578/1578/1578 1577/1577/1577 1576/1576/1576
f 1581/1581/1581 1580/1580/1580 1579/1579/1579
f 1582/1582/1582 1579/1579/1579 1580/1580/1580
f 1583/1583/1583 1579/1579/1579 1582/1582/1582
f 1584/1584/1584 1579/1579/1579 1583/1583/1583
f 1587/1587/1587 1586/1586/1586 1585/1585/1585
f 1588/1588/1588 1585/1585/1585 1586/1586/1586
f 1588/1588/1588 1586/1586/1586 1589/1589/1589
f 1588/1588/1588 1589/1589/1589 1590/1590/1590
f 1591/1591/1591 1590/1590/1590 1589/1589/1589
f 1592/1592/1592 1589/1589/1589 1586/1586/1586
f 1593/1593/1593 1592/1592/1592 1586/1586/1586
f 1594/1594/1594 1592/1592/1592 1593/1593/1593
f 1592/1592/1592 1594/1594/1594 1595/1595/1595
f 1596/1596/1596 1590/1590/1590 1591/1591/1591
f 1597/1597/1597 1590/1590/1590 1596/1596/1596
f 1598/1598/1598 1597/1597/1597 1596/1596/1596
f 1599/1599/1599 1595/1595/1595 1594/1594/1594
f 1595/1595/1595 1599/1599/1599 1600/1600/1600
f 1601/1601/1601 1598/1598/1598 1596/1596/1596
f 1600/1600/1600 1599/1599/1599 1601/1601/1601
f 1602/1602/1602 1598/1598/1598 1601/1601/1601
f 1603/1603/1603 1601/1601/1601 1599/1599/1599
f 1602/1602/1602 1601/1601/1601 1603/1603/1603
f 1606/1606/1606 1605/1605/1605 1604/1604/1604
f 1607/1607/1607 1604/1604/1604 1605/1605/1605
f 1610/1610/1610 1609/1609/1609 1608/1608/1608
f 1611/1611/1611 1608/1608/1608 1609/1609/1609
f 1614/1614/1614 1613/1613/1613 1612/1612/1612
f 1615/1615/1615 1612/1612/1612 1613/1613/1613
f 1618/1618/1618 1617/1617/1617 1616/1616/1616
f 1617/1617/1617 1619/1619/1619 1616/1616/1616
f 1616/1616/1616 1619/1619/1619 1620/1620/1620
f 1623/1623/1623 1622/1622/1622 1621/1621/1621
f 1624/1624/1624 1621/1621/1621 1622/1622/1622
f 1627/1627/1627 1626/1626/1626 1625/1625/1625
f 1628/1628/1628 1625/1625/1625 1626/1626/1626
f 1631/1631/1631 1630/1630/1630 1629/1629/1629
f 1632/1632/1632 1629/1629/1629 1630/1630/1630
f 1632/1632/1632 1633/1633/1633 1629/1629/1629
f 1634/1634/1634 1629/1629/1629 1633/1633/1633
f 1633/1633/1633 1632/1632/1632 1635/1635/1635
f 1633/1633/1633 1635/1635/1635 1634/1634/1634
f 1632/1632/1632 1630/1630/1630 1636/1636/1636
f 1636/1636/1636 1635/1635/1635 1632/1632/1632
f 1637/1637/1637 1634/1634/1634 1635/1635/1635
f 1637/1637/1637 1635/1635/1635 1636/1636/1636
f 1634/1634/1634 1637/1637/1637 1638/1638/1638
f 1639/1639/1639 1638/1638/1638 1637/1637/1637
f 1639/1639/1639 1640/1640/1640 1638/1638/1638
f 1641/1641/1641 1638/1638/1638 1640/1640/1640
f 1636/1636/1636 1642/1642/1642 1637/1637/1637
f 1642/1642/1642 1636/1636/1636 1643/1643/1643
f 1643/1643/1643 1636/1636/1636 1644/1644/1644
f 1644/1644/1644 1636/1636/1636 1630/1630/1630
f 1630/1630/1630 1645/1645/1645 1644/1644/1644
f 1644/1644/1644 1645/1645/1645 1646/1646/1646
f 1649/1649/1649 1648/1648/1648 1647/1647/1647
f 1650/1650/1650 1649/1649/1649 1647/1647/1647
f 1649/1649/1649 1650/1650/1650 1651/1651/1651
f 1652/1652/1652 1651/1651/1651 1650/1650/1650
f 1653/1653/1653 1651/1651/1651 1652/1652/1652
f 1651/1651/1651 1653/1653/1653 1654/1654/1654
f 1654/1654/1654 1653/1653/1653 1655/1655/1655
f 1656/1656/1656 1655/1655/1655 1653/1653/1653
f 1655/1655/1655 1656/1656/1656 1657/1657/1657
f 1658/1658/1658 1657/1657/1657 1656/1656/1656
f 1658/1658/1658 1659/1659/1659 1657/1657/1657
f 1660/1660/1660 1657/1657/1657 1659/1659/1659
f 1663/1663/1663 1662/1662/1662 1661/1661/1661
f 1664/1664/1664 1661/1661/1661 1662/1662/1662
f 1661/1661/1661 1664/1664/1664 1665/1665/1665
f 1666/1666/1666 1665/1665/1665 1664/1664/1664
f 1665/1665/1665 1666/1666/1666 1667/1667/1667
f 1668/1668/1668 1667/1667/1667 1666/1666/1666
f 1669/1669/1669 1667/1667/1667 1668/1668/1668
f 1670/1670/1670 1669/1669/1669 1668/1668/1668
f 1669/1669/1669 1670/1670/1670 1671/1671/1671
f 1671/1671/1671 1670/1670/1670 1672/1672/1672
f 1673/1673/1673 1672/1672/1672 1670/1670/1670
f 1672/1672/1672 1673/1673/1673 1674/1674/1674
f 1675/1675/1675 1674/1674/1674 1673/1673/1673
f 1678/1678/1678 1677/1677/1677 1676/1676/1676
f 1678/1678/1678 1676/1676/1676 1679/1679/1679
f 1682/1682/1682 1681/1681/1681 1680/1680/1680
f 1681/1681/1681 1682/1682/1682 1683/1683/1683
f 1686/1686/1686 1685/1685/1685 1684/1684/1684
f 1687/1687/1687 1684/1684/1684 1685/1685/1685
f 1690/1690/1690 1689/1689/1689 1688/1688/1688
f 1691/1691/1691 1688/1688/1688 1689/1689/1689
f 1694/1694/1694 1693/1693/1693 1692/1692/1692
f 1695/1695/1695 1692/1692/1692 1693/1693/1693
f 1698/1698/1698 1697/1697/1697 1696/1696/1696
f 1699/1699/1699 1696/1696/1696 1697/1697/1697
f 1702/1702/1702 1701/1701/1701 1700/1700/1700
f 1703/1703/1703 1700/1700/1700 1701/1701/1701
f 1706/1706/1706 1705/1705/1705 1704/1704/1704
f 1707/1707/1707 1704/1704/1704 1705/1705/1705
f 1710/1710/1710 1709/1709/1709 1708/1708/1708
f 1711/1711/1711 1708/1708/1708 1709/1709/1709
f 1714/1714/1714 1713/1713/1713 1712/1712/1712
f 1715/1715/1715 1712/1712/1712 1713/1713/1713
f 1718/1718/1718 1717/1717/1717 1716/1716/1716
f 1719/1719/1719 1716/1716/1716 1717/1717/1717
f 1722/1722/1722 1721/1721/1721 1720/1720/1720
f 1723/1723/1723 1720/1720/1720 1721/1721/1721
f 1726/1726/1726 1725/1725/1725 1724/1724/1724
f 1727/1727/1727 1724/1724/1724 1725/1725/1725
f 1730/1730/1730 1729/1729/1729 1728/1728/1728
f 1731/1731/1731 1728/1728/1728 1729/1729/1729
f 1734/1734/1734 1733/1733/1733 1732/1732/1732
f 1735/1735/1735 1732/1732/1732 1733/1733/1733
f 1738/1738/1738 1737/1737/1737 1736/1736/1736
f 1739/1739/1739 1736/1736/1736 1737/1737/1737
f 1742/1742/1742 1741/1741/1741 1740/1740/1740
f 1743/1743/1743 1740/1740/1740 1741/1741/1741
f 1746/1746/1746 1745/1745/1745 1744/1744/1744
f 1747/1747/1747 1744/1744/1744 1745/1745/1745
f 1750/1750/1750 1749/1749/1749 1748/1748/1748
f 1751/1751/1751 1748/1748/1748 1749/1749/1749
f 1754/1754/1754 1753/1753/1753 1752/1752/1752
f 1755/1755/1755 1752/1752/1752 1753/1753/1753
f 1758/1758/1758 1757/1757/1757 1756/1756/1756
f 1759/1759/1759 1756/1756/1756 1757/1757/1757
f 1762/1762/1762 1761/1761/1761 1760/1760/1760
f 1763/1763/1763 1760/1760/1760 1761/1761/1761
f 1766/1766/1766 1765/1765/1765 1764/1764/1764
f 1767/1767/1767 1764/1764/1764 1765/1765/1765
f 1770/1770/1770 1769/1769/1769 1768/1768/1768
f 1771/1771/1771 1768/1768/1768 1769/1769/1769
f 1774/1774/1774 1773/1773/1773 1772/1772/1772
f 1775/1775/1775 1772/1772/1772 1773/1773/1773
f 1778/1778/1778 1777/1777/1777 1776/1776/1776
f 1779/1779/1779 1776/1776/1776 1777/1777/1777
f 1782/1782/1782 1781/1781/1781 1780/1780/1780
f 1783/1783/1783 1780/1780/1780 1781/1781/1781
f 1786/1786/1786 1785/1785/1785 1784/1784/1784
f 1787/1787/1787 1784/1784/1784 1785/1785/1785
f 1790/1790/1790 1789/1789/1789 1788/1788/1788
f 1791/1791/1791 1788/1788/1788 1789/1789/1789
f 1794/1794/1794 1793/1793/1793 1792/1792/1792
f 1795/1795/1795 1792/1792/1792 1793/1793/1793
f 1798/1798/1798 1797/1797/1797 1796/1796/1796
f 1799/1799/1799 1796/1796/1796 1797/1797/1797
f 1802/1802/1802 1801/1801/1801 1800/1800/1800
f 1803/1803/1803 1800/1800/1800 1801/1801/1801
f 1806/1806/1806 1805/1805/1805 1804/1804/1804
f 1807/1807/1807 1804/1804/1804 1805/1805/1805
f 1810/1810/1810 1809/1809/1809 1808/1808/1808
f 1811/1811/1811 1808/1808/1808 1809/1809/1809
f 1814/1814/1814 1813/1813/1813 1812/1812/1812
f 1815/1815/1815 1812/1812/1812 1813/1813/1813
f 1818/1818/1818 1817/1817/1817 1816/1816/1816
f 1819/1819/1819 1816/1816/1816 1817/1817/1817
f 1822/1822/1822 1821/1821/1821 1820/1820/1820
f 1823/1823/1823 1820/1820/1820 1821/1821/1821
f 1826/1826/1826 1825/1825/1825 1824/1824/1824
f 1827/1827/1827 1824/1824/1824 1825/1825/1825
f 1830/1830/1830 1829/1829/1829 1828/1828/1828
f 1831/1831/1831 1828/1828/1828 1829/1829/1829
f 1834/1834/1834 1833/1833/1833 1832/1832/1832
f 1835/1835/1835 1832/1832/1832 1833/1833/1833
f 1838/1838/1838 1837/1837/1837 1836/1836/1836
f 1839/1839/1839 1836/1836/1836 1837/1837/1837
f 1842/1842/1842 1841/1841/1841 1840/1840/1840
f 1843/1843/1843 1840/1840/1840 1841/1841/1841
f 1846/1846/1846 1845/1845/1845 1844/1844/1844
f 1847/1847/1847 1844/1844/1844 1845/1845/1845
f 1850/1850/1850 1849/1849/1849 1848/1848/1848
f 1851/1851/1851 1848/1848/1848 1849/1849/1849
f 1854/1854/1854 1853/1853/1853 1852/1852/1852
f 1855/1855/1855 1852/1852/1852 1853/1853/1853
f 1858/1858/1858 1857/1857/1857 1856/1856/1856
f 1859/1859/1859 1856/1856/1856 1857/1857/1857
f 1862/1862/1862 1861/1861/1861 1860/1860/1860
f 1863/1863/1863 1860/1860/1860 1861/1861/1861
f 1866/1866/1866 1865/1865/1865 1864/1864/1864
f 1867/1867/1867 1864/1864/1864 1865/1865/1865
f 1870/1870/1870 1869/1869/1869 1868/1868/1868
f 1871/1871/1871 1868/1868/1868 1869/1869/1869
f 1874/1874/1874 1873/1873/1873 1872/1872/1872
f 1875/1875/1875 1872/1872/1872 1873/1873/1873
f 1878/1878/1878 1877/1877/1877 1876/1876/1876
f 1879/1879/1879 1876/1876/1876 1877/1877/1877
f 1882/1882/1882 1881/1881/1881 1880/1880/1880
f 1883/1883/1883 1880/1880/1880 1881/1881/1881
f 1886/1886/1886 1885/1885/1885 1884/1884/1884
f 1887/1887/1887 1884/1884/1884 1885/1885/1885
f 1890/1890/1890 1889/1889/1889 1888/1888/1888
f 1891/1891/1891 1888/1888/1888 1889/1889/1889
f 1894/1894/1894 1893/1893/1893 1892/1892/1892
f 1895/1895/1895 1892/1892/1892 1893/1893/1893
f 1898/1898/1898 1897/1897/1897 1896/1896/1896
f 1899/1899/1899 1896/1896/1896 1897/1897/1897
f 1902/1902/1902 1901/1901/1901 1900/1900/1900
f 1903/1903/1903 1900/1900/1900 1901/1901/1901
f 1906/1906/1906 1905/1905/1905 1904/1904/1904
f 1907/1907/1907 1904/1904/1904 1905/1905/1905
f 1910/1910/1910 1909/1909/1909 1908/1908/1908
f 1911/1911/1911 1908/1908/1908 1909/1909/1909
f 1914/1914/1914 1913/1913/1913 1912/1912/1912
f 1915/1915/1915 1912/1912/1912 1913/1913/1913
f 1918/1918/1918 1917/1917/1917 1916/1916/1916
f 1919/1919/1919 1916/1916/1916 1917/1917/1917
f 1922/1922/1922 1921/1921/1921 1920/1920/1920
f 1923/1923/1923 1920/1920/1920 1921/1921/1921
f 1923/1923/1923 1924/1924/1924 1920/1920/1920
f 1924/1924/1924 1923/1923/1923 1925/1925/1925
f 1926/1926/1926 1920/1920/1920 1924/1924/1924
f 1920/1920/1920 1926/1926/1926 1927/1927/1927
f 1927/1927/1927 1926/1926/1926 1928/1928/1928
f 1929/1929/1929 1928/1928/1928 1926/1926/1926
f 1925/1925/1925 1923/1923/1923 1930/1930/1930
f 1931/1931/1931 1930/1930/1930 1923/1923/1923
f 1932/1932/1932 1930/1930/1930 1931/1931/1931
f 1928/1928/1928 1929/1929/1929 1933/1933/1933
f 1934/1934/1934 1933/1933/1933 1929/1929/1929
f 1930/1930/1930 1932/1932/1932 1935/1935/1935
f 1935/1935/1935 1933/1933/1933 1934/1934/1934
f 1936/1936/1936 1935/1935/1935 1932/1932/1932
f 1933/1933/1933 1935/1935/1935 1936/1936/1936
f 1939/1939/1939 1938/1938/1938 1937/1937/1937
f 1938/1938/1938 1939/1939/1939 1940/1940/1940
f 1939/1939/1939 1941/1941/1941 1940/1940/1940
f 1942/1942/1942 1940/1940/1940 1941/1941/1941
f 1945/1945/1945 1944/1944/1944 1943/1943/1943
f 1946/1946/1946 1943/1943/1943 1944/1944/1944
f 1947/1947/1947 1943/1943/1943 1946/1946/1946
f 1943/1943/1943 1947/1947/1947 1948/1948/1948
f 1949/1949/1949 1948/1948/1948 1947/1947/1947
f 1948/1948/1948 1949/1949/1949 1950/1950/1950
f 1951/1951/1951 1950/1950/1950 1949/1949/1949
f 1952/1952/1952 1950/1950/1950 1951/1951/1951
f 1953/1953/1953 1952/1952/1952 1951/1951/1951
f 1954/1954/1954 1953/1953/1953 1951/1951/1951
f 1953/1953/1953 1954/1954/1954 1955/1955/1955
f 1956/1956/1956 1955/1955/1955 1954/1954/1954
f 1955/1955/1955 1956/1956/1956 1957/1957/1957
f 1958/1958/1958 1957/1957/1957 1956/1956/1956
f 1957/1957/1957 1958/1958/1958 1959/1959/1959
f 1960/1960/1960 1959/1959/1959 1958/1958/1958
f 1963/1963/1963 1962/1962/1962 1961/1961/1961
f 1963/1963/1963 1964/1964/1964 1962/1962/1962
f 1962/1962/1962 1966/1966/1966 1965/1965/1965
f 1966/1966/1966 1962/1962/1962 1967/1967/1967
f 1967/1967/1967 1962/1962/1962 1968/1968/1968
f 1967/1967/1967 1968/1968/1968 1969/1969/1969
f 1968/1968/1968 1962/1962/1962 1970/1970/1970
f 1962/1962/1962 1971/1971/1971 1970/1970/1970
f 1972/1972/1972 1969/1969/1969 1968/1968/1968
f 1969/1969/1969 1972/1972/1972 1973/1973/1973
f 1972/1972/1972 1974/1974/1974 1973/1973/1973
f 1975/1975/1975 1973/1973/1973 1974/1974/1974
f 1975/1975/1975 1976/1976/1976 1973/1973/1973
f 1977/1977/1977 1973/1973/1973 1976/1976/1976
f 1977/1977/1977 1976/1976/1976 1978/1978/1978
f 1979/1979/1979 1978/1978/1978 1976/1976/1976
f 1980/1980/1980 1978/1978/1978 1979/1979/1979
f 1978/1978/1978 1980/1980/1980 1981/1981/1981
f 1981/1981/1981 1980/1980/1980 1982/1982/1982
f 1983/1983/1983 1982/1982/1982 1980/1980/1980
f 1982/1982/1982 1983/1983/1983 1984/1984/1984
f 1985/1985/1985 1984/1984/1984 1983/1983/1983
f 1984/1984/1984 1985/1985/1985 1986/1986/1986
f 1987/1987/1987 1986/1986/1986 1985/1985/1985
f 1987/1987/1987 1988/1988/1988 1986/1986/1986
f 1986/1986/1986 1988/1988/1988 1989/1989/1989
f 1990/1990/1990 1989/1989/1989 1988/1988/1988
f 1989/1989/1989 1990/1990/1990 1991/1991/1991
f 1991/1991/1991 1990/1990/1990 1992/1992/1992
f 1993/1993/1993 1992/1992/1992 1990/1990/1990
f 1994/1994/1994 1992/1992/1992 1993/1993/1993
f 1992/1992/1992 1994/1994/1994 1995/1995/1995
f 1995/1995/1995 1994/1994/1994 1996/1996/1996
f 1997/1997/1997 1996/1996/1996 1994/1994/1994
f 1996/1996/1996 1997/1997/1997 1998/1998/1998
f 1999/1999/1999 1998/1998/1998 1997/1997/1997
f 1998/1998/1998 1999/1999/1999 2000/2000/2000
f 2001/2001/2001 2000/2000/2000 1999/1999/1999
f 2002/2002/2002 2000/2000/2000 2001/2001/2001
f 2005/2005/2005 2004/2004/2004 2003/2003/2003
f 2003/2003/2003 2004/2004/2004 2006/2006/2006
f 2003/2003/2003 2006/2006/2006 2007/2007/2007
f 2003/2003/2003 2007/2007/2007 2008/2008/2008
f 2009/2009/2009 2008/2008/2008 2007/2007/2007
f 2010/2010/2010 2007/2007/2007 2006/2006/2006
f 2010/2010/2010 2011/2011/2011 2007/2007/2007
f 2010/2010/2010 2012/2012/2012 2011/2011/2011
f 2012/2012/2012 2010/2010/2010 2013/2013/2013
f 2012/2012/2012 2013/2013/2013 2014/2014/2014
f 2014/2014/2014 2015/2015/2015 2012/2012/2012
f 2015/2015/2015 2014/2014/2014 2016/2016/2016
f 2017/2017/2017 2016/2016/2016 2014/2014/2014
f 2018/2018/2018 2017/2017/2017 2014/2014/2014
f 2016/2016/2016 2017/2017/2017 2019/2019/2019
f 2019/2019/2019 2020/2020/2020 2016/2016/2016
f 2021/2021/2021 2020/2020/2020 2019/2019/2019
f 2021/2021/2021 2019/2019/2019 2022/2022/2022
f 2019/2019/2019 2023/2023/2023 2022/2022/2022
f 2024/2024/2024 2022/2022/2022 2023/2023/2023
f 2025/2025/2025 2023/2023/2023 2019/2019/2019
f 2017/2017/2017 2018/2018/2018 2026/2026/2026
f 2027/2027/2027 2026/2026/2026 2018/2018/2018
f 2026/2026/2026 2028/2028/2028 2017/2017/2017
f 2029/2029/2029 2026/2026/2026 2027/2027/2027
f 2028/2028/2028 2026/2026/2026 2030/2030/2030
f 2031/2031/2031 2026/2026/2026 2029/2029/2029
f 2031/2031/2031 2030/2030/2030 2026/2026/2026
f 2033/2033/2033 2032/2032/2032 1321/1321/1321
f 2032/2032/2032 1375/1375/1375 1321/1321/1321
f 1375/1375/1375 2032/2032/2032 2034/2034/2034
f 2034/2034/2034 2032/2032/2032 2035/2035/2035
f 2034/2034/2034 2035/2035/2035 2036/2036/2036
f 2037/2037/2037 1375/1375/1375 2034/2034/2034
f 1371/1371/1371 1375/1375/1375 2037/2037/2037
f 2038/2038/2038 1371/1371/1371 2037/2037/2037
f 2038/2038/2038 2037/2037/2037 2039/2039/2039
f 2039/2039/2039 2040/2040/2040 2038/2038/2038
f 2040/2040/2040 2041/2041/2041 2038/2038/2038
f 1371/1371/1371 2038/2038/2038 2042/2042/2042
f 2041/2041/2041 2043/2043/2043 2038/2038/2038
f 2042/2042/2042 2038/2038/2038 2044/2044/2044
f 2038/2038/2038 2043/2043/2043 2044/2044/2044
f 2042/2042/2042 2044/2044/2044 2045/2045/2045
f 2046/2046/2046 2044/2044/2044 2043/2043/2043
f 2046/2046/2046 2045/2045/2045 2044/2044/2044
f 2049/2049/2049 2048/2048/2048 2047/2047/2047
f 2050/2050/2050 2047/2047/2047 2048/2048/2048
f 2053/2053/2053 2052/2052/2052 2051/2051/2051
f 2054/2054/2054 2051/2051/2051 2052/2052/2052
f 2052/2052/2052 2055/2055/2055 2054/2054/2054
f 2058/2058/2058 2057/2057/2057 2056/2056/2056
f 2059/2059/2059 2056/2056/2056 2057/2057/2057
f 2057/2057/2057 2060/2060/2060 2059/2059/2059
f 2063/2063/2063 2062/2062/2062 2061/2061/2061
f 2064/2064/2064 2061/2061/2061 2062/2062/2062
f 2062/2062/2062 2065/2065/2065 2064/2064/2064
f 2068/2068/2068 2067/2067/2067 2066/2066/2066
f 2069/2069/2069 2066/2066/2066 2067/2067/2067
f 2067/2067/2067 2070/2070/2070 2069/2069/2069
f 2073/2073/2073 2072/2072/2072 2071/2071/2071
f 2074/2074/2074 2071/2071/2071 2072/2072/2072
f 2072/2072/2072 2075/2075/2075 2074/2074/2074
f 2078/2078/2078 2077/2077/2077 2076/2076/2076
f 2079/2079/2079 2076/2076/2076 2077/2077/2077
f 2077/2077/2077 2080/2080/2080 2079/2079/2079
f 2083/2083/2083 2082/2082/2082 2081/2081/2081
f 2084/2084/2084 2081/2081/2081 2082/2082/2082
f 2082/2082/2082 2085/2085/2085 2084/2084/2084
f 2088/2088/2088 2087/2087/2087 2086/2086/2086
f 2089/2089/2089 2086/2086/2086 2087/2087/2087
f 2087/2087/2087 2090/2090/2090 2089/2089/2089
f 2093/2093/2093 2092/2092/2092 2091/2091/2091
f 2094/2094/2094 2091/2091/2091 2092/2092/2092
f 2092/2092/2092 2095/2095/2095 2094/2094/2094
f 2098/2098/2098 2097/2097/2097 2096/2096/2096
f 2099/2099/2099 2096/2096/2096 2097/2097/2097
f 2097/2097/2097 2100/2100/2100 2099/2099/2099
f 2103/2103/2103 2102/2102/2102 2101/2101/2101
f 2104/2104/2104 2101/2101/2101 2102/2102/2102
f 2102/2102/2102 2105/2105/2105 2104/2104/2104
f 2108/2108/2108 2107/2107/2107 2106/2106/2106
f 2109/2109/2109 2106/2106/2106 2107/2107/2107
f 2107/2107/2107 2110/2110/2110 2109/2109/2109
f 2113/2113/2113 2112/2112/2112 2111/2111/2111
f 2114/2114/2114 2111/2111/2111 2112/2112/2112
f 2112/2112/2112 2115/2115/2115 2114/2114/2114
f 2118/2118/2118 2117/2117/2117 2116/2116/2116
f 2119/2119/2119 2116/2116/2116 2117/2117/2117
f 2117/2117/2117 2120/2120/2120 2119/2119/2119
f 2123/2123/2123 2122/2122/2122 2121/2121/2121
f 2124/2124/2124 2121/2121/2121 2122/2122/2122
f 2122/2122/2122 2125/2125/2125 2124/2124/2124
f 2128/2128/2128 2127/2127/2127 2126/2126/2126
f 2129/2129/2129 2126/2126/2126 2127/2127/2127
f 2127/2127/2127 2130/2130/2130 2129/2129/2129
f 2133/2133/2133 2132/2132/2132 2131/2131/2131
f 2134/2134/2134 2131/2131/2131 2132/2132/2132
f 2132/2132/2132 2135/2135/2135 2134/2134/2134
f 2138/2138/2138 2137/2137/2137 2136/2136/2136
f 2139/2139/2139 2136/2136/2136 2137/2137/2137
f 2137/2137/2137 2140/2140/2140 2139/2139/2139
f 2143/2143/2143 2142/2142/2142 2141/2141/2141
f 2144/2144/2144 2141/2141/2141 2142/2142/2142
f 2142/2142/2142 2145/2145/2145 2144/2144/2144
f 2148/2148/2148 2147/2147/2147 2146/2146/2146
f 2149/2149/2149 2146/2146/2146 2147/2147/2147
f 2147/2147/2147 2150/2150/2150 2149/2149/2149
f 2153/2153/2153 2152/2152/2152 2151/2151/2151
f 2154/2154/2154 2151/2151/2151 2152/2152/2152
f 2155/2155/2155 2154/2154/2154 2152/2152/2152
f 2154/2154/2154 2155/2155/2155 2156/2156/2156
f 2157/2157/2157 2156/2156/2156 2155/2155/2155
f 2160/2160/2160 2159/2159/2159 2158/2158/2158
f 2161/2161/2161 2158/2158/2158 2159/2159/2159
f 2164/2164/2164 2163/2163/2163 2162/2162/2162
f 2163/2163/2163 2164/2164/2164 2165/2165/2165
f 2166/2166/2166 2165/2165/2165 2164/2164/2164
f 2167/2167/2167 2165/2165/2165 2166/2166/2166
f 2165/2165/2165 2167/2167/2167 2168/2168/2168
f 2168/2168/2168 2167/2167/2167 2169/2169/2169
f 2170/2170/2170 2169/2169/2169 2167/2167/2167
f 2169/2169/2169 2170/2170/2170 2171/2171/2171
f 2173/2173/2173 2172/2172/2172 2163/2163/2163
f 2172/2172/2172 2173/2173/2173 2174/2174/2174
f 2175/2175/2175 2174/2174/2174 2173/2173/2173
f 2174/2174/2174 2175/2175/2175 2176/2176/2176
f 2177/2177/2177 2176/2176/2176 2175/2175/2175
f 2179/2179/2179 2171/2171/2171 2178/2178/2178
f 2178/2178/2178 2180/2180/2180 2179/2179/2179
f 2171/2171/2171 2179/2179/2179 2181/2181/2181
f 2182/2182/2182 2181/2181/2181 2179/2179/2179
f 2181/2181/2181 2182/2182/2182 2183/2183/2183
f 2184/2184/2184 2183/2183/2183 2182/2182/2182
f 2187/2187/2187 2186/2186/2186 2185/2185/2185
f 2188/2188/2188 2185/2185/2185 2186/2186/2186
f 2189/2189/2189 2188/2188/2188 2186/2186/2186
f 2189/2189/2189 2190/2190/2190 2188/2188/2188
f 2188/2188/2188 2190/2190/2190 2191/2191/2191
f 2192/2192/2192 2191/2191/2191 2190/2190/2190
f 2191/2191/2191 2192/2192/2192 2193/2193/2193
f 2194/2194/2194 2193/2193/2193 2192/2192/2192
f 2193/2193/2193 2194/2194/2194 2195/2195/2195
f 2196/2196/2196 2195/2195/2195 2194/2194/2194
f 2199/2199/2199 2198/2198/2198 2197/2197/2197
f 2197/2197/2197 2200/2200/2200 2199/2199/2199
f 2201/2201/2201 2199/2199/2199 2200/2200/2200
f 2199/2199/2199 2201/2201/2201 2202/2202/2202
f 2202/2202/2202 2203/2203/2203 2199/2199/2199
f 2204/2204/2204 2202/2202/2202 2201/2201/2201
f 2201/2201/2201 2205/2205/2205 2204/2204/2204
f 2206/2206/2206 2204/2204/2204 2205/2205/2205
f 2205/2205/2205 2201/2201/2201 2207/2207/2207
f 2200/2200/2200 2207/2207/2207 2201/2201/2201
f 2208/2208/2208 2207/2207/2207 2200/2200/2200
f 2208/2208/2208 2200/2200/2200 2197/2197/2197
f 2208/2208/2208 2209/2209/2209 2207/2207/2207
f 2208/2208/2208 2197/2197/2197 2209/2209/2209
f 2210/2210/2210 2207/2207/2207 2209/2209/2209
f 2210/2210/2210 2209/2209/2209 2211/2211/2211
f 2212/2212/2212 2197/2197/2197 2203/2203/2203
f 2203/2203/2203 2213/2213/2213 2212/2212/2212
f 2214/2214/2214 2212/2212/2212 2213/2213/2213
f 2212/2212/2212 2215/2215/2215 2197/2197/2197
f 2212/2212/2212 2214/2214/2214 2215/2215/2215
f 2213/2213/2213 2216/2216/2216 2214/2214/2214
f 2216/2216/2216 2213/2213/2213 2217/2217/2217
f 2218/2218/2218 2216/2216/2216 2217/2217/2217
f 2216/2216/2216 2218/2218/2218 2219/2219/2219
f 2219/2219/2219 2214/2214/2214 2216/2216/2216
f 2220/2220/2220 2219/2219/2219 2218/2218/2218
f 2219/2219/2219 2220/2220/2220 2221/2221/2221
f 2221/2221/2221 2214/2214/2214 2219/2219/2219
f 2221/2221/2221 2222/2222/2222 2214/2214/2214
f 2223/2223/2223 2221/2221/2221 2220/2220/2220
f 2221/2221/2221 2223/2223/2223 2224/2224/2224
f 2221/2221/2221 2224/2224/2224 2222/2222/2222
f 2225/2225/2225 2224/2224/2224 2223/2223/2223
f 2224/2224/2224 2225/2225/2225 2222/2222/2222
f 2215/2215/2215 2214/2214/2214 2226/2226/2226
f 2222/2222/2222 2226/2226/2226 2214/2214/2214
f 2227/2227/2227 2197/2197/2197 2215/2215/2215
f 2227/2227/2227 2215/2215/2215 2226/2226/2226
f 2228/2228/2228 2222/2222/2222 2225/2225/2225
f 2225/2225/2225 2229/2229/2229 2228/2228/2228
f 2230/2230/2230 2197/2197/2197 2227/2227/2227
f 2230/2230/2230 2209/2209/2209 2197/2197/2197
f 2209/2209/2209 2230/2230/2230 2231/2231/2231
f 2230/2230/2230 2227/2227/2227 2231/2231/2231
f 2231/2231/2231 2232/2232/2232 2209/2209/2209
f 2232/2232/2232 2231/2231/2231 2233/2233/2233
f 2234/2234/2234 2228/2228/2228 2229/2229/2229
f 2235/2235/2235 2228/2228/2228 2234/2234/2234
f 2229/2229/2229 2236/2236/2236 2234/2234/2234
f 2228/2228/2228 2237/2237/2237 2222/2222/2222
f 2235/2235/2235 2237/2237/2237 2228/2228/2228
f 2238/2238/2238 2234/2234/2234 2236/2236/2236
f 2236/2236/2236 2239/2239/2239 2238/2238/2238
f 2239/2239/2239 2240/2240/2240 2238/2238/2238
f 2241/2241/2241 2234/2234/2234 2238/2238/2238
f 2241/2241/2241 2238/2238/2238 2240/2240/2240
f 2234/2234/2234 2241/2241/2241 2235/2235/2235
f 2240/2240/2240 2242/2242/2242 2241/2241/2241
f 2242/2242/2242 2240/2240/2240 2243/2243/2243
f 2243/2243/2243 2244/2244/2244 2242/2242/2242
f 2237/2237/2237 2245/2245/2245 2222/2222/2222
f 2226/2226/2226 2222/2222/2222 2245/2245/2245
f 2246/2246/2246 2235/2235/2235 2241/2241/2241
f 2246/2246/2246 2241/2241/2241 2242/2242/2242
f 2242/2242/2242 2244/2244/2244 2247/2247/2247
f 2248/2248/2248 2247/2247/2247 2244/2244/2244
f 2247/2247/2247 2248/2248/2248 2249/2249/2249
f 2250/2250/2250 2249/2249/2249 2248/2248/2248
f 2249/2249/2249 2251/2251/2251 2247/2247/2247
f 2247/2247/2247 2251/2251/2251 2242/2242/2242
f 2252/2252/2252 2246/2246/2246 2242/2242/2242
f 2252/2252/2252 2242/2242/2242 2251/2251/2251
f 2246/2246/2246 2252/2252/2252 2235/2235/2235
f 2251/2251/2251 2253/2253/2253 2252/2252/2252
f 2253/2253/2253 2251/2251/2251 2254/2254/2254
f 2254/2254/2254 2255/2255/2255 2253/2253/2253
f 2255/2255/2255 2256/2256/2256 2253/2253/2253
f 2257/2257/2257 2235/2235/2235 2252/2252/2252
f 2257/2257/2257 2252/2252/2252 2253/2253/2253
f 2258/2258/2258 2253/2253/2253 2256/2256/2256
f 2256/2256/2256 2259/2259/2259 2258/2258/2258
f 2235/2235/2235 2257/2257/2257 2260/2260/2260
f 2237/2237/2237 2235/2235/2235 2260/2260/2260
f 2245/2245/2245 2237/2237/2237 2260/2260/2260
f 2261/2261/2261 2257/2257/2257 2253/2253/2253
f 2261/2261/2261 2260/2260/2260 2257/2257/2257
f 2260/2260/2260 2261/2261/2261 2245/2245/2245
f 2253/2253/2253 2258/2258/2258 2261/2261/2261
f 2262/2262/2262 2258/2258/2258 2259/2259/2259
f 2259/2259/2259 2263/2263/2263 2262/2262/2262
f 2245/2245/2245 2261/2261/2261 2264/2264/2264
f 2245/2245/2245 2264/2264/2264 2226/2226/2226
f 2265/2265/2265 2261/2261/2261 2258/2258/2258
f 2258/2258/2258 2262/2262/2262 2265/2265/2265
f 2265/2265/2265 2264/2264/2264 2261/2261/2261
f 2266/2266/2266 2262/2262/2262 2263/2263/2263
f 2267/2267/2267 2266/2266/2266 2263/2263/2263
f 2268/2268/2268 2265/2265/2265 2262/2262/2262
f 2264/2264/2264 2265/2265/2265 2268/2268/2268
f 2269/2269/2269 2226/2226/2226 2264/2264/2264
f 2226/2226/2226 2269/2269/2269 2227/2227/2227
f 2262/2262/2262 2266/2266/2266 2270/2270/2270
f 2270/2270/2270 2268/2268/2268 2262/2262/2262
f 2266/2266/2266 2267/2267/2267 2271/2271/2271
f 2271/2271/2271 2270/2270/2270 2266/2266/2266
f 2272/2272/2272 2271/2271/2271 2267/2267/2267
f 2273/2273/2273 2264/2264/2264 2268/2268/2268
f 2268/2268/2268 2270/2270/2270 2273/2273/2273
f 2264/2264/2264 2273/2273/2273 2269/2269/2269
f 2274/2274/2274 2227/2227/2227 2269/2269/2269
f 2227/2227/2227 2274/2274/2274 2231/2231/2231
f 2270/2270/2270 2271/2271/2271 2275/2275/2275
f 2275/2275/2275 2273/2273/2273 2270/2270/2270
f 2271/2271/2271 2272/2272/2272 2276/2276/2276
f 2276/2276/2276 2275/2275/2275 2271/2271/2271
f 2277/2277/2277 2276/2276/2276 2272/2272/2272
f 2269/2269/2269 2273/2273/2273 2278/2278/2278
f 2273/2273/2273 2275/2275/2275 2278/2278/2278
f 2278/2278/2278 2274/2274/2274 2269/2269/2269
f 2279/2279/2279 2275/2275/2275 2276/2276/2276
f 2276/2276/2276 2277/2277/2277 2279/2279/2279
f 2279/2279/2279 2278/2278/2278 2275/2275/2275
f 2280/2280/2280 2279/2279/2279 2277/2277/2277
f 2279/2279/2279 2281/2281/2281 2278/2278/2278
f 2282/2282/2282 2278/2278/2278 2281/2281/2281
f 2278/2278/2278 2282/2282/2282 2274/2274/2274
f 2283/2283/2283 2231/2231/2231 2274/2274/2274
f 2283/2283/2283 2274/2274/2274 2282/2282/2282
f 2283/2283/2283 2233/2233/2233 2231/2231/2231
f 2282/2282/2282 2233/2233/2233 2283/2283/2283
f 2284/2284/2284 2233/2233/2233 2282/2282/2282
f 2285/2285/2285 2284/2284/2284 2282/2282/2282
f 2286/2286/2286 2285/2285/2285 2279/2279/2279
f 2289/2289/2289 2288/2288/2288 2287/2287/2287
f 2290/2290/2290 2288/2288/2288 2289/2289/2289
f 2291/2291/2291 2290/2290/2290 2289/2289/2289
f 2290/2290/2290 2291/2291/2291 2292/2292/2292
f 2293/2293/2293 2292/2292/2292 2291/2291/2291
f 2294/2294/2294 2292/2292/2292 2293/2293/2293
f 2295/2295/2295 2292/2292/2292 2294/2294/2294
f 2292/2292/2292 2295/2295/2295 2296/2296/2296
f 2297/2297/2297 2296/2296/2296 2295/2295/2295
f 2300/2300/2300 2299/2299/2299 2298/2298/2298
f 2301/2301/2301 2298/2298/2298 2299/2299/2299
f 2301/2301/2301 2302/2302/2302 2298/2298/2298
f 2298/2298/2298 2302/2302/2302 2303/2303/2303
f 2304/2304/2304 2303/2303/2303 2302/2302/2302
f 2305/2305/2305 2304/2304/2304 2302/2302/2302
f 2308/2308/2308 2307/2307/2307 2306/2306/2306
f 2309/2309/2309 2306/2306/2306 2307/2307/2307
f 2309/2309/2309 2307/2307/2307 2310/2310/2310
f 2311/2311/2311 2310/2310/2310 2307/2307/2307
f 2314/2314/2314 2313/2313/2313 2312/2312/2312
f 2315/2315/2315 2312/2312/2312 2313/2313/2313
f 2312/2312/2312 2315/2315/2315 2316/2316/2316
f 2317/2317/2317 2316/2316/2316 2315/2315/2315
f 2316/2316/2316 2317/2317/2317 2318/2318/2318
f 2319/2319/2319 2318/2318/2318 2317/2317/2317
f 2322/2322/2322 2321/2321/2321 2320/2320/2320
f 2323/2323/2323 2320/2320/2320 2321/2321/2321
f 2320/2320/2320 2323/2323/2323 2324/2324/2324
f 2324/2324/2324 2323/2323/2323 2325/2325/2325
f 2326/2326/2326 2325/2325/2325 2323/2323/2323
f 2325/2325/2325 2326/2326/2326 2327/2327/2327
f 2328/2328/2328 2327/2327/2327 2326/2326/2326
f 2327/2327/2327 2328/2328/2328 2329/2329/2329
f 2329/2329/2329 2328/2328/2328 2330/2330/2330
f 2331/2331/2331 2330/2330/2330 2328/2328/2328
f 2334/2334/2334 2333/2333/2333 2332/2332/2332
f 2335/2335/2335 2332/2332/2332 2333/2333/2333
f 2336/2336/2336 2332/2332/2332 2335/2335/2335
f 2337/2337/2337 2332/2332/2332 2336/2336/2336
f 2336/2336/2336 2338/2338/2338 2337/2337/2337
f 2337/2337/2337 2338/2338/2338 2339/2339/2339
f 2340/2340/2340 2339/2339/2339 2338/2338/2338
f 2341/2341/2341 2340/2340/2340 2338/2338/2338
f 2344/2344/2344 2343/2343/2343 2342/2342/2342
f 2342/2342/2342 2343/2343/2343 2345/2345/2345
f 2342/2342/2342 2345/2345/2345 2346/2346/2346
f 2347/2347/2347 2346/2346/2346 2345/2345/2345
f 2350/2350/2350 2349/2349/2349 2348/2348/2348
f 2351/2351/2351 2349/2349/2349 2350/2350/2350
f 2349/2349/2349 2351/2351/2351 2352/2352/2352
f 2352/2352/2352 2353/2353/2353 2349/2349/2349
f 2356/2356/2356 2355/2355/2355 2354/2354/2354
f 2357/2357/2357 2354/2354/2354 2355/2355/2355
f 2360/2360/2360 2359/2359/2359 2358/2358/2358
f 2358/2358/2358 2359/2359/2359 2361/2361/2361
f 2362/2362/2362 2361/2361/2361 2359/2359/2359
f 2363/2363/2363 2361/2361/2361 2362/2362/2362
f 2366/2366/2366 2365/2365/2365 2364/2364/2364
f 2367/2367/2367 2364/2364/2364 2365/2365/2365
f 2370/2370/2370 2369/2369/2369 2368/2368/2368
f 2370/2370/2370 2368/2368/2368 2371/2371/2371
f 2372/2372/2372 2371/2371/2371 2368/2368/2368
f 2373/2373/2373 2371/2371/2371 2372/2372/2372
f 2368/2368/2368 2374/2374/2374 2372/2372/2372
f 2372/2372/2372 2374/2374/2374 2375/2375/2375
f 2375/2375/2375 2374/2374/2374 2376/2376/2376
f 2376/2376/2376 2377/2377/2377 2375/2375/2375
f 2375/2375/2375 2377/2377/2377 2378/2378/2378
f 2379/2379/2379 2378/2378/2378 2377/2377/2377
f 2380/2380/2380 2377/2377/2377 2376/2376/2376
f 2381/2381/2381 2376/2376/2376 2374/2374/2374
f 2376/2376/2376 2381/2381/2381 2380/2380/2380
f 2374/2374/2374 2382/2382/2382 2381/2381/2381
f 2382/2382/2382 2374/2374/2374 2383/2383/2383
f 2384/2384/2384 2383/2383/2383 2374/2374/2374
f 2385/2385/2385 2381/2381/2381 2382/2382/2382
f 2385/2385/2385 2386/2386/2386 2381/2381/2381
f 2386/2386/2386 2380/2380/2380 2381/2381/2381
f 2385/2385/2385 2387/2387/2387 2386/2386/2386
f 2387/2387/2387 2388/2388/2388 2386/2386/2386
f 2380/2380/2380 2386/2386/2386 2389/2389/2389
f 2389/2389/2389 2390/2390/2390 2380/2380/2380
f 2377/2377/2377 2391/2391/2391 2390/2390/2390
f 2390/2390/2390 2389/2389/2389 2392/2392/2392
f 2388/2388/2388 2392/2392/2392 2393/2393/2393
f 2393/2393/2393 2386/2386/2386 2388/2388/2388
f 2389/2389/2389 2393/2393/2393 2392/2392/2392
f 2393/2393/2393 2389/2389/2389 2386/2386/2386
f 2396/2396/2396 2395/2395/2395 2394/2394/2394
f 2397/2397/2397 2396/2396/2396 2394/2394/2394
f 2400/2400/2400 2399/2399/2399 2398/2398/2398
f 2401/2401/2401 2398/2398/2398 2399/2399/2399
f 2404/2404/2404 2403/2403/2403 2402/2402/2402
f 2405/2405/2405 2402/2402/2402 2403/2403/2403
f 2408/2408/2408 2407/2407/2407 2406/2406/2406
f 2409/2409/2409 2406/2406/2406 2407/2407/2407
f 2409/2409/2409 2410/2410/2410 2406/2406/2406
f 2406/2406/2406 2410/2410/2410 2411/2411/2411
f 2412/2412/2412 2411/2411/2411 2410/2410/2410
f 2415/2415/2415 2414/2414/2414 2413/2413/2413
f 2416/2416/2416 2413/2413/2413 2414/2414/2414
f 2417/2417/2417 2416/2416/2416 2414/2414/2414
f 2414/2414/2414 2418/2418/2418 2417/2417/2417
f 2419/2419/2419 2418/2418/2418 2414/2414/2414
f 2422/2422/2422 2421/2421/2421 2420/2420/2420
f 2423/2423/2423 2420/2420/2420 2421/2421/2421
f 2426/2426/2426 2425/2425/2425 2424/2424/2424
f 2424/2424/2424 2427/2427/2427 2426/2426/2426
f 2428/2428/2428 2426/2426/2426 2427/2427/2427
f 2431/2431/2431 2430/2430/2430 2429/2429/2429
f 2429/2429/2429 2432/2432/2432 2431/2431/2431
f 2433/2433/2433 2431/2431/2431 2432/2432/2432
f 2436/2436/2436 2435/2435/2435 2434/2434/2434
f 2434/2434/2434 2437/2437/2437 2436/2436/2436
f 2438/2438/2438 2436/2436/2436 2437/2437/2437
f 2441/2441/2441 2440/2440/2440 2439/2439/2439
f 2439/2439/2439 2442/2442/2442 2441/2441/2441
f 2443/2443/2443 2441/2441/2441 2442/2442/2442
f 2446/2446/2446 2445/2445/2445 2444/2444/2444
f 2444/2444/2444 2447/2447/2447 2446/2446/2446
f 2448/2448/2448 2446/2446/2446 2447/2447/2447
f 2451/2451/2451 2450/2450/2450 2449/2449/2449
f 2449/2449/2449 2452/2452/2452 2451/2451/2451
f 2453/2453/2453 2451/2451/2451 2452/2452/2452
f 2456/2456/2456 2455/2455/2455 2454/2454/2454
f 2454/2454/2454 2457/2457/2457 2456/2456/2456
f 2458/2458/2458 2456/2456/2456 2457/2457/2457
f 2461/2461/2461 2460/2460/2460 2459/2459/2459
f 2459/2459/2459 2462/2462/2462 2461/2461/2461
f 2463/2463/2463 2461/2461/2461 2462/2462/2462
f 2466/2466/2466 2465/2465/2465 2464/2464/2464
f 2467/2467/2467 2464/2464/2464 2465/2465/2465
f 2468/2468/2468 2467/2467/2467 2465/2465/2465
f 2469/2469/2469 2468/2468/2468 2465/2465/2465
f 2471/2471/2471 2469/2469/2469 2470/2470/2470
f 2472/2472/2472 2470/2470/2470 2469/2469/2469
f 2475/2475/2475 2474/2474/2474 2473/2473/2473
f 2476/2476/2476 2473/2473/2473 2474/2474/2474
f 2479/2479/2479 2478/2478/2478 2477/2477/2477
f 2480/2480/2480 2479/2479/2479 2477/2477/2477
f 2481/2481/2481 2480/2480/2480 2477/2477/2477
f 2484/2484/2484 2483/2483/2483 2482/2482/2482
f 2485/2485/2485 2482/2482/2482 2483/2483/2483
f 2488/2488/2488 2487/2487/2487 2486/2486/2486
f 2489/2489/2489 2486/2486/2486 2487/2487/2487
f 2492/2492/2492 2491/2491/2491 2490/2490/2490
f 2493/2493/2493 2490/2490/2490 2491/2491/2491
f 2496/2496/2496 2495/2495/2495 2494/2494/2494
f 2497/2497/2497 2496/2496/2496 2494/2494/2494
f 2498/2498/2498 2497/2497/2497 2494/2494/2494
f 2501/2501/2501 2500/2500/2500 2499/2499/2499
f 2500/2500/2500 2502/2502/2502 2499/2499/2499
f 2502/2502/2502 2503/2503/2503 2499/2499/2499
f 2506/2506/2506 2505/2505/2505 2504/2504/2504
f 2505/2505/2505 2507/2507/2507 2504/2504/2504
f 2507/2507/2507 2508/2508/2508 2504/2504/2504
f 2511/2511/2511 2510/2510/2510 2509/2509/2509
f 2510/2510/2510 2512/2512/2512 2509/2509/2509
f 2512/2512/2512 2513/2513/2513 2509/2509/2509
f 2516/2516/2516 2515/2515/2515 2514/2514/2514
f 2515/2515/2515 2517/2517/2517 2514/2514/2514
f 2517/2517/2517 2518/2518/2518 2514/2514/2514
f 2521/2521/2521 2520/2520/2520 2519/2519/2519
f 2522/2522/2522 2519/2519/2519 2520/2520/2520
f 2525/2525/2525 2524/2524/2524 2523/2523/2523
f 2526/2526/2526 2523/2523/2523 2524/2524/2524
f 2523/2523/2523 2528/2528/2528 2527/2527/2527
f 2529/2529/2529 2527/2527/2527 2528/2528/2528
f 2530/2530/2530 2529/2529/2529 2528/2528/2528
f 2531/2531/2531 2529/2529/2529 2530/2530/2530
f 2530/2530/2530 2532/2532/2532 2531/2531/2531
f 2533/2533/2533 2531/2531/2531 2532/2532/2532
f 2532/2532/2532 2534/2534/2534 2533/2533/2533
f 2537/2537/2537 2536/2536/2536 2535/2535/2535
f 2538/2538/2538 2536/2536/2536 2537/2537/2537
f 2538/2538/2538 2537/2537/2537 2539/2539/2539
f 2542/2542/2542 2541/2541/2541 2540/2540/2540
f 2540/2540/2540 2543/2543/2543 2542/2542/2542
f 2544/2544/2544 2542/2542/2542 2543/2543/2543
f 2547/2547/2547 2546/2546/2546 2545/2545/2545
f 2545/2545/2545 2548/2548/2548 2547/2547/2547
f 2549/2549/2549 2547/2547/2547 2548/2548/2548
f 2552/2552/2552 2551/2551/2551 2550/2550/2550
f 2550/2550/2550 2553/2553/2553 2552/2552/2552
f 2554/2554/2554 2552/2552/2552 2553/2553/2553
f 2557/2557/2557 2556/2556/2556 2555/2555/2555
f 2555/2555/2555 2558/2558/2558 2557/2557/2557
f 2559/2559/2559 2557/2557/2557 2558/2558/2558
f 2562/2562/2562 2561/2561/2561 2560/2560/2560
f 2560/2560/2560 2563/2563/2563 2562/2562/2562
f 2564/2564/2564 2562/2562/2562 2563/2563/2563
f 2567/2567/2567 2566/2566/2566 2565/2565/2565
f 2566/2566/2566 2568/2568/2568 2565/2565/2565
f 2568/2568/2568 2569/2569/2569 2565/2565/2565
f 2572/2572/2572 2571/2571/2571 2570/2570/2570
f 2571/2571/2571 2573/2573/2573 2570/2570/2570
f 2573/2573/2573 2574/2574/2574 2570/2570/2570
f 2577/2577/2577 2576/2576/2576 2575/2575/2575
f 2578/2578/2578 2575/2575/2575 2576/2576/2576
f 2576/2576/2576 2579/2579/2579 2578/2578/2578
f 2582/2582/2582 2581/2581/2581 2580/2580/2580
f 2583/2583/2583 2580/2580/2580 2581/2581/2581
f 2584/2584/2584 2580/2580/2580 2583/2583/2583
f 2587/2587/2587 2586/2586/2586 2585/2585/2585
f 2588/2588/2588 2585/2585/2585 2586/2586/2586
f 2591/2591/2591 2590/2590/2590 2589/2589/2589
f 2592/2592/2592 2589/2589/2589 2590/2590/2590
f 2593/2593/2593 2589/2589/2589 2592/2592/2592
f 2589/2589/2589 2593/2593/2593 2594/2594/2594
f 2595/2595/2595 2592/2592/2592 2590/2590/2590
f 2592/2592/2592 2595/2595/2595 2593/2593/2593
f 2596/2596/2596 2594/2594/2594 2593/2593/2593
f 2594/2594/2594 2596/2596/2596 2597/2597/2597
f 2598/2598/2598 2595/2595/2595 2590/2590/2590
f 2598/2598/2598 2590/2590/2590 2599/2599/2599
f 2599/2599/2599 2600/2600/2600 2598/2598/2598
f 2601/2601/2601 2598/2598/2598 2600/2600/2600
f 2593/2593/2593 2595/2595/2595 2602/2602/2602
f 2593/2593/2593 2602/2602/2602 2596/2596/2596
f 2603/2603/2603 2595/2595/2595 2598/2598/2598
f 2598/2598/2598 2601/2601/2601 2603/2603/2603
f 2602/2602/2602 2595/2595/2595 2603/2603/2603
f 2603/2603/2603 2601/2601/2601 2604/2604/2604
f 2604/2604/2604 2602/2602/2602 2603/2603/2603
f 2602/2602/2602 2604/2604/2604 2596/2596/2596
f 2605/2605/2605 2604/2604/2604 2601/2601/2601
f 2606/2606/2606 2597/2597/2597 2596/2596/2596
f 2606/2606/2606 2607/2607/2607 2597/2597/2597
f 2608/2608/2608 2596/2596/2596 2604/2604/2604
f 2596/2596/2596 2608/2608/2608 2606/2606/2606
f 2606/2606/2606 2608/2608/2608 2607/2607/2607
f 2604/2604/2604 2605/2605/2605 2608/2608/2608
f 2609/2609/2609 2607/2607/2607 2608/2608/2608
f 2608/2608/2608 2605/2605/2605 2609/2609/2609
f 2610/2610/2610 2609/2609/2609 2605/2605/2605
f 2613/2613/2613 2612/2612/2612 2611/2611/2611
f 2614/2614/2614 2611/2611/2611 2612/2612/2612
f 2617/2617/2617 2616/2616/2616 2615/2615/2615
f 2618/2618/2618 2615/2615/2615 2616/2616/2616
f 2621/2621/2621 2620/2620/2620 2619/2619/2619
f 2620/2620/2620 2622/2622/2622 2619/2619/2619
f 2623/2623/2623 2619/2619/2619 2622/2622/2622
f 2619/2619/2619 2623/2623/2623 2624/2624/2624
f 2625/2625/2625 2624/2624/2624 2623/2623/2623
f 2624/2624/2624 2625/2625/2625 2626/2626/2626
f 2627/2627/2627 2626/2626/2626 2625/2625/2625
f 2004/2004/2004 2629/2629/2629 2628/2628/2628
f 2630/2630/2630 2004/2004/2004 2628/2628/2628
f 2628/2628/2628 2631/2631/2631 2630/2630/2630
f 2631/2631/2631 2632/2632/2632 2630/2630/2630
f 2631/2631/2631 2633/2633/2633 2632/2632/2632
f 2633/2633/2633 2631/2631/2631 2634/2634/2634
f 2633/2633/2633 2634/2634/2634 2635/2635/2635
f 2635/2635/2635 2636/2636/2636 2633/2633/2633
f 2637/2637/2637 2635/2635/2635 2634/2634/2634
f 2638/2638/2638 2637/2637/2637 2634/2634/2634
f 2639/2639/2639 2637/2637/2637 2638/2638/2638
f 2637/2637/2637 2639/2639/2639 2635/2635/2635
f 2640/2640/2640 2635/2635/2635 2639/2639/2639
f 2636/2636/2636 2635/2635/2635 2641/2641/2641
f 2635/2635/2635 2642/2642/2642 2641/2641/2641
f 2643/2643/2643 2636/2636/2636 2641/2641/2641
f 2641/2641/2641 2642/2642/2642 2644/2644/2644
f 2644/2644/2644 2643/2643/2643 2641/2641/2641
f 2643/2643/2643 2644/2644/2644 2645/2645/2645
f 2646/2646/2646 2645/2645/2645 2644/2644/2644
f 2647/2647/2647 2645/2645/2645 2646/2646/2646
f 2647/2647/2647 2648/2648/2648 2645/2645/2645
f 2649/2649/2649 2648/2648/2648 2647/2647/2647
f 2650/2650/2650 2645/2645/2645 2648/2648/2648
f 2645/2645/2645 2650/2650/2650 2651/2651/2651
f 2651/2651/2651 2650/2650/2650 2652/2652/2652
f 2648/2648/2648 2649/2649/2649 2653/2653/2653
f 2654/2654/2654 2653/2653/2653 2649/2649/2649
f 2654/2654/2654 2655/2655/2655 2653/2653/2653
f 2656/2656/2656 2653/2653/2653 2655/2655/2655
f 2653/2653/2653 2656/2656/2656 2657/2657/2657
f 2658/2658/2658 2650/2650/2650 2648/2648/2648
f 2650/2650/2650 2658/2658/2658 2659/2659/2659
f 2659/2659/2659 2652/2652/2652 2650/2650/2650
f 2660/2660/2660 2659/2659/2659 2658/2658/2658
f 2659/2659/2659 2660/2660/2660 2661/2661/2661
f 2659/2659/2659 2661/2661/2661 2652/2652/2652
f 2661/2661/2661 2662/2662/2662 2652/2652/2652
f 2661/2661/2661 2663/2663/2663 2662/2662/2662
f 2662/2662/2662 2664/2664/2664 2652/2652/2652
f 2662/2662/2662 2665/2665/2665 2664/2664/2664
f 2668/2668/2668 2667/2667/2667 2666/2666/2666
f 2669/2669/2669 2666/2666/2666 2667/2667/2667
f 2666/2666/2666 2669/2669/2669 2670/2670/2670
f 2671/2671/2671 2670/2670/2670 2669/2669/2669
f 2672/2672/2672 2670/2670/2670 2671/2671/2671
f 2670/2670/2670 2672/2672/2672 2673/2673/2673
f 2674/2674/2674 2673/2673/2673 2672/2672/2672
f 2673/2673/2673 2674/2674/2674 2675/2675/2675
f 2676/2676/2676 2675/2675/2675 2674/2674/2674
f 2679/2679/2679 2678/2678/2678 2677/2677/2677
f 2677/2677/2677 2678/2678/2678 2680/2680/2680
f 2683/2683/2683 2682/2682/2682 2681/2681/2681
f 2684/2684/2684 2681/2681/2681 2682/2682/2682
f 2687/2687/2687 2686/2686/2686 2685/2685/2685
f 2688/2688/2688 2687/2687/2687 2685/2685/2685
f 2688/2688/2688 2685/2685/2685 2689/2689/2689
f 2689/2689/2689 2685/2685/2685 2690/2690/2690
f 2688/2688/2688 2689/2689/2689 2691/2691/2691
f 2692/2692/2692 2689/2689/2689 2690/2690/2690
f 2690/2690/2690 2693/2693/2693 2692/2692/2692
f 2689/2689/2689 2694/2694/2694 2691/2691/2691
f 2691/2691/2691 2694/2694/2694 2695/2695/2695
f 2696/2696/2696 2691/2691/2691 2695/2695/2695
f 2699/2699/2699 2698/2698/2698 2697/2697/2697
f 2697/2697/2697 2700/2700/2700 2699/2699/2699
f 2701/2701/2701 2699/2699/2699 2700/2700/2700
f 2704/2704/2704 2703/2703/2703 2702/2702/2702
f 2702/2702/2702 2705/2705/2705 2704/2704/2704
f 2706/2706/2706 2704/2704/2704 2705/2705/2705
f 2709/2709/2709 2708/2708/2708 2707/2707/2707
f 2707/2707/2707 2710/2710/2710 2709/2709/2709
f 2711/2711/2711 2709/2709/2709 2710/2710/2710
f 2714/2714/2714 2713/2713/2713 2712/2712/2712
f 2712/2712/2712 2715/2715/2715 2714/2714/2714
f 2716/2716/2716 2714/2714/2714 2715/2715/2715
f 2719/2719/2719 2718/2718/2718 2717/2717/2717
f 2717/2717/2717 2720/2720/2720 2719/2719/2719
f 2721/2721/2721 2719/2719/2719 2720/2720/2720
f 2724/2724/2724 2723/2723/2723 2722/2722/2722
f 2722/2722/2722 2725/2725/2725 2724/2724/2724
f 2726/2726/2726 2724/2724/2724 2725/2725/2725
f 2729/2729/2729 2728/2728/2728 2727/2727/2727
f 2728/2728/2728 2729/2729/2729 2730/2730/2730
f 2733/2733/2733 2732/2732/2732 2731/2731/2731
f 2732/2732/2732 2733/2733/2733 2734/2734/2734
f 2737/2737/2737 2736/2736/2736 2735/2735/2735
f 2738/2738/2738 2735/2735/2735 2736/2736/2736
f 2738/2738/2738 2736/2736/2736 2739/2739/2739
f 2738/2738/2738 2740/2740/2740 2735/2735/2735
f 2738/2738/2738 2741/2741/2741 2740/2740/2740
f 2741/2741/2741 2742/2742/2742 2740/2740/2740
f 2743/2743/2743 2740/2740/2740 2742/2742/2742
f 2741/2741/2741 2738/2738/2738 134/134/134
f 2744/2744/2744 134/134/134 2738/2738/2738
f 2744/2744/2744 133/133/133 134/134/134
f 2744/2744/2744 2738/2738/2738 2745/2745/2745
f 2745/2745/2745 133/133/133 2744/2744/2744
f 2745/2745/2745 2738/2738/2738 2739/2739/2739
f 133/133/133 2745/2745/2745 115/115/115
f 2745/2745/2745 2739/2739/2739 115/115/115
f 2739/2739/2739 2746/2746/2746 115/115/115
f 114/114/114 115/115/115 2746/2746/2746
f 2746/2746/2746 2739/2739/2739 2747/2747/2747
f 2748/2748/2748 114/114/114 2746/2746/2746
f 2746/2746/2746 2747/2747/2747 2748/2748/2748
f 114/114/114 2748/2748/2748 2749/2749/2749
f 2748/2748/2748 2747/2747/2747 2750/2750/2750
f 2750/2750/2750 2749/2749/2749 2748/2748/2748
f 2753/2753/2753 2752/2752/2752 2751/2751/2751
f 2751/2751/2751 2752/2752/2752 2754/2754/2754
f 2751/2751/2751 2754/2754/2754 2755/2755/2755
f 2752/2752/2752 2756/2756/2756 2754/2754/2754
f 2756/2756/2756 2757/2757/2757 2754/2754/2754
f 2760/2760/2760 2759/2759/2759 2758/2758/2758
f 2758/2758/2758 2761/2761/2761 2760/2760/2760
f 2761/2761/2761 2762/2762/2762 2760/2760/2760
f 2763/2763/2763 2760/2760/2760 2762/2762/2762
f 2762/2762/2762 2764/2764/2764 2763/2763/2763
f 2764/2764/2764 2765/2765/2765 2763/2763/2763
f 2766/2766/2766 2763/2763/2763 2765/2765/2765
f 2765/2765/2765 2767/2767/2767 2766/2766/2766
f 2766/2766/2766 2767/2767/2767 2768/2768/2768
f 2769/2769/2769 2768/2768/2768 2767/2767/2767
f 2770/2770/2770 2768/2768/2768 2769/2769/2769
f 2770/2770/2770 2771/2771/2771 2768/2768/2768
f 2772/2772/2772 2768/2768/2768 2771/2771/2771
f 2771/2771/2771 2773/2773/2773 2772/2772/2772
f 2773/2773/2773 2774/2774/2774 2772/2772/2772
f 2775/2775/2775 2772/2772/2772 2774/2774/2774
f 2774/2774/2774 2776/2776/2776 2775/2775/2775
f 2777/2777/2777 2775/2775/2775 2776/2776/2776
f 2776/2776/2776 2778/2778/2778 2777/2777/2777
f 2781/2781/2781 2780/2780/2780 2779/2779/2779
f 2782/2782/2782 2779/2779/2779 2780/2780/2780
f 2783/2783/2783 2779/2779/2779 2782/2782/2782
f 2779/2779/2779 2783/2783/2783 2784/2784/2784
f 2785/2785/2785 2784/2784/2784 2783/2783/2783
f 2779/2779/2779 2784/2784/2784 2786/2786/2786
f 2787/2787/2787 2786/2786/2786 2784/2784/2784
f 2786/2786/2786 2787/2787/2787 2788/2788/2788
f 2789/2789/2789 2788/2788/2788 2787/2787/2787
f 2792/2792/2792 2791/2791/2791 2790/2790/2790
f 2790/2790/2790 2793/2793/2793 2792/2792/2792
f 2794/2794/2794 2792/2792/2792 2793/2793/2793
f 2797/2797/2797 2796/2796/2796 2795/2795/2795
f 2795/2795/2795 2798/2798/2798 2797/2797/2797
f 2799/2799/2799 2797/2797/2797 2798/2798/2798
f 2802/2802/2802 2801/2801/2801 2800/2800/2800
f 2800/2800/2800 2803/2803/2803 2802/2802/2802
f 2804/2804/2804 2802/2802/2802 2803/2803/2803
f 2807/2807/2807 2806/2806/2806 2805/2805/2805
f 2805/2805/2805 2808/2808/2808 2807/2807/2807
f 2809/2809/2809 2807/2807/2807 2808/2808/2808
f 2812/2812/2812 2811/2811/2811 2810/2810/2810
f 2810/2810/2810 2813/2813/2813 2812/2812/2812
f 2814/2814/2814 2812/2812/2812 2813/2813/2813
f 2817/2817/2817 2816/2816/2816 2815/2815/2815
f 2815/2815/2815 2818/2818/2818 2817/2817/2817
f 2819/2819/2819 2817/2817/2817 2818/2818/2818
f 2822/2822/2822 2821/2821/2821 2820/2820/2820
f 2820/2820/2820 2823/2823/2823 2822/2822/2822
f 2824/2824/2824 2822/2822/2822 2823/2823/2823
f 2827/2827/2827 2826/2826/2826 2825/2825/2825
f 2825/2825/2825 2828/2828/2828 2827/2827/2827
f 2829/2829/2829 2827/2827/2827 2828/2828/2828
f 2832/2832/2832 2831/2831/2831 2830/2830/2830
f 2830/2830/2830 2833/2833/2833 2832/2832/2832
f 2834/2834/2834 2832/2832/2832 2833/2833/2833
f 2837/2837/2837 2836/2836/2836 2835/2835/2835
f 2835/2835/2835 2838/2838/2838 2837/2837/2837
f 2839/2839/2839 2837/2837/2837 2838/2838/2838
f 2842/2842/2842 2841/2841/2841 2840/2840/2840
f 2843/2843/2843 2840/2840/2840 2841/2841/2841
f 2846/2846/2846 2845/2845/2845 2844/2844/2844
f 2847/2847/2847 2846/2846/2846 2844/2844/2844
f 2848/2848/2848 2847/2847/2847 2844/2844/2844
f 2851/2851/2851 2850/2850/2850 2849/2849/2849
f 2850/2850/2850 2852/2852/2852 2849/2849/2849
f 2852/2852/2852 2853/2853/2853 2849/2849/2849
f 2856/2856/2856 2855/2855/2855 2854/2854/2854
f 2857/2857/2857 2856/2856/2856 2854/2854/2854
f 2858/2858/2858 2857/2857/2857 2854/2854/2854
f 2861/2861/2861 2860/2860/2860 2859/2859/2859
f 2862/2862/2862 2861/2861/2861 2859/2859/2859
f 2863/2863/2863 2862/2862/2862 2859/2859/2859
f 2866/2866/2866 2865/2865/2865 2864/2864/2864
f 2867/2867/2867 2864/2864/2864 2865/2865/2865
f 2870/2870/2870 2869/2869/2869 2868/2868/2868
f 2869/2869/2869 2871/2871/2871 2868/2868/2868
f 2871/2871/2871 2872/2872/2872 2868/2868/2868
f 2875/2875/2875 2874/2874/2874 2873/2873/2873
f 2876/2876/2876 2875/2875/2875 2873/2873/2873
f 2877/2877/2877 2876/2876/2876 2873/2873/2873
f 2880/2880/2880 2879/2879/2879 2878/2878/2878
f 2879/2879/2879 2881/2881/2881 2878/2878/2878
f 2881/2881/2881 2882/2882/2882 2878/2878/2878
f 2885/2885/2885 2884/2884/2884 2883/2883/2883
f 2884/2884/2884 2886/2886/2886 2883/2883/2883
f 2886/2886/2886 2887/2887/2887 2883/2883/2883
f 2890/2890/2890 2889/2889/2889 2888/2888/2888
f 2891/2891/2891 2888/2888/2888 2889/2889/2889
f 2894/2894/2894 2893/2893/2893 2892/2892/2892
f 2895/2895/2895 2894/2894/2894 2892/2892/2892
f 2896/2896/2896 2895/2895/2895 2892/2892/2892
f 2899/2899/2899 2898/2898/2898 2897/2897/2897
f 2900/2900/2900 2897/2897/2897 2898/2898/2898
f 2903/2903/2903 2902/2902/2902 2901/2901/2901
f 2904/2904/2904 2903/2903/2903 2901/2901/2901
f 2905/2905/2905 2904/2904/2904 2901/2901/2901
f 2908/2908/2908 2907/2907/2907 2906/2906/2906
f 2909/2909/2909 2908/2908/2908 2906/2906/2906
f 2910/2910/2910 2909/2909/2909 2906/2906/2906
f 2913/2913/2913 2912/2912/2912 2911/2911/2911
f 2914/2914/2914 2911/2911/2911 2912/2912/2912
f 2917/2917/2917 2916/2916/2916 2915/2915/2915
f 2918/2918/2918 2915/2915/2915 2916/2916/2916
f 2921/2921/2921 2920/2920/2920 2919/2919/2919
f 2922/2922/2922 2921/2921/2921 2919/2919/2919
f 2923/2923/2923 2922/2922/2922 2919/2919/2919
f 2926/2926/2926 2925/2925/2925 2924/2924/2924
f 2925/2925/2925 2927/2927/2927 2924/2924/2924
f 2927/2927/2927 2928/2928/2928 2924/2924/2924
f 2931/2931/2931 2930/2930/2930 2929/2929/2929
f 2932/2932/2932 2931/2931/2931 2929/2929/2929
f 2933/2933/2933 2932/2932/2932 2929/2929/2929
f 2936/2936/2936 2935/2935/2935 2934/2934/2934
f 2937/2937/2937 2934/2934/2934 2935/2935/2935
f 2940/2940/2940 2939/2939/2939 2938/2938/2938
f 2941/2941/2941 2938/2938/2938 2939/2939/2939
f 2944/2944/2944 2943/2943/2943 2942/2942/2942
f 2945/2945/2945 2942/2942/2942 2943/2943/2943
f 2948/2948/2948 2947/2947/2947 2946/2946/2946
f 2947/2947/2947 2948/2948/2948 2949/2949/2949
f 2950/2950/2950 2949/2949/2949 2948/2948/2948
f 2949/2949/2949 2950/2950/2950 2951/2951/2951
f 2951/2951/2951 2950/2950/2950 2952/2952/2952
f 2953/2953/2953 2952/2952/2952 2950/2950/2950
f 2954/2954/2954 2952/2952/2952 2953/2953/2953
f 2952/2952/2952 2954/2954/2954 2955/2955/2955
f 2955/2955/2955 2954/2954/2954 2956/2956/2956
f 2957/2957/2957 2956/2956/2956 2954/2954/2954
f 2956/2956/2956 2957/2957/2957 2958/2958/2958
f 2961/2961/2961 2960/2960/2960 2959/2959/2959
f 2960/2960/2960 2961/2961/2961 2962/2962/2962
f 2963/2963/2963 2962/2962/2962 2961/2961/2961
f 2966/2966/2966 2965/2965/2965 2964/2964/2964
f 2965/2965/2965 2966/2966/2966 2967/2967/2967
f 2967/2967/2967 2966/2966/2966 2968/2968/2968
f 2969/2969/2969 2968/2968/2968 2966/2966/2966
f 2968/2968/2968 2969/2969/2969 2970/2970/2970
f 2970/2970/2970 2969/2969/2969 2971/2971/2971
f 2974/2974/2974 2973/2973/2973 2972/2972/2972
f 2973/2973/2973 2975/2975/2975 2972/2972/2972
f 2975/2975/2975 2976/2976/2976 2972/2972/2972
f 2979/2979/2979 2978/2978/2978 2977/2977/2977
f 2978/2978/2978 2980/2980/2980 2977/2977/2977
f 2980/2980/2980 2981/2981/2981 2977/2977/2977
f 2984/2984/2984 2983/2983/2983 2982/2982/2982
f 2983/2983/2983 2985/2985/2985 2982/2982/2982
f 2985/2985/2985 2986/2986/2986 2982/2982/2982
f 2989/2989/2989 2988/2988/2988 2987/2987/2987
f 2990/2990/2990 2989/2989/2989 2987/2987/2987
f 2991/2991/2991 2990/2990/2990 2987/2987/2987
f 2994/2994/2994 2993/2993/2993 2992/2992/2992
f 2995/2995/2995 2994/2994/2994 2992/2992/2992
f 2996/2996/2996 2995/2995/2995 2992/2992/2992
f 2999/2999/2999 2998/2998/2998 2997/2997/2997
f 3000/3000/3000 2999/2999/2999 2997/2997/2997
f 3001/3001/3001 3000/3000/3000 2997/2997/2997
f 3004/3004/3004 3003/3003/3003 3002/3002/3002
f 3003/3003/3003 3005/3005/3005 3002/3002/3002
f 3005/3005/3005 3006/3006/3006 3002/3002/3002
f 3009/3009/3009 3008/3008/3008 3007/3007/3007
f 3010/3010/3010 3009/3009/3009 3007/3007/3007
f 3011/3011/3011 3010/3010/3010 3007/3007/3007
f 3014/3014/3014 3013/3013/3013 3012/3012/3012
f 3015/3015/3015 3012/3012/3012 3013/3013/3013
f 3018/3018/3018 3017/3017/3017 3016/3016/3016
f 3017/3017/3017 3018/3018/3018 3019/3019/3019
f 3020/3020/3020 3019/3019/3019 3018/3018/3018
f 3020/3020/3020 3021/3021/3021 3019/3019/3019
f 3021/3021/3021 3020/3020/3020 3022/3022/3022
f 3023/3023/3023 3021/3021/3021 3022/3022/3022
f 3022/3022/3022 3020/3020/3020 3024/3024/3024
f 3027/3027/3027 3026/3026/3026 3025/3025/3025
f 3026/3026/3026 3028/3028/3028 3025/3025/3025
f 3028/3028/3028 3029/3029/3029 3025/3025/3025
f 3029/3029/3029 3030/3030/3030 3025/3025/3025
f 3031/3031/3031 3025/3025/3025 3030/3030/3030
f 3031/3031/3031 3032/3032/3032 3025/3025/3025
f 3033/3033/3033 3025/3025/3025 3032/3032/3032
f 3033/3033/3033 3034/3034/3034 3025/3025/3025
f 3035/3035/3035 3034/3034/3034 3033/3033/3033
f 3035/3035/3035 3033/3033/3033 3036/3036/3036
f 3037/3037/3037 3036/3036/3036 3033/3033/3033
f 3037/3037/3037 3038/3038/3038 3036/3036/3036
f 3038/3038/3038 3039/3039/3039 3036/3036/3036
f 3039/3039/3039 3038/3038/3038 3040/3040/3040
f 3041/3041/3041 3040/3040/3040 3038/3038/3038
f 3042/3042/3042 3041/3041/3041 3038/3038/3038
f 3043/3043/3043 3042/3042/3042 3038/3038/3038
f 3046/3046/3046 3045/3045/3045 3044/3044/3044
f 3047/3047/3047 3044/3044/3044 3045/3045/3045
f 3050/3050/3050 3049/3049/3049 3048/3048/3048
f 3050/3050/3050 3051/3051/3051 3049/3049/3049
f 3052/3052/3052 3049/3049/3049 3051/3051/3051
f 3053/3053/3053 3051/3051/3051 3050/3050/3050
f 3053/3053/3053 3054/3054/3054 3051/3051/3051
f 3053/3053/3053 3055/3055/3055 3054/3054/3054
f 3056/3056/3056 3054/3054/3054 3055/3055/3055
f 3056/3056/3056 3055/3055/3055 3057/3057/3057
f 3058/3058/3058 3057/3057/3057 3055/3055/3055
f 3057/3057/3057 3058/3058/3058 3059/3059/3059
f 3060/3060/3060 3059/3059/3059 3058/3058/3058
f 3059/3059/3059 3060/3060/3060 3061/3061/3061
f 3062/3062/3062 3061/3061/3061 3060/3060/3060
f 3061/3061/3061 3062/3062/3062 3063/3063/3063
f 3064/3064/3064 3063/3063/3063 3062/3062/3062
f 3063/3063/3063 3064/3064/3064 3065/3065/3065
f 3066/3066/3066 3065/3065/3065 3064/3064/3064
f 3067/3067/3067 3065/3065/3065 3066/3066/3066
f 3065/3065/3065 3067/3067/3067 3068/3068/3068
f 3071/3071/3071 3070/3070/3070 3069/3069/3069
f 3072/3072/3072 3069/3069/3069 3070/3070/3070
f 3075/3075/3075 3074/3074/3074 3073/3073/3073
f 3076/3076/3076 3074/3074/3074 3075/3075/3075
f 3074/3074/3074 3076/3076/3076 3077/3077/3077
f 3078/3078/3078 3077/3077/3077 3076/3076/3076
f 3077/3077/3077 3078/3078/3078 3079/3079/3079
f 3078/3078/3078 3080/3080/3080 3079/3079/3079
f 3079/3079/3079 3080/3080/3080 3081/3081/3081
f 3084/3084/3084 3083/3083/3083 3082/3082/3082
f 3084/3084/3084 3085/3085/3085 3083/3083/3083
f 3088/3088/3088 3087/3087/3087 3086/3086/3086
f 3089/3089/3089 3086/3086/3086 3087/3087/3087
f 3086/3086/3086 3089/3089/3089 3090/3090/3090
f 3091/3091/3091 3090/3090/3090 3089/3089/3089
f 3094/3094/3094 3093/3093/3093 3092/3092/3092
f 3095/3095/3095 3093/3093/3093 3094/3094/3094
f 3098/3098/3098 3097/3097/3097 3096/3096/3096
f 3096/3096/3096 3097/3097/3097 3099/3099/3099
f 3100/3100/3100 3099/3099/3099 3097/3097/3097
f 3099/3099/3099 3100/3100/3100 3101/3101/3101
f 3102/3102/3102 3101/3101/3101 3100/3100/3100
f 3101/3101/3101 3102/3102/3102 3103/3103/3103
f 3106/3106/3106 3105/3105/3105 3104/3104/3104
f 3105/3105/3105 3106/3106/3106 3107/3107/3107
f 3110/3110/3110 3109/3109/3109 3108/3108/3108
f 3109/3109/3109 3110/3110/3110 3111/3111/3111
f 3112/3112/3112 3111/3111/3111 3110/3110/3110
f 3111/3111/3111 3112/3112/3112 3113/3113/3113
f 3114/3114/3114 3113/3113/3113 3112/3112/3112
f 3113/3113/3113 3114/3114/3114 3115/3115/3115
f 3116/3116/3116 3115/3115/3115 3114/3114/3114
f 3117/3117/3117 3115/3115/3115 3116/3116/3116
f 3116/3116/3116 3118/3118/3118 3117/3117/3117
f 3119/3119/3119 3117/3117/3117 3118/3118/3118
f 3122/3122/3122 3121/3121/3121 3120/3120/3120
f 3121/3121/3121 3123/3123/3123 3120/3120/3120
f 3120/3120/3120 3123/3123/3123 3124/3124/3124
f 3123/3123/3123 3125/3125/3125 3124/3124/3124
f 3128/3128/3128 3127/3127/3127 3126/3126/3126
f 3127/3127/3127 3128/3128/3128 3129/3129/3129
f 3130/3130/3130 3129/3129/3129 3128/3128/3128
f 3129/3129/3129 3130/3130/3130 3131/3131/3131
f 3134/3134/3134 3133/3133/3133 3132/3132/3132
f 3135/3135/3135 3132/3132/3132 3133/3133/3133
f 3138/3138/3138 3137/3137/3137 3136/3136/3136
f 3139/3139/3139 3136/3136/3136 3137/3137/3137
f 3136/3136/3136 3139/3139/3139 3140/3140/3140
f 3141/3141/3141 3140/3140/3140 3139/3139/3139
f 3140/3140/3140 3141/3141/3141 3142/3142/3142
f 3143/3143/3143 3142/3142/3142 3141/3141/3141
f 3142/3142/3142 3143/3143/3143 3144/3144/3144
f 3145/3145/3145 3144/3144/3144 3143/3143/3143
f 3144/3144/3144 3145/3145/3145 3146/3146/3146
f 3147/3147/3147 3146/3146/3146 3145/3145/3145
f 3146/3146/3146 3147/3147/3147 3148/3148/3148
f 3149/3149/3149 3148/3148/3148 3147/3147/3147
f 3152/3152/3152 3151/3151/3151 3150/3150/3150
f 3150/3150/3150 3151/3151/3151 3153/3153/3153
f 3154/3154/3154 3153/3153/3153 3151/3151/3151
f 3157/3157/3157 3156/3156/3156 3155/3155/3155
f 3156/3156/3156 3158/3158/3158 3155/3155/3155
f 3155/3155/3155 3158/3158/3158 3159/3159/3159
f 3159/3159/3159 3160/3160/3160 3155/3155/3155
f 3160/3160/3160 3159/3159/3159 3161/3161/3161
f 3161/3161/3161 3162/3162/3162 3160/3160/3160
f 3161/3161/3161 3159/3159/3159 3163/3163/3163
f 3163/3163/3163 3159/3159/3159 3164/3164/3164
f 3163/3163/3163 3164/3164/3164 3165/3165/3165
f 3166/3166/3166 3165/3165/3165 3164/3164/3164
f 3167/3167/3167 3165/3165/3165 3166/3166/3166
f 3167/3167/3167 3166/3166/3166 3168/3168/3168
f 3162/3162/3162 3161/3161/3161 3169/3169/3169
f 3170/3170/3170 3162/3162/3162 3169/3169/3169
f 3171/3171/3171 3170/3170/3170 3169/3169/3169
f 3169/3169/3169 3172/3172/3172 3171/3171/3171
f 3173/3173/3173 3171/3171/3171 3172/3172/3172
f 3168/3168/3168 3174/3174/3174 3167/3167/3167
f 3173/3173/3173 3172/3172/3172 3174/3174/3174
f 3175/3175/3175 3174/3174/3174 3168/3168/3168
f 3174/3174/3174 3176/3176/3176 3173/3173/3173
f 3176/3176/3176 3174/3174/3174 3175/3175/3175
f 3179/3179/3179 3178/3178/3178 3177/3177/3177
f 3180/3180/3180 3177/3177/3177 3178/3178/3178
f 3181/3181/3181 3180/3180/3180 3178/3178/3178
f 3180/3180/3180 3183/3183/3183 3182/3182/3182
f 3184/3184/3184 3182/3182/3182 3183/3183/3183
f 3182/3182/3182 3184/3184/3184 3185/3185/3185
f 3186/3186/3186 3185/3185/3185 3184/3184/3184
f 3186/3186/3186 3187/3187/3187 3185/3185/3185
f 3188/3188/3188 3187/3187/3187 3186/3186/3186
f 3187/3187/3187 3190/3190/3190 3189/3189/3189
f 3191/3191/3191 3189/3189/3189 3190/3190/3190
f 3190/3190/3190 3192/3192/3192 3191/3191/3191
f 3191/3191/3191 3192/3192/3192 3193/3193/3193
f 3194/3194/3194 3193/3193/3193 3192/3192/3192
f 3193/3193/3193 3195/3195/3195 3191/3191/3191
f 3191/3191/3191 3195/3195/3195 3196/3196/3196
f 3195/3195/3195 3193/3193/3193 3197/3197/3197
f 3195/3195/3195 3197/3197/3197 3198/3198/3198
f 3199/3199/3199 3198/3198/3198 3197/3197/3197
f 3198/3198/3198 3199/3199/3199 3200/3200/3200
f 3200/3200/3200 3199/3199/3199 3201/3201/3201
f 3201/3201/3201 3202/3202/3202 3200/3200/3200
f 3205/3205/3205 3204/3204/3204 3203/3203/3203
f 3203/3203/3203 3204/3204/3204 3206/3206/3206
f 3207/3207/3207 3206/3206/3206 3204/3204/3204
f 3206/3206/3206 3207/3207/3207 3208/3208/3208
f 3207/3207/3207 3209/3209/3209 3208/3208/3208
f 3210/3210/3210 3208/3208/3208 3209/3209/3209
f 3211/3211/3211 3210/3210/3210 3209/3209/3209
f 3213/3213/3213 3212/3212/3212 782/782/782
f 3214/3214/3214 3212/3212/3212 3213/3213/3213
f 3212/3212/3212 3214/3214/3214 785/785/785
g m249_LOD0_1
f 3217/3217/3217 3216/3216/3216 3215/3215/3215
f 3219/3219/3219 3215/3215/3215 3218/3218/3218
f 3215/3215/3215 3219/3219/3219 3220/3220/3220
f 3221/3221/3221 3220/3220/3220 3219/3219/3219
f 3224/3224/3224 3223/3223/3223 3222/3222/3222
f 3226/3226/3226 3224/3224/3224 3225/3225/3225
f 3229/3229/3229 3228/3228/3228 3227/3227/3227
f 3231/3231/3231 3230/3230/3230 3227/3227/3227
f 3230/3230/3230 3233/3233/3233 3232/3232/3232
f 3234/3234/3234 3232/3232/3232 3231/3231/3231
f 3232/3232/3232 3234/3234/3234 3235/3235/3235
f 3237/3237/3237 3236/3236/3236 3234/3234/3234
f 3234/3234/3234 3238/3238/3238 3237/3237/3237
f 3239/3239/3239 3238/3238/3238 3234/3234/3234
f 3239/3239/3239 3240/3240/3240 3238/3238/3238
f 3242/3242/3242 3238/3238/3238 3241/3241/3241
f 3243/3243/3243 3238/3238/3238 3242/3242/3242
f 3246/3246/3246 3245/3245/3245 3244/3244/3244
f 3248/3248/3248 3247/3247/3247 3245/3245/3245
f 3251/3251/3251 3250/3250/3250 3249/3249/3249
f 3253/3253/3253 3249/3249/3249 3252/3252/3252
f 3256/3256/3256 3255/3255/3255 3254/3254/3254
f 3256/3256/3256 3258/3258/3258 3257/3257/3257
f 3258/3258/3258 3259/3259/3259 3257/3257/3257
f 3258/3258/3258 3260/3260/3260 3259/3259/3259
f 3257/3257/3257 3259/3259/3259 3261/3261/3261
f 3259/3259/3259 3262/3262/3262 3261/3261/3261
f 3263/3263/3263 3259/3259/3259 3260/3260/3260
f 3263/3263/3263 3264/3264/3264 3259/3259/3259
f 3265/3265/3265 3264/3264/3264 3263/3263/3263
f 3260/3260/3260 3266/3266/3266 3263/3263/3263
f 3266/3266/3266 3265/3265/3265 3263/3263/3263
f 3265/3265/3265 3266/3266/3266 3267/3267/3267
f 3267/3267/3267 3266/3266/3266 3268/3268/3268
f 3268/3268/3268 3269/3269/3269 3267/3267/3267
f 3270/3270/3270 3267/3267/3267 3269/3269/3269
f 3270/3270/3270 3269/3269/3269 3271/3271/3271
f 3271/3271/3271 3272/3272/3272 3270/3270/3270
f 3271/3271/3271 3269/3269/3269 3273/3273/3273
f 3270/3270/3270 3272/3272/3272 3274/3274/3274
f 3272/3272/3272 3271/3271/3271 3275/3275/3275
f 3276/3276/3276 3275/3275/3275 3271/3271/3271
f 3274/3274/3274 3272/3272/3272 3277/3277/3277
f 3274/3274/3274 3277/3277/3277 3278/3278/3278
f 3277/3277/3277 3272/3272/3272 3279/3279/3279
f 3272/3272/3272 3280/3280/3280 3279/3279/3279
f 3280/3280/3280 3272/3272/3272 3281/3281/3281
f 3282/3282/3282 3281/3281/3281 3272/3272/3272
f 3281/3281/3281 3282/3282/3282 3283/3283/3283
f 3278/3278/3278 3285/3285/3285 3284/3284/3284
f 3287/3287/3287 3286/3286/3286 3277/3277/3277
f 3289/3289/3289 3288/3288/3288 3287/3287/3287
f 3291/3291/3291 3290/3290/3290 3282/3282/3282
f 3292/3292/3292 3281/3281/3281 3290/3290/3290
f 3284/3284/3284 3294/3294/3294 3293/3293/3293
f 3296/3296/3296 3293/3293/3293 3295/3295/3295
f 3293/3293/3293 3296/3296/3296 3297/3297/3297
f 3296/3296/3296 3298/3298/3298 3297/3297/3297
f 3297/3297/3297 3298/3298/3298 3299/3299/3299
f 3298/3298/3298 3300/3300/3300 3299/3299/3299
f 3299/3299/3299 3300/3300/3300 3301/3301/3301
f 3290/3290/3290 3303/3303/3303 3302/3302/3302
f 3302/3302/3302 3303/3303/3303 3304/3304/3304
f 3275/3275/3275 3304/3304/3304 3303/3303/3303
f 3304/3304/3304 3305/3305/3305 3302/3302/3302
f 3305/3305/3305 3304/3304/3304 3306/3306/3306
f 3307/3307/3307 3306/3306/3306 3304/3304/3304
f 3306/3306/3306 3307/3307/3307 3308/3308/3308
f 3306/3306/3306 3309/3309/3309 3305/3305/3305
f 3305/3305/3305 3309/3309/3309 3310/3310/3310
f 3308/3308/3308 3311/3311/3311 3306/3306/3306
f 3312/3312/3312 3311/3311/3311 3308/3308/3308
f 3312/3312/3312 3308/3308/3308 3313/3313/3313
f 3312/3312/3312 3314/3314/3314 3311/3311/3311
f 3306/3306/3306 3311/3311/3311 3315/3315/3315
f 3315/3315/3315 3309/3309/3309 3306/3306/3306
f 3311/3311/3311 3314/3314/3314 3316/3316/3316
f 3316/3316/3316 3315/3315/3315 3311/3311/3311
f 3314/3314/3314 3317/3317/3317 3316/3316/3316
f 3316/3316/3316 3317/3317/3317 3318/3318/3318
f 3319/3319/3319 3318/3318/3318 3317/3317/3317
f 3318/3318/3318 3320/3320/3320 3316/3316/3316
f 3315/3315/3315 3316/3316/3316 3320/3320/3320
f 3309/3309/3309 3315/3315/3315 3320/3320/3320
f 3320/3320/3320 3321/3321/3321 3309/3309/3309
f 3309/3309/3309 3321/3321/3321 3310/3310/3310
f 3321/3321/3321 3322/3322/3322 3310/3310/3310
f 3310/3310/3310 3322/3322/3322 3323/3323/3323
f 3323/3323/3323 3324/3324/3324 3310/3310/3310
f 3310/3310/3310 3324/3324/3324 3325/3325/3325
f 3326/3326/3326 3325/3325/3325 3324/3324/3324
f 3326/3326/3326 3327/3327/3327 3325/3325/3325
f 3328/3328/3328 3325/3325/3325 3327/3327/3327
f 3324/3324/3324 3323/3323/3323 3329/3329/3329
f 3329/3329/3329 3323/3323/3323 3330/3330/3330
f 3322/3322/3322 3330/3330/3330 3323/3323/3323
f 3331/3331/3331 3329/3329/3329 3330/3330/3330
f 3333/3333/3333 3322/3322/3322 3332/3332/3332
f 3322/3322/3322 3334/3334/3334 3332/3332/3332
f 3332/3332/3332 3334/3334/3334 3335/3335/3335
f 3336/3336/3336 3335/3335/3335 3334/3334/3334
f 3333/3333/3333 3338/3338/3338 3337/3337/3337
f 3340/3340/3340 3335/3335/3335 3339/3339/3339
f 3343/3343/3343 3342/3342/3342 3341/3341/3341
f 3345/3345/3345 3341/3341/3341 3344/3344/3344
f 3348/3348/3348 3347/3347/3347 3346/3346/3346
f 3350/3350/3350 3349/3349/3349 3348/3348/3348
f 3351/3351/3351 3348/3348/3348 3349/3349/3349
f 3349/3349/3349 3353/3353/3353 3352/3352/3352
f 3352/3352/3352 3353/3353/3353 3354/3354/3354
f 3356/3356/3356 3355/3355/3355 3353/3353/3353
f 3359/3359/3359 3358/3358/3358 3357/3357/3357
f 3357/3357/3357 3361/3361/3361 3360/3360/3360
f 3363/3363/3363 3362/3362/3362 3361/3361/3361
f 3366/3366/3366 3365/3365/3365 3364/3364/3364
f 3368/3368/3368 3367/3367/3367 3257/3257/3257
f 3371/3371/3371 3370/3370/3370 3369/3369/3369
f 3374/3374/3374 3373/3373/3373 3372/3372/3372
f 3377/3377/3377 3376/3376/3376 3375/3375/3375
f 3380/3380/3380 3379/3379/3379 3378/3378/3378
f 3382/3382/3382 3380/3380/3380 3381/3381/3381
f 3384/3384/3384 3383/3383/3383 3380/3380/3380
f 3385/3385/3385 3380/3380/3380 3383/3383/3383
f 3383/3383/3383 3387/3387/3387 3386/3386/3386
f 3388/3388/3388 3386/3386/3386 3387/3387/3387
f 3386/3386/3386 3388/3388/3388 3389/3389/3389
f 3390/3390/3390 3389/3389/3389 3388/3388/3388
f 3389/3389/3389 3392/3392/3392 3391/3391/3391
f 3391/3391/3391 3394/3394/3394 3393/3393/3393
f 3279/3279/3279 3393/3393/3393 3394/3394/3394
f 3395/3395/3395 3393/3393/3393 3279/3279/3279
f 3394/3394/3394 3397/3397/3397 3396/3396/3396
f 3400/3400/3400 3399/3399/3399 3398/3398/3398
f 3402/3402/3402 3400/3400/3400 3401/3401/3401
f 3405/3405/3405 3404/3404/3404 3403/3403/3403
f 3407/3407/3407 3406/3406/3406 3404/3404/3404
f 3406/3406/3406 3408/3408/3408 3404/3404/3404
f 3409/3409/3409 3408/3408/3408 3406/3406/3406
f 3409/3409/3409 3406/3406/3406 3410/3410/3410
f 3411/3411/3411 3410/3410/3410 3406/3406/3406
f 3412/3412/3412 3411/3411/3411 3406/3406/3406
f 3415/3415/3415 3414/3414/3414 3413/3413/3413
f 3418/3418/3418 3417/3417/3417 3416/3416/3416
f 3420/3420/3420 3419/3419/3419 3416/3416/3416
f 3422/3422/3422 3419/3419/3419 3421/3421/3421
f 3423/3423/3423 3421/3421/3421 3419/3419/3419
f 3421/3421/3421 3423/3423/3423 3424/3424/3424
f 3425/3425/3425 3424/3424/3424 3423/3423/3423
f 3427/3427/3427 3426/3426/3426 3420/3420/3420
f 3420/3420/3420 3426/3426/3426 3428/3428/3428
f 3429/3429/3429 3428/3428/3428 3426/3426/3426
f 3428/3428/3428 3429/3429/3429 3430/3430/3430
f 3430/3430/3430 3429/3429/3429 3431/3431/3431
f 3432/3432/3432 3431/3431/3431 3429/3429/3429
f 3435/3435/3435 3434/3434/3434 3433/3433/3433
f 3437/3437/3437 3436/3436/3436 3433/3433/3433
f 3433/3433/3433 3436/3436/3436 3438/3438/3438
f 3440/3440/3440 3439/3439/3439 3436/3436/3436
f 3439/3439/3439 3440/3440/3440 3441/3441/3441
f 3442/3442/3442 3439/3439/3439 3441/3441/3441
f 3442/3442/3442 3441/3441/3441 3443/3443/3443
f 3444/3444/3444 3443/3443/3443 3441/3441/3441
f 3441/3441/3441 3445/3445/3445 3444/3444/3444
f 3446/3446/3446 3444/3444/3444 3445/3445/3445
f 3445/3445/3445 3447/3447/3447 3446/3446/3446
f 3448/3448/3448 3446/3446/3446 3447/3447/3447
f 3447/3447/3447 3449/3449/3449 3448/3448/3448
f 3449/3449/3449 3450/3450/3450 3448/3448/3448
f 3451/3451/3451 3448/3448/3448 3450/3450/3450
f 3450/3450/3450 3452/3452/3452 3451/3451/3451
f 3453/3453/3453 3451/3451/3451 3452/3452/3452
f 3452/3452/3452 3454/3454/3454 3453/3453/3453
f 3455/3455/3455 3453/3453/3453 3454/3454/3454
f 3454/3454/3454 3456/3456/3456 3455/3455/3455
f 3456/3456/3456 3457/3457/3457 3443/3443/3443
f 3458/3458/3458 3455/3455/3455 3456/3456/3456
f 3443/3443/3443 3458/3458/3458 3456/3456/3456
f 3461/3461/3461 3460/3460/3460 3459/3459/3459
f 3463/3463/3463 3462/3462/3462 3460/3460/3460
f 3466/3466/3466 3465/3465/3465 3464/3464/3464
f 3468/3468/3468 3464/3464/3464 3467/3467/3467
f 3471/3471/3471 3470/3470/3470 3469/3469/3469
f 3474/3474/3474 3473/3473/3473 3472/3472/3472
f 3472/3472/3472 3476/3476/3476 3475/3475/3475
f 3479/3479/3479 3478/3478/3478 3477/3477/3477
f 3477/3477/3477 3481/3481/3481 3480/3480/3480
f 3480/3480/3480 3483/3483/3483 3482/3482/3482
f 3486/3486/3486 3485/3485/3485 3484/3484/3484
f 3489/3489/3489 3488/3488/3488 3487/3487/3487
f 3487/3487/3487 3491/3491/3491 3490/3490/3490
f 3491/3491/3491 3492/3492/3492 3490/3490/3490
f 3494/3494/3494 3490/3490/3490 3493/3493/3493
f 3496/3496/3496 3495/3495/3495 3494/3494/3494
f 3498/3498/3498 3497/3497/3497 3495/3495/3495
f 3495/3495/3495 3499/3499/3499 3498/3498/3498
f 3498/3498/3498 3499/3499/3499 3500/3500/3500
f 3499/3499/3499 3501/3501/3501 3500/3500/3500
f 3499/3499/3499 3495/3495/3495 3502/3502/3502
f 3495/3495/3495 3503/3503/3503 3502/3502/3502
f 3502/3502/3502 3504/3504/3504 3499/3499/3499
f 3505/3505/3505 3499/3499/3499 3504/3504/3504
f 3502/3502/3502 3507/3507/3507 3506/3506/3506
f 3509/3509/3509 3508/3508/3508 3507/3507/3507
f 3507/3507/3507 3510/3510/3510 3509/3509/3509
f 3510/3510/3510 3511/3511/3511 3509/3509/3509
f 3512/3512/3512 3509/3509/3509 3511/3511/3511
f 3511/3511/3511 3510/3510/3510 3513/3513/3513
f 3514/3514/3514 3513/3513/3513 3510/3510/3510
f 3514/3514/3514 3510/3510/3510 3515/3515/3515
f 3516/3516/3516 3515/3515/3515 3510/3510/3510
f 3513/3513/3513 3514/3514/3514 3517/3517/3517
f 3518/3518/3518 3517/3517/3517 3514/3514/3514
f 3519/3519/3519 3518/3518/3518 3514/3514/3514
f 3520/3520/3520 3518/3518/3518 3519/3519/3519
f 3518/3518/3518 3520/3520/3520 3521/3521/3521
f 3521/3521/3521 3520/3520/3520 3522/3522/3522
f 3523/3523/3523 3522/3522/3522 3520/3520/3520
f 3524/3524/3524 3517/3517/3517 3518/3518/3518
f 3525/3525/3525 3524/3524/3524 3518/3518/3518
f 3517/3517/3517 3524/3524/3524 3526/3526/3526
f 3524/3524/3524 3527/3527/3527 3526/3526/3526
f 3527/3527/3527 3524/3524/3524 3525/3525/3525
f 3526/3526/3526 3528/3528/3528 3517/3517/3517
f 3513/3513/3513 3517/3517/3517 3528/3528/3528
f 3529/3529/3529 3526/3526/3526 3527/3527/3527
f 3530/3530/3530 3513/3513/3513 3528/3528/3528
f 3528/3528/3528 3531/3531/3531 3530/3530/3530
f 3527/3527/3527 3532/3532/3532 3529/3529/3529
f 3527/3527/3527 3525/3525/3525 3532/3532/3532
f 3532/3532/3532 3533/3533/3533 3529/3529/3529
f 3534/3534/3534 3529/3529/3529 3533/3533/3533
f 3535/3535/3535 3532/3532/3532 3525/3525/3525
f 3532/3532/3532 3535/3535/3535 3533/3533/3533
f 3535/3535/3535 3525/3525/3525 3536/3536/3536
f 3525/3525/3525 3537/3537/3537 3536/3536/3536
f 3536/3536/3536 3537/3537/3537 3538/3538/3538
f 3539/3539/3539 3538/3538/3538 3537/3537/3537
f 3538/3538/3538 3539/3539/3539 3540/3540/3540
f 3539/3539/3539 3541/3541/3541 3540/3540/3540
f 3542/3542/3542 3540/3540/3540 3541/3541/3541
f 3543/3543/3543 3533/3533/3533 3535/3535/3535
f 3533/3533/3533 3544/3544/3544 3534/3534/3534
f 3545/3545/3545 3534/3534/3534 3544/3544/3544
f 3533/3533/3533 3543/3543/3543 3546/3546/3546
f 3533/3533/3533 3546/3546/3546 3544/3544/3544
f 3547/3547/3547 3546/3546/3546 3543/3543/3543
f 3547/3547/3547 3548/3548/3548 3546/3546/3546
f 3548/3548/3548 3547/3547/3547 3549/3549/3549
f 3547/3547/3547 3543/3543/3543 3550/3550/3550
f 3551/3551/3551 3550/3550/3550 3543/3543/3543
f 3550/3550/3550 3551/3551/3551 3552/3552/3552
f 3553/3553/3553 3552/3552/3552 3551/3551/3551
f 3552/3552/3552 3553/3553/3553 3554/3554/3554
f 3554/3554/3554 3553/3553/3553 3555/3555/3555
f 3556/3556/3556 3555/3555/3555 3553/3553/3553
f 3544/3544/3544 3557/3557/3557 3545/3545/3545
f 3531/3531/3531 3545/3545/3545 3557/3557/3557
f 3557/3557/3557 3530/3530/3530 3531/3531/3531
f 3544/3544/3544 3558/3558/3558 3557/3557/3557
f 3558/3558/3558 3544/3544/3544 3546/3546/3546
f 3557/3557/3557 3559/3559/3559 3530/3530/3530
f 3560/3560/3560 3557/3557/3557 3558/3558/3558
f 3559/3559/3559 3557/3557/3557 3560/3560/3560
f 3561/3561/3561 3530/3530/3530 3559/3559/3559
f 3530/3530/3530 3561/3561/3561 3513/3513/3513
f 3511/3511/3511 3513/3513/3513 3561/3561/3561
f 3559/3559/3559 3560/3560/3560 3562/3562/3562
f 3560/3560/3560 3558/3558/3558 3562/3562/3562
f 3563/3563/3563 3562/3562/3562 3558/3558/3558
f 3563/3563/3563 3558/3558/3558 3564/3564/3564
f 3546/3546/3546 3564/3564/3564 3558/3558/3558
f 3562/3562/3562 3565/3565/3565 3559/3559/3559
f 3561/3561/3561 3559/3559/3559 3565/3565/3565
f 3511/3511/3511 3561/3561/3561 3565/3565/3565
f 3565/3565/3565 3566/3566/3566 3511/3511/3511
f 3567/3567/3567 3564/3564/3564 3546/3546/3546
f 3568/3568/3568 3511/3511/3511 3566/3566/3566
f 3566/3566/3566 3569/3569/3569 3568/3568/3568
f 3511/3511/3511 3568/3568/3568 3512/3512/3512
f 3569/3569/3569 3567/3567/3567 3570/3570/3570
f 3570/3570/3570 3568/3568/3568 3569/3569/3569
f 3546/3546/3546 3571/3571/3571 3567/3567/3567
f 3571/3571/3571 3570/3570/3570 3567/3567/3567
f 3568/3568/3568 3570/3570/3570 3572/3572/3572
f 3512/3512/3512 3568/3568/3568 3572/3572/3572
f 3546/3546/3546 3573/3573/3573 3571/3571/3571
f 3573/3573/3573 3546/3546/3546 3548/3548/3548
f 3571/3571/3571 3574/3574/3574 3570/3570/3570
f 3572/3572/3572 3570/3570/3570 3574/3574/3574
f 3574/3574/3574 3571/3571/3571 3573/3573/3573
f 3572/3572/3572 3574/3574/3574 3575/3575/3575
f 3574/3574/3574 3573/3573/3573 3575/3575/3575
f 3575/3575/3575 3576/3576/3576 3572/3572/3572
f 3512/3512/3512 3572/3572/3572 3576/3576/3576
f 3576/3576/3576 3577/3577/3577 3512/3512/3512
f 3577/3577/3577 3578/3578/3578 3512/3512/3512
f 3579/3579/3579 3575/3575/3575 3573/3573/3573
f 3580/3580/3580 3512/3512/3512 3578/3578/3578
f 3578/3578/3578 3581/3581/3581 3580/3580/3580
f 3512/3512/3512 3580/3580/3580 3509/3509/3509
f 3573/3573/3573 3582/3582/3582 3579/3579/3579
f 3573/3573/3573 3548/3548/3548 3582/3582/3582
f 3582/3582/3582 3548/3548/3548 3583/3583/3583
f 3582/3582/3582 3584/3584/3584 3579/3579/3579
f 3582/3582/3582 3583/3583/3583 3584/3584/3584
f 3585/3585/3585 3579/3579/3579 3584/3584/3584
f 3581/3581/3581 3585/3585/3585 3586/3586/3586
f 3584/3584/3584 3586/3586/3586 3585/3585/3585
f 3586/3586/3586 3580/3580/3580 3581/3581/3581
f 3584/3584/3584 3587/3587/3587 3586/3586/3586
f 3587/3587/3587 3584/3584/3584 3583/3583/3583
f 3586/3586/3586 3588/3588/3588 3580/3580/3580
f 3588/3588/3588 3586/3586/3586 3587/3587/3587
f 3580/3580/3580 3589/3589/3589 3509/3509/3509
f 3589/3589/3589 3580/3580/3580 3588/3588/3588
f 3588/3588/3588 3587/3587/3587 3590/3590/3590
f 3587/3587/3587 3583/3583/3583 3590/3590/3590
f 3590/3590/3590 3591/3591/3591 3588/3588/3588
f 3589/3589/3589 3588/3588/3588 3591/3591/3591
f 3592/3592/3592 3590/3590/3590 3583/3583/3583
f 3593/3593/3593 3509/3509/3509 3589/3589/3589
f 3509/3509/3509 3593/3593/3593 3594/3594/3594
f 3595/3595/3595 3594/3594/3594 3593/3593/3593
f 3589/3589/3589 3591/3591/3591 3596/3596/3596
f 3589/3589/3589 3596/3596/3596 3593/3593/3593
f 3597/3597/3597 3596/3596/3596 3591/3591/3591
f 3583/3583/3583 3598/3598/3598 3592/3592/3592
f 3599/3599/3599 3592/3592/3592 3598/3598/3598
f 3596/3596/3596 3597/3597/3597 3600/3600/3600
f 3601/3601/3601 3600/3600/3600 3597/3597/3597
f 3598/3598/3598 3583/3583/3583 3602/3602/3602
f 3602/3602/3602 3583/3583/3583 3548/3548/3548
f 3602/3602/3602 3548/3548/3548 3603/3603/3603
f 3604/3604/3604 3603/3603/3603 3548/3548/3548
f 3598/3598/3598 3605/3605/3605 3599/3599/3599
f 3606/3606/3606 3599/3599/3599 3605/3605/3605
f 3598/3598/3598 3607/3607/3607 3605/3605/3605
f 3607/3607/3607 3598/3598/3598 3608/3608/3608
f 3602/3602/3602 3608/3608/3608 3598/3598/3598
f 3606/3606/3606 3609/3609/3609 3601/3601/3601
f 3609/3609/3609 3606/3606/3606 3605/3605/3605
f 3600/3600/3600 3601/3601/3601 3609/3609/3609
f 3608/3608/3608 3602/3602/3602 3610/3610/3610
f 3611/3611/3611 3610/3610/3610 3602/3602/3602
f 3610/3610/3610 3611/3611/3611 3612/3612/3612
f 3613/3613/3613 3612/3612/3612 3611/3611/3611
f 3605/3605/3605 3614/3614/3614 3609/3609/3609
f 3614/3614/3614 3605/3605/3605 3607/3607/3607
f 3609/3609/3609 3615/3615/3615 3600/3600/3600
f 3615/3615/3615 3609/3609/3609 3614/3614/3614
f 3612/3612/3612 3613/3613/3613 3616/3616/3616
f 3617/3617/3617 3616/3616/3616 3613/3613/3613
f 3616/3616/3616 3617/3617/3617 3618/3618/3618
f 3619/3619/3619 3618/3618/3618 3617/3617/3617
f 3618/3618/3618 3619/3619/3619 3620/3620/3620
f 3621/3621/3621 3620/3620/3620 3619/3619/3619
f 3622/3622/3622 3600/3600/3600 3615/3615/3615
f 3600/3600/3600 3622/3622/3622 3596/3596/3596
f 3623/3623/3623 3596/3596/3596 3622/3622/3622
f 3596/3596/3596 3623/3623/3623 3593/3593/3593
f 3624/3624/3624 3593/3593/3593 3623/3623/3623
f 3593/3593/3593 3624/3624/3624 3625/3625/3625
f 3626/3626/3626 3625/3625/3625 3624/3624/3624
f 3625/3625/3625 3626/3626/3626 3627/3627/3627
f 3628/3628/3628 3627/3627/3627 3626/3626/3626
f 3627/3627/3627 3628/3628/3628 3629/3629/3629
f 3630/3630/3630 3629/3629/3629 3628/3628/3628
f 3631/3631/3631 3629/3629/3629 3630/3630/3630
f 3629/3629/3629 3631/3631/3631 3632/3632/3632
f 3633/3633/3633 3632/3632/3632 3631/3631/3631
f 3632/3632/3632 3633/3633/3633 3634/3634/3634
f 3635/3635/3635 3632/3632/3632 3634/3634/3634
f 3632/3632/3632 3635/3635/3635 3636/3636/3636
f 3637/3637/3637 3636/3636/3636 3635/3635/3635
f 3638/3638/3638 3635/3635/3635 3634/3634/3634
f 3635/3635/3635 3638/3638/3638 3504/3504/3504
f 3639/3639/3639 3504/3504/3504 3638/3638/3638
f 3640/3640/3640 3638/3638/3638 3634/3634/3634
f 3638/3638/3638 3640/3640/3640 3641/3641/3641
f 3642/3642/3642 3641/3641/3641 3640/3640/3640
f 3641/3641/3641 3642/3642/3642 3643/3643/3643
f 3644/3644/3644 3643/3643/3643 3642/3642/3642
f 3643/3643/3643 3644/3644/3644 3645/3645/3645
f 3515/3515/3515 3645/3645/3645 3644/3644/3644
f 3646/3646/3646 3640/3640/3640 3634/3634/3634
f 3640/3640/3640 3646/3646/3646 3522/3522/3522
f 3640/3640/3640 3522/3522/3522 3647/3647/3647
f 3634/3634/3634 3649/3649/3649 3648/3648/3648
f 3650/3650/3650 3648/3648/3648 3649/3649/3649
f 3651/3651/3651 3650/3650/3650 3649/3649/3649
f 3652/3652/3652 3649/3649/3649 3634/3634/3634
f 3649/3649/3649 3652/3652/3652 3653/3653/3653
f 3654/3654/3654 3653/3653/3653 3652/3652/3652
f 3655/3655/3655 3652/3652/3652 3634/3634/3634
f 3652/3652/3652 3655/3655/3655 3656/3656/3656
f 3633/3633/3633 3655/3655/3655 3634/3634/3634
f 3655/3655/3655 3633/3633/3633 3657/3657/3657
f 3658/3658/3658 3657/3657/3657 3633/3633/3633
f 3657/3657/3657 3658/3658/3658 3659/3659/3659
f 3660/3660/3660 3659/3659/3659 3658/3658/3658
f 3659/3659/3659 3660/3660/3660 3661/3661/3661
f 3662/3662/3662 3661/3661/3661 3660/3660/3660
f 3661/3661/3661 3662/3662/3662 3663/3663/3663
f 3665/3665/3665 3653/3653/3653 3664/3664/3664
f 3653/3653/3653 3665/3665/3665 3666/3666/3666
f 3667/3667/3667 3666/3666/3666 3665/3665/3665
f 3666/3666/3666 3667/3667/3667 3668/3668/3668
f 3669/3669/3669 3668/3668/3668 3667/3667/3667
f 3671/3671/3671 3669/3669/3669 3670/3670/3670
f 3673/3673/3673 3672/3672/3672 3670/3670/3670
f 3663/3663/3663 3673/3673/3673 3674/3674/3674
f 3673/3673/3673 3670/3670/3670 3675/3675/3675
f 3676/3676/3676 3672/3672/3672 3673/3673/3673
f 3673/3673/3673 3663/3663/3663 3676/3676/3676
f 3677/3677/3677 3676/3676/3676 3663/3663/3663
f 3678/3678/3678 3677/3677/3677 3663/3663/3663
f 3663/3663/3663 3624/3624/3624 3678/3678/3678
f 3624/3624/3624 3663/3663/3663 3679/3679/3679
f 3680/3680/3680 3678/3678/3678 3624/3624/3624
f 3680/3680/3680 3624/3624/3624 3623/3623/3623
f 3623/3623/3623 3681/3681/3681 3680/3680/3680
f 3681/3681/3681 3623/3623/3623 3682/3682/3682
f 3622/3622/3622 3682/3682/3682 3623/3623/3623
f 3682/3682/3682 3622/3622/3622 3683/3683/3683
f 3615/3615/3615 3683/3683/3683 3622/3622/3622
f 3683/3683/3683 3615/3615/3615 3684/3684/3684
f 3614/3614/3614 3684/3684/3684 3615/3615/3615
f 3684/3684/3684 3614/3614/3614 3685/3685/3685
f 3607/3607/3607 3685/3685/3685 3614/3614/3614
f 3686/3686/3686 3680/3680/3680 3681/3681/3681
f 3685/3685/3685 3607/3607/3607 3687/3687/3687
f 3680/3680/3680 3686/3686/3686 3688/3688/3688
f 3689/3689/3689 3688/3688/3688 3686/3686/3686
f 3687/3687/3687 3690/3690/3690 3689/3689/3689
f 3688/3688/3688 3689/3689/3689 3690/3690/3690
f 3688/3688/3688 3691/3691/3691 3680/3680/3680
f 3678/3678/3678 3680/3680/3680 3691/3691/3691
f 3692/3692/3692 3687/3687/3687 3607/3607/3607
f 3690/3690/3690 3687/3687/3687 3692/3692/3692
f 3607/3607/3607 3693/3693/3693 3692/3692/3692
f 3690/3690/3690 3694/3694/3694 3688/3688/3688
f 3691/3691/3691 3688/3688/3688 3694/3694/3694
f 3692/3692/3692 3695/3695/3695 3690/3690/3690
f 3695/3695/3695 3692/3692/3692 3693/3693/3693
f 3694/3694/3694 3690/3690/3690 3695/3695/3695
f 3693/3693/3693 3607/3607/3607 3696/3696/3696
f 3608/3608/3608 3696/3696/3696 3607/3607/3607
f 3696/3696/3696 3608/3608/3608 3697/3697/3697
f 3698/3698/3698 3697/3697/3697 3608/3608/3608
f 3691/3691/3691 3699/3699/3699 3678/3678/3678
f 3700/3700/3700 3678/3678/3678 3699/3699/3699
f 3699/3699/3699 3691/3691/3691 3701/3701/3701
f 3694/3694/3694 3701/3701/3701 3691/3691/3691
f 3701/3701/3701 3694/3694/3694 3702/3702/3702
f 3695/3695/3695 3702/3702/3702 3694/3694/3694
f 3678/3678/3678 3700/3700/3700 3677/3677/3677
f 3702/3702/3702 3695/3695/3695 3703/3703/3703
f 3693/3693/3693 3703/3703/3703 3695/3695/3695
f 3704/3704/3704 3677/3677/3677 3700/3700/3700
f 3705/3705/3705 3677/3677/3677 3704/3704/3704
f 3706/3706/3706 3703/3703/3703 3693/3693/3693
f 3703/3703/3703 3706/3706/3706 3707/3707/3707
f 3707/3707/3707 3708/3708/3708 3705/3705/3705
f 3708/3708/3708 3707/3707/3707 3706/3706/3706
f 3677/3677/3677 3705/3705/3705 3708/3708/3708
f 3693/3693/3693 3709/3709/3709 3706/3706/3706
f 3706/3706/3706 3709/3709/3709 3708/3708/3708
f 3708/3708/3708 3710/3710/3710 3677/3677/3677
f 3710/3710/3710 3708/3708/3708 3709/3709/3709
f 3709/3709/3709 3693/3693/3693 3711/3711/3711
f 3696/3696/3696 3711/3711/3711 3693/3693/3693
f 3711/3711/3711 3696/3696/3696 3712/3712/3712
f 3713/3713/3713 3677/3677/3677 3710/3710/3710
f 3676/3676/3676 3677/3677/3677 3713/3713/3713
f 3710/3710/3710 3714/3714/3714 3713/3713/3713
f 3713/3713/3713 3714/3714/3714 3676/3676/3676
f 3714/3714/3714 3710/3710/3710 3715/3715/3715
f 3716/3716/3716 3676/3676/3676 3714/3714/3714
f 3717/3717/3717 3715/3715/3715 3710/3710/3710
f 3715/3715/3715 3717/3717/3717 3718/3718/3718
f 3718/3718/3718 3717/3717/3717 3719/3719/3719
f 3676/3676/3676 3716/3716/3716 3672/3672/3672
f 3720/3720/3720 3719/3719/3719 3717/3717/3717
f 3721/3721/3721 3672/3672/3672 3716/3716/3716
f 3719/3719/3719 3720/3720/3720 3722/3722/3722
f 3722/3722/3722 3723/3723/3723 3721/3721/3721
f 3672/3672/3672 3721/3721/3721 3723/3723/3723
f 3723/3723/3723 3722/3722/3722 3720/3720/3720
f 3723/3723/3723 3724/3724/3724 3672/3672/3672
f 3720/3720/3720 3725/3725/3725 3723/3723/3723
f 3724/3724/3724 3723/3723/3723 3725/3725/3725
f 3726/3726/3726 3672/3672/3672 3724/3724/3724
f 3726/3726/3726 3670/3670/3670 3672/3672/3672
f 3725/3725/3725 3720/3720/3720 3727/3727/3727
f 3725/3725/3725 3728/3728/3728 3724/3724/3724
f 3727/3727/3727 3728/3728/3728 3725/3725/3725
f 3729/3729/3729 3724/3724/3724 3728/3728/3728
f 3724/3724/3724 3729/3729/3729 3726/3726/3726
f 3728/3728/3728 3727/3727/3727 3730/3730/3730
f 3727/3727/3727 3720/3720/3720 3731/3731/3731
f 3731/3731/3731 3730/3730/3730 3727/3727/3727
f 3709/3709/3709 3731/3731/3731 3720/3720/3720
f 3730/3730/3730 3731/3731/3731 3732/3732/3732
f 3726/3726/3726 3729/3729/3729 3733/3733/3733
f 3733/3733/3733 3670/3670/3670 3726/3726/3726
f 3734/3734/3734 3733/3733/3733 3729/3729/3729
f 3731/3731/3731 3709/3709/3709 3735/3735/3735
f 3711/3711/3711 3735/3735/3735 3709/3709/3709
f 3735/3735/3735 3711/3711/3711 3736/3736/3736
f 3737/3737/3737 3736/3736/3736 3711/3711/3711
f 3738/3738/3738 3732/3732/3732 3731/3731/3731
f 3731/3731/3731 3735/3735/3735 3738/3738/3738
f 3732/3732/3732 3738/3738/3738 3739/3739/3739
f 3740/3740/3740 3738/3738/3738 3735/3735/3735
f 3733/3733/3733 3741/3741/3741 3670/3670/3670
f 3670/3670/3670 3741/3741/3741 3742/3742/3742
f 3742/3742/3742 3741/3741/3741 3743/3743/3743
f 3733/3733/3733 3734/3734/3734 3744/3744/3744
f 3744/3744/3744 3741/3741/3741 3733/3733/3733
f 3745/3745/3745 3744/3744/3744 3734/3734/3734
f 3746/3746/3746 3743/3743/3743 3741/3741/3741
f 3743/3743/3743 3746/3746/3746 3747/3747/3747
f 3650/3650/3650 3747/3747/3747 3746/3746/3746
f 3747/3747/3747 3650/3650/3650 3748/3748/3748
f 3741/3741/3741 3744/3744/3744 3749/3749/3749
f 3740/3740/3740 3749/3749/3749 3738/3738/3738
f 3750/3750/3750 3749/3749/3749 3740/3740/3740
f 3744/3744/3744 3745/3745/3745 3751/3751/3751
f 3751/3751/3751 3749/3749/3749 3744/3744/3744
f 3751/3751/3751 3738/3738/3738 3749/3749/3749
f 3739/3739/3739 3751/3751/3751 3745/3745/3745
f 3751/3751/3751 3739/3739/3739 3738/3738/3738
f 3749/3749/3749 3750/3750/3750 3752/3752/3752
f 3753/3753/3753 3752/3752/3752 3750/3750/3750
f 3754/3754/3754 3752/3752/3752 3753/3753/3753
f 3756/3756/3756 3752/3752/3752 3755/3755/3755
f 3752/3752/3752 3756/3756/3756 3757/3757/3757
f 3758/3758/3758 3757/3757/3757 3756/3756/3756
f 3759/3759/3759 3758/3758/3758 3756/3756/3756
f 3759/3759/3759 3756/3756/3756 3760/3760/3760
f 3761/3761/3761 3760/3760/3760 3756/3756/3756
f 3759/3759/3759 3762/3762/3762 3758/3758/3758
f 3762/3762/3762 3759/3759/3759 3763/3763/3763
f 3764/3764/3764 3763/3763/3763 3759/3759/3759
f 3762/3762/3762 3620/3620/3620 3758/3758/3758
f 3620/3620/3620 3762/3762/3762 3765/3765/3765
f 3758/3758/3758 3620/3620/3620 3542/3542/3542
f 3620/3620/3620 3621/3621/3621 3542/3542/3542
f 3621/3621/3621 3766/3766/3766 3542/3542/3542
f 3767/3767/3767 3766/3766/3766 3621/3621/3621
f 3766/3766/3766 3767/3767/3767 3768/3768/3768
f 3768/3768/3768 3767/3767/3767 3769/3769/3769
f 3770/3770/3770 3769/3769/3769 3767/3767/3767
f 3769/3769/3769 3770/3770/3770 3771/3771/3771
f 3603/3603/3603 3771/3771/3771 3770/3770/3770
f 3766/3766/3766 3772/3772/3772 3542/3542/3542
f 3772/3772/3772 3540/3540/3540 3542/3542/3542
f 3540/3540/3540 3772/3772/3772 3556/3556/3556
f 3773/3773/3773 3556/3556/3556 3772/3772/3772
f 3772/3772/3772 3766/3766/3766 3774/3774/3774
f 3775/3775/3775 3774/3774/3774 3766/3766/3766
f 3777/3777/3777 3774/3774/3774 3776/3776/3776
f 3774/3774/3774 3777/3777/3777 3778/3778/3778
f 3779/3779/3779 3778/3778/3778 3777/3777/3777
f 3778/3778/3778 3779/3779/3779 3780/3780/3780
f 3781/3781/3781 3780/3780/3780 3779/3779/3779
f 3782/3782/3782 3781/3781/3781 3547/3547/3547
f 3785/3785/3785 3784/3784/3784 3783/3783/3783
f 3788/3788/3788 3787/3787/3787 3786/3786/3786
f 3791/3791/3791 3790/3790/3790 3789/3789/3789
f 3789/3789/3789 3793/3793/3793 3792/3792/3792
f 3792/3792/3792 3794/3794/3794 3789/3789/3789
f 3794/3794/3794 3792/3792/3792 3795/3795/3795
f 3789/3789/3789 3797/3797/3797 3796/3796/3796
f 3798/3798/3798 3796/3796/3796 3797/3797/3797
f 3794/3794/3794 3800/3800/3800 3799/3799/3799
f 3799/3799/3799 3800/3800/3800 3801/3801/3801
f 3802/3802/3802 3801/3801/3801 3800/3800/3800
f 3804/3804/3804 3801/3801/3801 3803/3803/3803
f 3807/3807/3807 3806/3806/3806 3805/3805/3805
f 3809/3809/3809 3806/3806/3806 3808/3808/3808
f 3812/3812/3812 3811/3811/3811 3810/3810/3810
f 3815/3815/3815 3814/3814/3814 3813/3813/3813
f 3817/3817/3817 3816/3816/3816 3814/3814/3814
f 3820/3820/3820 3819/3819/3819 3818/3818/3818
f 3823/3823/3823 3822/3822/3822 3821/3821/3821
f 3825/3825/3825 3824/3824/3824 3823/3823/3823
f 3827/3827/3827 3825/3825/3825 3826/3826/3826
f 3828/3828/3828 3825/3825/3825 3827/3827/3827
f 3829/3829/3829 3825/3825/3825 3828/3828/3828
f 3827/3827/3827 3831/3831/3831 3830/3830/3830
f 3833/3833/3833 3831/3831/3831 3832/3832/3832
f 3835/3835/3835 3834/3834/3834 3829/3829/3829
f 3837/3837/3837 3836/3836/3836 3835/3835/3835
f 3836/3836/3836 3837/3837/3837 3838/3838/3838
f 3839/3839/3839 3838/3838/3838 3837/3837/3837
f 3838/3838/3838 3839/3839/3839 3840/3840/3840
f 3841/3841/3841 3840/3840/3840 3839/3839/3839
f 3842/3842/3842 3839/3839/3839 3837/3837/3837
f 3835/3835/3835 3843/3843/3843 3837/3837/3837
f 3837/3837/3837 3843/3843/3843 3842/3842/3842
f 3843/3843/3843 3835/3835/3835 3844/3844/3844
f 3845/3845/3845 3842/3842/3842 3843/3843/3843
f 3846/3846/3846 3844/3844/3844 3835/3835/3835
f 3844/3844/3844 3846/3846/3846 3847/3847/3847
f 3848/3848/3848 3847/3847/3847 3846/3846/3846
f 3842/3842/3842 3845/3845/3845 3849/3849/3849
f 3841/3841/3841 3849/3849/3849 3850/3850/3850
f 3847/3847/3847 3848/3848/3848 3851/3851/3851
f 3852/3852/3852 3851/3851/3851 3848/3848/3848
f 3853/3853/3853 3851/3851/3851 3852/3852/3852
f 3851/3851/3851 3853/3853/3853 3854/3854/3854
f 3855/3855/3855 3854/3854/3854 3853/3853/3853
f 3845/3845/3845 3856/3856/3856 3849/3849/3849
f 3854/3854/3854 3855/3855/3855 3857/3857/3857
f 3849/3849/3849 3856/3856/3856 3858/3858/3858
f 3856/3856/3856 3857/3857/3857 3858/3858/3858
f 3858/3858/3858 3857/3857/3857 3855/3855/3855
f 3859/3859/3859 3849/3849/3849 3858/3858/3858
f 3855/3855/3855 3860/3860/3860 3858/3858/3858
f 3859/3859/3859 3858/3858/3858 3860/3860/3860
f 3860/3860/3860 3861/3861/3861 3859/3859/3859
f 3861/3861/3861 3860/3860/3860 3862/3862/3862
f 3863/3863/3863 3859/3859/3859 3861/3861/3861
f 3861/3861/3861 3862/3862/3862 3864/3864/3864
f 3865/3865/3865 3863/3863/3863 3861/3861/3861
f 3863/3863/3863 3865/3865/3865 3866/3866/3866
f 3865/3865/3865 3861/3861/3861 3867/3867/3867
f 3868/3868/3868 3865/3865/3865 3867/3867/3867
f 3869/3869/3869 3867/3867/3867 3861/3861/3861
f 3861/3861/3861 3870/3870/3870 3869/3869/3869
f 3870/3870/3870 3861/3861/3861 3864/3864/3864
f 3864/3864/3864 3871/3871/3871 3870/3870/3870
f 3872/3872/3872 3870/3870/3870 3871/3871/3871
f 3873/3873/3873 3870/3870/3870 3872/3872/3872
f 3870/3870/3870 3873/3873/3873 3874/3874/3874
f 3875/3875/3875 3874/3874/3874 3873/3873/3873
f 3874/3874/3874 3875/3875/3875 3876/3876/3876
f 3871/3871/3871 3864/3864/3864 3877/3877/3877
f 3878/3878/3878 3876/3876/3876 3875/3875/3875
f 3876/3876/3876 3878/3878/3878 3879/3879/3879
f 3877/3877/3877 3864/3864/3864 3880/3880/3880
f 3879/3879/3879 3878/3878/3878 3881/3881/3881
f 3882/3882/3882 3880/3880/3880 3864/3864/3864
f 3864/3864/3864 3883/3883/3883 3882/3882/3882
f 3880/3880/3880 3882/3882/3882 3884/3884/3884
f 3885/3885/3885 3884/3884/3884 3882/3882/3882
f 3886/3886/3886 3884/3884/3884 3885/3885/3885
f 3884/3884/3884 3886/3886/3886 3887/3887/3887
f 3881/3881/3881 3878/3878/3878 3888/3888/3888
f 3889/3889/3889 3888/3888/3888 3878/3878/3878
f 3887/3887/3887 3890/3890/3890 3889/3889/3889
f 3888/3888/3888 3889/3889/3889 3890/3890/3890
f 3888/3888/3888 3891/3891/3891 3881/3881/3881
f 3892/3892/3892 3881/3881/3881 3891/3891/3891
f 3881/3881/3881 3892/3892/3892 3893/3893/3893
f 3888/3888/3888 3895/3895/3895 3894/3894/3894
f 3897/3897/3897 3896/3896/3896 3892/3892/3892
f 3893/3893/3893 3897/3897/3897 3898/3898/3898
f 3898/3898/3898 3900/3900/3900 3899/3899/3899
f 3902/3902/3902 3901/3901/3901 3897/3897/3897
f 3904/3904/3904 3888/3888/3888 3903/3903/3903
f 3905/3905/3905 3903/3903/3903 3888/3888/3888
f 3907/3907/3907 3906/3906/3906 3905/3905/3905
f 3909/3909/3909 3908/3908/3908 3902/3902/3902
f 3908/3908/3908 3909/3909/3909 3910/3910/3910
f 3912/3912/3912 3911/3911/3911 3910/3910/3910
f 3882/3882/3882 3913/3913/3913 3907/3907/3907
f 3913/3913/3913 3882/3882/3882 3914/3914/3914
f 3915/3915/3915 3914/3914/3914 3882/3882/3882
f 3918/3918/3918 3917/3917/3917 3916/3916/3916
f 3920/3920/3920 3918/3918/3918 3919/3919/3919
f 3921/3921/3921 3919/3919/3919 3918/3918/3918
f 3919/3919/3919 3921/3921/3921 3922/3922/3922
f 3923/3923/3923 3922/3922/3922 3921/3921/3921
f 3922/3922/3922 3923/3923/3923 3924/3924/3924
f 3927/3927/3927 3926/3926/3926 3925/3925/3925
f 3930/3930/3930 3929/3929/3929 3928/3928/3928
f 3933/3933/3933 3932/3932/3932 3931/3931/3931
f 3935/3935/3935 3931/3931/3931 3934/3934/3934
f 3937/3937/3937 3936/3936/3936 3935/3935/3935
f 3934/3934/3934 3939/3939/3939 3938/3938/3938
f 3940/3940/3940 3938/3938/3938 3939/3939/3939
f 3942/3942/3942 3937/3937/3937 3941/3941/3941
f 3943/3943/3943 3941/3941/3941 3937/3937/3937
f 3945/3945/3945 3944/3944/3944 3943/3943/3943
f 3944/3944/3944 3945/3945/3945 3946/3946/3946
f 3948/3948/3948 3947/3947/3947 3944/3944/3944
f 3951/3951/3951 3950/3950/3950 3949/3949/3949
f 3954/3954/3954 3953/3953/3953 3952/3952/3952
f 3957/3957/3957 3956/3956/3956 3955/3955/3955
f 3956/3956/3956 3959/3959/3959 3958/3958/3958
f 3960/3960/3960 3958/3958/3958 3959/3959/3959
f 3961/3961/3961 3958/3958/3958 3960/3960/3960
f 3958/3958/3958 3961/3961/3961 3962/3962/3962
f 3965/3965/3965 3964/3964/3964 3963/3963/3963
f 3967/3967/3967 3966/3966/3966 3964/3964/3964
f 3964/3964/3964 3968/3968/3968 3967/3967/3967
f 3969/3969/3969 3967/3967/3967 3968/3968/3968
f 3972/3972/3972 3971/3971/3971 3970/3970/3970
f 3975/3975/3975 3974/3974/3974 3973/3973/3973
f 3974/3974/3974 3977/3977/3977 3976/3976/3976
f 3978/3978/3978 3976/3976/3976 3977/3977/3977
f 3981/3981/3981 3980/3980/3980 3979/3979/3979
f 3980/3980/3980 3983/3983/3983 3982/3982/3982
f 3984/3984/3984 3982/3982/3982 3983/3983/3983
f 3982/3982/3982 3984/3984/3984 3985/3985/3985
f 3988/3988/3988 3987/3987/3987 3986/3986/3986
f 3990/3990/3990 3989/3989/3989 3986/3986/3986
f 3992/3992/3992 3991/3991/3991 3986/3986/3986
f 3993/3993/3993 3991/3991/3991 3992/3992/3992
f 3991/3991/3991 3993/3993/3993 3994/3994/3994
f 3997/3997/3997 3996/3996/3996 3995/3995/3995
f 3996/3996/3996 3999/3999/3999 3998/3998/3998
f 4002/4002/4002 4001/4001/4001 4000/4000/4000
f 4004/4004/4004 4003/4003/4003 4001/4001/4001
f 4003/4003/4003 4004/4004/4004 4005/4005/4005
f 4008/4008/4008 4007/4007/4007 4006/4006/4006
f 4006/4006/4006 4010/4010/4010 4009/4009/4009
f 4011/4011/4011 4009/4009/4009 4010/4010/4010
f 4012/4012/4012 4011/4011/4011 4010/4010/4010
f 4010/4010/4010 4013/4013/4013 4012/4012/4012
f 4016/4016/4016 4015/4015/4015 4014/4014/4014
f 4018/4018/4018 4014/4014/4014 4017/4017/4017
f 4014/4014/4014 4018/4018/4018 4019/4019/4019
f 4022/4022/4022 4021/4021/4021 4020/4020/4020
f 4021/4021/4021 4024/4024/4024 4023/4023/4023
f 4025/4025/4025 4023/4023/4023 4024/4024/4024
f 4023/4023/4023 4025/4025/4025 4026/4026/4026
f 4027/4027/4027 4026/4026/4026 4025/4025/4025
f 4029/4029/4029 4027/4027/4027 4028/4028/4028
f 4030/4030/4030 4028/4028/4028 4027/4027/4027
f 4028/4028/4028 4030/4030/4030 4031/4031/4031
f 4032/4032/4032 4031/4031/4031 4030/4030/4030
f 4035/4035/4035 4034/4034/4034 4033/4033/4033
f 4037/4037/4037 4033/4033/4033 4036/4036/4036
f 4036/4036/4036 4038/4038/4038 4037/4037/4037
f 4040/4040/4040 4037/4037/4037 4039/4039/4039
f 4043/4043/4043 4042/4042/4042 4041/4041/4041
f 4045/4045/4045 4041/4041/4041 4044/4044/4044
f 4047/4047/4047 4046/4046/4046 4044/4044/4044
f 4048/4048/4048 4044/4044/4044 4046/4046/4046
f 4051/4051/4051 4050/4050/4050 4049/4049/4049
f 4053/4053/4053 4052/4052/4052 4050/4050/4050
f 4050/4050/4050 4054/4054/4054 4053/4053/4053
f 4056/4056/4056 4053/4053/4053 4055/4055/4055
f 4059/4059/4059 4058/4058/4058 4057/4057/4057
f 4061/4061/4061 4059/4059/4059 4060/4060/4060
f 4060/4060/4060 4059/4059/4059 4062/4062/4062
f 4062/4062/4062 4059/4059/4059 4063/4063/4063
f 4059/4059/4059 4064/4064/4064 4063/4063/4063
f 4065/4065/4065 4063/4063/4063 4064/4064/4064
f 4067/4067/4067 4066/4066/4066 4060/4060/4060
f 4070/4070/4070 4069/4069/4069 4068/4068/4068
f 4073/4073/4073 4072/4072/4072 4071/4071/4071
f 4076/4076/4076 4075/4075/4075 4074/4074/4074
f 4075/4075/4075 4078/4078/4078 4077/4077/4077
f 4079/4079/4079 4077/4077/4077 4078/4078/4078
f 4077/4077/4077 4079/4079/4079 4080/4080/4080
f 4081/4081/4081 4080/4080/4080 4079/4079/4079
f 4080/4080/4080 4081/4081/4081 4082/4082/4082
f 4085/4085/4085 4084/4084/4084 4083/4083/4083
f 4087/4087/4087 4086/4086/4086 4084/4084/4084
f 4084/4084/4084 4088/4088/4088 4087/4087/4087
f 4089/4089/4089 4087/4087/4087 4088/4088/4088
f 4088/4088/4088 4090/4090/4090 4089/4089/4089
f 4091/4091/4091 4089/4089/4089 4090/4090/4090
f 4094/4094/4094 4093/4093/4093 4092/4092/4092
f 4096/4096/4096 4095/4095/4095 4093/4093/4093
f 4098/4098/4098 4095/4095/4095 4097/4097/4097
f 4101/4101/4101 4100/4100/4100 4099/4099/4099
f 4100/4100/4100 4103/4103/4103 4102/4102/4102
f 4103/4103/4103 4100/4100/4100 4104/4104/4104
f 4105/4105/4105 4103/4103/4103 4104/4104/4104
f 4106/4106/4106 4105/4105/4105 4104/4104/4104
f 4109/4109/4109 4108/4108/4108 4107/4107/4107
f 4107/4107/4107 4111/4111/4111 4110/4110/4110
f 4112/4112/4112 4110/4110/4110 4111/4111/4111
f 4115/4115/4115 4114/4114/4114 4113/4113/4113
f 4118/4118/4118 4117/4117/4117 4116/4116/4116
f 4120/4120/4120 4118/4118/4118 4119/4119/4119
f 4121/4121/4121 4119/4119/4119 4118/4118/4118
f 4119/4119/4119 4121/4121/4121 4122/4122/4122
f 4122/4122/4122 4121/4121/4121 4123/4123/4123
f 4124/4124/4124 4123/4123/4123 4121/4121/4121
f 4122/4122/4122 4125/4125/4125 4119/4119/4119
f 4125/4125/4125 4122/4122/4122 3761/3761/3761
f 4126/4126/4126 3761/3761/3761 4122/4122/4122
f 4127/4127/4127 4119/4119/4119 4125/4125/4125
f 4119/4119/4119 4127/4127/4127 4128/4128/4128
f 4129/4129/4129 4128/4128/4128 4127/4127/4127
f 4125/4125/4125 4130/4130/4130 4127/4127/4127
f 4127/4127/4127 4130/4130/4130 4131/4131/4131
f 4132/4132/4132 4131/4131/4131 4130/4130/4130
f 4130/4130/4130 4125/4125/4125 4133/4133/4133
f 4134/4134/4134 4133/4133/4133 4125/4125/4125
f 4137/4137/4137 4136/4136/4136 4135/4135/4135
f 4140/4140/4140 4139/4139/4139 4138/4138/4138
f 4142/4142/4142 4138/4138/4138 4141/4141/4141
f 4138/4138/4138 4142/4142/4142 4143/4143/4143
f 4145/4145/4145 4143/4143/4143 4144/4144/4144
f 4145/4145/4145 4146/4146/4146 4143/4143/4143
f 4143/4143/4143 4146/4146/4146 4147/4147/4147
f 4146/4146/4146 4148/4148/4148 4147/4147/4147
f 4148/4148/4148 4149/4149/4149 4147/4147/4147
f 4146/4146/4146 4150/4150/4150 4148/4148/4148
f 4146/4146/4146 4151/4151/4151 4150/4150/4150
f 4152/4152/4152 4151/4151/4151 4146/4146/4146
f 4153/4153/4153 4151/4151/4151 4152/4152/4152
f 4151/4151/4151 4153/4153/4153 4154/4154/4154
f 4155/4155/4155 4154/4154/4154 4153/4153/4153
f 4156/4156/4156 4150/4150/4150 4151/4151/4151
f 4150/4150/4150 4156/4156/4156 4157/4157/4157
f 4157/4157/4157 4148/4148/4148 4150/4150/4150
f 4158/4158/4158 4157/4157/4157 4156/4156/4156
f 4158/4158/4158 4159/4159/4159 4157/4157/4157
f 4148/4148/4148 4157/4157/4157 4159/4159/4159
f 4148/4148/4148 4159/4159/4159 4160/4160/4160
f 4160/4160/4160 4159/4159/4159 4161/4161/4161
f 4161/4161/4161 4159/4159/4159 4162/4162/4162
f 4163/4163/4163 4162/4162/4162 4159/4159/4159
f 4163/4163/4163 4165/4165/4165 4164/4164/4164
f 4166/4166/4166 4164/4164/4164 4165/4165/4165
f 4169/4169/4169 4168/4168/4168 4167/4167/4167
f 4172/4172/4172 4171/4171/4171 4170/4170/4170
f 4175/4175/4175 4174/4174/4174 4173/4173/4173
f 4177/4177/4177 4173/4173/4173 4176/4176/4176
f 4178/4178/4178 4176/4176/4176 4173/4173/4173
f 4176/4176/4176 4178/4178/4178 4179/4179/4179
f 4180/4180/4180 4179/4179/4179 4178/4178/4178
f 4179/4179/4179 4180/4180/4180 4181/4181/4181
f 4179/4179/4179 4182/4182/4182 4176/4176/4176
f 4176/4176/4176 4182/4182/4182 4183/4183/4183
f 4182/4182/4182 4179/4179/4179 4184/4184/4184
f 4184/4184/4184 4179/4179/4179 4185/4185/4185
f 4184/4184/4184 4186/4186/4186 4182/4182/4182
f 4186/4186/4186 4187/4187/4187 4182/4182/4182
f 4186/4186/4186 4188/4188/4188 4187/4187/4187
f 4190/4190/4190 4182/4182/4182 4189/4189/4189
f 4193/4193/4193 4192/4192/4192 4191/4191/4191
f 4196/4196/4196 4195/4195/4195 4194/4194/4194
f 4199/4199/4199 4198/4198/4198 4197/4197/4197
f 4202/4202/4202 4201/4201/4201 4200/4200/4200
f 4205/4205/4205 4204/4204/4204 4203/4203/4203
f 4207/4207/4207 4203/4203/4203 4206/4206/4206
f 4203/4203/4203 4207/4207/4207 4208/4208/4208
f 4209/4209/4209 4208/4208/4208 4207/4207/4207
f 4212/4212/4212 4211/4211/4211 4210/4210/4210
f 4214/4214/4214 4213/4213/4213 4211/4211/4211
f 4211/4211/4211 4215/4215/4215 4214/4214/4214
f 4218/4218/4218 4217/4217/4217 4216/4216/4216
f 4216/4216/4216 4220/4220/4220 4219/4219/4219
f 4220/4220/4220 4216/4216/4216 4221/4221/4221
f 4223/4223/4223 4222/4222/4222 4220/4220/4220
f 4222/4222/4222 4225/4225/4225 4224/4224/4224
f 4226/4226/4226 4224/4224/4224 4225/4225/4225
f 4227/4227/4227 4224/4224/4224 4226/4226/4226
f 4224/4224/4224 4227/4227/4227 4228/4228/4228
f 4229/4229/4229 4228/4228/4228 4227/4227/4227
f 4232/4232/4232 4231/4231/4231 4230/4230/4230
f 4234/4234/4234 4233/4233/4233 4231/4231/4231
f 4231/4231/4231 4235/4235/4235 4234/4234/4234
f 4236/4236/4236 4234/4234/4234 4235/4235/4235
f 4239/4239/4239 4238/4238/4238 4237/4237/4237
f 4241/4241/4241 4240/4240/4240 4238/4238/4238
f 4243/4243/4243 4242/4242/4242 4238/4238/4238
f 4243/4243/4243 4238/4238/4238 4244/4244/4244
f 4241/4241/4241 4246/4246/4246 4245/4245/4245
f 4247/4247/4247 4245/4245/4245 4246/4246/4246
f 4248/4248/4248 4247/4247/4247 4246/4246/4246
f 4246/4246/4246 4249/4249/4249 4248/4248/4248
f 4251/4251/4251 4250/4250/4250 4248/4248/4248
f 4253/4253/4253 4252/4252/4252 4250/4250/4250
f 4252/4252/4252 4254/4254/4254 4250/4250/4250
f 4257/4257/4257 4256/4256/4256 4255/4255/4255
f 4259/4259/4259 4257/4257/4257 4258/4258/4258
f 4258/4258/4258 4260/4260/4260 4259/4259/4259
f 4260/4260/4260 4261/4261/4261 4259/4259/4259
f 4262/4262/4262 4259/4259/4259 4261/4261/4261
f 4265/4265/4265 4264/4264/4264 4263/4263/4263
f 4267/4267/4267 4266/4266/4266 4264/4264/4264
f 4264/4264/4264 4268/4268/4268 4267/4267/4267
f 4270/4270/4270 4267/4267/4267 4269/4269/4269
f 4272/4272/4272 4271/4271/4271 4270/4270/4270
f 4273/4273/4273 4270/4270/4270 4271/4271/4271
f 4274/4274/4274 4273/4273/4273 4271/4271/4271
f 4271/4271/4271 4275/4275/4275 4274/4274/4274
f 4276/4276/4276 4274/4274/4274 4275/4275/4275
f 4275/4275/4275 4278/4278/4278 4277/4277/4277
f 4281/4281/4281 4280/4280/4280 4279/4279/4279
f 4283/4283/4283 4279/4279/4279 4282/4282/4282
f 4279/4279/4279 4283/4283/4283 4284/4284/4284
f 4285/4285/4285 4284/4284/4284 4283/4283/4283
f 4288/4288/4288 4287/4287/4287 4286/4286/4286
f 4291/4291/4291 4290/4290/4290 4289/4289/4289
f 4294/4294/4294 4293/4293/4293 4292/4292/4292
f 4297/4297/4297 4296/4296/4296 4295/4295/4295
f 4299/4299/4299 4297/4297/4297 4298/4298/4298
f 4300/4300/4300 4298/4298/4298 4297/4297/4297
f 4298/4298/4298 4300/4300/4300 4301/4301/4301
f 4301/4301/4301 4300/4300/4300 4302/4302/4302
f 4303/4303/4303 4302/4302/4302 4300/4300/4300
f 4306/4306/4306 4305/4305/4305 4304/4304/4304
f 4309/4309/4309 4308/4308/4308 4307/4307/4307
f 4311/4311/4311 4307/4307/4307 4310/4310/4310
f 4307/4307/4307 4311/4311/4311 4312/4312/4312
f 4313/4313/4313 4307/4307/4307 4312/4312/4312
f 4312/4312/4312 4314/4314/4314 4313/4313/4313
f 4315/4315/4315 4313/4313/4313 4314/4314/4314
f 4312/4312/4312 4311/4311/4311 4316/4316/4316
f 4311/4311/4311 4317/4317/4317 4316/4316/4316
f 4317/4317/4317 4318/4318/4318 4316/4316/4316
f 4312/4312/4312 4316/4316/4316 4319/4319/4319
f 4316/4316/4316 4318/4318/4318 4319/4319/4319
f 4317/4317/4317 4320/4320/4320 4318/4318/4318
f 4318/4318/4318 4320/4320/4320 4321/4321/4321
f 4322/4322/4322 4321/4321/4321 4320/4320/4320
f 4319/4319/4319 4318/4318/4318 4323/4323/4323
f 4324/4324/4324 4323/4323/4323 4318/4318/4318
f 4325/4325/4325 4319/4319/4319 4323/4323/4323
f 4326/4326/4326 4325/4325/4325 4323/4323/4323
f 4324/4324/4324 4326/4326/4326 4323/4323/4323
f 4327/4327/4327 4326/4326/4326 4324/4324/4324
f 4328/4328/4328 4327/4327/4327 4324/4324/4324
f 4328/4328/4328 4324/4324/4324 4329/4329/4329
f 4329/4329/4329 4324/4324/4324 4330/4330/4330
f 4324/4324/4324 4318/4318/4318 4331/4331/4331
f 4331/4331/4331 4330/4330/4330 4324/4324/4324
f 4332/4332/4332 4331/4331/4331 4318/4318/4318
f 4330/4330/4330 4331/4331/4331 4333/4333/4333
f 4331/4331/4331 4334/4334/4334 4333/4333/4333
f 4337/4337/4337 4336/4336/4336 4335/4335/4335
f 4340/4340/4340 4339/4339/4339 4338/4338/4338
f 4343/4343/4343 4342/4342/4342 4341/4341/4341
f 4346/4346/4346 4345/4345/4345 4344/4344/4344
f 4349/4349/4349 4348/4348/4348 4347/4347/4347
f 4352/4352/4352 4351/4351/4351 4350/4350/4350
f 4354/4354/4354 4353/4353/4353 4351/4351/4351
f 4351/4351/4351 4355/4355/4355 4354/4354/4354
f 4356/4356/4356 4354/4354/4354 4355/4355/4355
f 4359/4359/4359 4358/4358/4358 4357/4357/4357
f 4362/4362/4362 4361/4361/4361 4360/4360/4360
f 4364/4364/4364 4363/4363/4363 4360/4360/4360
f 4365/4365/4365 4360/4360/4360 4363/4363/4363
f 4366/4366/4366 4365/4365/4365 4363/4363/4363
f 4360/4360/4360 4365/4365/4365 4367/4367/4367
f 4370/4370/4370 4369/4369/4369 4368/4368/4368
f 4373/4373/4373 4372/4372/4372 4371/4371/4371
f 4376/4376/4376 4375/4375/4375 4374/4374/4374
f 4379/4379/4379 4378/4378/4378 4377/4377/4377
f 4382/4382/4382 4381/4381/4381 4380/4380/4380
f 4385/4385/4385 4384/4384/4384 4383/4383/4383
f 4388/4388/4388 4387/4387/4387 4386/4386/4386
f 4390/4390/4390 4389/4389/4389 4388/4388/4388
f 4391/4391/4391 4389/4389/4389 4390/4390/4390
f 4392/4392/4392 4389/4389/4389 4391/4391/4391
f 4392/4392/4392 4391/4391/4391 4393/4393/4393
f 4394/4394/4394 4388/4388/4388 4389/4389/4389
f 4395/4395/4395 4388/4388/4388 4394/4394/4394
f 4396/4396/4396 4388/4388/4388 4395/4395/4395
f 4389/4389/4389 4397/4397/4397 4394/4394/4394
f 4397/4397/4397 4389/4389/4389 4398/4398/4398
f 4396/4396/4396 4395/4395/4395 4399/4399/4399
f 4398/4398/4398 4389/4389/4389 4400/4400/4400
f 4392/4392/4392 4400/4400/4400 4389/4389/4389
f 4401/4401/4401 4396/4396/4396 4399/4399/4399
f 4392/4392/4392 4402/4402/4402 4400/4400/4400
f 4403/4403/4403 4400/4400/4400 4402/4402/4402
f 4404/4404/4404 4403/4403/4403 4402/4402/4402
f 4402/4402/4402 4392/4392/4392 4405/4405/4405
f 4406/4406/4406 4405/4405/4405 4392/4392/4392
f 4393/4393/4393 4406/4406/4406 4392/4392/4392
f 4406/4406/4406 4393/4393/4393 4407/4407/4407
f 4393/4393/4393 4401/4401/4401 4408/4408/4408
f 4408/4408/4408 4407/4407/4407 4393/4393/4393
f 4399/4399/4399 4409/4409/4409 4401/4401/4401
f 4401/4401/4401 4409/4409/4409 4408/4408/4408
f 4409/4409/4409 4399/4399/4399 4410/4410/4410
f 4399/4399/4399 4411/4411/4411 4410/4410/4410
f 4410/4410/4410 4411/4411/4411 4412/4412/4412
f 4412/4412/4412 4409/4409/4409 4410/4410/4410
f 4409/4409/4409 4413/4413/4413 4408/4408/4408
f 4414/4414/4414 4407/4407/4407 4408/4408/4408
f 4407/4407/4407 4414/4414/4414 4415/4415/4415
f 4416/4416/4416 4415/4415/4415 4414/4414/4414
f 4413/4413/4413 4417/4417/4417 4408/4408/4408
f 4414/4414/4414 4408/4408/4408 4417/4417/4417
f 4417/4417/4417 4418/4418/4418 4414/4414/4414
f 4419/4419/4419 4414/4414/4414 4418/4418/4418
f 4417/4417/4417 4413/4413/4413 4420/4420/4420
f 4421/4421/4421 4420/4420/4420 4413/4413/4413
f 4417/4417/4417 4420/4420/4420 4422/4422/4422
f 4423/4423/4423 4422/4422/4422 4420/4420/4420
f 4420/4420/4420 4424/4424/4424 4423/4423/4423
f 4425/4425/4425 4423/4423/4423 4424/4424/4424
f 4424/4424/4424 4420/4420/4420 4426/4426/4426
f 4427/4427/4427 4426/4426/4426 4420/4420/4420
f 4426/4426/4426 4427/4427/4427 4428/4428/4428
f 4429/4429/4429 4428/4428/4428 4427/4427/4427
f 4429/4429/4429 4430/4430/4430 4428/4428/4428
f 4430/4430/4430 4429/4429/4429 4431/4431/4431
f 4430/4430/4430 4431/4431/4431 4432/4432/4432
f 4431/4431/4431 4433/4433/4433 4432/4432/4432
f 4433/4433/4433 4431/4431/4431 4434/4434/4434
f 4435/4435/4435 4434/4434/4434 4431/4431/4431
f 4434/4434/4434 4435/4435/4435 4436/4436/4436
f 4437/4437/4437 4436/4436/4436 4435/4435/4435
f 4436/4436/4436 4437/4437/4437 4438/4438/4438
f 4439/4439/4439 4438/4438/4438 4437/4437/4437
f 4442/4442/4442 4441/4441/4441 4440/4440/4440
f 4444/4444/4444 4440/4440/4440 4443/4443/4443
f 4440/4440/4440 4444/4444/4444 4445/4445/4445
f 4447/4447/4447 4445/4445/4445 4446/4446/4446
f 4449/4449/4449 4448/4448/4448 4447/4447/4447
f 4448/4448/4448 4449/4449/4449 4450/4450/4450
f 4450/4450/4450 4449/4449/4449 4451/4451/4451
f 4452/4452/4452 4451/4451/4451 4449/4449/4449
f 4455/4455/4455 4454/4454/4454 4453/4453/4453
f 4453/4453/4453 4457/4457/4457 4456/4456/4456
f 4457/4457/4457 4453/4453/4453 4458/4458/4458
f 4460/4460/4460 4459/4459/4459 4457/4457/4457
f 4462/4462/4462 4460/4460/4460 4461/4461/4461
f 4463/4463/4463 4461/4461/4461 4460/4460/4460
f 4461/4461/4461 4463/4463/4463 4464/4464/4464
f 4464/4464/4464 4463/4463/4463 4465/4465/4465
f 4466/4466/4466 4465/4465/4465 4463/4463/4463
f 4469/4469/4469 4468/4468/4468 4467/4467/4467
f 4472/4472/4472 4471/4471/4471 4470/4470/4470
f 4470/4470/4470 4474/4474/4474 4473/4473/4473
f 4474/4474/4474 4470/4470/4470 4475/4475/4475
f 4478/4478/4478 4477/4477/4477 4476/4476/4476
f 4481/4481/4481 4480/4480/4480 4479/4479/4479
f 4484/4484/4484 4483/4483/4483 4482/4482/4482
f 4486/4486/4486 4482/4482/4482 4485/4485/4485
f 4482/4482/4482 4486/4486/4486 4487/4487/4487
f 4488/4488/4488 4487/4487/4487 4486/4486/4486
f 4487/4487/4487 4488/4488/4488 4489/4489/4489
f 4490/4490/4490 4489/4489/4489 4488/4488/4488
f 4491/4491/4491 4489/4489/4489 4490/4490/4490
f 4492/4492/4492 4489/4489/4489 4491/4491/4491
f 4495/4495/4495 4494/4494/4494 4493/4493/4493
f 3304/3304/3304 4496/4496/4496 3273/3273/3273
f 4498/4498/4498 4497/4497/4497 3673/3673/3673
f 4497/4497/4497 4500/4500/4500 4499/4499/4499
f 4501/4501/4501 4499/4499/4499 4500/4500/4500
f 4499/4499/4499 4501/4501/4501 4502/4502/4502
f 4503/4503/4503 4502/4502/4502 4501/4501/4501
f 4505/4505/4505 4504/4504/4504 3696/3696/3696
f 4504/4504/4504 4507/4507/4507 4506/4506/4506
f 4508/4508/4508 4506/4506/4506 4507/4507/4507
f 4506/4506/4506 4508/4508/4508 4509/4509/4509
f 4510/4510/4510 4509/4509/4509 4508/4508/4508
f 4511/4511/4511 4509/4509/4509 4510/4510/4510
f 4513/4513/4513 4512/4512/4512 3762/3762/3762
f 4512/4512/4512 4515/4515/4515 4514/4514/4514
f 4516/4516/4516 4514/4514/4514 4515/4515/4515
f 4514/4514/4514 4516/4516/4516 4517/4517/4517
f 4518/4518/4518 4517/4517/4517 4516/4516/4516
f 4517/4517/4517 4518/4518/4518 4519/4519/4519
f 3697/3697/3697 4519/4519/4519 4518/4518/4518
f 4522/4522/4522 4521/4521/4521 4520/4520/4520
f 4521/4521/4521 4523/4523/4523 4520/4520/4520
f 4524/4524/4524 4523/4523/4523 4521/4521/4521
f 4524/4524/4524 4521/4521/4521 4525/4525/4525
f 4526/4526/4526 4524/4524/4524 4525/4525/4525
f 4527/4527/4527 4525/4525/4525 4521/4521/4521
f 4527/4527/4527 4521/4521/4521 4528/4528/4528
f 4529/4529/4529 4528/4528/4528 4521/4521/4521
f 4527/4527/4527 4530/4530/4530 4525/4525/4525
f 4531/4531/4531 4525/4525/4525 4530/4530/4530
f 4534/4534/4534 4533/4533/4533 4532/4532/4532
f 4535/4535/4535 4532/4532/4532 4533/4533/4533
f 4538/4538/4538 4537/4537/4537 4536/4536/4536
f 4539/4539/4539 4536/4536/4536 4537/4537/4537
f 4539/4539/4539 4540/4540/4540 4536/4536/4536
f 4536/4536/4536 4540/4540/4540 4541/4541/4541
f 4541/4541/4541 4540/4540/4540 4542/4542/4542
f 4542/4542/4542 4544/4544/4544 4543/4543/4543
f 4544/4544/4544 4545/4545/4545 4540/4540/4540
f 4540/4540/4540 4546/4546/4546 4544/4544/4544
f 4547/4547/4547 4544/4544/4544 4546/4546/4546
f 4548/4548/4548 4544/4544/4544 4547/4547/4547
f 4548/4548/4548 4547/4547/4547 4549/4549/4549
f 4550/4550/4550 4548/4548/4548 4549/4549/4549
f 4546/4546/4546 4551/4551/4551 4547/4547/4547
f 4551/4551/4551 4546/4546/4546 4552/4552/4552
f 4552/4552/4552 4546/4546/4546 4553/4553/4553
f 4553/4553/4553 4554/4554/4554 4552/4552/4552
f 4552/4552/4552 4554/4554/4554 4555/4555/4555
f 4556/4556/4556 4555/4555/4555 4554/4554/4554
f 4554/4554/4554 4557/4557/4557 4556/4556/4556
f 4557/4557/4557 4558/4558/4558 4556/4556/4556
f 4559/4559/4559 4556/4556/4556 4558/4558/4558
f 4558/4558/4558 4560/4560/4560 4559/4559/4559
f 4559/4559/4559 4561/4561/4561 4556/4556/4556
f 4561/4561/4561 4559/4559/4559 4562/4562/4562
f 4565/4565/4565 4564/4564/4564 4563/4563/4563
f 4566/4566/4566 4563/4563/4563 4564/4564/4564
f 4564/4564/4564 4567/4567/4567 4566/4566/4566
f 4568/4568/4568 4566/4566/4566 4567/4567/4567
f 4569/4569/4569 4568/4568/4568 4567/4567/4567
f 4567/4567/4567 4570/4570/4570 4569/4569/4569
f 4571/4571/4571 4569/4569/4569 4570/4570/4570
f 4570/4570/4570 4572/4572/4572 4571/4571/4571
f 4573/4573/4573 4571/4571/4571 4572/4572/4572
f 4574/4574/4574 4573/4573/4573 4572/4572/4572
f 4572/4572/4572 4575/4575/4575 4574/4574/4574
f 4575/4575/4575 4576/4576/4576 4574/4574/4574
f 4577/4577/4577 4574/4574/4574 4576/4576/4576
f 4576/4576/4576 4578/4578/4578 4577/4577/4577
f 4579/4579/4579 4577/4577/4577 4578/4578/4578
f 4578/4578/4578 4580/4580/4580 4579/4579/4579
f 4580/4580/4580 4581/4581/4581 4579/4579/4579
f 4582/4582/4582 4579/4579/4579 4581/4581/4581
f 4581/4581/4581 4583/4583/4583 4582/4582/4582
f 4584/4584/4584 4582/4582/4582 4583/4583/4583
f 4583/4583/4583 4585/4585/4585 4584/4584/4584
f 4586/4586/4586 4584/4584/4584 4585/4585/4585
f 4585/4585/4585 4587/4587/4587 4586/4586/4586
f 4588/4588/4588 4586/4586/4586 4587/4587/4587
f 4591/4591/4591 4590/4590/4590 4589/4589/4589
f 4592/4592/4592 4590/4590/4590 4591/4591/4591
f 4593/4593/4593 4590/4590/4590 4592/4592/4592
f 4592/4592/4592 4594/4594/4594 4593/4593/4593
f 4595/4595/4595 4594/4594/4594 4592/4592/4592
f 4594/4594/4594 4595/4595/4595 4596/4596/4596
f 4598/4598/4598 4597/4597/4597 4590/4590/4590
f 4597/4597/4597 4598/4598/4598 4599/4599/4599
f 4600/4600/4600 4599/4599/4599 4598/4598/4598
f 4599/4599/4599 4600/4600/4600 4601/4601/4601
f 4602/4602/4602 4601/4601/4601 4600/4600/4600
f 4590/4590/4590 4603/4603/4603 4598/4598/4598
f 4603/4603/4603 4590/4590/4590 4604/4604/4604
f 4605/4605/4605 4598/4598/4598 4603/4603/4603
f 4604/4604/4604 4606/4606/4606 4603/4603/4603
f 4606/4606/4606 4604/4604/4604 4607/4607/4607
f 4608/4608/4608 4603/4603/4603 4606/4606/4606
f 4603/4603/4603 4608/4608/4608 4605/4605/4605
f 4609/4609/4609 4605/4605/4605 4608/4608/4608
f 4610/4610/4610 4605/4605/4605 4609/4609/4609
f 4611/4611/4611 4605/4605/4605 4610/4610/4610
f 4612/4612/4612 4611/4611/4611 4610/4610/4610
f 4614/4614/4614 4613/4613/4613 4612/4612/4612
f 4615/4615/4615 4613/4613/4613 4606/4606/4606
f 4606/4606/4606 4613/4613/4613 4616/4616/4616
f 4617/4617/4617 4613/4613/4613 4537/4537/4537
f 4611/4611/4611 4617/4617/4617 4618/4618/4618
f 4537/4537/4537 4618/4618/4618 4617/4617/4617
f 4537/4537/4537 4619/4619/4619 4618/4618/4618
f 4620/4620/4620 4618/4618/4618 4619/4619/4619
f 4623/4623/4623 4622/4622/4622 4621/4621/4621
f 4622/4622/4622 4623/4623/4623 4624/4624/4624
f 4625/4625/4625 4622/4622/4622 4624/4624/4624
f 4627/4627/4627 4622/4622/4622 4626/4626/4626
f 4627/4627/4627 4628/4628/4628 4622/4622/4622
f 4629/4629/4629 4622/4622/4622 4628/4628/4628
f 4632/4632/4632 4631/4631/4631 4630/4630/4630
f 4633/4633/4633 4630/4630/4630 4631/4631/4631
f 4634/4634/4634 4630/4630/4630 4633/4633/4633
f 4630/4630/4630 4634/4634/4634 4635/4635/4635
f 4635/4635/4635 4634/4634/4634 4636/4636/4636
f 4637/4637/4637 4636/4636/4636 4634/4634/4634
f 4636/4636/4636 4637/4637/4637 4638/4638/4638
f 4638/4638/4638 4637/4637/4637 4639/4639/4639
f 4640/4640/4640 4639/4639/4639 4637/4637/4637
f 4643/4643/4643 4642/4642/4642 4641/4641/4641
f 4644/4644/4644 4641/4641/4641 4642/4642/4642
f 4647/4647/4647 4646/4646/4646 4645/4645/4645
f 4648/4648/4648 4645/4645/4645 4646/4646/4646
f 4648/4648/4648 4649/4649/4649 4645/4645/4645
f 4649/4649/4649 4648/4648/4648 4650/4650/4650
f 4650/4650/4650 4648/4648/4648 4651/4651/4651
f 4652/4652/4652 4651/4651/4651 4648/4648/4648
f 4653/4653/4653 4649/4649/4649 4650/4650/4650
f 4654/4654/4654 4653/4653/4653 4650/4650/4650
f 4653/4653/4653 4655/4655/4655 4649/4649/4649
f 4656/4656/4656 4649/4649/4649 4655/4655/4655
f 4657/4657/4657 4656/4656/4656 4655/4655/4655
f 4656/4656/4656 4657/4657/4657 4658/4658/4658
f 4649/4649/4649 4659/4659/4659 4645/4645/4645
f 4660/4660/4660 4658/4658/4658 4657/4657/4657
f 4661/4661/4661 4658/4658/4658 4660/4660/4660
f 4661/4661/4661 4660/4660/4660 4662/4662/4662
f 4663/4663/4663 4658/4658/4658 4661/4661/4661
f 4664/4664/4664 4662/4662/4662 4660/4660/4660
f 4658/4658/4658 4663/4663/4663 4665/4665/4665
f 4662/4662/4662 4664/4664/4664 4666/4666/4666
f 4662/4662/4662 4666/4666/4666 4667/4667/4667
f 4668/4668/4668 4667/4667/4667 4666/4666/4666
f 4667/4667/4667 4668/4668/4668 4669/4669/4669
f 4670/4670/4670 4669/4669/4669 4668/4668/4668
f 4669/4669/4669 4670/4670/4670 4671/4671/4671
f 4672/4672/4672 4671/4671/4671 4670/4670/4670
f 4673/4673/4673 4665/4665/4665 4663/4663/4663
f 4674/4674/4674 4665/4665/4665 4673/4673/4673
f 4675/4675/4675 4665/4665/4665 4674/4674/4674
f 4665/4665/4665 4675/4675/4675 4676/4676/4676
f 4673/4673/4673 4663/4663/4663 4677/4677/4677
f 4671/4671/4671 4677/4677/4677 4663/4663/4663
f 4677/4677/4677 4671/4671/4671 4678/4678/4678
f 4672/4672/4672 4678/4678/4678 4671/4671/4671
f 4677/4677/4677 4678/4678/4678 4679/4679/4679
f 4680/4680/4680 4679/4679/4679 4678/4678/4678
f 4678/4678/4678 4672/4672/4672 4681/4681/4681
f 4678/4678/4678 4681/4681/4681 4682/4682/4682
f 4683/4683/4683 4682/4682/4682 4681/4681/4681
f 4684/4684/4684 4681/4681/4681 4672/4672/4672
f 4684/4684/4684 4672/4672/4672 4685/4685/4685
f 4686/4686/4686 4685/4685/4685 4672/4672/4672
f 4687/4687/4687 4685/4685/4685 4686/4686/4686
f 4685/4685/4685 4687/4687/4687 4688/4688/4688
f 4689/4689/4689 4688/4688/4688 4687/4687/4687
f 4688/4688/4688 4689/4689/4689 4690/4690/4690
f 4666/4666/4666 4690/4690/4690 4689/4689/4689
f 4666/4666/4666 4691/4691/4691 4690/4690/4690
f 4691/4691/4691 4666/4666/4666 4664/4664/4664
f 4691/4691/4691 4664/4664/4664 4692/4692/4692
f 4693/4693/4693 4692/4692/4692 4664/4664/4664
f 4694/4694/4694 4690/4690/4690 4691/4691/4691
f 4695/4695/4695 4690/4690/4690 4694/4694/4694
f 4694/4694/4694 4691/4691/4691 4696/4696/4696
f 4697/4697/4697 4696/4696/4696 4691/4691/4691
f 4695/4695/4695 4694/4694/4694 4698/4698/4698
f 4699/4699/4699 4698/4698/4698 4694/4694/4694
f 4694/4694/4694 4700/4700/4700 4699/4699/4699
f 4695/4695/4695 4698/4698/4698 4701/4701/4701
f 4702/4702/4702 4701/4701/4701 4698/4698/4698
f 4701/4701/4701 4702/4702/4702 4703/4703/4703
f 4684/4684/4684 4703/4703/4703 4702/4702/4702
f 4684/4684/4684 4702/4702/4702 4704/4704/4704
f 4705/4705/4705 4684/4684/4684 4704/4704/4704
f 4684/4684/4684 4705/4705/4705 4681/4681/4681
f 4699/4699/4699 4706/4706/4706 4698/4698/4698
f 4707/4707/4707 4681/4681/4681 4705/4705/4705
f 4681/4681/4681 4707/4707/4707 4708/4708/4708
f 4709/4709/4709 4708/4708/4708 4707/4707/4707
f 4705/4705/4705 4710/4710/4710 4707/4707/4707
f 4705/4705/4705 4711/4711/4711 4710/4710/4710
f 4712/4712/4712 4710/4710/4710 4711/4711/4711
f 4713/4713/4713 4712/4712/4712 4711/4711/4711
f 4711/4711/4711 4714/4714/4714 4713/4713/4713
f 4715/4715/4715 4713/4713/4713 4714/4714/4714
f 4714/4714/4714 4706/4706/4706 4715/4715/4715
f 4716/4716/4716 4715/4715/4715 4706/4706/4706
f 4706/4706/4706 4699/4699/4699 4716/4716/4716
f 4717/4717/4717 4707/4707/4707 4710/4710/4710
f 4710/4710/4710 4718/4718/4718 4717/4717/4717
f 4719/4719/4719 4718/4718/4718 4710/4710/4710
f 4718/4718/4718 4719/4719/4719 4720/4720/4720
f 4720/4720/4720 4719/4719/4719 4721/4721/4721
f 4722/4722/4722 4721/4721/4721 4719/4719/4719
f 4721/4721/4721 4722/4722/4722 4723/4723/4723
f 4724/4724/4724 4723/4723/4723 4722/4722/4722
f 4723/4723/4723 4724/4724/4724 4725/4725/4725
f 4716/4716/4716 4725/4725/4725 4724/4724/4724
f 4726/4726/4726 4716/4716/4716 4699/4699/4699
f 4716/4716/4716 4726/4726/4726 4725/4725/4725
f 4717/4717/4717 4727/4727/4727 4707/4707/4707
f 4728/4728/4728 4707/4707/4707 4727/4727/4727
f 4729/4729/4729 4728/4728/4728 4727/4727/4727
f 4727/4727/4727 4730/4730/4730 4729/4729/4729
f 4730/4730/4730 4731/4731/4731 4729/4729/4729
f 4732/4732/4732 4729/4729/4729 4731/4731/4731
f 4726/4726/4726 4699/4699/4699 4733/4733/4733
f 4734/4734/4734 4733/4733/4733 4699/4699/4699
f 4733/4733/4733 4734/4734/4734 4735/4735/4735
f 4736/4736/4736 4735/4735/4735 4734/4734/4734
f 4737/4737/4737 4735/4735/4735 4736/4736/4736
f 4736/4736/4736 4738/4738/4738 4737/4737/4737
f 4738/4738/4738 4645/4645/4645 4737/4737/4737
f 4739/4739/4739 4737/4737/4737 4645/4645/4645
f 4739/4739/4739 4645/4645/4645 4659/4659/4659
f 4739/4739/4739 4659/4659/4659 4740/4740/4740
f 4740/4740/4740 4741/4741/4741 4739/4739/4739
f 4740/4740/4740 4659/4659/4659 4742/4742/4742
f 4740/4740/4740 4742/4742/4742 4743/4743/4743
f 4744/4744/4744 4743/4743/4743 4742/4742/4742
f 4742/4742/4742 4659/4659/4659 4745/4745/4745
f 4746/4746/4746 4745/4745/4745 4659/4659/4659
f 4747/4747/4747 4745/4745/4745 4746/4746/4746
f 4745/4745/4745 4747/4747/4747 4748/4748/4748
f 4745/4745/4745 4749/4749/4749 4742/4742/4742
f 4750/4750/4750 4742/4742/4742 4749/4749/4749
f 4752/4752/4752 4739/4739/4739 4751/4751/4751
f 4753/4753/4753 4752/4752/4752 4751/4751/4751
f 4752/4752/4752 4753/4753/4753 4754/4754/4754
f 4753/4753/4753 4755/4755/4755 4754/4754/4754
f 4756/4756/4756 4754/4754/4754 4755/4755/4755
f 4756/4756/4756 4755/4755/4755 4726/4726/4726
f 4757/4757/4757 4726/4726/4726 4755/4755/4755
f 4757/4757/4757 4725/4725/4725 4726/4726/4726
f 4725/4725/4725 4757/4757/4757 4758/4758/4758
f 4725/4725/4725 4758/4758/4758 4759/4759/4759
f 4760/4760/4760 4759/4759/4759 4758/4758/4758
f 4759/4759/4759 4760/4760/4760 4761/4761/4761
f 4761/4761/4761 4760/4760/4760 4762/4762/4762
f 4763/4763/4763 4762/4762/4762 4760/4760/4760
f 4762/4762/4762 4763/4763/4763 4718/4718/4718
f 4764/4764/4764 4718/4718/4718 4763/4763/4763
f 4718/4718/4718 4764/4764/4764 4765/4765/4765
f 4765/4765/4765 4717/4717/4717 4718/4718/4718
f 4765/4765/4765 4766/4766/4766 4717/4717/4717
f 4767/4767/4767 4717/4717/4717 4766/4766/4766
f 4766/4766/4766 4768/4768/4768 4767/4767/4767
f 4769/4769/4769 4767/4767/4767 4768/4768/4768
f 4768/4768/4768 4770/4770/4770 4769/4769/4769
f 4771/4771/4771 4769/4769/4769 4770/4770/4770
f 4772/4772/4772 4765/4765/4765 4764/4764/4764
f 4772/4772/4772 4773/4773/4773 4765/4765/4765
f 4774/4774/4774 4765/4765/4765 4773/4773/4773
f 4764/4764/4764 4775/4775/4775 4772/4772/4772
f 4764/4764/4764 4776/4776/4776 4775/4775/4775
f 4777/4777/4777 4775/4775/4775 4776/4776/4776
f 4776/4776/4776 4778/4778/4778 4777/4777/4777
f 4779/4779/4779 4777/4777/4777 4778/4778/4778
f 4778/4778/4778 4780/4780/4780 4779/4779/4779
f 4780/4780/4780 4758/4758/4758 4779/4779/4779
f 4781/4781/4781 4779/4779/4779 4758/4758/4758
f 4782/4782/4782 4772/4772/4772 4775/4775/4775
f 4783/4783/4783 4782/4782/4782 4775/4775/4775
f 4784/4784/4784 4783/4783/4783 4775/4775/4775
f 4784/4784/4784 4785/4785/4785 4783/4783/4783
f 4772/4772/4772 4782/4782/4782 4786/4786/4786
f 4787/4787/4787 4786/4786/4786 4782/4782/4782
f 4782/4782/4782 4783/4783/4783 4788/4788/4788
f 4789/4789/4789 4783/4783/4783 4785/4785/4785
f 4788/4788/4788 4783/4783/4783 4790/4790/4790
f 4783/4783/4783 4789/4789/4789 4791/4791/4791
f 4781/4781/4781 4791/4791/4791 4789/4789/4789
f 4792/4792/4792 4790/4790/4790 4783/4783/4783
f 4793/4793/4793 4790/4790/4790 4792/4792/4792
f 4794/4794/4794 4791/4791/4791 4781/4781/4781
f 4794/4794/4794 4795/4795/4795 4791/4791/4791
f 4795/4795/4795 4796/4796/4796 4791/4791/4791
f 4797/4797/4797 4791/4791/4791 4796/4796/4796
f 4797/4797/4797 4796/4796/4796 4747/4747/4747
f 4798/4798/4798 4747/4747/4747 4796/4796/4796
f 4794/4794/4794 4781/4781/4781 4799/4799/4799
f 4758/4758/4758 4799/4799/4799 4781/4781/4781
f 4794/4794/4794 4799/4799/4799 4800/4800/4800
f 4799/4799/4799 4758/4758/4758 4757/4757/4757
f 4799/4799/4799 4757/4757/4757 4801/4801/4801
f 4802/4802/4802 4800/4800/4800 4799/4799/4799
f 4800/4800/4800 4802/4802/4802 4803/4803/4803
f 4804/4804/4804 4803/4803/4803 4802/4802/4802
f 4804/4804/4804 4805/4805/4805 4803/4803/4803
f 4806/4806/4806 4803/4803/4803 4805/4805/4805
f 4808/4808/4808 4807/4807/4807 4757/4757/4757
f 4807/4807/4807 4808/4808/4808 4809/4809/4809
f 4810/4810/4810 4809/4809/4809 4808/4808/4808
f 4809/4809/4809 4810/4810/4810 4811/4811/4811
f 4812/4812/4812 4811/4811/4811 4810/4810/4810
f 4815/4815/4815 4814/4814/4814 4813/4813/4813
f 4816/4816/4816 4813/4813/4813 4814/4814/4814
f 4813/4813/4813 4816/4816/4816 4817/4817/4817
f 4817/4817/4817 4816/4816/4816 4818/4818/4818
f 4818/4818/4818 4816/4816/4816 4819/4819/4819
f 4814/4814/4814 4820/4820/4820 4816/4816/4816
f 4821/4821/4821 4819/4819/4819 4816/4816/4816
f 4816/4816/4816 4822/4822/4822 4821/4821/4821
f 4822/4822/4822 4823/4823/4823 4821/4821/4821
f 4821/4821/4821 4823/4823/4823 4824/4824/4824
f 4816/4816/4816 4825/4825/4825 4822/4822/4822
f 4826/4826/4826 4816/4816/4816 4820/4820/4820
f 4826/4826/4826 4825/4825/4825 4816/4816/4816
f 4822/4822/4822 4827/4827/4827 4823/4823/4823
f 4827/4827/4827 4822/4822/4822 4825/4825/4825
f 4828/4828/4828 4824/4824/4824 4823/4823/4823
f 4829/4829/4829 4823/4823/4823 4827/4827/4827
f 4823/4823/4823 4829/4829/4829 4828/4828/4828
f 4828/4828/4828 4830/4830/4830 4824/4824/4824
f 4831/4831/4831 4824/4824/4824 4830/4830/4830
f 4828/4828/4828 4832/4832/4832 4830/4830/4830
f 4833/4833/4833 4830/4830/4830 4832/4832/4832
f 4832/4832/4832 4828/4828/4828 4834/4834/4834
f 4834/4834/4834 4828/4828/4828 4829/4829/4829
f 4832/4832/4832 4835/4835/4835 4833/4833/4833
f 4834/4834/4834 4835/4835/4835 4832/4832/4832
f 4836/4836/4836 4833/4833/4833 4835/4835/4835
f 4835/4835/4835 4834/4834/4834 4837/4837/4837
f 4829/4829/4829 4837/4837/4837 4834/4834/4834
f 4837/4837/4837 4829/4829/4829 4838/4838/4838
f 4827/4827/4827 4838/4838/4838 4829/4829/4829
f 4838/4838/4838 4827/4827/4827 4839/4839/4839
f 4825/4825/4825 4839/4839/4839 4827/4827/4827
f 4839/4839/4839 4825/4825/4825 4840/4840/4840
f 4840/4840/4840 4842/4842/4842 4841/4841/4841
f 4842/4842/4842 4843/4843/4843 4825/4825/4825
f 4825/4825/4825 4826/4826/4826 4842/4842/4842
f 4844/4844/4844 4842/4842/4842 4826/4826/4826
f 4820/4820/4820 4844/4844/4844 4826/4826/4826
f 4842/4842/4842 4844/4844/4844 4845/4845/4845
f 4845/4845/4845 4846/4846/4846 4842/4842/4842
f 4846/4846/4846 4845/4845/4845 4847/4847/4847
f 4844/4844/4844 4820/4820/4820 4848/4848/4848
f 4848/4848/4848 4845/4845/4845 4844/4844/4844
f 4820/4820/4820 4849/4849/4849 4848/4848/4848
f 4850/4850/4850 4848/4848/4848 4849/4849/4849
f 4850/4850/4850 4851/4851/4851 4848/4848/4848
f 4851/4851/4851 4852/4852/4852 4848/4848/4848
f 4845/4845/4845 4848/4848/4848 4852/4852/4852
f 4852/4852/4852 4853/4853/4853 4845/4845/4845
f 4856/4856/4856 4855/4855/4855 4854/4854/4854
f 4857/4857/4857 4854/4854/4854 4855/4855/4855
f 4854/4854/4854 4857/4857/4857 4858/4858/4858
f 4859/4859/4859 4858/4858/4858 4857/4857/4857
f 4858/4858/4858 4859/4859/4859 4860/4860/4860
f 4861/4861/4861 4860/4860/4860 4859/4859/4859
f 4860/4860/4860 4861/4861/4861 4862/4862/4862
f 4863/4863/4863 4862/4862/4862 4861/4861/4861
f 4862/4862/4862 4863/4863/4863 4864/4864/4864
f 4864/4864/4864 4863/4863/4863 4865/4865/4865
f 4866/4866/4866 4865/4865/4865 4863/4863/4863
f 4865/4865/4865 4866/4866/4866 4867/4867/4867
f 4868/4868/4868 4867/4867/4867 4866/4866/4866
f 4867/4867/4867 4868/4868/4868 4869/4869/4869
f 4868/4868/4868 4870/4870/4870 4869/4869/4869
f 4869/4869/4869 4870/4870/4870 4871/4871/4871
f 4872/4872/4872 4871/4871/4871 4870/4870/4870
f 4871/4871/4871 4872/4872/4872 4873/4873/4873
f 4876/4876/4876 4875/4875/4875 4874/4874/4874
f 4877/4877/4877 4876/4876/4876 4874/4874/4874
f 4879/4879/4879 4878/4878/4878 4874/4874/4874
f 4880/4880/4880 4874/4874/4874 4878/4878/4878
f 4882/4882/4882 4881/4881/4881 4880/4880/4880
f 4883/4883/4883 4880/4880/4880 4881/4881/4881
f 4886/4886/4886 4885/4885/4885 4884/4884/4884
f 4887/4887/4887 4884/4884/4884 4885/4885/4885
f 4890/4890/4890 4889/4889/4889 4888/4888/4888
f 4891/4891/4891 4888/4888/4888 4889/4889/4889
f 4894/4894/4894 4893/4893/4893 4892/4892/4892
f 4895/4895/4895 4892/4892/4892 4893/4893/4893
f 4893/4893/4893 4786/4786/4786 4895/4895/4895
f 4896/4896/4896 4895/4895/4895 4786/4786/4786
f 4899/4899/4899 4898/4898/4898 4897/4897/4897
f 4900/4900/4900 4897/4897/4897 4898/4898/4898
f 4897/4897/4897 4900/4900/4900 4901/4901/4901
f 4902/4902/4902 4901/4901/4901 4900/4900/4900
f 4901/4901/4901 4902/4902/4902 4903/4903/4903
f 4904/4904/4904 4903/4903/4903 4902/4902/4902
f 4903/4903/4903 4904/4904/4904 4905/4905/4905
f 4907/4907/4907 4906/4906/4906 4904/4904/4904
f 4906/4906/4906 4907/4907/4907 4908/4908/4908
f 4909/4909/4909 4908/4908/4908 4907/4907/4907
f 4912/4912/4912 4911/4911/4911 4910/4910/4910
f 4911/4911/4911 4913/4913/4913 4910/4910/4910
f 4916/4916/4916 4915/4915/4915 4914/4914/4914
f 4917/4917/4917 4914/4914/4914 4915/4915/4915
f 4914/4914/4914 4917/4917/4917 4918/4918/4918
f 4919/4919/4919 4918/4918/4918 4917/4917/4917
f 4918/4918/4918 4919/4919/4919 4920/4920/4920
f 4921/4921/4921 4920/4920/4920 4919/4919/4919
f 4920/4920/4920 4921/4921/4921 4922/4922/4922
f 4923/4923/4923 4922/4922/4922 4921/4921/4921
f 4925/4925/4925 4924/4924/4924 4915/4915/4915
f 4924/4924/4924 4926/4926/4926 4915/4915/4915
f 4927/4927/4927 4915/4915/4915 4926/4926/4926
f 4930/4930/4930 4929/4929/4929 4928/4928/4928
f 4931/4931/4931 4928/4928/4928 4929/4929/4929
f 4934/4934/4934 4933/4933/4933 4932/4932/4932
f 4935/4935/4935 4932/4932/4932 4933/4933/4933
f 4936/4936/4936 4935/4935/4935 4933/4933/4933
f 4935/4935/4935 4936/4936/4936 4937/4937/4937
f 4938/4938/4938 4937/4937/4937 4936/4936/4936
f 4937/4937/4937 4938/4938/4938 4939/4939/4939
f 4939/4939/4939 4938/4938/4938 4940/4940/4940
f 4941/4941/4941 4940/4940/4940 4938/4938/4938
f 4940/4940/4940 4941/4941/4941 4942/4942/4942
f 4943/4943/4943 4942/4942/4942 4941/4941/4941
f 4942/4942/4942 4943/4943/4943 4944/4944/4944
f 4945/4945/4945 4944/4944/4944 4943/4943/4943
f 4944/4944/4944 4945/4945/4945 4946/4946/4946
f 4947/4947/4947 4946/4946/4946 4945/4945/4945
f 4946/4946/4946 4947/4947/4947 4948/4948/4948
f 4949/4949/4949 4948/4948/4948 4947/4947/4947
f 4952/4952/4952 4951/4951/4951 4950/4950/4950
f 4953/4953/4953 4950/4950/4950 4951/4951/4951
f 4954/4954/4954 4950/4950/4950 4953/4953/4953
f 4953/4953/4953 4955/4955/4955 4954/4954/4954
f 4953/4953/4953 4951/4951/4951 4956/4956/4956
f 4957/4957/4957 4956/4956/4956 4951/4951/4951
f 4951/4951/4951 4958/4958/4958 4957/4957/4957
f 4959/4959/4959 4957/4957/4957 4958/4958/4958
f 4960/4960/4960 4957/4957/4957 4959/4959/4959
f 4961/4961/4961 4957/4957/4957 4960/4960/4960
f 4957/4957/4957 4961/4961/4961 4962/4962/4962
f 4964/4964/4964 4954/4954/4954 4963/4963/4963
f 4965/4965/4965 4963/4963/4963 4954/4954/4954
f 4967/4967/4967 4966/4966/4966 4965/4965/4965
f 4965/4965/4965 4966/4966/4966 4968/4968/4968
f 4971/4971/4971 4970/4970/4970 4969/4969/4969
f 4972/4972/4972 4969/4969/4969 4970/4970/4970
f 4975/4975/4975 4974/4974/4974 4973/4973/4973
f 4976/4976/4976 4974/4974/4974 4975/4975/4975
f 4976/4976/4976 4975/4975/4975 4977/4977/4977
f 4980/4980/4980 4979/4979/4979 4978/4978/4978
f 4981/4981/4981 4978/4978/4978 4979/4979/4979
f 4984/4984/4984 4983/4983/4983 4982/4982/4982
f 4982/4982/4982 4985/4985/4985 4984/4984/4984
f 4986/4986/4986 4984/4984/4984 4985/4985/4985
f 4985/4985/4985 4987/4987/4987 4986/4986/4986
f 4988/4988/4988 4986/4986/4986 4987/4987/4987
f 4987/4987/4987 4989/4989/4989 4988/4988/4988
f 4990/4990/4990 4988/4988/4988 4989/4989/4989
f 4989/4989/4989 4991/4991/4991 4990/4990/4990
f 4991/4991/4991 4992/4992/4992 4990/4990/4990
f 4993/4993/4993 4990/4990/4990 4992/4992/4992
f 4994/4994/4994 4993/4993/4993 4992/4992/4992
f 4992/4992/4992 4995/4995/4995 4994/4994/4994
f 4996/4996/4996 4994/4994/4994 4995/4995/4995
f 4995/4995/4995 4997/4997/4997 4996/4996/4996
f 4998/4998/4998 4996/4996/4996 4997/4997/4997
f 5001/5001/5001 5000/5000/5000 4999/4999/4999
f 5000/5000/5000 5002/5002/5002 4999/4999/4999
f 4999/4999/4999 5002/5002/5002 5003/5003/5003
f 5004/5004/5004 5003/5003/5003 5002/5002/5002
f 5007/5007/5007 5006/5006/5006 5005/5005/5005
f 5008/5008/5008 5006/5006/5006 5007/5007/5007
f 5009/5009/5009 5008/5008/5008 5007/5007/5007
f 5008/5008/5008 5009/5009/5009 5010/5010/5010
f 5011/5011/5011 5010/5010/5010 5009/5009/5009
f 5010/5010/5010 5011/5011/5011 5012/5012/5012
f 5012/5012/5012 5011/5011/5011 5013/5013/5013
f 5014/5014/5014 5013/5013/5013 5011/5011/5011
f 5016/5016/5016 5015/5015/5015 5013/5013/5013
f 5016/5016/5016 5013/5013/5013 5017/5017/5017
f 5018/5018/5018 5017/5017/5017 5013/5013/5013
f 5017/5017/5017 5018/5018/5018 5019/5019/5019
f 5020/5020/5020 5019/5019/5019 5018/5018/5018
f 5021/5021/5021 5020/5020/5020 5018/5018/5018
f 5021/5021/5021 5018/5018/5018 5022/5022/5022
f 5023/5023/5023 5022/5022/5022 5018/5018/5018
f 5022/5022/5022 5023/5023/5023 5024/5024/5024
f 5023/5023/5023 5025/5025/5025 5024/5024/5024
f 5026/5026/5026 5022/5022/5022 5024/5024/5024
f 5027/5027/5027 5023/5023/5023 5018/5018/5018
f 5027/5027/5027 5025/5025/5025 5023/5023/5023
f 5027/5027/5027 5018/5018/5018 5028/5028/5028
f 5028/5028/5028 5018/5018/5018 5013/5013/5013
f 5026/5026/5026 5024/5024/5024 5029/5029/5029
f 5029/5029/5029 5030/5030/5030 5026/5026/5026
f 5025/5025/5025 5027/5027/5027 5031/5031/5031
f 5028/5028/5028 5031/5031/5031 5027/5027/5027
f 5032/5032/5032 5028/5028/5028 5013/5013/5013
f 5031/5031/5031 5028/5028/5028 5033/5033/5033
f 5032/5032/5032 5033/5033/5033 5028/5028/5028
f 5031/5031/5031 5034/5034/5034 5025/5025/5025
f 5035/5035/5035 5034/5034/5034 5031/5031/5031
f 5033/5033/5033 5035/5035/5035 5031/5031/5031
f 5036/5036/5036 5025/5025/5025 5034/5034/5034
f 5037/5037/5037 5035/5035/5035 5033/5033/5033
f 5033/5033/5033 5032/5032/5032 5037/5037/5037
f 5035/5035/5035 5037/5037/5037 5038/5038/5038
f 5032/5032/5032 5013/5013/5013 5039/5039/5039
f 5037/5037/5037 5032/5032/5032 5039/5039/5039
f 5037/5037/5037 5040/5040/5040 5038/5038/5038
f 5040/5040/5040 5037/5037/5037 5039/5039/5039
f 5038/5038/5038 5040/5040/5040 5041/5041/5041
f 5039/5039/5039 5013/5013/5013 5042/5042/5042
f 5039/5039/5039 5042/5042/5042 5043/5043/5043
f 5043/5043/5043 5040/5040/5040 5039/5039/5039
f 5042/5042/5042 5044/5044/5044 5043/5043/5043
f 5040/5040/5040 5045/5045/5045 5041/5041/5041
f 5040/5040/5040 5043/5043/5043 5045/5045/5045
f 5046/5046/5046 5041/5041/5041 5045/5045/5045
f 5045/5045/5045 5043/5043/5043 5047/5047/5047
f 5047/5047/5047 5043/5043/5043 5044/5044/5044
f 5044/5044/5044 5048/5048/5048 5047/5047/5047
f 5050/5050/5050 5049/5049/5049 5013/5013/5013
f 5049/5049/5049 5051/5051/5051 5044/5044/5044
f 5054/5054/5054 5053/5053/5053 5052/5052/5052
f 5053/5053/5053 5054/5054/5054 5055/5055/5055
f 5056/5056/5056 5055/5055/5055 5054/5054/5054
f 5055/5055/5055 5057/5057/5057 5053/5053/5053
f 5058/5058/5058 5053/5053/5053 5057/5057/5057
f 5057/5057/5057 5055/5055/5055 5059/5059/5059
f 5055/5055/5055 5056/5056/5056 5060/5060/5060
f 5061/5061/5061 5060/5060/5060 5056/5056/5056
f 5062/5062/5062 5059/5059/5059 5055/5055/5055
f 5059/5059/5059 5062/5062/5062 5063/5063/5063
f 5064/5064/5064 5063/5063/5063 5062/5062/5062
f 5065/5065/5065 5063/5063/5063 5064/5064/5064
f 5063/5063/5063 5065/5065/5065 5066/5066/5066
f 5067/5067/5067 5066/5066/5066 5065/5065/5065
f 5066/5066/5066 5067/5067/5067 5068/5068/5068
f 5069/5069/5069 5068/5068/5068 5067/5067/5067
f 5068/5068/5068 5069/5069/5069 5070/5070/5070
f 5071/5071/5071 5070/5070/5070 5069/5069/5069
f 5072/5072/5072 5070/5070/5070 5071/5071/5071
f 5070/5070/5070 5072/5072/5072 5073/5073/5073
f 5074/5074/5074 5073/5073/5073 5072/5072/5072
f 5073/5073/5073 5074/5074/5074 5075/5075/5075
f 5075/5075/5075 5074/5074/5074 5076/5076/5076
f 5077/5077/5077 5076/5076/5076 5074/5074/5074
f 5076/5076/5076 5077/5077/5077 5078/5078/5078
f 5079/5079/5079 5078/5078/5078 5077/5077/5077
f 5081/5081/5081 5080/5080/5080 5079/5079/5079
f 5080/5080/5080 5081/5081/5081 5082/5082/5082
f 5082/5082/5082 5081/5081/5081 5083/5083/5083
f 5084/5084/5084 5083/5083/5083 5081/5081/5081
f 5083/5083/5083 5084/5084/5084 5085/5085/5085
f 5085/5085/5085 5084/5084/5084 5086/5086/5086
f 5087/5087/5087 5086/5086/5086 5084/5084/5084
f 5086/5086/5086 5087/5087/5087 5088/5088/5088
f 5089/5089/5089 5088/5088/5088 5087/5087/5087
f 5088/5088/5088 5089/5089/5089 5090/5090/5090
f 5091/5091/5091 5090/5090/5090 5089/5089/5089
f 5090/5090/5090 5091/5091/5091 5092/5092/5092
f 5093/5093/5093 5092/5092/5092 5091/5091/5091
f 5092/5092/5092 5093/5093/5093 5094/5094/5094
f 5095/5095/5095 5094/5094/5094 5093/5093/5093
f 5094/5094/5094 5095/5095/5095 5096/5096/5096
f 5097/5097/5097 5096/5096/5096 5095/5095/5095
f 5096/5096/5096 5097/5097/5097 5098/5098/5098
f 5060/5060/5060 5098/5098/5098 5097/5097/5097
f 5101/5101/5101 5100/5100/5100 5099/5099/5099
f 5102/5102/5102 5099/5099/5099 5100/5100/5100
f 5105/5105/5105 5104/5104/5104 5103/5103/5103
f 5104/5104/5104 5106/5106/5106 5103/5103/5103
f 5109/5109/5109 5108/5108/5108 5107/5107/5107
f 5110/5110/5110 5107/5107/5107 5108/5108/5108
f 5110/5110/5110 5108/5108/5108 5111/5111/5111
f 5112/5112/5112 5111/5111/5111 5108/5108/5108
f 5115/5115/5115 5114/5114/5114 5113/5113/5113
f 5116/5116/5116 5115/5115/5115 5113/5113/5113
f 5118/5118/5118 5117/5117/5117 5113/5113/5113
f 5119/5119/5119 5113/5113/5113 5117/5117/5117
f 5117/5117/5117 5120/5120/5120 5119/5119/5119
f 5121/5121/5121 5119/5119/5119 5120/5120/5120
f 5121/5121/5121 5120/5120/5120 5122/5122/5122
f 5123/5123/5123 5122/5122/5122 5120/5120/5120
f 5124/5124/5124 5121/5121/5121 5122/5122/5122
f 5125/5125/5125 5124/5124/5124 5122/5122/5122
f 5124/5124/5124 5125/5125/5125 5126/5126/5126
f 5126/5126/5126 5125/5125/5125 5127/5127/5127
f 5128/5128/5128 5127/5127/5127 5125/5125/5125
f 5127/5127/5127 5128/5128/5128 5129/5129/5129
f 5129/5129/5129 5128/5128/5128 5130/5130/5130
f 5131/5131/5131 5130/5130/5130 5128/5128/5128
f 5130/5130/5130 5131/5131/5131 5132/5132/5132
f 5132/5132/5132 5131/5131/5131 5133/5133/5133
f 5134/5134/5134 5133/5133/5133 5131/5131/5131
f 5133/5133/5133 5134/5134/5134 5135/5135/5135
f 5137/5137/5137 5136/5136/5136 5123/5123/5123
f 5138/5138/5138 5123/5123/5123 5136/5136/5136
f 5138/5138/5138 5139/5139/5139 5134/5134/5134
f 5139/5139/5139 5138/5138/5138 5136/5136/5136
f 5142/5142/5142 5141/5141/5141 5140/5140/5140
f 5140/5140/5140 5143/5143/5143 5142/5142/5142
f 5143/5143/5143 5144/5144/5144 5142/5142/5142
f 5145/5145/5145 5143/5143/5143 5140/5140/5140
f 5144/5144/5144 5143/5143/5143 5146/5146/5146
f 5145/5145/5145 5147/5147/5147 5143/5143/5143
f 5146/5146/5146 5143/5143/5143 5148/5148/5148
f 5147/5147/5147 5148/5148/5148 5143/5143/5143
f 5151/5151/5151 5150/5150/5150 5149/5149/5149
f 5152/5152/5152 5149/5149/5149 5150/5150/5150
f 5150/5150/5150 5153/5153/5153 5152/5152/5152
f 5153/5153/5153 5150/5150/5150 5154/5154/5154
f 5150/5150/5150 5155/5155/5155 5154/5154/5154
f 5158/5158/5158 5157/5157/5157 5156/5156/5156
f 5159/5159/5159 5156/5156/5156 5157/5157/5157
f 5162/5162/5162 5161/5161/5161 5160/5160/5160
f 5163/5163/5163 5160/5160/5160 5161/5161/5161
f 5160/5160/5160 5163/5163/5163 5164/5164/5164
f 5165/5165/5165 5164/5164/5164 5163/5163/5163
f 5168/5168/5168 5167/5167/5167 5166/5166/5166
f 5169/5169/5169 5166/5166/5166 5167/5167/5167
f 5169/5169/5169 5171/5171/5171 5170/5170/5170
f 5172/5172/5172 5170/5170/5170 5171/5171/5171
f 5170/5170/5170 5172/5172/5172 5173/5173/5173
f 5174/5174/5174 5173/5173/5173 5172/5172/5172
f 5173/5173/5173 5174/5174/5174 5175/5175/5175
f 5174/5174/5174 5176/5176/5176 5175/5175/5175
f 5175/5175/5175 5176/5176/5176 5177/5177/5177
f 5177/5177/5177 5179/5179/5179 5178/5178/5178
f 5180/5180/5180 5178/5178/5178 5179/5179/5179
f 5178/5178/5178 5180/5180/5180 5181/5181/5181
f 5182/5182/5182 5181/5181/5181 5180/5180/5180
f 5181/5181/5181 5182/5182/5182 5183/5183/5183
f 5184/5184/5184 5183/5183/5183 5182/5182/5182
f 5187/5187/5187 5186/5186/5186 5185/5185/5185
f 5188/5188/5188 5185/5185/5185 5186/5186/5186
f 5189/5189/5189 5185/5185/5185 5188/5188/5188
f 5185/5185/5185 5189/5189/5189 5190/5190/5190
f 5191/5191/5191 5190/5190/5190 5189/5189/5189
f 5190/5190/5190 5191/5191/5191 5192/5192/5192
f 5193/5193/5193 5192/5192/5192 5191/5191/5191
f 5192/5192/5192 5193/5193/5193 5194/5194/5194
f 5194/5194/5194 5195/5195/5195 5192/5192/5192
f 5196/5196/5196 5192/5192/5192 5195/5195/5195
f 5192/5192/5192 5196/5196/5196 5197/5197/5197
f 5197/5197/5197 5196/5196/5196 5198/5198/5198
f 5199/5199/5199 5198/5198/5198 5196/5196/5196
f 5198/5198/5198 5199/5199/5199 5200/5200/5200
f 5201/5201/5201 5200/5200/5200 5199/5199/5199
f 5195/5195/5195 5194/5194/5194 5202/5202/5202
f 5202/5202/5202 5194/5194/5194 5203/5203/5203
f 5204/5204/5204 5203/5203/5203 5194/5194/5194
f 5203/5203/5203 5204/5204/5204 5205/5205/5205
f 5206/5206/5206 5205/5205/5205 5204/5204/5204
f 5205/5205/5205 5206/5206/5206 5207/5207/5207
f 5207/5207/5207 5206/5206/5206 5208/5208/5208
f 5209/5209/5209 5208/5208/5208 5206/5206/5206
f 5208/5208/5208 5209/5209/5209 5210/5210/5210
f 5211/5211/5211 5210/5210/5210 5209/5209/5209
f 5210/5210/5210 5211/5211/5211 5212/5212/5212
f 5213/5213/5213 5212/5212/5212 5211/5211/5211
f 5194/5194/5194 5215/5215/5215 5214/5214/5214
f 5216/5216/5216 5214/5214/5214 5215/5215/5215
f 5215/5215/5215 5194/5194/5194 5217/5217/5217
f 5218/5218/5218 5214/5214/5214 5216/5216/5216
f 5214/5214/5214 5218/5218/5218 5219/5219/5219
f 5217/5217/5217 5194/5194/5194 5193/5193/5193
f 5193/5193/5193 5220/5220/5220 5217/5217/5217
f 5221/5221/5221 5219/5219/5219 5218/5218/5218
f 5219/5219/5219 5221/5221/5221 5222/5222/5222
f 5223/5223/5223 5222/5222/5222 5221/5221/5221
f 5222/5222/5222 5223/5223/5223 5224/5224/5224
f 5225/5225/5225 5224/5224/5224 5223/5223/5223
f 5224/5224/5224 5225/5225/5225 5226/5226/5226
f 5227/5227/5227 5226/5226/5226 5225/5225/5225
f 5225/5225/5225 5228/5228/5228 5227/5227/5227
f 5229/5229/5229 5227/5227/5227 5228/5228/5228
f 5228/5228/5228 5225/5225/5225 5230/5230/5230
f 5230/5230/5230 5225/5225/5225 5231/5231/5231
f 5223/5223/5223 5231/5231/5231 5225/5225/5225
f 5231/5231/5231 5223/5223/5223 5232/5232/5232
f 5221/5221/5221 5232/5232/5232 5223/5223/5223
f 5232/5232/5232 5221/5221/5221 5233/5233/5233
f 5233/5233/5233 5221/5221/5221 5234/5234/5234
f 5218/5218/5218 5234/5234/5234 5221/5221/5221
f 5234/5234/5234 5218/5218/5218 5235/5235/5235
f 5235/5235/5235 5218/5218/5218 5236/5236/5236
f 5237/5237/5237 5236/5236/5236 5218/5218/5218
f 5236/5236/5236 5237/5237/5237 5238/5238/5238
f 5239/5239/5239 5238/5238/5238 5237/5237/5237
f 5217/5217/5217 5238/5238/5238 5239/5239/5239
f 5238/5238/5238 5217/5217/5217 5240/5240/5240
f 5243/5243/5243 5242/5242/5242 5241/5241/5241
f 5244/5244/5244 5241/5241/5241 5242/5242/5242
f 5242/5242/5242 5245/5245/5245 5244/5244/5244
f 5246/5246/5246 5244/5244/5244 5245/5245/5245
f 5245/5245/5245 5247/5247/5247 5246/5246/5246
f 5248/5248/5248 5246/5246/5246 5247/5247/5247
f 5247/5247/5247 5249/5249/5249 5248/5248/5248
f 5250/5250/5250 5248/5248/5248 5249/5249/5249
f 5249/5249/5249 5251/5251/5251 5250/5250/5250
f 5252/5252/5252 5250/5250/5250 5251/5251/5251
f 5251/5251/5251 5253/5253/5253 5252/5252/5252
f 5254/5254/5254 5252/5252/5252 5253/5253/5253
f 5253/5253/5253 5255/5255/5255 5254/5254/5254
f 5256/5256/5256 5254/5254/5254 5255/5255/5255
f 5257/5257/5257 5256/5256/5256 5255/5255/5255
f 5255/5255/5255 5258/5258/5258 5257/5257/5257
f 5259/5259/5259 5257/5257/5257 5258/5258/5258
f 5258/5258/5258 5260/5260/5260 5259/5259/5259
f 5261/5261/5261 5259/5259/5259 5260/5260/5260
f 5260/5260/5260 5262/5262/5262 5261/5261/5261
f 5263/5263/5263 5261/5261/5261 5262/5262/5262
f 5262/5262/5262 5264/5264/5264 5263/5263/5263
f 5265/5265/5265 5263/5263/5263 5264/5264/5264
f 5264/5264/5264 5266/5266/5266 5265/5265/5265
f 5267/5267/5267 5265/5265/5265 5266/5266/5266
f 5270/5270/5270 5269/5269/5269 5268/5268/5268
f 5271/5271/5271 5268/5268/5268 5269/5269/5269
f 5273/5273/5273 5272/5272/5272 5271/5271/5271
f 5274/5274/5274 5271/5271/5271 5272/5272/5272
f 5277/5277/5277 5276/5276/5276 5275/5275/5275
f 5278/5278/5278 5275/5275/5275 5276/5276/5276
f 5279/5279/5279 5278/5278/5278 5276/5276/5276
f 5276/5276/5276 5280/5280/5280 5279/5279/5279
f 5281/5281/5281 5279/5279/5279 5280/5280/5280
f 5280/5280/5280 5282/5282/5282 5281/5281/5281
f 5283/5283/5283 5281/5281/5281 5282/5282/5282
f 5282/5282/5282 5284/5284/5284 5283/5283/5283
f 5285/5285/5285 5283/5283/5283 5284/5284/5284
f 5284/5284/5284 5286/5286/5286 5285/5285/5285
f 5287/5287/5287 5285/5285/5285 5286/5286/5286
f 5290/5290/5290 5289/5289/5289 5288/5288/5288
f 5291/5291/5291 5288/5288/5288 5289/5289/5289
f 5288/5288/5288 5291/5291/5291 5292/5292/5292
f 4679/4679/4679 5292/5292/5292 5291/5291/5291
f 5295/5295/5295 5294/5294/5294 5293/5293/5293
f 5296/5296/5296 5294/5294/5294 5295/5295/5295
f 5297/5297/5297 5294/5294/5294 5296/5296/5296
f 5299/5299/5299 5294/5294/5294 5298/5298/5298
f 5294/5294/5294 5300/5300/5300 5298/5298/5298
f 5301/5301/5301 5298/5298/5298 5300/5300/5300
f 5301/5301/5301 5300/5300/5300 5302/5302/5302
f 5303/5303/5303 5302/5302/5302 5300/5300/5300
f 5306/5306/5306 5305/5305/5305 5304/5304/5304
f 5307/5307/5307 5305/5305/5305 5306/5306/5306
f 5308/5308/5308 5305/5305/5305 5307/5307/5307
f 5310/5310/5310 5307/5307/5307 5309/5309/5309
f 5311/5311/5311 5309/5309/5309 5307/5307/5307
f 5309/5309/5309 5311/5311/5311 5312/5312/5312
f 5312/5312/5312 5311/5311/5311 5313/5313/5313
f 5314/5314/5314 5313/5313/5313 5311/5311/5311
f 5314/5314/5314 5315/5315/5315 5313/5313/5313
f 5313/5313/5313 5315/5315/5315 5316/5316/5316
f 5317/5317/5317 5309/5309/5309 5312/5312/5312
f 5318/5318/5318 5309/5309/5309 5317/5317/5317
f 5309/5309/5309 5318/5318/5318 5319/5319/5319
f 5320/5320/5320 5319/5319/5319 5318/5318/5318
f 5321/5321/5321 5319/5319/5319 5320/5320/5320
f 5322/5322/5322 5319/5319/5319 5321/5321/5321
f 5319/5319/5319 5323/5323/5323 5309/5309/5309
f 5324/5324/5324 5309/5309/5309 5323/5323/5323
f 5323/5323/5323 5319/5319/5319 5325/5325/5325
f 5325/5325/5325 5319/5319/5319 5326/5326/5326
f 5329/5329/5329 5328/5328/5328 5327/5327/5327
f 4708/4708/4708 5327/5327/5327 5328/5328/5328
f 5327/5327/5327 4708/4708/4708 5330/5330/5330
f 5328/5328/5328 5332/5332/5332 5331/5331/5331
f 5331/5331/5331 5332/5332/5332 5333/5333/5333
f 5334/5334/5334 5333/5333/5333 5332/5332/5332
f 5335/5335/5335 5333/5333/5333 5334/5334/5334
f 5336/5336/5336 5333/5333/5333 5335/5335/5335
f 5333/5333/5333 5336/5336/5336 5337/5337/5337
f 5338/5338/5338 5337/5337/5337 5336/5336/5336
f 5339/5339/5339 5336/5336/5336 5335/5335/5335
f 5336/5336/5336 5339/5339/5339 5340/5340/5340
f 5341/5341/5341 5340/5340/5340 5339/5339/5339
f 5339/5339/5339 5335/5335/5335 4676/4676/4676
f 5342/5342/5342 5339/5339/5339 4676/4676/4676
f 5343/5343/5343 5335/5335/5335 5334/5334/5334
f 5343/5343/5343 5334/5334/5334 4731/4731/4731
f 5344/5344/5344 4731/4731/4731 5334/5334/5334
f 5345/5345/5345 5335/5335/5335 5343/5343/5343
f 5335/5335/5335 5345/5345/5345 5346/5346/5346
f 5345/5345/5345 5343/5343/5343 4770/4770/4770
f 5347/5347/5347 4770/4770/4770 5343/5343/5343
f 5348/5348/5348 5346/5346/5346 5345/5345/5345
f 5345/5345/5345 5349/5349/5349 5348/5348/5348
f 5350/5350/5350 5348/5348/5348 5349/5349/5349
f 5351/5351/5351 5346/5346/5346 5348/5348/5348
f 5348/5348/5348 5352/5352/5352 5351/5351/5351
f 5353/5353/5353 5351/5351/5351 5352/5352/5352
f 5346/5346/5346 5351/5351/5351 5354/5354/5354
f 4792/4792/4792 5354/5354/5354 5351/5351/5351
f 5351/5351/5351 5355/5355/5355 4792/4792/4792
f 5357/5357/5357 5350/5350/5350 5356/5356/5356
f 5356/5356/5356 5358/5358/5358 5357/5357/5357
f 5357/5357/5357 5358/5358/5358 5359/5359/5359
f 4774/4774/4774 5359/5359/5359 5358/5358/5358
f 5362/5362/5362 5361/5361/5361 5360/5360/5360
f 5361/5361/5361 5362/5362/5362 5363/5363/5363
f 5364/5364/5364 5363/5363/5363 5362/5362/5362
f 5363/5363/5363 5364/5364/5364 5365/5365/5365
f 5365/5365/5365 5364/5364/5364 5366/5366/5366
f 5367/5367/5367 5366/5366/5366 5364/5364/5364
f 5366/5366/5366 5367/5367/5367 5368/5368/5368
f 5369/5369/5369 5368/5368/5368 5367/5367/5367
f 5368/5368/5368 5369/5369/5369 5370/5370/5370
f 5371/5371/5371 5370/5370/5370 5369/5369/5369
f 5372/5372/5372 5370/5370/5370 5371/5371/5371
f 5370/5370/5370 5372/5372/5372 5373/5373/5373
f 5373/5373/5373 5372/5372/5372 5374/5374/5374
f 5375/5375/5375 5374/5374/5374 5372/5372/5372
f 5374/5374/5374 5375/5375/5375 5376/5376/5376
f 5379/5379/5379 5378/5378/5378 5377/5377/5377
f 5380/5380/5380 5377/5377/5377 5378/5378/5378
f 5382/5382/5382 5381/5381/5381 5380/5380/5380
f 5381/5381/5381 5382/5382/5382 5383/5383/5383
f 5386/5386/5386 5385/5385/5385 5384/5384/5384
f 5385/5385/5385 5386/5386/5386 5387/5387/5387
f 5387/5387/5387 5386/5386/5386 5388/5388/5388
f 5387/5387/5387 5388/5388/5388 5389/5389/5389
f 5390/5390/5390 5388/5388/5388 5386/5386/5386
f 5391/5391/5391 5390/5390/5390 5386/5386/5386
f 5392/5392/5392 5390/5390/5390 5391/5391/5391
f 5393/5393/5393 5389/5389/5389 5388/5388/5388
f 5393/5393/5393 5394/5394/5394 5389/5389/5389
f 5395/5395/5395 5389/5389/5389 5394/5394/5394
f 5395/5395/5395 5394/5394/5394 5396/5396/5396
f 5397/5397/5397 5396/5396/5396 5394/5394/5394
f 5398/5398/5398 5389/5389/5389 5395/5395/5395
f 5394/5394/5394 5393/5393/5393 5399/5399/5399
f 5389/5389/5389 5398/5398/5398 5400/5400/5400
f 5399/5399/5399 5393/5393/5393 5401/5401/5401
f 5402/5402/5402 5401/5401/5401 5393/5393/5393
f 5403/5403/5403 5400/5400/5400 5398/5398/5398
f 5398/5398/5398 5404/5404/5404 5403/5403/5403
f 5405/5405/5405 5403/5403/5403 5404/5404/5404
f 5405/5405/5405 5406/5406/5406 5403/5403/5403
f 5406/5406/5406 5407/5407/5407 5403/5403/5403
f 5400/5400/5400 5403/5403/5403 5407/5407/5407
f 5400/5400/5400 5407/5407/5407 5408/5408/5408
f 5409/5409/5409 5408/5408/5408 5407/5407/5407
f 5408/5408/5408 5409/5409/5409 5410/5410/5410
f 5411/5411/5411 5410/5410/5410 5409/5409/5409
f 5412/5412/5412 5410/5410/5410 5411/5411/5411
f 5410/5410/5410 5412/5412/5412 5413/5413/5413
f 5414/5414/5414 5413/5413/5413 5412/5412/5412
f 5401/5401/5401 5402/5402/5402 5415/5415/5415
f 5415/5415/5415 5402/5402/5402 5416/5416/5416
f 5402/5402/5402 5417/5417/5417 5416/5416/5416
f 5417/5417/5417 5418/5418/5418 5416/5416/5416
f 5416/5416/5416 5418/5418/5418 5419/5419/5419
f 5420/5420/5420 5419/5419/5419 5418/5418/5418
f 5415/5415/5415 5421/5421/5421 5401/5401/5401
f 5422/5422/5422 5401/5401/5401 5421/5421/5421
f 5423/5423/5423 5401/5401/5401 5422/5422/5422
f 5401/5401/5401 5423/5423/5423 5399/5399/5399
f 5424/5424/5424 5399/5399/5399 5423/5423/5423
f 5427/5427/5427 5426/5426/5426 5425/5425/5425
f 5428/5428/5428 5425/5425/5425 5426/5426/5426
f 5429/5429/5429 5425/5425/5425 5428/5428/5428
f 5425/5425/5425 5429/5429/5429 5430/5430/5430
f 5430/5430/5430 5429/5429/5429 5431/5431/5431
f 5432/5432/5432 5431/5431/5431 5429/5429/5429
f 5431/5431/5431 5432/5432/5432 5433/5433/5433
f 5434/5434/5434 5433/5433/5433 5432/5432/5432
f 5433/5433/5433 5434/5434/5434 5435/5435/5435
f 5436/5436/5436 5435/5435/5435 5434/5434/5434
f 5439/5439/5439 5438/5438/5438 5437/5437/5437
f 5437/5437/5437 5438/5438/5438 5440/5440/5440
f 5441/5441/5441 5440/5440/5440 5438/5438/5438
f 5444/5444/5444 5443/5443/5443 5442/5442/5442
f 5445/5445/5445 5442/5442/5442 5443/5443/5443
f 5442/5442/5442 5445/5445/5445 5446/5446/5446
f 5447/5447/5447 5446/5446/5446 5445/5445/5445
f 5446/5446/5446 5447/5447/5447 5448/5448/5448
f 5449/5449/5449 5448/5448/5448 5447/5447/5447
f 5448/5448/5448 5449/5449/5449 5450/5450/5450
f 5451/5451/5451 5450/5450/5450 5449/5449/5449
f 5450/5450/5450 5451/5451/5451 5452/5452/5452
f 5453/5453/5453 5452/5452/5452 5451/5451/5451
f 5452/5452/5452 5453/5453/5453 5454/5454/5454
f 5455/5455/5455 5454/5454/5454 5453/5453/5453
f 5454/5454/5454 5455/5455/5455 5456/5456/5456
f 5457/5457/5457 5456/5456/5456 5455/5455/5455
f 5456/5456/5456 5457/5457/5457 5458/5458/5458
f 5459/5459/5459 5458/5458/5458 5457/5457/5457
f 5458/5458/5458 5459/5459/5459 5460/5460/5460
f 5461/5461/5461 5460/5460/5460 5459/5459/5459
f 5460/5460/5460 5461/5461/5461 5462/5462/5462
f 5463/5463/5463 5462/5462/5462 5461/5461/5461
f 5462/5462/5462 5463/5463/5463 5464/5464/5464
f 5465/5465/5465 5464/5464/5464 5463/5463/5463
f 5464/5464/5464 5465/5465/5465 5466/5466/5466
f 5467/5467/5467 5466/5466/5466 5465/5465/5465
f 5470/5470/5470 5469/5469/5469 5468/5468/5468
f 5471/5471/5471 5468/5468/5468 5469/5469/5469
f 5468/5468/5468 5471/5471/5471 5472/5472/5472
f 5475/5475/5475 5474/5474/5474 5473/5473/5473
f 5476/5476/5476 5473/5473/5473 5474/5474/5474
f 5473/5473/5473 5476/5476/5476 5477/5477/5477
f 5478/5478/5478 5477/5477/5477 5476/5476/5476
f 5477/5477/5477 5478/5478/5478 5479/5479/5479
f 5480/5480/5480 5479/5479/5479 5478/5478/5478
f 5479/5479/5479 5480/5480/5480 5481/5481/5481
f 5482/5482/5482 5481/5481/5481 5480/5480/5480
f 5481/5481/5481 5482/5482/5482 5483/5483/5483
f 5484/5484/5484 5483/5483/5483 5482/5482/5482
f 5483/5483/5483 5484/5484/5484 5485/5485/5485
f 5486/5486/5486 5485/5485/5485 5484/5484/5484
f 5485/5485/5485 5486/5486/5486 5487/5487/5487
f 5488/5488/5488 5487/5487/5487 5486/5486/5486
f 5487/5487/5487 5488/5488/5488 5489/5489/5489
f 5490/5490/5490 5489/5489/5489 5488/5488/5488
f 5489/5489/5489 5490/5490/5490 5491/5491/5491
f 5492/5492/5492 5491/5491/5491 5490/5490/5490
f 5491/5491/5491 5492/5492/5492 5493/5493/5493
f 5494/5494/5494 5493/5493/5493 5492/5492/5492
f 5496/5496/5496 5494/5494/5494 5495/5495/5495
f 5497/5497/5497 5495/5495/5495 5494/5494/5494
f 5495/5495/5495 5497/5497/5497 5498/5498/5498
f 5499/5499/5499 5498/5498/5498 5497/5497/5497
f 5502/5502/5502 5501/5501/5501 5500/5500/5500
f 5503/5503/5503 5500/5500/5500 5501/5501/5501
f 5500/5500/5500 5503/5503/5503 5504/5504/5504
f 5505/5505/5505 5504/5504/5504 5503/5503/5503
f 5504/5504/5504 5505/5505/5505 5506/5506/5506
f 5507/5507/5507 5506/5506/5506 5505/5505/5505
f 5506/5506/5506 5507/5507/5507 5508/5508/5508
f 5509/5509/5509 5508/5508/5508 5507/5507/5507
f 5508/5508/5508 5509/5509/5509 5510/5510/5510
f 5511/5511/5511 5510/5510/5510 5509/5509/5509
f 5510/5510/5510 5511/5511/5511 5512/5512/5512
f 5513/5513/5513 5512/5512/5512 5511/5511/5511
f 5512/5512/5512 5513/5513/5513 5514/5514/5514
f 5515/5515/5515 5514/5514/5514 5513/5513/5513
f 5514/5514/5514 5515/5515/5515 5516/5516/5516
f 5517/5517/5517 5516/5516/5516 5515/5515/5515
f 5516/5516/5516 5517/5517/5517 5518/5518/5518
f 5519/5519/5519 5518/5518/5518 5517/5517/5517
f 5518/5518/5518 5519/5519/5519 5520/5520/5520
f 5521/5521/5521 5520/5520/5520 5519/5519/5519
f 5520/5520/5520 5521/5521/5521 5522/5522/5522
f 5523/5523/5523 5522/5522/5522 5521/5521/5521
f 5522/5522/5522 5523/5523/5523 5524/5524/5524
f 5525/5525/5525 5524/5524/5524 5523/5523/5523
f 5512/5512/5512 5526/5526/5526 5510/5510/5510
f 5514/5514/5514 5527/5527/5527 5512/5512/5512
f 5526/5526/5526 5512/5512/5512 5527/5527/5527
f 5516/5516/5516 5528/5528/5528 5514/5514/5514
f 5527/5527/5527 5514/5514/5514 5528/5528/5528
f 5518/5518/5518 5529/5529/5529 5516/5516/5516
f 5528/5528/5528 5516/5516/5516 5529/5529/5529
f 5530/5530/5530 5510/5510/5510 5526/5526/5526
f 5510/5510/5510 5530/5530/5530 5531/5531/5531
f 5529/5529/5529 5518/5518/5518 5532/5532/5532
f 5533/5533/5533 5532/5532/5532 5518/5518/5518
f 5534/5534/5534 5531/5531/5531 5530/5530/5530
f 5531/5531/5531 5534/5534/5534 5535/5535/5535
f 5536/5536/5536 5535/5535/5535 5534/5534/5534
f 5535/5535/5535 5536/5536/5536 5537/5537/5537
f 5538/5538/5538 5537/5537/5537 5536/5536/5536
f 5537/5537/5537 5538/5538/5538 5539/5539/5539
f 5532/5532/5532 5533/5533/5533 5540/5540/5540
f 5541/5541/5541 5540/5540/5540 5533/5533/5533
f 5540/5540/5540 5541/5541/5541 5542/5542/5542
f 5543/5543/5543 5542/5542/5542 5541/5541/5541
f 5542/5542/5542 5544/5544/5544 5540/5540/5540
f 5545/5545/5545 5540/5540/5540 5544/5544/5544
f 5540/5540/5540 5545/5545/5545 5532/5532/5532
f 5546/5546/5546 5532/5532/5532 5545/5545/5545
f 5532/5532/5532 5546/5546/5546 5529/5529/5529
f 5547/5547/5547 5529/5529/5529 5546/5546/5546
f 5529/5529/5529 5547/5547/5547 5528/5528/5528
f 5548/5548/5548 5528/5528/5528 5547/5547/5547
f 5528/5528/5528 5548/5548/5548 5527/5527/5527
f 5549/5549/5549 5527/5527/5527 5548/5548/5548
f 5527/5527/5527 5549/5549/5549 5526/5526/5526
f 5550/5550/5550 5526/5526/5526 5549/5549/5549
f 5526/5526/5526 5550/5550/5550 5530/5530/5530
f 5551/5551/5551 5530/5530/5530 5550/5550/5550
f 5530/5530/5530 5551/5551/5551 5534/5534/5534
f 5552/5552/5552 5534/5534/5534 5551/5551/5551
f 5534/5534/5534 5552/5552/5552 5553/5553/5553
f 5554/5554/5554 5553/5553/5553 5552/5552/5552
f 5553/5553/5553 5554/5554/5554 5538/5538/5538
f 5555/5555/5555 5538/5538/5538 5554/5554/5554
f 5538/5538/5538 5555/5555/5555 5556/5556/5556
f 5556/5556/5556 5539/5539/5539 5538/5538/5538
f 5539/5539/5539 5556/5556/5556 5557/5557/5557
f 5558/5558/5558 5556/5556/5556 5555/5555/5555
f 5559/5559/5559 5557/5557/5557 5556/5556/5556
f 5556/5556/5556 5558/5558/5558 5559/5559/5559
f 5560/5560/5560 5559/5559/5559 5558/5558/5558
f 5563/5563/5563 5562/5562/5562 5561/5561/5561
f 5564/5564/5564 5561/5561/5561 5562/5562/5562
f 5567/5567/5567 5566/5566/5566 5565/5565/5565
f 5568/5568/5568 5565/5565/5565 5566/5566/5566
f 5569/5569/5569 5565/5565/5565 5568/5568/5568
f 5572/5572/5572 5571/5571/5571 5570/5570/5570
f 5570/5570/5570 5573/5573/5573 5572/5572/5572
f 5573/5573/5573 5574/5574/5574 5572/5572/5572
f 5575/5575/5575 5572/5572/5572 5574/5574/5574
f 5578/5578/5578 5577/5577/5577 5576/5576/5576
f 5579/5579/5579 5576/5576/5576 5577/5577/5577
f 5576/5576/5576 5579/5579/5579 5580/5580/5580
f 5581/5581/5581 5580/5580/5580 5579/5579/5579
f 5582/5582/5582 5580/5580/5580 5581/5581/5581
f 5583/5583/5583 5580/5580/5580 5582/5582/5582
f 5583/5583/5583 5585/5585/5585 5584/5584/5584
f 5583/5583/5583 5584/5584/5584 5586/5586/5586
f 5589/5589/5589 5588/5588/5588 5587/5587/5587
f 5590/5590/5590 5587/5587/5587 5588/5588/5588
f 5593/5593/5593 5592/5592/5592 5591/5591/5591
f 5594/5594/5594 5591/5591/5591 5592/5592/5592
f 5591/5591/5591 5594/5594/5594 5595/5595/5595
f 5596/5596/5596 5595/5595/5595 5594/5594/5594
f 5599/5599/5599 5598/5598/5598 5597/5597/5597
f 5598/5598/5598 5599/5599/5599 5600/5600/5600
f 5601/5601/5601 5600/5600/5600 5599/5599/5599
f 5600/5600/5600 5601/5601/5601 5602/5602/5602
f 5602/5602/5602 5603/5603/5603 5600/5600/5600
f 5604/5604/5604 5600/5600/5600 5603/5603/5603
f 5604/5604/5604 5605/5605/5605 5600/5600/5600
f 5606/5606/5606 5602/5602/5602 5601/5601/5601
f 5600/5600/5600 5605/5605/5605 5607/5607/5607
f 5600/5600/5600 5607/5607/5607 5598/5598/5598
f 5608/5608/5608 5607/5607/5607 5605/5605/5605
f 5607/5607/5607 5609/5609/5609 5598/5598/5598
f 5610/5610/5610 5598/5598/5598 5609/5609/5609
f 5611/5611/5611 5598/5598/5598 5610/5610/5610
f 5601/5601/5601 5612/5612/5612 5606/5606/5606
f 5613/5613/5613 5606/5606/5606 5612/5612/5612
f 5612/5612/5612 5601/5601/5601 5614/5614/5614
f 5615/5615/5615 5614/5614/5614 5601/5601/5601
f 5614/5614/5614 5615/5615/5615 5616/5616/5616
f 5617/5617/5617 5616/5616/5616 5615/5615/5615
f 5618/5618/5618 5616/5616/5616 5617/5617/5617
f 5614/5614/5614 5619/5619/5619 5612/5612/5612
f 5612/5612/5612 5620/5620/5620 5613/5613/5613
f 5612/5612/5612 5619/5619/5619 5620/5620/5620
f 5613/5613/5613 5620/5620/5620 5621/5621/5621
f 5621/5621/5621 5620/5620/5620 5622/5622/5622
f 5622/5622/5622 5620/5620/5620 5623/5623/5623
f 5619/5619/5619 5623/5623/5623 5620/5620/5620
f 5619/5619/5619 5624/5624/5624 5623/5623/5623
f 5625/5625/5625 5623/5623/5623 5624/5624/5624
f 5628/5628/5628 5627/5627/5627 5626/5626/5626
f 5629/5629/5629 5626/5626/5626 5627/5627/5627
f 5626/5626/5626 5629/5629/5629 5630/5630/5630
f 5632/5632/5632 5630/5630/5630 5631/5631/5631
f 5631/5631/5631 5634/5634/5634 5633/5633/5633
f 5635/5635/5635 5633/5633/5633 5634/5634/5634
f 5638/5638/5638 5637/5637/5637 5636/5636/5636
f 5639/5639/5639 5636/5636/5636 5637/5637/5637
f 5642/5642/5642 5641/5641/5641 5640/5640/5640
f 5642/5642/5642 5643/5643/5643 5641/5641/5641
f 5643/5643/5643 5642/5642/5642 5644/5644/5644
f 5645/5645/5645 5644/5644/5644 5642/5642/5642
f 5641/5641/5641 5643/5643/5643 5646/5646/5646
f 5646/5646/5646 5647/5647/5647 5641/5641/5641
f 5648/5648/5648 5641/5641/5641 5647/5647/5647
f 5647/5647/5647 5649/5649/5649 5648/5648/5648
f 5650/5650/5650 5648/5648/5648 5649/5649/5649
f 5651/5651/5651 5650/5650/5650 5649/5649/5649
f 5649/5649/5649 5652/5652/5652 5651/5651/5651
f 5650/5650/5650 5651/5651/5651 5653/5653/5653
f 5653/5653/5653 5651/5651/5651 5652/5652/5652
f 5652/5652/5652 5654/5654/5654 5653/5653/5653
f 5655/5655/5655 5653/5653/5653 5654/5654/5654
f 5654/5654/5654 5656/5656/5656 5655/5655/5655
f 5657/5657/5657 5655/5655/5655 5656/5656/5656
f 5656/5656/5656 5658/5658/5658 5657/5657/5657
f 5658/5658/5658 5659/5659/5659 5657/5657/5657
f 5659/5659/5659 5658/5658/5658 5660/5660/5660
f 5661/5661/5661 5660/5660/5660 5658/5658/5658
f 5661/5661/5661 5662/5662/5662 5660/5660/5660
f 5662/5662/5662 5661/5661/5661 5663/5663/5663
f 5663/5663/5663 5664/5664/5664 5662/5662/5662
f 5664/5664/5664 5663/5663/5663 5665/5665/5665
f 5665/5665/5665 5666/5666/5666 5664/5664/5664
f 5667/5667/5667 5664/5664/5664 5666/5666/5666
f 5666/5666/5666 5668/5668/5668 5667/5667/5667
f 5669/5669/5669 5667/5667/5667 5668/5668/5668
f 5668/5668/5668 5670/5670/5670 5669/5669/5669
f 5670/5670/5670 5671/5671/5671 5669/5669/5669
f 5671/5671/5671 5670/5670/5670 5672/5672/5672
f 5672/5672/5672 5670/5670/5670 5673/5673/5673
f 5673/5673/5673 5674/5674/5674 5672/5672/5672
f 5675/5675/5675 5672/5672/5672 5674/5674/5674
f 5674/5674/5674 5676/5676/5676 5675/5675/5675
f 5677/5677/5677 5675/5675/5675 5676/5676/5676
f 5676/5676/5676 5678/5678/5678 5677/5677/5677
f 5677/5677/5677 5678/5678/5678 5679/5679/5679
f 5676/5676/5676 5680/5680/5680 5678/5678/5678
f 5681/5681/5681 5678/5678/5678 5680/5680/5680
f 5682/5682/5682 5679/5679/5679 5678/5678/5678
f 5681/5681/5681 5682/5682/5682 5678/5678/5678
f 5681/5681/5681 5683/5683/5683 5682/5682/5682
f 5684/5684/5684 5682/5682/5682 5683/5683/5683
f 5687/5687/5687 5686/5686/5686 5685/5685/5685
f 5686/5686/5686 5687/5687/5687 5688/5688/5688
f 5689/5689/5689 5688/5688/5688 5687/5687/5687
f 5689/5689/5689 5690/5690/5690 5688/5688/5688
f 5693/5693/5693 5692/5692/5692 5691/5691/5691
f 5694/5694/5694 5691/5691/5691 5692/5692/5692
f 5691/5691/5691 5694/5694/5694 5695/5695/5695
f 5695/5695/5695 5694/5694/5694 5696/5696/5696
f 5699/5699/5699 5698/5698/5698 5697/5697/5697
f 5700/5700/5700 5697/5697/5697 5698/5698/5698
f 5701/5701/5701 5697/5697/5697 5700/5700/5700
f 5697/5697/5697 5701/5701/5701 5702/5702/5702
f 5705/5705/5705 5704/5704/5704 5703/5703/5703
f 5706/5706/5706 5703/5703/5703 5704/5704/5704
f 5709/5709/5709 5708/5708/5708 5707/5707/5707
f 5710/5710/5710 5707/5707/5707 5708/5708/5708
f 5713/5713/5713 5712/5712/5712 5711/5711/5711
f 5714/5714/5714 5711/5711/5711 5712/5712/5712
f 5712/5712/5712 5715/5715/5715 5714/5714/5714
f 5718/5718/5718 5717/5717/5717 5716/5716/5716
f 5716/5716/5716 5720/5720/5720 5719/5719/5719
f 5720/5720/5720 5718/5718/5718 5721/5721/5721
f 5722/5722/5722 5721/5721/5721 5718/5718/5718
f 5723/5723/5723 5721/5721/5721 5722/5722/5722
f 5724/5724/5724 5723/5723/5723 5722/5722/5722
f 5725/5725/5725 5723/5723/5723 5724/5724/5724
f 5726/5726/5726 5725/5725/5725 5724/5724/5724
f 5727/5727/5727 5719/5719/5719 5720/5720/5720
f 5719/5719/5719 5727/5727/5727 5728/5728/5728
f 5725/5725/5725 5726/5726/5726 5729/5729/5729
f 5728/5728/5728 5727/5727/5727 5730/5730/5730
f 5731/5731/5731 5730/5730/5730 5727/5727/5727
f 5731/5731/5731 5732/5732/5732 5730/5730/5730
f 5733/5733/5733 5730/5730/5730 5732/5732/5732
f 5730/5730/5730 5733/5733/5733 5734/5734/5734
f 5734/5734/5734 5729/5729/5729 5726/5726/5726
f 5733/5733/5733 5735/5735/5735 5734/5734/5734
f 5729/5729/5729 5734/5734/5734 5735/5735/5735
f 5736/5736/5736 5729/5729/5729 5735/5735/5735
f 5737/5737/5737 5729/5729/5729 5736/5736/5736
f 5738/5738/5738 5729/5729/5729 5737/5737/5737
f 5738/5738/5738 5737/5737/5737 5739/5739/5739
f 5740/5740/5740 5739/5739/5739 5737/5737/5737
f 5741/5741/5741 5740/5740/5740 5737/5737/5737
f 5736/5736/5736 5742/5742/5742 5737/5737/5737
f 5743/5743/5743 5741/5741/5741 5737/5737/5737
f 5737/5737/5737 5742/5742/5742 5743/5743/5743
f 5744/5744/5744 5743/5743/5743 5742/5742/5742
f 5747/5747/5747 5746/5746/5746 5745/5745/5745
f 5745/5745/5745 5746/5746/5746 5748/5748/5748
f 5749/5749/5749 5748/5748/5748 5746/5746/5746
f 5750/5750/5750 5748/5748/5748 5749/5749/5749
f 5753/5753/5753 5752/5752/5752 5751/5751/5751
f 5754/5754/5754 5751/5751/5751 5752/5752/5752
f 5757/5757/5757 5756/5756/5756 5755/5755/5755
f 5755/5755/5755 5756/5756/5756 5758/5758/5758
f 5759/5759/5759 5755/5755/5755 5758/5758/5758
f 5760/5760/5760 5759/5759/5759 5758/5758/5758
f 5761/5761/5761 5758/5758/5758 5756/5756/5756
f 5758/5758/5758 5762/5762/5762 5760/5760/5760
f 5760/5760/5760 5762/5762/5762 5763/5763/5763
f 5758/5758/5758 5761/5761/5761 5764/5764/5764
f 5764/5764/5764 5761/5761/5761 5765/5765/5765
f 5766/5766/5766 5765/5765/5765 5761/5761/5761
f 5766/5766/5766 5767/5767/5767 5765/5765/5765
f 5764/5764/5764 5768/5768/5768 5758/5758/5758
f 5758/5758/5758 5768/5768/5768 5762/5762/5762
f 5769/5769/5769 5762/5762/5762 5768/5768/5768
f 5764/5764/5764 5765/5765/5765 5770/5770/5770
f 5769/5769/5769 5771/5771/5771 5762/5762/5762
f 5772/5772/5772 5762/5762/5762 5771/5771/5771
f 5771/5771/5771 5773/5773/5773 5772/5772/5772
f 5770/5770/5770 5765/5765/5765 5774/5774/5774
f 5774/5774/5774 5773/5773/5773 5771/5771/5771
f 5773/5773/5773 5774/5774/5774 5765/5765/5765
f 5765/5765/5765 5767/5767/5767 5775/5775/5775
f 5775/5775/5775 5767/5767/5767 5776/5776/5776
f 5777/5777/5777 5765/5765/5765 5775/5775/5775
f 5777/5777/5777 5778/5778/5778 5765/5765/5765
f 5773/5773/5773 5765/5765/5765 5778/5778/5778
f 5775/5775/5775 5776/5776/5776 5779/5779/5779
f 5778/5778/5778 5780/5780/5780 5773/5773/5773
f 5781/5781/5781 5773/5773/5773 5780/5780/5780
f 5779/5779/5779 5776/5776/5776 5782/5782/5782
f 5780/5780/5780 5783/5783/5783 5781/5781/5781
f 5782/5782/5782 5784/5784/5784 5780/5780/5780
f 5783/5783/5783 5780/5780/5780 5784/5784/5784
f 5784/5784/5784 5782/5782/5782 5776/5776/5776
f 5783/5783/5783 5784/5784/5784 5785/5785/5785
f 5786/5786/5786 5783/5783/5783 5785/5785/5785
f 5785/5785/5785 5787/5787/5787 5786/5786/5786
f 5788/5788/5788 5785/5785/5785 5784/5784/5784
f 5789/5789/5789 5788/5788/5788 5784/5784/5784
f 5784/5784/5784 5776/5776/5776 5789/5789/5789
f 5790/5790/5790 5789/5789/5789 5776/5776/5776
f 5791/5791/5791 5790/5790/5790 5776/5776/5776
f 5791/5791/5791 5792/5792/5792 5790/5790/5790
f 5790/5790/5790 5792/5792/5792 5793/5793/5793
f 5794/5794/5794 5793/5793/5793 5792/5792/5792
f 5790/5790/5790 5793/5793/5793 5795/5795/5795
f 5793/5793/5793 5794/5794/5794 5796/5796/5796
f 5795/5795/5795 5793/5793/5793 5797/5797/5797
f 5798/5798/5798 5793/5793/5793 5796/5796/5796
f 5787/5787/5787 5785/5785/5785 5799/5799/5799
f 5797/5797/5797 5799/5799/5799 5785/5785/5785
f 5799/5799/5799 5797/5797/5797 5793/5793/5793
f 5799/5799/5799 5793/5793/5793 5798/5798/5798
f 5787/5787/5787 5799/5799/5799 5800/5800/5800
f 5801/5801/5801 5799/5799/5799 5798/5798/5798
f 5801/5801/5801 5800/5800/5800 5799/5799/5799
f 5804/5804/5804 5803/5803/5803 5802/5802/5802
f 5805/5805/5805 5802/5802/5802 5803/5803/5803
f 5808/5808/5808 5807/5807/5807 5806/5806/5806
f 5807/5807/5807 5808/5808/5808 5809/5809/5809
f 5810/5810/5810 5809/5809/5809 5808/5808/5808
f 5813/5813/5813 5812/5812/5812 5811/5811/5811
f 5814/5814/5814 5811/5811/5811 5812/5812/5812
f 5811/5811/5811 5814/5814/5814 5815/5815/5815
f 5816/5816/5816 5815/5815/5815 5814/5814/5814
f 5819/5819/5819 5818/5818/5818 5817/5817/5817
f 5818/5818/5818 5819/5819/5819 5820/5820/5820
f 5822/5822/5822 5821/5821/5821 5819/5819/5819
f 5824/5824/5824 5822/5822/5822 5823/5823/5823
f 5825/5825/5825 5823/5823/5823 5822/5822/5822
f 5823/5823/5823 5825/5825/5825 5826/5826/5826
f 5825/5825/5825 5827/5827/5827 5826/5826/5826
f 5828/5828/5828 5826/5826/5826 5827/5827/5827
f 5831/5831/5831 5830/5830/5830 5829/5829/5829
f 5832/5832/5832 5829/5829/5829 5830/5830/5830
f 5829/5829/5829 5832/5832/5832 5833/5833/5833
f 5834/5834/5834 5833/5833/5833 5832/5832/5832
f 5837/5837/5837 5836/5836/5836 5835/5835/5835
f 5838/5838/5838 5835/5835/5835 5836/5836/5836
f 5835/5835/5835 5838/5838/5838 5839/5839/5839
f 5842/5842/5842 5841/5841/5841 5840/5840/5840
f 5843/5843/5843 5840/5840/5840 5841/5841/5841
f 5844/5844/5844 5840/5840/5840 5843/5843/5843
f 5840/5840/5840 5844/5844/5844 5845/5845/5845
f 5846/5846/5846 5845/5845/5845 5844/5844/5844
f 5849/5849/5849 5848/5848/5848 5847/5847/5847
f 5847/5847/5847 5850/5850/5850 5849/5849/5849
f 5850/5850/5850 5851/5851/5851 5849/5849/5849
f 5852/5852/5852 5849/5849/5849 5851/5851/5851
f 5855/5855/5855 5854/5854/5854 5853/5853/5853
f 5856/5856/5856 5853/5853/5853 5854/5854/5854
f 5854/5854/5854 5857/5857/5857 5856/5856/5856
f 5858/5858/5858 5856/5856/5856 5857/5857/5857
f 5861/5861/5861 5860/5860/5860 5859/5859/5859
f 5862/5862/5862 5859/5859/5859 5860/5860/5860
f 5859/5859/5859 5862/5862/5862 5863/5863/5863
f 5865/5865/5865 5863/5863/5863 5864/5864/5864
f 5867/5867/5867 5866/5866/5866 5865/5865/5865
f 5866/5866/5866 5867/5867/5867 5868/5868/5868
f 5868/5868/5868 5869/5869/5869 5866/5866/5866
f 5870/5870/5870 5866/5866/5866 5869/5869/5869
f 5866/5866/5866 5870/5870/5870 5871/5871/5871
f 5873/5873/5873 5871/5871/5871 5872/5872/5872
f 5875/5875/5875 5874/5874/5874 5873/5873/5873
f 5874/5874/5874 5875/5875/5875 5876/5876/5876
f 5879/5879/5879 5878/5878/5878 5877/5877/5877
f 5880/5880/5880 5877/5877/5877 5878/5878/5878
f 5883/5883/5883 5882/5882/5882 5881/5881/5881
f 5884/5884/5884 5883/5883/5883 5881/5881/5881
f 5887/5887/5887 5886/5886/5886 5885/5885/5885
f 5889/5889/5889 5885/5885/5885 5888/5888/5888
f 5890/5890/5890 5889/5889/5889 5888/5888/5888
f 5888/5888/5888 5891/5891/5891 5890/5890/5890
f 5893/5893/5893 5887/5887/5887 5892/5892/5892
f 5892/5892/5892 5894/5894/5894 5893/5893/5893
f 5895/5895/5895 5893/5893/5893 5894/5894/5894
f 5894/5894/5894 5896/5896/5896 5895/5895/5895
f 5897/5897/5897 5895/5895/5895 5896/5896/5896
f 5900/5900/5900 5899/5899/5899 5898/5898/5898
f 5901/5901/5901 5898/5898/5898 5899/5899/5899
f 5899/5899/5899 5902/5902/5902 5901/5901/5901
f 5903/5903/5903 5901/5901/5901 5902/5902/5902
f 5903/5903/5903 5902/5902/5902 5904/5904/5904
f 5907/5907/5907 5906/5906/5906 5905/5905/5905
f 5908/5908/5908 5905/5905/5905 5906/5906/5906
f 5909/5909/5909 5905/5905/5905 5908/5908/5908
f 5912/5912/5912 5911/5911/5911 5910/5910/5910
f 5913/5913/5913 5910/5910/5910 5911/5911/5911
f 5916/5916/5916 5915/5915/5915 5914/5914/5914
f 5917/5917/5917 5914/5914/5914 5915/5915/5915
f 5915/5915/5915 5918/5918/5918 5917/5917/5917
f 5917/5917/5917 5919/5919/5919 5914/5914/5914
f 5920/5920/5920 5914/5914/5914 5919/5919/5919
f 5919/5919/5919 5921/5921/5921 5920/5920/5920
f 5921/5921/5921 5919/5919/5919 5922/5922/5922
f 5923/5923/5923 5922/5922/5922 5919/5919/5919
f 5919/5919/5919 5917/5917/5917 5923/5923/5923
f 5922/5922/5922 5923/5923/5923 5924/5924/5924
f 5925/5925/5925 5917/5917/5917 5918/5918/5918
f 5925/5925/5925 5923/5923/5923 5917/5917/5917
f 5918/5918/5918 5926/5926/5926 5925/5925/5925
f 5927/5927/5927 5924/5924/5924 5923/5923/5923
f 5923/5923/5923 5925/5925/5925 5927/5927/5927
f 5927/5927/5927 5925/5925/5925 5926/5926/5926
f 5924/5924/5924 5927/5927/5927 5928/5928/5928
f 5926/5926/5926 5929/5929/5929 5927/5927/5927
f 5930/5930/5930 5928/5928/5928 5927/5927/5927
f 5930/5930/5930 5927/5927/5927 5929/5929/5929
f 5929/5929/5929 5931/5931/5931 5930/5930/5930
f 5928/5928/5928 5930/5930/5930 5932/5932/5932
f 5933/5933/5933 5930/5930/5930 5931/5931/5931
f 5933/5933/5933 5932/5932/5932 5930/5930/5930
f 5931/5931/5931 5934/5934/5934 5933/5933/5933
f 5933/5933/5933 5935/5935/5935 5932/5932/5932
f 5935/5935/5935 5933/5933/5933 5934/5934/5934
f 5936/5936/5936 5932/5932/5932 5935/5935/5935
f 5934/5934/5934 5937/5937/5937 5935/5935/5935
f 5935/5935/5935 5938/5938/5938 5936/5936/5936
f 5938/5938/5938 5935/5935/5935 5937/5937/5937
f 5939/5939/5939 5936/5936/5936 5938/5938/5938
f 5937/5937/5937 5940/5940/5940 5938/5938/5938
f 5939/5939/5939 5938/5938/5938 5941/5941/5941
f 5942/5942/5942 5938/5938/5938 5940/5940/5940
f 5942/5942/5942 5941/5941/5941 5938/5938/5938
f 5940/5940/5940 5943/5943/5943 5942/5942/5942
f 5941/5941/5941 5942/5942/5942 5944/5944/5944
f 5945/5945/5945 5942/5942/5942 5943/5943/5943
f 5945/5945/5945 5944/5944/5944 5942/5942/5942
f 5943/5943/5943 5946/5946/5946 5945/5945/5945
f 5944/5944/5944 5945/5945/5945 5947/5947/5947
f 5947/5947/5947 5948/5948/5948 5944/5944/5944
f 5949/5949/5949 5945/5945/5945 5946/5946/5946
f 5949/5949/5949 5947/5947/5947 5945/5945/5945
f 5946/5946/5946 5950/5950/5950 5949/5949/5949
f 5951/5951/5951 5948/5948/5948 5947/5947/5947
f 5947/5947/5947 5949/5949/5949 5951/5951/5951
f 5948/5948/5948 5951/5951/5951 5952/5952/5952
f 5953/5953/5953 5952/5952/5952 5951/5951/5951
f 5954/5954/5954 5949/5949/5949 5950/5950/5950
f 5954/5954/5954 5951/5951/5951 5949/5949/5949
f 5951/5951/5951 5954/5954/5954 5953/5953/5953
f 5950/5950/5950 5955/5955/5955 5954/5954/5954
f 5956/5956/5956 5953/5953/5953 5954/5954/5954
f 5956/5956/5956 5954/5954/5954 5955/5955/5955
f 5959/5959/5959 5958/5958/5958 5957/5957/5957
f 5960/5960/5960 5957/5957/5957 5958/5958/5958
f 5963/5963/5963 5962/5962/5962 5961/5961/5961
f 5963/5963/5963 5961/5961/5961 5964/5964/5964
f 5965/5965/5965 5964/5964/5964 5961/5961/5961
f 5966/5966/5966 5965/5965/5965 5961/5961/5961
f 5965/5965/5965 5966/5966/5966 5967/5967/5967
f 5968/5968/5968 5967/5967/5967 5966/5966/5966
f 5969/5969/5969 5967/5967/5967 5968/5968/5968
f 5969/5969/5969 5970/5970/5970 5967/5967/5967
f 5971/5971/5971 5967/5967/5967 5970/5970/5970
f 5974/5974/5974 5973/5973/5973 5972/5972/5972
f 5975/5975/5975 5972/5972/5972 5973/5973/5973
f 5978/5978/5978 5977/5977/5977 5976/5976/5976
f 5976/5976/5976 5979/5979/5979 5978/5978/5978
f 5982/5982/5982 5981/5981/5981 5980/5980/5980
f 5983/5983/5983 5980/5980/5980 5981/5981/5981
f 5980/5980/5980 5983/5983/5983 5984/5984/5984
f 5985/5985/5985 5984/5984/5984 5983/5983/5983
f 5984/5984/5984 5985/5985/5985 5986/5986/5986
f 5987/5987/5987 5986/5986/5986 5985/5985/5985
f 5986/5986/5986 5987/5987/5987 5988/5988/5988
f 5989/5989/5989 5988/5988/5988 5987/5987/5987
f 5988/5988/5988 5989/5989/5989 5990/5990/5990
f 5991/5991/5991 5990/5990/5990 5989/5989/5989
f 5990/5990/5990 5991/5991/5991 5992/5992/5992
f 5993/5993/5993 5992/5992/5992 5991/5991/5991
f 5992/5992/5992 5993/5993/5993 5994/5994/5994
f 5995/5995/5995 5994/5994/5994 5993/5993/5993
f 5994/5994/5994 5995/5995/5995 5996/5996/5996
f 5997/5997/5997 5996/5996/5996 5995/5995/5995
f 5996/5996/5996 5997/5997/5997 5998/5998/5998
f 5999/5999/5999 5998/5998/5998 5997/5997/5997
f 5998/5998/5998 5999/5999/5999 6000/6000/6000
f 6001/6001/6001 6000/6000/6000 5999/5999/5999
f 6000/6000/6000 6001/6001/6001 6002/6002/6002
f 6003/6003/6003 6002/6002/6002 6001/6001/6001
f 6002/6002/6002 6003/6003/6003 6004/6004/6004
f 6005/6005/6005 6004/6004/6004 6003/6003/6003
f 5992/5992/5992 6006/6006/6006 5990/5990/5990
f 6007/6007/6007 5990/5990/5990 6006/6006/6006
f 6006/6006/6006 5992/5992/5992 6008/6008/6008
f 5990/5990/5990 6007/6007/6007 6009/6009/6009
f 6010/6010/6010 6008/6008/6008 5992/5992/5992
f 6011/6011/6011 6009/6009/6009 6007/6007/6007
f 6008/6008/6008 6010/6010/6010 6012/6012/6012
f 6009/6009/6009 6011/6011/6011 6013/6013/6013
f 6014/6014/6014 6012/6012/6012 6010/6010/6010
f 6015/6015/6015 6013/6013/6013 6011/6011/6011
f 6012/6012/6012 6014/6014/6014 6016/6016/6016
f 6013/6013/6013 6015/6015/6015 6017/6017/6017
f 6018/6018/6018 6016/6016/6016 6014/6014/6014
f 6019/6019/6019 6017/6017/6017 6015/6015/6015
f 6016/6016/6016 6018/6018/6018 6020/6020/6020
f 6017/6017/6017 6019/6019/6019 6021/6021/6021
f 6022/6022/6022 6020/6020/6020 6018/6018/6018
f 6023/6023/6023 6021/6021/6021 6019/6019/6019
f 6021/6021/6021 6023/6023/6023 6024/6024/6024
f 6025/6025/6025 6024/6024/6024 6023/6023/6023
f 6020/6020/6020 6022/6022/6022 6026/6026/6026
f 6027/6027/6027 6026/6026/6026 6022/6022/6022
f 6026/6026/6026 6027/6027/6027 6028/6028/6028
f 6029/6029/6029 6028/6028/6028 6027/6027/6027
f 6032/6032/6032 6031/6031/6031 6030/6030/6030
f 6033/6033/6033 6030/6030/6030 6031/6031/6031
f 6030/6030/6030 6033/6033/6033 6034/6034/6034
f 6035/6035/6035 6034/6034/6034 6033/6033/6033
f 6034/6034/6034 6035/6035/6035 6036/6036/6036
f 6039/6039/6039 6038/6038/6038 6037/6037/6037
f 6040/6040/6040 6037/6037/6037 6038/6038/6038
f 6043/6043/6043 6042/6042/6042 6041/6041/6041
f 6044/6044/6044 6041/6041/6041 6042/6042/6042
f 6041/6041/6041 6044/6044/6044 6045/6045/6045
f 6046/6046/6046 6045/6045/6045 6044/6044/6044
f 6045/6045/6045 6046/6046/6046 6047/6047/6047
f 6048/6048/6048 6047/6047/6047 6046/6046/6046
f 6047/6047/6047 6048/6048/6048 6049/6049/6049
f 6050/6050/6050 6049/6049/6049 6048/6048/6048
f 6049/6049/6049 6050/6050/6050 6051/6051/6051
f 6052/6052/6052 6051/6051/6051 6050/6050/6050
f 6051/6051/6051 6052/6052/6052 6053/6053/6053
f 6054/6054/6054 6053/6053/6053 6052/6052/6052
f 6053/6053/6053 6054/6054/6054 6055/6055/6055
f 6056/6056/6056 6055/6055/6055 6054/6054/6054
f 6055/6055/6055 6056/6056/6056 6057/6057/6057
f 6058/6058/6058 6057/6057/6057 6056/6056/6056
f 6057/6057/6057 6058/6058/6058 6059/6059/6059
f 6060/6060/6060 6059/6059/6059 6058/6058/6058
f 6059/6059/6059 6060/6060/6060 6061/6061/6061
f 6062/6062/6062 6061/6061/6061 6060/6060/6060
f 6061/6061/6061 6062/6062/6062 6063/6063/6063
f 6064/6064/6064 6063/6063/6063 6062/6062/6062
f 6067/6067/6067 6066/6066/6066 6065/6065/6065
f 6065/6065/6065 6069/6069/6069 6068/6068/6068
f 6069/6069/6069 6065/6065/6065 6070/6070/6070
f 6072/6072/6072 6067/6067/6067 6071/6071/6071
f 6073/6073/6073 6071/6071/6071 6067/6067/6067
f 6071/6071/6071 6073/6073/6073 6074/6074/6074
f 6075/6075/6075 6074/6074/6074 6073/6073/6073
f 6074/6074/6074 6075/6075/6075 6076/6076/6076
f 6079/6079/6079 6078/6078/6078 6077/6077/6077
f 6078/6078/6078 6079/6079/6079 6080/6080/6080
f 6080/6080/6080 6079/6079/6079 6081/6081/6081
f 6082/6082/6082 6081/6081/6081 6079/6079/6079
f 6083/6083/6083 6081/6081/6081 6082/6082/6082
f 6081/6081/6081 6083/6083/6083 6084/6084/6084
f 6085/6085/6085 6084/6084/6084 6083/6083/6083
f 6084/6084/6084 6085/6085/6085 6086/6086/6086
f 6087/6087/6087 6086/6086/6086 6085/6085/6085
f 6086/6086/6086 6087/6087/6087 6088/6088/6088
f 6089/6089/6089 6088/6088/6088 6087/6087/6087
f 6088/6088/6088 6089/6089/6089 6090/6090/6090
f 6091/6091/6091 6090/6090/6090 6089/6089/6089
f 6090/6090/6090 6091/6091/6091 6092/6092/6092
f 6093/6093/6093 6092/6092/6092 6091/6091/6091
f 6096/6096/6096 6095/6095/6095 6094/6094/6094
f 6097/6097/6097 6094/6094/6094 6095/6095/6095
f 6094/6094/6094 6097/6097/6097 6098/6098/6098
f 6099/6099/6099 6098/6098/6098 6097/6097/6097
f 6098/6098/6098 6099/6099/6099 6100/6100/6100
f 6101/6101/6101 6100/6100/6100 6099/6099/6099
f 6100/6100/6100 6101/6101/6101 6102/6102/6102
f 6103/6103/6103 6102/6102/6102 6101/6101/6101
f 6102/6102/6102 6103/6103/6103 6104/6104/6104
f 6105/6105/6105 6104/6104/6104 6103/6103/6103
f 6104/6104/6104 6105/6105/6105 6106/6106/6106
f 6107/6107/6107 6106/6106/6106 6105/6105/6105
f 6106/6106/6106 6107/6107/6107 6108/6108/6108
f 6109/6109/6109 6108/6108/6108 6107/6107/6107
f 6108/6108/6108 6109/6109/6109 6110/6110/6110
f 6111/6111/6111 6110/6110/6110 6109/6109/6109
f 6110/6110/6110 6111/6111/6111 6112/6112/6112
f 6113/6113/6113 6112/6112/6112 6111/6111/6111
f 6112/6112/6112 6113/6113/6113 6114/6114/6114
f 6115/6115/6115 6114/6114/6114 6113/6113/6113
f 6114/6114/6114 6115/6115/6115 6116/6116/6116
f 6117/6117/6117 6116/6116/6116 6115/6115/6115
f 6116/6116/6116 6117/6117/6117 6118/6118/6118
f 6119/6119/6119 6118/6118/6118 6117/6117/6117
f 6122/6122/6122 6121/6121/6121 6120/6120/6120
f 6123/6123/6123 6120/6120/6120 6121/6121/6121
f 6120/6120/6120 6123/6123/6123 6124/6124/6124
f 6127/6127/6127 6126/6126/6126 6125/6125/6125
f 6128/6128/6128 6125/6125/6125 6126/6126/6126
f 6125/6125/6125 6128/6128/6128 6129/6129/6129
f 6130/6130/6130 6129/6129/6129 6128/6128/6128
f 6129/6129/6129 6130/6130/6130 6131/6131/6131
f 6132/6132/6132 6131/6131/6131 6130/6130/6130
f 6131/6131/6131 6132/6132/6132 6133/6133/6133
f 6134/6134/6134 6133/6133/6133 6132/6132/6132
f 6133/6133/6133 6134/6134/6134 6135/6135/6135
f 6136/6136/6136 6135/6135/6135 6134/6134/6134
f 6135/6135/6135 6136/6136/6136 6137/6137/6137
f 6138/6138/6138 6137/6137/6137 6136/6136/6136
f 6137/6137/6137 6138/6138/6138 6139/6139/6139
f 6140/6140/6140 6139/6139/6139 6138/6138/6138
f 6139/6139/6139 6140/6140/6140 6141/6141/6141
f 6142/6142/6142 6141/6141/6141 6140/6140/6140
f 6141/6141/6141 6142/6142/6142 6143/6143/6143
f 6144/6144/6144 6143/6143/6143 6142/6142/6142
f 6143/6143/6143 6144/6144/6144 6145/6145/6145
f 6146/6146/6146 6145/6145/6145 6144/6144/6144
f 6145/6145/6145 6146/6146/6146 6147/6147/6147
f 6148/6148/6148 6147/6147/6147 6146/6146/6146
f 6147/6147/6147 6148/6148/6148 6149/6149/6149
f 6150/6150/6150 6149/6149/6149 6148/6148/6148
f 6149/6149/6149 6150/6150/6150 6151/6151/6151
f 6152/6152/6152 6151/6151/6151 6150/6150/6150
f 6151/6151/6151 6152/6152/6152 6153/6153/6153
f 6154/6154/6154 6153/6153/6153 6152/6152/6152
f 6157/6157/6157 6156/6156/6156 6155/6155/6155
f 6156/6156/6156 6157/6157/6157 6158/6158/6158
f 6159/6159/6159 6158/6158/6158 6157/6157/6157
f 6162/6162/6162 6161/6161/6161 6160/6160/6160
f 6160/6160/6160 6163/6163/6163 6162/6162/6162
f 6164/6164/6164 6162/6162/6162 6163/6163/6163
f 6167/6167/6167 6166/6166/6166 6165/6165/6165
f 6168/6168/6168 6165/6165/6165 6166/6166/6166
f 6168/6168/6168 6169/6169/6169 6165/6165/6165
f 6165/6165/6165 6169/6169/6169 6170/6170/6170
f 6171/6171/6171 6170/6170/6170 6169/6169/6169
f 6170/6170/6170 6171/6171/6171 6172/6172/6172
f 6173/6173/6173 6172/6172/6172 6171/6171/6171
f 6172/6172/6172 6173/6173/6173 6174/6174/6174
f 6175/6175/6175 6174/6174/6174 6173/6173/6173
f 6174/6174/6174 6175/6175/6175 6176/6176/6176
f 6176/6176/6176 6175/6175/6175 6177/6177/6177
f 6178/6178/6178 6177/6177/6177 6175/6175/6175
f 6177/6177/6177 6178/6178/6178 6179/6179/6179
f 6180/6180/6180 6179/6179/6179 6178/6178/6178
f 6179/6179/6179 6180/6180/6180 6181/6181/6181
f 6182/6182/6182 6181/6181/6181 6180/6180/6180
f 6185/6185/6185 6184/6184/6184 6183/6183/6183
f 6186/6186/6186 6183/6183/6183 6184/6184/6184
f 6187/6187/6187 6186/6186/6186 6184/6184/6184
f 6184/6184/6184 6188/6188/6188 6187/6187/6187
f 6189/6189/6189 6187/6187/6187 6188/6188/6188
f 6192/6192/6192 6191/6191/6191 6190/6190/6190
f 6193/6193/6193 6190/6190/6190 6191/6191/6191
f 6196/6196/6196 6195/6195/6195 6194/6194/6194
f 6197/6197/6197 6194/6194/6194 6195/6195/6195
f 6195/6195/6195 6198/6198/6198 6197/6197/6197
f 6199/6199/6199 6197/6197/6197 6198/6198/6198
f 6202/6202/6202 6201/6201/6201 6200/6200/6200
f 6201/6201/6201 6202/6202/6202 6203/6203/6203
f 6206/6206/6206 6205/6205/6205 6204/6204/6204
f 6204/6204/6204 6205/6205/6205 6207/6207/6207
f 6208/6208/6208 6207/6207/6207 6205/6205/6205
f 6207/6207/6207 6208/6208/6208 6209/6209/6209
f 6210/6210/6210 6209/6209/6209 6208/6208/6208
f 6209/6209/6209 6210/6210/6210 6211/6211/6211
f 6212/6212/6212 6211/6211/6211 6210/6210/6210
f 6211/6211/6211 6212/6212/6212 6213/6213/6213
f 6214/6214/6214 6213/6213/6213 6212/6212/6212
f 6213/6213/6213 6214/6214/6214 6215/6215/6215
f 6216/6216/6216 6215/6215/6215 6214/6214/6214
f 6215/6215/6215 6216/6216/6216 6217/6217/6217
f 6218/6218/6218 6217/6217/6217 6216/6216/6216
f 6217/6217/6217 6218/6218/6218 6219/6219/6219
f 6219/6219/6219 6218/6218/6218 6220/6220/6220
f 6221/6221/6221 6220/6220/6220 6218/6218/6218
f 6220/6220/6220 6221/6221/6221 6222/6222/6222
f 6223/6223/6223 6222/6222/6222 6221/6221/6221
f 6222/6222/6222 6223/6223/6223 6224/6224/6224
f 6225/6225/6225 6224/6224/6224 6223/6223/6223
f 6224/6224/6224 6225/6225/6225 6226/6226/6226
f 6225/6225/6225 6227/6227/6227 6226/6226/6226
f 6230/6230/6230 6229/6229/6229 6228/6228/6228
f 6231/6231/6231 6228/6228/6228 6229/6229/6229
f 6229/6229/6229 6232/6232/6232 6231/6231/6231
f 6233/6233/6233 6231/6231/6231 6232/6232/6232
f 6236/6236/6236 6235/6235/6235 6234/6234/6234
f 6237/6237/6237 6234/6234/6234 6235/6235/6235
f 6235/6235/6235 6238/6238/6238 6237/6237/6237
f 6239/6239/6239 6237/6237/6237 6238/6238/6238
f 6242/6242/6242 6241/6241/6241 6240/6240/6240
f 6243/6243/6243 6240/6240/6240 6241/6241/6241
f 6240/6240/6240 6243/6243/6243 6244/6244/6244
f 6245/6245/6245 6244/6244/6244 6243/6243/6243
f 6244/6244/6244 6245/6245/6245 6246/6246/6246
f 6247/6247/6247 6246/6246/6246 6245/6245/6245
f 6246/6246/6246 6247/6247/6247 6248/6248/6248
f 6249/6249/6249 6248/6248/6248 6247/6247/6247
f 6248/6248/6248 6249/6249/6249 6250/6250/6250
f 6253/6253/6253 6252/6252/6252 6251/6251/6251
f 6254/6254/6254 6251/6251/6251 6252/6252/6252
f 6252/6252/6252 6255/6255/6255 6254/6254/6254
f 6256/6256/6256 6254/6254/6254 6255/6255/6255
f 6259/6259/6259 6258/6258/6258 6257/6257/6257
f 6260/6260/6260 6257/6257/6257 6258/6258/6258
f 6257/6257/6257 6260/6260/6260 6261/6261/6261
f 5059/5059/5059 6261/6261/6261 6260/6260/6260
f 6261/6261/6261 5059/5059/5059 6262/6262/6262
f 5063/5063/5063 6262/6262/6262 5059/5059/5059
f 6262/6262/6262 5063/5063/5063 6263/6263/6263
f 6264/6264/6264 6263/6263/6263 5063/5063/5063
f 6265/6265/6265 6263/6263/6263 6264/6264/6264
f 6263/6263/6263 6265/6265/6265 6266/6266/6266
f 6267/6267/6267 6266/6266/6266 6265/6265/6265
f 6266/6266/6266 6267/6267/6267 6268/6268/6268
f 6269/6269/6269 6268/6268/6268 6267/6267/6267
f 6268/6268/6268 6269/6269/6269 6270/6270/6270
f 6271/6271/6271 6270/6270/6270 6269/6269/6269
f 6272/6272/6272 6270/6270/6270 6271/6271/6271
f 6270/6270/6270 6272/6272/6272 6273/6273/6273
f 6274/6274/6274 6273/6273/6273 6272/6272/6272
f 6277/6277/6277 6276/6276/6276 6275/6275/6275
f 6278/6278/6278 6275/6275/6275 6276/6276/6276
f 6275/6275/6275 6278/6278/6278 6279/6279/6279
f 6280/6280/6280 6279/6279/6279 6278/6278/6278
f 6279/6279/6279 6280/6280/6280 6281/6281/6281
f 6282/6282/6282 6281/6281/6281 6280/6280/6280
f 6281/6281/6281 6282/6282/6282 6283/6283/6283
f 6284/6284/6284 6283/6283/6283 6282/6282/6282
f 6283/6283/6283 6284/6284/6284 6285/6285/6285
f 6286/6286/6286 6285/6285/6285 6284/6284/6284
f 6285/6285/6285 6286/6286/6286 6287/6287/6287
f 6288/6288/6288 6287/6287/6287 6286/6286/6286
f 6287/6287/6287 6288/6288/6288 6289/6289/6289
f 6290/6290/6290 6289/6289/6289 6288/6288/6288
f 6289/6289/6289 6290/6290/6290 6291/6291/6291
f 6292/6292/6292 6291/6291/6291 6290/6290/6290
f 6291/6291/6291 6292/6292/6292 6293/6293/6293
f 6294/6294/6294 6293/6293/6293 6292/6292/6292
f 6293/6293/6293 6294/6294/6294 6295/6295/6295
f 6296/6296/6296 6295/6295/6295 6294/6294/6294
f 6295/6295/6295 6296/6296/6296 6297/6297/6297
f 6298/6298/6298 6297/6297/6297 6296/6296/6296
f 6297/6297/6297 6298/6298/6298 6299/6299/6299
f 6300/6300/6300 6299/6299/6299 6298/6298/6298
f 6303/6303/6303 6302/6302/6302 6301/6301/6301
f 6302/6302/6302 6303/6303/6303 6304/6304/6304
f 6306/6306/6306 6305/6305/6305 6302/6302/6302
f 6305/6305/6305 6306/6306/6306 6307/6307/6307
f 6310/6310/6310 6309/6309/6309 6308/6308/6308
f 6311/6311/6311 6309/6309/6309 6310/6310/6310
f 6309/6309/6309 6311/6311/6311 6312/6312/6312
f 6313/6313/6313 6312/6312/6312 6311/6311/6311
f 6312/6312/6312 6313/6313/6313 6314/6314/6314
f 6315/6315/6315 6314/6314/6314 6313/6313/6313
f 6314/6314/6314 6315/6315/6315 6316/6316/6316
f 6316/6316/6316 6315/6315/6315 6317/6317/6317
f 6318/6318/6318 6317/6317/6317 6315/6315/6315
f 6312/6312/6312 6314/6314/6314 6319/6319/6319
f 6319/6319/6319 6320/6320/6320 6312/6312/6312
f 6320/6320/6320 6319/6319/6319 6321/6321/6321
f 6322/6322/6322 6321/6321/6321 6319/6319/6319
f 6323/6323/6323 6321/6321/6321 6322/6322/6322
f 6321/6321/6321 6323/6323/6323 6324/6324/6324
f 6325/6325/6325 6324/6324/6324 6323/6323/6323
f 6326/6326/6326 6324/6324/6324 6325/6325/6325
f 6324/6324/6324 6327/6327/6327 6321/6321/6321
f 6328/6328/6328 6321/6321/6321 6327/6327/6327
f 6331/6331/6331 6330/6330/6330 6329/6329/6329
f 6332/6332/6332 6329/6329/6329 6330/6330/6330
f 6335/6335/6335 6334/6334/6334 6333/6333/6333
f 6336/6336/6336 6333/6333/6333 6334/6334/6334
f 6339/6339/6339 6338/6338/6338 6337/6337/6337
f 6338/6338/6338 6339/6339/6339 6340/6340/6340
f 6341/6341/6341 6340/6340/6340 6339/6339/6339
f 6340/6340/6340 6341/6341/6341 6342/6342/6342
f 6343/6343/6343 6342/6342/6342 6341/6341/6341
f 6344/6344/6344 6342/6342/6342 6343/6343/6343
f 6342/6342/6342 6344/6344/6344 6345/6345/6345
f 6346/6346/6346 6345/6345/6345 6344/6344/6344
f 6348/6348/6348 6338/6338/6338 6347/6347/6347
f 6349/6349/6349 6347/6347/6347 6338/6338/6338
f 6347/6347/6347 6349/6349/6349 6350/6350/6350
f 6351/6351/6351 6350/6350/6350 6349/6349/6349
f 5029/5029/5029 6353/6353/6353 6352/6352/6352
f 6354/6354/6354 6353/6353/6353 5029/5029/5029
f 5029/5029/5029 6355/6355/6355 6354/6354/6354
f 6354/6354/6354 6355/6355/6355 6356/6356/6356
f 6355/6355/6355 5029/5029/5029 5024/5024/5024
f 6355/6355/6355 6357/6357/6357 6356/6356/6356
f 6358/6358/6358 6356/6356/6356 6357/6357/6357
f 5024/5024/5024 6359/6359/6359 6355/6355/6355
f 6359/6359/6359 5024/5024/5024 5025/5025/5025
f 6357/6357/6357 6360/6360/6360 6358/6358/6358
f 6361/6361/6361 6358/6358/6358 6360/6360/6360
f 6360/6360/6360 6357/6357/6357 6362/6362/6362
f 6357/6357/6357 6355/6355/6355 6363/6363/6363
f 6363/6363/6363 6362/6362/6362 6357/6357/6357
f 6363/6363/6363 6355/6355/6355 6359/6359/6359
f 6362/6362/6362 6363/6363/6363 6364/6364/6364
f 6359/6359/6359 6364/6364/6364 6363/6363/6363
f 5025/5025/5025 6365/6365/6365 6359/6359/6359
f 6365/6365/6365 6364/6364/6364 6359/6359/6359
f 5025/5025/5025 5036/5036/5036 6365/6365/6365
f 6364/6364/6364 6365/6365/6365 5036/5036/5036
f 6368/6368/6368 6367/6367/6367 6366/6366/6366
f 6369/6369/6369 6366/6366/6366 6367/6367/6367
f 6366/6366/6366 6369/6369/6369 6370/6370/6370
f 6371/6371/6371 6370/6370/6370 6369/6369/6369
f 6370/6370/6370 6371/6371/6371 6372/6372/6372
f 6373/6373/6373 6372/6372/6372 6371/6371/6371
f 6372/6372/6372 6373/6373/6373 6374/6374/6374
f 6375/6375/6375 6374/6374/6374 6373/6373/6373
f 6374/6374/6374 6375/6375/6375 6376/6376/6376
f 6042/6042/6042 6376/6376/6376 6375/6375/6375
f 6379/6379/6379 6378/6378/6378 6377/6377/6377
f 6380/6380/6380 6377/6377/6377 6378/6378/6378
f 6377/6377/6377 6380/6380/6380 6381/6381/6381
f 6381/6381/6381 6380/6380/6380 6382/6382/6382
f 6383/6383/6383 6382/6382/6382 6380/6380/6380
f 6382/6382/6382 6383/6383/6383 6384/6384/6384
f 6384/6384/6384 6383/6383/6383 6385/6385/6385
f 6386/6386/6386 6385/6385/6385 6383/6383/6383
f 6385/6385/6385 6386/6386/6386 6387/6387/6387
f 6387/6387/6387 6386/6386/6386 6388/6388/6388
f 6389/6389/6389 6388/6388/6388 6386/6386/6386
f 6388/6388/6388 6389/6389/6389 6390/6390/6390
f 6391/6391/6391 6390/6390/6390 6389/6389/6389
f 6390/6390/6390 6391/6391/6391 6392/6392/6392
f 6393/6393/6393 6392/6392/6392 6391/6391/6391
f 6392/6392/6392 6393/6393/6393 6394/6394/6394
f 6394/6394/6394 6393/6393/6393 6395/6395/6395
f 6396/6396/6396 6395/6395/6395 6393/6393/6393
f 6395/6395/6395 6396/6396/6396 6397/6397/6397
f 6398/6398/6398 6397/6397/6397 6396/6396/6396
f 6397/6397/6397 6398/6398/6398 6399/6399/6399
f 6399/6399/6399 6398/6398/6398 6400/6400/6400
f 6401/6401/6401 6400/6400/6400 6398/6398/6398
f 6400/6400/6400 6401/6401/6401 6402/6402/6402
f 6403/6403/6403 6402/6402/6402 6401/6401/6401
f 6402/6402/6402 6403/6403/6403 6404/6404/6404
f 6406/6406/6406 5193/5193/5193 6405/6405/6405
f 6405/6405/6405 5193/5193/5193 6407/6407/6407
f 6408/6408/6408 6407/6407/6407 5193/5193/5193
f 6407/6407/6407 6408/6408/6408 6409/6409/6409
f 6410/6410/6410 6409/6409/6409 6408/6408/6408
f 6409/6409/6409 6410/6410/6410 6411/6411/6411
f 6412/6412/6412 6411/6411/6411 6410/6410/6410
f 5186/5186/5186 6411/6411/6411 6412/6412/6412
f 6415/6415/6415 6414/6414/6414 6413/6413/6413
f 6416/6416/6416 6415/6415/6415 6413/6413/6413
f 6413/6413/6413 6417/6417/6417 6416/6416/6416
f 6418/6418/6418 6416/6416/6416 6417/6417/6417
f 6417/6417/6417 6419/6419/6419 6418/6418/6418
f 6420/6420/6420 6418/6418/6418 6419/6419/6419
f 6420/6420/6420 6419/6419/6419 6421/6421/6421
f 6422/6422/6422 6421/6421/6421 6419/6419/6419
f 6421/6421/6421 6422/6422/6422 6423/6423/6423
f 6423/6423/6423 6422/6422/6422 6424/6424/6424
f 6425/6425/6425 6424/6424/6424 6422/6422/6422
f 6426/6426/6426 6424/6424/6424 6425/6425/6425
f 6425/6425/6425 6427/6427/6427 6426/6426/6426
f 6428/6428/6428 6426/6426/6426 6427/6427/6427
f 6430/6430/6430 6413/6413/6413 6429/6429/6429
f 6429/6429/6429 6431/6431/6431 6430/6430/6430
f 6432/6432/6432 6430/6430/6430 6431/6431/6431
f 6427/6427/6427 6432/6432/6432 6433/6433/6433
f 6431/6431/6431 6434/6434/6434 6432/6432/6432
f 6434/6434/6434 6433/6433/6433 6432/6432/6432
f 6437/6437/6437 6436/6436/6436 6435/6435/6435
f 6437/6437/6437 6435/6435/6435 6438/6438/6438
f 6439/6439/6439 6438/6438/6438 6435/6435/6435
f 6438/6438/6438 6439/6439/6439 6440/6440/6440
f 6441/6441/6441 6440/6440/6440 6439/6439/6439
f 6444/6444/6444 6443/6443/6443 6442/6442/6442
f 6445/6445/6445 6442/6442/6442 6443/6443/6443
f 6443/6443/6443 6446/6446/6446 6445/6445/6445
f 6445/6445/6445 6446/6446/6446 6447/6447/6447
f 6450/6450/6450 6449/6449/6449 6448/6448/6448
f 6451/6451/6451 6448/6448/6448 6449/6449/6449
f 6448/6448/6448 6451/6451/6451 6452/6452/6452
f 6453/6453/6453 6452/6452/6452 6451/6451/6451
f 6452/6452/6452 6453/6453/6453 6454/6454/6454
f 6455/6455/6455 6454/6454/6454 6453/6453/6453
f 6454/6454/6454 6455/6455/6455 6456/6456/6456
f 6457/6457/6457 6456/6456/6456 6455/6455/6455
f 6456/6456/6456 6457/6457/6457 6458/6458/6458
f 6459/6459/6459 6458/6458/6458 6457/6457/6457
f 6458/6458/6458 6459/6459/6459 6460/6460/6460
f 6461/6461/6461 6460/6460/6460 6459/6459/6459
f 6464/6464/6464 6463/6463/6463 6462/6462/6462
f 6463/6463/6463 6465/6465/6465 6462/6462/6462
f 6465/6465/6465 6466/6466/6466 6462/6462/6462
f 6466/6466/6466 6467/6467/6467 6462/6462/6462
f 6467/6467/6467 6468/6468/6468 6462/6462/6462
f 6468/6468/6468 6469/6469/6469 6462/6462/6462
f 6469/6469/6469 6470/6470/6470 6462/6462/6462
f 6470/6470/6470 6471/6471/6471 6462/6462/6462
f 6471/6471/6471 6472/6472/6472 6462/6462/6462
f 6472/6472/6472 6473/6473/6473 6462/6462/6462
f 6473/6473/6473 6474/6474/6474 6462/6462/6462
f 6477/6477/6477 6476/6476/6476 6475/6475/6475
f 6478/6478/6478 6475/6475/6475 6476/6476/6476
f 6475/6475/6475 6478/6478/6478 6479/6479/6479
f 6480/6480/6480 6479/6479/6479 6478/6478/6478
f 6479/6479/6479 6480/6480/6480 6481/6481/6481
f 6482/6482/6482 6481/6481/6481 6480/6480/6480
f 6483/6483/6483 6481/6481/6481 6482/6482/6482
f 6484/6484/6484 6483/6483/6483 6482/6482/6482
f 6485/6485/6485 6483/6483/6483 6484/6484/6484
f 6487/6487/6487 6484/6484/6484 6486/6486/6486
f 6485/6485/6485 6489/6489/6489 6488/6488/6488
f 6488/6488/6488 6489/6489/6489 6487/6487/6487
f 6492/6492/6492 6491/6491/6491 6490/6490/6490
f 6493/6493/6493 6491/6491/6491 6492/6492/6492
f 6494/6494/6494 6491/6491/6491 6493/6493/6493
f 6494/6494/6494 6495/6495/6495 6491/6491/6491
f 6496/6496/6496 6491/6491/6491 6495/6495/6495
f 6497/6497/6497 6491/6491/6491 6496/6496/6496
f 6498/6498/6498 6491/6491/6491 6497/6497/6497
f 6499/6499/6499 6491/6491/6491 6498/6498/6498
f 6500/6500/6500 6491/6491/6491 6499/6499/6499
f 6501/6501/6501 6491/6491/6491 6500/6500/6500
f 6504/6504/6504 6503/6503/6503 6502/6502/6502
f 6505/6505/6505 6504/6504/6504 6502/6502/6502
f 6508/6508/6508 6507/6507/6507 6506/6506/6506
f 6506/6506/6506 6509/6509/6509 6508/6508/6508
f 6510/6510/6510 6508/6508/6508 6509/6509/6509
f 6509/6509/6509 6511/6511/6511 6510/6510/6510
f 6513/6513/6513 6512/6512/6512 3616/3616/3616
f 6514/6514/6514 3616/3616/3616 6512/6512/6512
f 3616/3616/3616 6514/6514/6514 3612/3612/3612
f 6515/6515/6515 3612/3612/3612 6514/6514/6514
f 3612/3612/3612 6515/6515/6515 6516/6516/6516
f 6519/6519/6519 6518/6518/6518 6517/6517/6517
f 6520/6520/6520 6517/6517/6517 6518/6518/6518
f 6521/6521/6521 6517/6517/6517 6520/6520/6520
f 6517/6517/6517 6521/6521/6521 6522/6522/6522
f 6523/6523/6523 6522/6522/6522 6521/6521/6521
f 6526/6526/6526 6525/6525/6525 6524/6524/6524
f 6525/6525/6525 6526/6526/6526 6527/6527/6527
f 6526/6526/6526 6528/6528/6528 6527/6527/6527
f 6529/6529/6529 6527/6527/6527 6528/6528/6528
f 6528/6528/6528 4699/4699/4699 6529/6529/6529
f 6532/6532/6532 6531/6531/6531 6530/6530/6530
f 6533/6533/6533 6530/6530/6530 6531/6531/6531
f 6533/6533/6533 6534/6534/6534 6530/6530/6530
f 6535/6535/6535 6530/6530/6530 6534/6534/6534
f 6534/6534/6534 6536/6536/6536 6535/6535/6535
f 6539/6539/6539 6538/6538/6538 6537/6537/6537
f 6540/6540/6540 6538/6538/6538 6539/6539/6539
f 6540/6540/6540 6541/6541/6541 6538/6538/6538
f 6541/6541/6541 6542/6542/6542 6538/6538/6538
f 6542/6542/6542 6543/6543/6543 6538/6538/6538
f 6544/6544/6544 6538/6538/6538 6543/6543/6543
f 6545/6545/6545 6538/6538/6538 6544/6544/6544
f 6546/6546/6546 6538/6538/6538 6545/6545/6545
f 6546/6546/6546 6547/6547/6547 6538/6538/6538
f 6548/6548/6548 6538/6538/6538 6547/6547/6547
f 6549/6549/6549 6538/6538/6538 6548/6548/6548
f 6550/6550/6550 6538/6538/6538 6549/6549/6549
f 6551/6551/6551 6538/6538/6538 6550/6550/6550
f 6552/6552/6552 6538/6538/6538 6551/6551/6551
f 6555/6555/6555 6554/6554/6554 6553/6553/6553
f 6555/6555/6555 6556/6556/6556 6554/6554/6554
f 6554/6554/6554 6556/6556/6556 6557/6557/6557
f 6558/6558/6558 6556/6556/6556 6555/6555/6555
f 6558/6558/6558 6557/6557/6557 6556/6556/6556
f 6561/6561/6561 6560/6560/6560 6559/6559/6559
f 6562/6562/6562 6561/6561/6561 6559/6559/6559
f 6563/6563/6563 6562/6562/6562 6559/6559/6559
f 6564/6564/6564 6563/6563/6563 6559/6559/6559
f 6565/6565/6565 6564/6564/6564 6559/6559/6559
f 6566/6566/6566 6565/6565/6565 6559/6559/6559
f 6567/6567/6567 6566/6566/6566 6559/6559/6559
f 6568/6568/6568 6567/6567/6567 6559/6559/6559
f 6569/6569/6569 6568/6568/6568 6559/6559/6559
f 6570/6570/6570 6569/6569/6569 6559/6559/6559
f 6571/6571/6571 6570/6570/6570 6559/6559/6559
f 6571/6571/6571 6559/6559/6559 6572/6572/6572
f 6575/6575/6575 6574/6574/6574 6573/6573/6573
f 6574/6574/6574 6575/6575/6575 6576/6576/6576
f 3594/3594/3594 6578/6578/6578 6577/6577/6577
f 6579/6579/6579 6577/6577/6577 6578/6578/6578
f 6577/6577/6577 6579/6579/6579 6580/6580/6580
f 6581/6581/6581 6580/6580/6580 6579/6579/6579
f 6580/6580/6580 6581/6581/6581 6582/6582/6582
f 3636/3636/3636 6582/6582/6582 6581/6581/6581
f 4653/4653/4653 6584/6584/6584 6583/6583/6583
f 6585/6585/6585 6583/6583/6583 6584/6584/6584
f 6583/6583/6583 6585/6585/6585 6586/6586/6586
f 4692/4692/4692 6586/6586/6586 6585/6585/6585
f 4682/4682/4682 6588/6588/6588 6587/6587/6587
f 6589/6589/6589 6587/6587/6587 6588/6588/6588
f 6590/6590/6590 6587/6587/6587 6589/6589/6589
f 6587/6587/6587 6590/6590/6590 5338/5338/5338
f 6593/6593/6593 6592/6592/6592 6591/6591/6591
f 6594/6594/6594 6591/6591/6591 6592/6592/6592
f 6592/6592/6592 6593/6593/6593 6595/6595/6595
f 6592/6592/6592 6596/6596/6596 6594/6594/6594
f 6595/6595/6595 6597/6597/6597 6592/6592/6592
f 6597/6597/6597 6596/6596/6596 6592/6592/6592
f 6600/6600/6600 6599/6599/6599 6598/6598/6598
f 6599/6599/6599 6601/6601/6601 6598/6598/6598
f 6598/6598/6598 6602/6602/6602 6600/6600/6600
f 6603/6603/6603 6598/6598/6598 6601/6601/6601
f 6604/6604/6604 6600/6600/6600 6602/6602/6602
f 6601/6601/6601 6605/6605/6605 6603/6603/6603
f 6602/6602/6602 6606/6606/6606 6604/6604/6604
f 6607/6607/6607 6604/6604/6604 6606/6606/6606
f 6606/6606/6606 6608/6608/6608 6607/6607/6607
f 6609/6609/6609 6607/6607/6607 6608/6608/6608
f 6608/6608/6608 6610/6610/6610 6609/6609/6609
f 6611/6611/6611 6609/6609/6609 6610/6610/6610
f 6610/6610/6610 6612/6612/6612 6611/6611/6611
f 6613/6613/6613 6611/6611/6611 6612/6612/6612
f 6612/6612/6612 6614/6614/6614 6613/6613/6613
f 6615/6615/6615 6613/6613/6613 6614/6614/6614
f 6614/6614/6614 6616/6616/6616 6615/6615/6615
f 6617/6617/6617 6615/6615/6615 6616/6616/6616
f 6616/6616/6616 6618/6618/6618 6617/6617/6617
f 6619/6619/6619 6617/6617/6617 6618/6618/6618
f 6618/6618/6618 6620/6620/6620 6619/6619/6619
f 6621/6621/6621 6619/6619/6619 6620/6620/6620
f 6620/6620/6620 6622/6622/6622 6621/6621/6621
f 6623/6623/6623 6621/6621/6621 6622/6622/6622
f 6605/6605/6605 6623/6623/6623 6622/6622/6622
f 6622/6622/6622 6603/6603/6603 6605/6605/6605
f 6626/6626/6626 6625/6625/6625 6624/6624/6624
f 6627/6627/6627 6626/6626/6626 6624/6624/6624
f 6628/6628/6628 6624/6624/6624 6625/6625/6625
f 6624/6624/6624 6629/6629/6629 6627/6627/6627
f 6625/6625/6625 6630/6630/6630 6628/6628/6628
f 6631/6631/6631 6627/6627/6627 6629/6629/6629
f 6629/6629/6629 6632/6632/6632 6631/6631/6631
f 6633/6633/6633 6631/6631/6631 6632/6632/6632
f 6632/6632/6632 6634/6634/6634 6633/6633/6633
f 6635/6635/6635 6633/6633/6633 6634/6634/6634
f 6634/6634/6634 6636/6636/6636 6635/6635/6635
f 6637/6637/6637 6635/6635/6635 6636/6636/6636
f 6636/6636/6636 6638/6638/6638 6637/6637/6637
f 6639/6639/6639 6637/6637/6637 6638/6638/6638
f 6638/6638/6638 6640/6640/6640 6639/6639/6639
f 6641/6641/6641 6639/6639/6639 6640/6640/6640
f 6640/6640/6640 6642/6642/6642 6641/6641/6641
f 6643/6643/6643 6641/6641/6641 6642/6642/6642
f 6642/6642/6642 6644/6644/6644 6643/6643/6643
f 6645/6645/6645 6643/6643/6643 6644/6644/6644
f 6644/6644/6644 6646/6646/6646 6645/6645/6645
f 6647/6647/6647 6645/6645/6645 6646/6646/6646
f 6646/6646/6646 6648/6648/6648 6647/6647/6647
f 6649/6649/6649 6647/6647/6647 6648/6648/6648
f 6630/6630/6630 6649/6649/6649 6648/6648/6648
f 6648/6648/6648 6628/6628/6628 6630/6630/6630
f 6652/6652/6652 6651/6651/6651 6650/6650/6650
f 6650/6650/6650 6651/6651/6651 6653/6653/6653
f 6651/6651/6651 6652/6652/6652 6654/6654/6654
f 6655/6655/6655 6653/6653/6653 6651/6651/6651
f 6653/6653/6653 6655/6655/6655 6656/6656/6656
f 6657/6657/6657 6654/6654/6654 6652/6652/6652
f 6658/6658/6658 6657/6657/6657 6652/6652/6652
f 6659/6659/6659 6658/6658/6658 6652/6652/6652
f 6660/6660/6660 6659/6659/6659 6652/6652/6652
f 6656/6656/6656 6655/6655/6655 6661/6661/6661
f 6662/6662/6662 6661/6661/6661 6655/6655/6655
f 6663/6663/6663 6661/6661/6661 6662/6662/6662
f 6661/6661/6661 6663/6663/6663 6664/6664/6664
f 6659/6659/6659 6660/6660/6660 6665/6665/6665
f 6665/6665/6665 6664/6664/6664 6663/6663/6663
f 6666/6666/6666 6665/6665/6665 6660/6660/6660
f 6664/6664/6664 6665/6665/6665 6667/6667/6667
f 6666/6666/6666 6667/6667/6667 6665/6665/6665
